original,normalized,count,qcet_id
fluency,Fluency,477,QOG-w-3
relevance,Relevance to Input,280,QIG-c-3
Fluency,Fluency,269,QOG-w-3
coherence,Coherence,248,QOG-c-3
correctness,Correctness of Outputs (outputs as a whole),211,QOC-w-1
informativeness,Informativeness,183,QOG-c-2
Coherence,Coherence,163,QOG-c-3
Relevance,Relevance to Input,155,QIG-c-3
accuracy,Correctness of Outputs (outputs as a whole),139,QOC-w-1
naturalness,Naturalness (outputs as a whole),116,QEG-w-1
overall quality,Overall Quality / Preference,108,AUX-OverallQuality
faithfulness,Consistency with Input,101,QIC-c-3
Informativeness,Informativeness,97,QOG-c-2
consistency,Internal Consistency of Outputs,90,QOG-c-4
Correctness,Correctness of Outputs (outputs as a whole),87,QOC-w-1
helpfulness,Usefulness (nonspecific),75,QEG-w-3
Accuracy,Correctness of Outputs (outputs as a whole),71,QOC-w-1
Consistency,Internal Consistency of Outputs,71,QOG-c-4
grammaticality,Grammaticality,67,QOC-f-1
completeness,Absence of Omissions (relative to input),65,QIC-c-1
adequacy,Relevance to Input,64,QIG-c-3
preference,Overall Quality / Preference,60,AUX-OverallQuality
factuality,Factual Truth,58,QEC-c-1
clarity,Clarity,56,QOG-w-5.1
readability,Readability,54,QOG-w-2
quality,Overall Quality / Preference,46,AUX-OverallQuality
Naturalness,Naturalness (outputs as a whole),45,QEG-w-1
Completeness,Absence of Omissions (relative to input),45,QIC-c-1
conciseness,Nonredundancy (form),45,QOG-f-1
Factuality,Factual Truth,42,QEC-c-1
Faithfulness,Consistency with Input,42,QIC-c-3
Helpfulness,Usefulness (nonspecific),39,QEG-w-3
diversity,Diversity/Non-diversity (outputs as a whole),39,QOF-w-1
Overall,Overall Quality / Preference,38,AUX-OverallQuality
factual consistency,Factual Truth,36,QEC-c-1
appropriateness,Appropriateness (outputs as a whole),36,QEG-w-2
Overall Quality,Overall Quality / Preference,36,AUX-OverallQuality
Readability,Readability,35,QOG-w-2
plausibility,Factual Truth,35,QEC-c-1
coverage,Coverage of Topics (given in input),32,QIC-c-4
grammar,Grammaticality,32,QOC-f-1
validity,Factual Truth,32,QEC-c-1
Empathy,Empathy / Emotional Appropriateness,31,QEF-w-11
Conciseness,Nonredundancy (form),31,QOG-f-1
Clarity,Clarity,30,QOG-w-5.1
factual correctness,Factual Truth,30,QEC-c-1
Grammaticality,Grammaticality,30,QOC-f-1
grammatical correctness,Grammaticality,29,QOC-f-1
meaning preservation,Consistency with Input,28,QIC-c-3
specificity,Specificity/Non-specificity (relative to input),27,QIF-c-3
engagingness,Engagingness/Interestingness,27,QEF-w-10
Quality,Overall Quality / Preference,26,AUX-OverallQuality
hallucination,Factual Truth,26,QEC-c-1
semantic similarity,Similarity/Dissimilarity to Non-target Reference (content/meaning),23,QEF-c-1
usefulness,Usefulness (nonspecific),22,QEG-w-3
content preservation,Similarity/Dissimilarity to Input (content/meaning),22,QIF-c-2
safety,Absence of Toxic / Harmful Content,22,QOC-c-2
interestingness,Engagingness/Interestingness,22,QEF-w-10
understandability,Understandability,21,QOG-w-5
answerability,Answerability from Input,21,QIG-c-1
Preference,Overall Quality / Preference,21,AUX-OverallQuality
Appropriateness,Appropriateness (outputs as a whole),21,QEG-w-2
Specificity,Specificity/Non-specificity (relative to input),20,QIF-c-3
Creativity,Creativity/Non-creativity (outputs as a whole),20,QOF-w-6
Plausibility,Factual Truth,20,QEC-c-1
Diversity,Diversity/Non-diversity (outputs as a whole),20,QOF-w-1
Grammar,Grammaticality,19,QOC-f-1
Safety,Absence of Toxic / Harmful Content,19,QOC-c-2
translation quality,Translation Accuracy,19,QIC-w-1
semantic equivalence,Similarity to Target Outputs (content/meaning),18,QTG-c-1
Hallucination,Factual Truth,18,QEC-c-1
comprehensiveness,Absence of Omissions (relative to input),18,QIC-c-1
Answerability,Answerability from Input,18,QIG-c-1
simplicity,Complexity/Non-complexity (outputs as a whole),17,QOF-w-3
acceptability,Appropriateness (outputs as a whole),17,QEG-w-2
Content Preservation,Similarity/Dissimilarity to Input (content/meaning),17,QIF-c-2
Engagingness,Engagingness/Interestingness,17,QEF-w-10
Engagement,Engagingness/Interestingness,17,QEF-w-10
non-redundancy,Nonredundancy (output as a whole),16,QOG-w-1
speaker similarity,Detectability of Speaker/Author Trait,16,QEF-w-5
Style,Control over Style,16,QIF-f-2
redundancy,Nonredundancy (output as a whole),16,QOG-w-1
Coverage,Coverage of Topics (given in input),16,QIC-c-4
alignment,Appropriateness (outputs as a whole),16,QEG-w-2
Overall quality,Overall Quality / Preference,15,AUX-OverallQuality
creativity,Creativity/Non-creativity (outputs as a whole),15,QOF-w-6
harmfulness,Absence of Toxic / Harmful Content,15,QOC-c-2
reasonableness,Appropriateness (outputs as a whole),15,QEG-w-2
meaningfulness,Understandability,15,QOG-w-5
Comprehensiveness,Absence of Omissions (relative to input),15,QIC-c-1
Factual correctness,Factual Truth,14,QEC-c-1
overall preference,User Satisfaction as Affected by Outputs,14,QEG-w-6
similarity,Similarity to Target Outputs (outputs as a whole),14,QTG-w-1
repetition,Nonredundancy (output as a whole),14,QOG-w-1
overall,Overall Quality / Preference,14,AUX-OverallQuality
Interestingness,Engagingness/Interestingness,14,QEF-w-10
truthfulness,Factual Truth,13,QEC-c-1
factual accuracy,Factual Truth,13,QEC-c-1
complexity,Complexity/Non-complexity (outputs as a whole),13,QOF-w-3
Understandability,Understandability,13,QOG-w-5
answer correctness,Degree to which Output Answers Question in Input,13,QIG-w-2
Adequacy,Relevance to Input,13,QIG-c-3
fidelity,Consistency with Input,13,QIC-c-3
Usefulness,Usefulness (nonspecific),13,QEG-w-3
human-likeness,Humanlikeness,13,QOG-w-4
style,Control over Style,13,QIF-f-2
toxicity,Absence of Toxic / Harmful Content,13,QOC-c-2
Harmlessness,Absence of Toxic / Harmful Content,12,QOC-c-2
realism,Humanlikeness,12,QOG-w-4
precision,__DROP__,12,AUX-Other
Validity,Factual Truth,12,QEC-c-1
Truthfulness,Factual Truth,11,QEC-c-1
logical consistency,Internal Consistency of Outputs,11,QOG-c-4
satisfaction,User Satisfaction as Affected by Outputs,11,QEG-w-6
empathy,Empathy / Emotional Appropriateness,11,QEF-w-11
harmlessness,Absence of Toxic / Harmful Content,11,QOC-c-2
confidence,__DROP__,11,AUX-Other
Novelty,Creativity/Non-creativity (outputs as a whole),11,QOF-w-6
effectiveness,Usefulness for Task/Information Need,11,QEG-w-3.1
Meaning Preservation,Consistency with Input,11,QIC-c-3
semantic preservation,Consistency with Input,11,QIC-c-3
semantic consistency,Internal Consistency of Outputs,10,QOG-c-4
Toxicity,Absence of Toxic / Harmful Content,10,QOC-c-2
Persuasiveness,Effect on User Stance,10,QEF-w-7
engagement,Engagingness/Interestingness,10,QEF-w-10
reliability,__DROP__,10,AUX-Other
Factual accuracy,Factual Truth,9,QEC-c-1
Human-likeness,Humanlikeness,9,QOG-w-4
omission,Absence of Omissions (relative to input),9,QIC-c-1
Grammatical Correctness,Grammaticality,9,QOC-f-1
audio quality,Speech Quality,9,QOG-f-2
intelligibility,Understandability,9,QOG-w-5
level of detail,Specificity/Non-specificity (relative to input),9,QIF-c-3
Redundancy,Nonredundancy (output as a whole),9,QOG-w-1
Identification,__DROP__,9,AUX-Other
attribution,Relative Factual Accuracy,9,QEC-c-2
ambiguity,Clarity,9,QOG-w-5.1
Interesting,Engagingness/Interestingness,9,QEF-w-10
Complexity,Complexity/Non-complexity (outputs as a whole),8,QOF-w-3
semantic coherence,Coherence,8,QOG-c-3
Similarity,Similarity to Target Outputs (outputs as a whole),8,QTG-w-1
Understanding,Understandability,8,QOG-w-5
Simplicity,Complexity/Non-complexity (outputs as a whole),8,QOF-w-3
omissions,Absence of Omissions (relative to input),8,QIC-c-1
Logical Coherence,Coherence,8,QOG-c-3
persuasiveness,Effect on User Stance,8,QEF-w-7
novelty,Creativity/Non-creativity (outputs as a whole),8,QOF-w-6
Groundedness,Factual Truth,8,QEC-c-1
recall,__DROP__,8,AUX-Other
Meaning preservation,Consistency with Input,8,QIC-c-3
Factual Consistency,Factual Truth,8,QEC-c-1
Content,__DROP__,8,AUX-Other
salience,__DROP__,8,AUX-Other
Other,__DROP__,8,AUX-Other
Overall preference,User Satisfaction as Affected by Outputs,8,QEG-w-6
semantics,Semantic Correctness,8,QOC-c-1
logical coherence,Coherence,7,QOG-c-3
Factual Accuracy,Factual Truth,7,QEC-c-1
authenticity,Non-AI Likeness,7,QOG-w-4.2
Satisfaction,User Satisfaction as Affected by Outputs,7,QEG-w-6
Humanness,Humanlikeness,7,QOG-w-4
Sensibleness,Coherence,7,QOG-c-3
relevancy,Relevance to Input,7,QIG-c-3
relevant,Relevance to Input,7,QIG-c-3
Coherency,Coherence,7,QOG-c-3
understanding,Understandability,7,QOG-w-5
Depth,Complexity/Non-complexity (content/meaning),7,QOF-c-3
Feasibility,__DROP__,7,AUX-Other
Effectiveness,Usefulness for Task/Information Need,7,QEG-w-3.1
content,__DROP__,7,AUX-Other
Comforting,Effect on User Emotion,7,QEF-w-3
Succinctness,Nonredundancy (output as a whole),7,QOG-w-1
Suggestion,Usefulness for Task/Information Need,7,QEG-w-3.1
cultural relevance,Appropriateness (content/meaning),7,QEG-c-2
Attractiveness,Engagingness/Interestingness,7,QEF-w-10
offensiveness,Absence of Toxic / Harmful Content,7,QOC-c-2
sensibleness,Coherence,7,QOG-c-3
Soundness,Correctness of Outputs (outputs as a whole),7,QOC-w-1
groundedness,Factual Truth,6,QEC-c-1
contradiction,Internal Consistency of Outputs,6,QOG-c-4
Relevancy,Relevance to Input,6,QIG-c-3
Actionability,Usefulness for Task/Information Need,6,QEG-w-3.1
Answer correctness,Degree to which Output Answers Question in Input,6,QIG-w-2
Language Fluency,Fluency,6,QOG-w-3
Hallucinations,Factual Truth,6,QEC-c-1
coherency,Coherence,6,QOG-c-3
sufficiency,Absence of Omissions (relative to input),6,QIC-c-1
hallucinations,Factual Truth,6,QEC-c-1
humanness,Humanlikeness,6,QOG-w-4
succinctness,Nonredundancy (output as a whole),6,QOG-w-1
relatedness,Relevance to Input,6,QIG-c-3
Confidence,__DROP__,6,AUX-Other
Precision,__DROP__,6,AUX-Other
entailment,Consistency with Input,6,QIC-c-3
Entailment,Consistency with Input,6,QIC-c-3
support,Usefulness for Task/Information Need,6,QEG-w-3.1
Verifiability,__DROP__,6,AUX-Other
Knowledge,Factual Truth,6,QEC-c-1
Originality,Creativity/Non-creativity (outputs as a whole),6,QOF-w-6
bias,Absence of Bias / Stereotypes,6,QEC-c-3
Reasoning Error,Correctness of Outputs (outputs as a whole),6,QOC-w-1
persona consistency,Detectability of Speaker/Author Trait,6,QEF-w-5
success,Usefulness for Task/Information Need,6,QEG-w-3.1
syntactic correctness,Grammaticality,6,QOC-f-1
meaning,Semantic Correctness,6,QOC-c-1
Instruction Following,Consistency with Input,6,QIC-c-3
Topicality,Relevance to Input,6,QIG-c-3
Honesty,Factual Truth,5,QEC-c-1
soundness,Correctness of Outputs (outputs as a whole),5,QOC-w-1
Logic,Coherence,5,QOG-c-3
difficulty,Complexity/Non-complexity (outputs as a whole),5,QOF-w-3
Factual Correctness,Factual Truth,5,QEC-c-1
Grammatical correctness,Grammaticality,5,QOC-f-1
Omission,Absence of Omissions (relative to input),5,QIC-c-1
Informative,Informativeness,5,QOG-c-2
formality,Formality/Informality,5,QOF-f-4
Answer Correctness,Degree to which Output Answers Question in Input,5,QIG-w-2
Coherent,Coherence,5,QOG-c-3
Maintains Context,Relevance to Input,5,QIG-c-3
comprehensibility,Understandability,5,QOG-w-5
logicality,Coherence,5,QOG-c-3
semantic adequacy,Meaning Accuracy,5,QTC-c-1
Semantic Correctness,Semantic Correctness,5,QOC-c-1
inconsistency,Internal Consistency of Outputs,5,QOG-c-4
mistranslation,Translation Accuracy,5,QIC-w-1
well-formedness,Grammaticality,5,QOC-f-1
spelling,Spelling Accuracy,5,QOC-f-2
Non-redundancy,Nonredundancy (output as a whole),5,QOG-w-1
addition,Absence of Additions (relative to input),5,QIC-c-2
Usability,System Usability as Affected by Outputs,5,QEG-w-5
meaning similarity,Similarity to Target Outputs (content/meaning),5,QTG-c-1
suitability,Appropriateness (outputs as a whole),5,QEG-w-2
usability,System Usability as Affected by Outputs,5,QEG-w-5
Harmfulness,Absence of Toxic / Harmful Content,5,QOC-c-2
feasibility,__DROP__,5,AUX-Other
Recall,__DROP__,5,AUX-Other
Ambiguity,Clarity,5,QOG-w-5.1
Reliability,__DROP__,5,AUX-Other
interesting,Engagingness/Interestingness,5,QEF-w-10
Personalization,Appropriateness (outputs as a whole),5,QEG-w-2
Contradiction,Internal Consistency of Outputs,5,QOG-c-4
originality,Creativity/Non-creativity (outputs as a whole),5,QOF-w-6
Richness,Informativeness,5,QOG-c-2
fairness,Absence of Bias / Stereotypes,5,QEC-c-3
Overall Preference,User Satisfaction as Affected by Outputs,5,QEG-w-6
Bias,Absence of Bias / Stereotypes,5,QEC-c-3
Proactivity,__DROP__,5,AUX-Other
Cultural relevance,Appropriateness (content/meaning),5,QEG-c-2
image quality,__DROP__,5,AUX-Other
neutral,Control over Sentiment,5,QIF-w-2
rationality,Coherence,5,QOG-c-3
sentiment,Control over Sentiment,5,QIF-w-2
Terminology,Adherence to Style Guide,5,QEC-f-1
Trustworthiness,Factual Truth,5,QEC-c-1
typicality,Naturalness (outputs as a whole),5,QEG-w-1
overall translation quality,Translation Accuracy,5,QIC-w-1
content quality,Appropriateness (content/meaning),5,QEG-c-2
Prosody,Speech Quality,5,QOG-f-2
trust,Effect on User Opinion,5,QEF-w-6
topic relevance,Relevance to Input,4,QIG-c-3
Context Relevance,Relevance to Input,4,QIG-c-3
Relevant,Relevance to Input,4,QIG-c-3
match,Similarity to Target Outputs (outputs as a whole),4,QTG-w-1
sentence structure,Grammaticality,4,QOC-f-1
Concise,Nonredundancy (form),4,QOG-f-1
Logicality,Coherence,4,QOG-c-3
contextual relevance,Relevance to Input,4,QIG-c-3
answer accuracy,Degree to which Output Answers Question in Input,4,QIG-w-2
semantic correctness,Semantic Correctness,4,QOC-c-1
Comprehensibility,Understandability,4,QOG-w-5
Content Richness,Informativeness,4,QOG-c-2
Translation accuracy,Translation Accuracy,4,QIC-w-1
Understandable,Understandability,4,QOG-w-5
language fluency,Fluency,4,QOG-w-3
length,Output Length,4,QOF-f-5
COVERAGE,Coverage of Topics (given in input),4,QIC-c-4
Intelligibility,Understandability,4,QOG-w-5
Rationality,Coherence,4,QOG-c-3
Contextual Relevance,Relevance to Input,4,QIG-c-3
Style Accuracy,Adherence to Style Guide,4,QEC-f-1
Style Transfer Accuracy,Success of Style Transfer from Sample,4,QIG-f-2
friendliness,Detectability of Speaker/Author Trait,4,QEF-w-5
grammar correctness,Grammaticality,4,QOC-f-1
ease of use,System Usability as Affected by Outputs,4,QEG-w-5
grammatical,Grammaticality,4,QOC-f-1
makes sense,Understandability,4,QOG-w-5
translation accuracy,Translation Accuracy,4,QIC-w-1
depth,Complexity/Non-complexity (content/meaning),4,QOF-c-3
Meaningfulness,Understandability,4,QOG-w-5
efficiency,Task Completion Speed,4,QEG-w-5.2
honesty,Factual Truth,4,QEC-c-1
Reasoning,Coherence,4,QOG-c-3
hallucination detection,Absence of Additions (relative to input),4,QIC-c-2
Structure,Grammaticality,4,QOC-f-1
structure,Grammaticality,4,QOC-f-1
proactivity,__DROP__,4,AUX-Other
Comprehension,Understandability,4,QOG-w-5
Alignment,Appropriateness (outputs as a whole),4,QEG-w-2
attractiveness,Engagingness/Interestingness,4,QEF-w-10
Authenticity,Non-AI Likeness,4,QOG-w-4.2
Supported,__DROP__,4,AUX-Other
citation precision,__DROP__,4,AUX-Other
citation recall,__DROP__,4,AUX-Other
error severity,Correctness of Outputs (outputs as a whole),4,QOC-w-1
Sentiment,Control over Sentiment,4,QIF-w-2
Acceptability,Appropriateness (outputs as a whole),4,QEG-w-2
Sufficiency,Absence of Omissions (relative to input),4,QIC-c-1
representativeness,Absence of Bias / Stereotypes,4,QEC-c-3
Not checkable,__DROP__,4,AUX-Other
content richness,Informativeness,4,QOG-c-2
Uses Knowledge,__DROP__,4,AUX-Other
Well-formedness,Grammaticality,4,QOC-f-1
formatting,Adherence to Style Guide,4,QEC-f-1
importance,Informativeness,4,QOG-c-2
detail,Informativeness,4,QOG-c-2
specific,Specificity/Non-specificity (relative to input),4,QIF-c-3
Language Quality,Fluency,4,QOG-w-3
language quality,Fluency,4,QOG-w-3
Context Coherence,Coherence,4,QOG-c-3
Context error,Consistency with Input,4,QIC-c-3
Success Rate,Functional Correctness,4,QEC-w-1
success rate,Functional Correctness,4,QEC-w-1
non-triviality,Informativeness,4,QOG-c-2
correctness of answer,Degree to which Output Answers Question in Input,4,QIG-w-2
data coverage,Absence of Omissions (relative to input),4,QIC-c-1
label consistency,Internal Consistency of Outputs,4,QOG-c-4
paraphrasing,Similarity/Dissimilarity to Input (content/meaning),4,QIF-c-2
sensibility,Coherence,4,QOG-c-3
Content preservation,Similarity/Dissimilarity to Input (content/meaning),4,QIF-c-2
Topic relevance,Relevance to Input,4,QIG-c-3
context relevance,Relevance to Input,4,QIG-c-3
semantic alignment,Semantic Correctness,4,QOC-c-1
Fidelity,Consistency with Input,4,QIC-c-3
Logical coherence,Coherence,3,QOG-c-3
Semantic consistency,Internal Consistency of Outputs,3,QOG-c-4
factualness,Factual Truth,3,QEC-c-1
semantic accuracy,Semantic Correctness,3,QOC-c-1
logical correctness,Semantic Correctness,3,QOC-c-1
Cohesion,Cohesiveness,3,QOG-c-3.2
Organization,Wellorderedness,3,QOG-c-3.1
Politeness,Appropriateness (form),3,QEG-f-2
Reasonableness,Appropriateness (outputs as a whole),3,QEG-w-2
Semantic Similarity,Similarity/Dissimilarity to Non-target Reference (content/meaning),3,QEF-c-1
correct,Correctness of Outputs (outputs as a whole),3,QOC-w-1
hallucination presence,Factual Truth,3,QEC-c-1
information completeness,Absence of Omissions (relative to input),3,QIC-c-1
organization,Wellorderedness,3,QOG-c-3.1
Spelling,Spelling Accuracy,3,QOC-f-2
Semantic equivalence,Similarity to Target Outputs (content/meaning),3,QTG-c-1
Natural,Naturalness (outputs as a whole),3,QEG-w-1
Language fluency,Fluency,3,QOG-w-3
Support,Usefulness for Task/Information Need,3,QEG-w-3.1
Supportiveness,Usefulness for Task/Information Need,3,QEG-w-3.1
contextual appropriateness,Appropriateness (outputs as a whole),3,QEG-w-2
controllability,Control over Multiple Attributes,3,QIF-w-5
cultural appropriateness,Appropriateness (outputs as a whole),3,QEG-w-2
interpretability,Understandability,3,QOG-w-5
misinformation,Factual Truth,3,QEC-c-1
label adherence,Absence of Omissions (relative to input),3,QIC-c-1
Addition,Absence of Additions (relative to input),3,QIC-c-2
Factualness,Factual Truth,3,QEC-c-1
Formality,Formality/Informality,3,QOF-f-4
Funniness,Humorousness/Non-humorousness,3,QOF-w-5
INFORMATIVENESS,Informativeness,3,QOG-c-2
Non-Redundancy,Nonredundancy (output as a whole),3,QOG-w-1
Overall Satisfaction,User Satisfaction as Affected by Outputs,3,QEG-w-6
Translation Quality,Translation Accuracy,3,QIC-w-1
Unrelated,Relevance to Input,3,QIG-c-3
REDUNDANCY,Nonredundancy (output as a whole),3,QOG-w-1
closeness to reference,Similarity to Target Outputs (outputs as a whole),3,QTG-w-1
coherent,Coherence,3,QOG-c-3
critical errors,Correctness of Outputs (outputs as a whole),3,QOC-w-1
dissimilarity,Similarity/Dissimilarity to Non-target Reference (outputs as a whole),3,QEF-w-1
image relevance,Relevance to Input,3,QIG-c-3
justification,Goodness as Explanation of System Behaviour,3,QEG-w-4
label correctness,Classification Accuracy,3,QTC-w-1
missing information,Absence of Omissions (relative to input),3,QIC-c-1
prosody,Speech Quality,3,QOG-f-2
poeticness,Poeticness/Non-poeticness (outputs as a whole),3,QOF-w-2
semantic completeness,Absence of Omissions (relative to input),3,QIC-c-1
similarity to reference,Similarity to Target Outputs (outputs as a whole),3,QTG-w-1
style control,Control over Style,3,QIF-f-2
unambiguity,Clarity,3,QOG-w-5.1
word order,Grammaticality,3,QOC-f-1
Realism,Humanlikeness,3,QOG-w-4
Efficiency,Task Completion Speed,3,QEG-w-5.2
personalization,Appropriateness (outputs as a whole),3,QEG-w-2
reasoning,Coherence,3,QOG-c-3
tone,Control over Formality/Informality,3,QIF-f-2.1
Semantics,Semantic Correctness,3,QOC-c-1
Planning,__DROP__,3,AUX-Other
Breadth,Diversity/Non-diversity (content/meaning),3,QOF-c-1
Expression,Fluency,3,QOG-w-3
Guidance,Usefulness for Task/Information Need,3,QEG-w-3.1
Significance,__DROP__,3,AUX-Other
SENTIMENT,Control over Sentiment,3,QIF-w-2
Overall Score,Overall Quality / Preference,3,AUX-OverallQuality
Overall score,Overall Quality / Preference,3,AUX-OverallQuality
Intent,__DROP__,3,AUX-Other
Adaptability,Appropriateness of System Response Type,3,QIG-f-1
Task Success,Usefulness for Task/Information Need,3,QEG-w-3.1
Importance,Informativeness,3,QOG-c-2
factual support,Factual Truth,3,QEC-c-1
likability,User Satisfaction as Affected by Outputs,3,QEG-w-6
supportiveness,Usefulness for Task/Information Need,3,QEG-w-3.1
text quality,Overall Quality / Preference,3,AUX-OverallQuality
Irrelevant,Absence of Additions (relative to input),3,QIC-c-2
Grounding,Consistency with Input,3,QIC-c-3
interest,Engagingness/Interestingness,3,QEF-w-10
Correct,Correctness of Outputs (outputs as a whole),3,QOC-w-1
context coherence,Coherence,3,QOG-c-3
Task completion,Task Completion Speed,3,QEG-w-5.2
common sense,Factual Truth,3,QEC-c-1
Common Sense,Factual Truth,3,QEC-c-1
commonsense,Factual Truth,3,QEC-c-1
Other Error,Correctness of Outputs (outputs as a whole),3,QOC-w-1
Interpretability,Understandability,3,QOG-w-5
Language,__DROP__,3,AUX-Other
language,__DROP__,3,AUX-Other
commonsense alignment,Factual Truth,3,QEC-c-1
Uniqueness,Diversity/Non-diversity (outputs as a whole),3,QOF-w-1
equivalence,Meaning Accuracy,3,QTC-c-1
knowledge relevance,Relevance to Input,3,QIG-c-3
logical validity,Semantic Correctness,3,QOC-c-1
overall response quality,Overall Quality / Preference,3,AUX-OverallQuality
error correction,Complete Target Output Matching,3,QTC-w-3
expressiveness,Poeticness/Non-poeticness (outputs as a whole),3,QOF-w-2
flexibility,Diversity/Non-diversity (outputs as a whole),3,QOF-w-1
engaging,Engagingness/Interestingness,3,QEF-w-10
hallucination type,__DROP__,3,AUX-Other
severity,__DROP__,3,AUX-Other
severity levels,__DROP__,3,AUX-Other
politeness,Appropriateness (form),3,QEG-f-2
Acceptable,Appropriateness (outputs as a whole),3,QEG-w-2
stance,Detectability of Speaker/Author Stance,3,QEF-w-4
stereotypical,Absence of Bias / Stereotypes,3,QEC-c-3
Incorrect number,Factual Truth,3,QEC-c-1
Incorrect word,Correctness of Outputs (outputs as a whole),3,QOC-w-1
Match,Similarity to Target Outputs (outputs as a whole),3,QTG-w-1
Unverifiable,__DROP__,3,AUX-Other
VALIDITY,Factual Truth,3,QEC-c-1
Singability,Appropriateness (form),3,QEG-f-2
agreement,__DROP__,3,AUX-Other
annotation correctness,Classification Accuracy,3,QTC-w-1
emotion,Effect on User Emotion,3,QEF-w-3
compatibility,Performance of an Embedding/Downstream System/Component,3,QEG-w-8
functionality,Functional Correctness,3,QEC-w-1
general quality,Overall Quality / Preference,3,AUX-OverallQuality
contradiction detection,__DROP__,3,AUX-Other
disfluencies,Fluency,3,QOG-w-3
immersion,Engagingness/Interestingness,3,QEF-w-10
linguistic quality,Fluency,3,QOG-w-3
word choice,Appropriateness (form),3,QEG-f-2
time taken,__DROP__,3,AUX-Other
warmth,Detectability of Speaker/Author Trait,3,QEF-w-5
overall summary quality,Overall Quality / Preference,3,AUX-OverallQuality
paraphrase quality,Consistency with Input,3,QIC-c-3
instruction following,Consistency with Input,3,QIC-c-3
FAITHFULNESS,Consistency with Input,3,QIC-c-3
error categorization,__DROP__,3,AUX-Other
error types,__DROP__,3,AUX-Other
Factual consistency,Factual Truth,2,QEC-c-1
information coverage,Absence of Omissions (relative to input),2,QIC-c-1
Goal Completion,Usefulness for Task/Information Need,2,QEG-w-3.1
semantic relevance,Relevance to Input,2,QIG-c-3
logical flow,Coherence,2,QOG-c-3
Answer Relevance,Relevance to Input,2,QIG-c-3
Information,Informativeness,2,QOG-c-2
Helpful,Usefulness (nonspecific),2,QEG-w-3
Cultural Relevance,Appropriateness (content/meaning),2,QEG-c-2
Relatedness,Relevance to Input,2,QIG-c-3
Content relevance,Relevance to Input,2,QIG-c-3
Linguistic Acceptability,Grammaticality,2,QOC-f-1
cohesiveness,Cohesiveness,2,QOG-c-3.2
actionable,Usefulness for Task/Information Need,2,QEG-w-3.1
constraint satisfaction,Consistency with Input,2,QIC-c-3
humor,Humorousness/Non-humorousness,2,QOF-w-5
relevance to query,Relevance to Input,2,QIG-c-3
semantic appropriateness,Appropriateness (content/meaning),2,QEG-c-2
overall satisfaction,User Satisfaction as Affected by Outputs,2,QEG-w-6
Answer Relevancy,Relevance to Input,2,QIG-c-3
Argument Clarity,Clarity,2,QOG-w-5.1
Clarity of Expression,Clarity,2,QOG-w-5.1
Cultural Appropriateness,Appropriateness (outputs as a whole),2,QEG-w-2
Descriptiveness,Informativeness,2,QOG-c-2
Emotion,Effect on User Emotion,2,QEF-w-3
Content Relevance,Relevance to Input,2,QIG-c-3
Coreference,Clarity of Referents,2,QEG-w-7
Friendliness,Detectability of Speaker/Author Trait,2,QEF-w-5
Functional correctness,Functional Correctness,2,QEC-w-1
Knowledge Accuracy,Factual Truth,2,QEC-c-1
Knowledge Correctness,Factual Truth,2,QEC-c-1
Human-Likeness,Humanlikeness,2,QOG-w-4
Minimality,Nonredundancy (output as a whole),2,QOG-w-1
Subjective preference,User Satisfaction as Affected by Outputs,2,QEG-w-6
context consistency,Consistency with Input,2,QIC-c-3
distinctness,Diversity/Non-diversity (outputs as a whole),2,QOF-w-1
emotion provocation,Effect on User Emotion,2,QEF-w-3
generalizability,Cross-Dataset Generalisation,2,QTG-w-3
information loss,Absence of Omissions (relative to input),2,QIC-c-1
factual errors,Factual Truth,2,QEC-c-1
missing,Absence of Omissions (relative to input),2,QIC-c-1
necessity,Nonredundancy (content/meaning),2,QOG-c-1
over-translation,Absence of Additions (relative to input),2,QIC-c-2
suitableness,Appropriateness (outputs as a whole),2,QEG-w-2
target success rate,Complete Target Output Matching,2,QTC-w-3
under-translation,Absence of Omissions (relative to input),2,QIC-c-1
utility,Usefulness (nonspecific),2,QEG-w-3
Answer Accuracy,Degree to which Output Answers Question in Input,2,QIG-w-2
Background noise,Speech Quality,2,QOG-f-2
Category Accuracy,Classification Accuracy,2,QTC-w-1
Compactness,Nonredundancy (form),2,QOG-f-1
Contextual Consistency,Consistency with Input,2,QIC-c-3
Duplication,Nonredundancy (output as a whole),2,QOG-w-1
Ease of use,System Usability as Affected by Outputs,2,QEG-w-5
Difficulty,Complexity/Non-complexity (outputs as a whole),2,QOF-w-3
Exact Match,Complete Target Output Matching,2,QTC-w-3
Execution Accuracy,Functional Correctness,2,QEC-w-1
Extra words,Nonredundancy (form),2,QOG-f-1
Human-like,Humanlikeness,2,QOG-w-4
Hallucination Degree,Absence of Additions (relative to input),2,QIC-c-2
Hallucination Error,Absence of Additions (relative to input),2,QIC-c-2
Helpfulness for understanding AI's reasoning,Goodness as Explanation of System Behaviour,2,QEG-w-4
Inaccuracy Extrinsic,Factual Truth,2,QEC-c-1
Inaccuracy Intrinsic,Correctness of Outputs (outputs as a whole),2,QOC-w-1
Informativity,Informativeness,2,QOG-c-2
Knowledgeable,Detectability of Speaker/Author Trait,2,QEF-w-5
Mistranslation,Translation Accuracy,2,QIC-w-1
No Error,Correctness of Outputs (outputs as a whole),2,QOC-w-1
Non-Repetitiveness,Nonredundancy (output as a whole),2,QOG-w-1
Non-contradiction,Internal Consistency of Outputs,2,QOG-c-4
NLI label correctness,Classification Accuracy,2,QTC-w-1
NUMBER,Grammaticality,2,QOC-f-1
On-topic,Relevance to Input,2,QIG-c-3
Orderliness,Wellorderedness,2,QOG-c-3.1
Nonredundancy,Nonredundancy (output as a whole),2,QOG-w-1
Pertinence,Relevance to Input,2,QIG-c-3
Persona,Detectability of Speaker/Author Trait,2,QEF-w-5
Refuted,Factual Truth,2,QEC-c-1
Related,Relevance to Input,2,QIG-c-3
Repetition,Nonredundancy (output as a whole),2,QOG-w-1
Self-Contradiction,Internal Consistency of Outputs,2,QOG-c-4
Sentence Fluency,Fluency,2,QOG-w-3
Target Identification Accuracy,Classification Accuracy,2,QTC-w-1
Text Fluency,Fluency,2,QOG-w-3
Transfer Accuracy,Cross-Dataset Generalisation,2,QTG-w-3
Unambiguity,Clarity,2,QOG-w-5.1
Veridicality,Factual Truth,2,QEC-c-1
ZP translation accuracy,Translation Accuracy,2,QIC-w-1
Word Form,Grammaticality,2,QOC-f-1
Word Order,Grammaticality,2,QOC-f-1
avoiding repetition,Nonredundancy (output as a whole),2,QOG-w-1
classification accuracy,Classification Accuracy,2,QTC-w-1
clear,Clarity,2,QOG-w-5.1
confusing,Understandability,2,QOG-w-5
content coverage,Absence of Omissions (relative to input),2,QIC-c-1
comprehension,Understandability,2,QOG-w-5
content overlap,Similarity to Target Outputs (content/meaning),2,QTG-c-1
descriptiveness,Informativeness,2,QOG-c-2
ease of understanding,Speed of Understanding,2,QOG-w-5.1.1
emotional impact,Effect on User Emotion,2,QEF-w-3
evidence relevance,Relevance to Input,2,QIG-c-3
grammar errors,Grammaticality,2,QOC-f-1
grammatical accuracy,Grammaticality,2,QOC-f-1
grammatically correct,Grammaticality,2,QOC-f-1
humanlikeness,Humanlikeness,2,QOG-w-4
informative,Informativeness,2,QOG-c-2
intent preservation,Relevance to Input,2,QIG-c-3
knowledge accuracy,Factual Truth,2,QEC-c-1
logical,Internal Consistency of Outputs,2,QOG-c-4
language naturalness,Naturalness (outputs as a whole),2,QEG-w-1
minimality,Nonredundancy (output as a whole),2,QOG-w-1
missing facts,Absence of Omissions (relative to input),2,QIC-c-1
meaning accuracy,Meaning Accuracy,2,QTC-c-1
natural flow,Coherence,2,QOG-c-3
on-topic,Relevance to Input,2,QIG-c-3
on-topic relevance,Relevance to Input,2,QIG-c-3
no new facts,Absence of Additions (relative to input),2,QIC-c-2
phonetic similarity,Similarity/Dissimilarity to Non-target Reference (form),2,QEF-f-1
question clarity,Clarity,2,QOG-w-5.1
partially supported,Relative Factual Accuracy,2,QEC-c-2
question relevance,Relevance to Input,2,QIG-c-3
redundancies,Nonredundancy (output as a whole),2,QOG-w-1
relevance to context,Relevance to Input,2,QIG-c-3
relevance to prompt,Relevance to Input,2,QIG-c-3
repetitions,Nonredundancy (output as a whole),2,QOG-w-1
speech quality,Speech Quality,2,QOG-f-2
style appropriateness,Appropriateness (form),2,QEG-f-2
sound quality,Speech Quality,2,QOG-f-2
semantic faithfulness,Consistency with Input,2,QIC-c-3
sentiment transfer,Control over Sentiment,2,QIF-w-2
syntax correctness,Grammaticality,2,QOC-f-1
timbre,Speech Quality,2,QOG-f-2
timbre similarity,Similarity to Target Outputs (form),2,QTG-f-1
topic coherence,Coherence,2,QOG-c-3
topic consistency,Internal Consistency of Outputs,2,QOG-c-4
topicality,Relevance to Input,2,QIG-c-3
translation correctness,Translation Accuracy,2,QIC-w-1
undertranslation,Absence of Omissions (relative to input),2,QIC-c-1
user satisfaction,User Satisfaction as Affected by Outputs,2,QEG-w-6
Level of Detail,Specificity/Non-specificity (relative to input),2,QIF-c-3
Translation quality,Translation Accuracy,2,QIC-w-1
knowledge,Factual Truth,2,QEC-c-1
other,__DROP__,2,AUX-Other
Fairness,Absence of Bias / Stereotypes,2,QEC-c-3
Refusal,Refusal Appropriateness,2,QEC-w-2
Insightfulness,Informativeness,2,QOG-c-2
insightfulness,Informativeness,2,QOG-c-2
Error severity,Correctness of Outputs (outputs as a whole),2,QOC-w-1
Neutral,Control over Sentiment,2,QIF-w-2
Offensiveness,Absence of Toxic / Harmful Content,2,QOC-c-2
Persona Consistency,Detectability of Speaker/Author Trait,2,QEF-w-5
Persona consistency,Detectability of Speaker/Author Trait,2,QEF-w-5
Relationship,Relevance to Input,2,QIG-c-3
significance,__DROP__,2,AUX-Other
Success,Usefulness for Task/Information Need,2,QEG-w-3.1
Believability,Factual Truth,2,QEC-c-1
verbosity,Output Length,2,QOF-f-5
Meaning,Semantic Correctness,2,QOC-c-1
Not Checkable,__DROP__,2,AUX-Other
Openness,__DROP__,2,AUX-Other
format,Adherence to Style Guide,2,QEC-f-1
Likability,User Satisfaction as Affected by Outputs,2,QEG-w-6
surprise,__DROP__,2,AUX-Other
Surprise,__DROP__,2,AUX-Other
Text Quality,Overall Quality / Preference,2,AUX-OverallQuality
Attributability,__DROP__,2,AUX-Other
Neutrality,Absence of Bias / Stereotypes,2,QEC-c-3
neutrality,Absence of Bias / Stereotypes,2,QEC-c-3
Character Consistency,Character Matching,2,QTC-w-3.2
Character Fidelity,Consistency with Input,2,QIC-c-3
Anthropomorphism,Humanlikeness,2,QOG-w-4
Humanoid,Humanlikeness,2,QOG-w-4
Interest,Engagingness/Interestingness,2,QEF-w-10
Givenness,Cohesiveness,2,QOG-c-3.2
Emotional Expression,__DROP__,2,AUX-Other
Emotional Support,Empathy / Emotional Appropriateness,2,QEF-w-11
Repetitiveness,Nonredundancy (form),2,QOG-f-1
Robustness,__DROP__,2,AUX-Other
Storyline Quality,Coherence,2,QOG-c-3
Theory of Mind,Empathy / Emotional Appropriateness,2,QEF-w-11
citation quality,Factual Truth,2,QEC-c-1
Irrelevance,Relevance to Input,2,QIG-c-3
Likeable,User Satisfaction as Affected by Outputs,2,QEG-w-6
Sensitivity,__DROP__,2,AUX-Other
aspect coverage,Coverage of Topics (given in input),2,QIC-c-4
Expressiveness,Poeticness/Non-poeticness (outputs as a whole),2,QOF-w-2
fear,Effect on User Emotion,2,QEF-w-3
Flexibility,Diversity/Non-diversity (outputs as a whole),2,QOF-w-1
Engaging,Engagingness/Interestingness,2,QEF-w-10
impact,Effect on User Behaviour,2,QEF-w-2
inquisitiveness,__DROP__,2,AUX-Other
Inquisitiveness,__DROP__,2,AUX-Other
Severity,__DROP__,2,AUX-Other
Label Consistency,Internal Consistency of Outputs,2,QOG-c-4
Language correctness,Appropriateness (form),2,QEG-f-2
layout,__DROP__,2,AUX-Other
verification accuracy,Relative Factual Accuracy,2,QEC-c-2
thoroughness,Coverage of Topics (given in input),2,QIC-c-4
Thoroughness,Coverage of Topics (given in input),2,QIC-c-4
topic depth,Informativeness,2,QOG-c-2
Topic Depth,Informativeness,2,QOG-c-2
Constraint Satisfaction,Consistency with Input,2,QIC-c-3
Applicability,Usefulness for Task/Information Need,2,QEG-w-3.1
Contradictory,Internal Consistency of Outputs,2,QOG-c-4
contradictory,Internal Consistency of Outputs,2,QOG-c-4
Contribution,__DROP__,2,AUX-Other
Entity Error,Correctness of Outputs (outputs as a whole),2,QOC-w-1
Evidence,Relative Factual Accuracy,2,QEC-c-2
Interest Level,Engagingness/Interestingness,2,QEF-w-10
Incorrect,Correctness of Outputs (outputs as a whole),2,QOC-w-1
Misleading,Factual Truth,2,QEC-c-1
misleading,Factual Truth,2,QEC-c-1
Non-translation,Translation Accuracy,2,QIC-w-1
Poeticness,Poeticness/Non-poeticness (outputs as a whole),2,QOF-w-2
Privacy,Appropriateness (outputs as a whole),2,QEG-w-2
Unsafe,Appropriateness (outputs as a whole),2,QEG-w-2
Visual Consistency,Consistency with Input,2,QIC-c-3
Partnership,__DROP__,2,AUX-Other
Plausible,Factual Truth,2,QEC-c-1
Simulatability,Speed of Understanding,2,QOG-w-5.1.1
Solvability,Usefulness for Task/Information Need,2,QEG-w-3.1
Sufficiency of detail,Informativeness,2,QOG-c-2
Visual Relevance,Relevance to Input,2,QIG-c-3
aesthetic appeal,__DROP__,2,AUX-Other
attribute relevance,Relevance to Input,2,QIG-c-3
Attribute Relevance,Relevance to Input,2,QIG-c-3
Reproducibility,__DROP__,2,AUX-Other
causality,Semantic Correctness,2,QOC-c-1
constructiveness,Usefulness (nonspecific),2,QEG-w-3
clinical significance,Usefulness for Task/Information Need,2,QEG-w-3.1
hatefulness,Absence of Toxic / Harmful Content,2,QOC-c-2
explanation correctness,Quality as Explanation of Input,2,QIG-w-3
leakage,__DROP__,2,AUX-Other
linguistic style,Control over Style,2,QIF-f-2
logical rationality,Semantic Correctness,2,QOC-c-1
logical soundness,Internal Consistency of Outputs,2,QOG-c-4
Word choice,Appropriateness (form),2,QEG-f-2
relation,__DROP__,2,AUX-Other
style consistency,Adherence to Style Guide,2,QEC-f-1
style transfer accuracy,Success of Style Transfer from Sample,2,QIG-f-2
summary quality,Overall Quality / Preference,2,AUX-OverallQuality
text-image alignment,Similarity/Dissimilarity to Non-target Reference (content/meaning),2,QEF-c-1
unfair bias,Absence of Bias / Stereotypes,2,QEC-c-3
vocabulary,__DROP__,2,AUX-Other
overall explanation quality,Quality as Explanation of Input,2,QIG-w-3
partial correctness,Correctness of Outputs (outputs as a whole),2,QOC-w-1
Abstention,Refusal Appropriateness,2,QEC-w-2
Acceptance,User Satisfaction as Affected by Outputs,2,QEG-w-6
Appropriate Length,Output Size Relative to Input,2,QIF-f-3
Argumentative Effectiveness,Effect on User Stance,2,QEF-w-7
CONTEXT,__DROP__,2,AUX-Other
Context,__DROP__,2,AUX-Other
Comfort,__DROP__,2,AUX-Other
Creativeness,Creativity/Non-creativity (outputs as a whole),2,QOF-w-6
Contextualization,Relevance to Input,2,QIG-c-3
Conflict,Internal Consistency of Outputs,2,QOG-c-4
Effort,Ease of Communication,2,QEG-w-5.1
Edge correctness,Factual Truth,2,QEC-c-1
explanation quality,Goodness as Explanation of System Behaviour,2,QEG-w-4
Familiarity,Naturalness (outputs as a whole),2,QEG-w-1
familiarity,Naturalness (outputs as a whole),2,QEG-w-1
F1-score,__DROP__,2,AUX-Other
Granularity,Specificity/Non-specificity (relative to input),2,QIF-c-3
Harmony,Appropriateness (outputs as a whole),2,QEG-w-2
Flow,Fluency,2,QOG-w-3
Goal achievement,Functional Correctness,2,QEC-w-1
Good,Overall Quality / Preference,2,AUX-OverallQuality
Image Aesthetics,__DROP__,2,AUX-Other
Gender accuracy,Factual Truth,2,QEC-c-1
Gender correctness,Factual Truth,2,QEC-c-1
gender correctness,Factual Truth,2,QEC-c-1
Information Coverage,Absence of Omissions (relative to input),2,QIC-c-1
Imaginability,Creativity/Non-creativity (outputs as a whole),2,QOF-w-6
Incorrect named entity,Factual Truth,2,QEC-c-1
Independent Counterspeech,Absence of Bias / Stereotypes,2,QEC-c-3
Instruction quality,Overall Quality / Preference,2,AUX-OverallQuality
Medical Proficiency,Factual Truth,2,QEC-c-1
memorability,__DROP__,2,AUX-Other
Missing words,Grammaticality,2,QOC-f-1
NAME,__DROP__,2,AUX-Other
logical relevance,Relevance to Input,2,QIG-c-3
Motivational,Engagingness/Interestingness,2,QEF-w-10
overall impression,Overall Quality / Preference,2,AUX-OverallQuality
Overall rating,Overall Quality / Preference,2,AUX-OverallQuality
Normativity,Appropriateness (outputs as a whole),2,QEG-w-2
Preservation,Absence of Omissions (relative to input),2,QIC-c-1
Question Complexity,Complexity/Non-complexity (outputs as a whole),2,QOF-w-3
Question Meaningfulness,Overall Quality / Preference,2,AUX-OverallQuality
Saliency,Informativeness,2,QOG-c-2
saliency,Informativeness,2,QOG-c-2
Responsiveness,Ease of Communication,2,QEG-w-5.1
responsiveness,Ease of Communication,2,QEG-w-5.1
Solution Completeness,Absence of Omissions (relative to input),2,QIC-c-1
Sentiment relevance,Appropriateness (content/meaning),2,QEG-c-2
Style Strength,Control over Style,2,QIF-f-2
Stylistic consistency,Internal Consistency of Outputs,2,QOG-c-4
valence,Effect on User Emotion,2,QEF-w-3
Topic,__DROP__,2,AUX-Other
Untranslated text,Translation Accuracy,2,QIC-w-1
WORD,Complete Word Matching,2,QTC-w-3.1
Visual Completeness,Absence of Omissions (relative to input),2,QIC-c-1
writing quality,Overall Quality / Preference,2,AUX-OverallQuality
Visual Quality,__DROP__,2,AUX-Other
attribution accuracy,Factual Truth,2,QEC-c-1
commonsense correctness,Factual Truth,2,QEC-c-1
capitalization,Grammaticality,2,QOC-f-1
clinical risk,__DROP__,2,AUX-Other
closeness,Similarity to Target Outputs (outputs as a whole),2,QTG-w-1
compactness,Nonredundancy (form),2,QOG-f-1
comparative quality,Overall Quality / Preference,2,AUX-OverallQuality
decision accuracy,Correctness of Outputs (outputs as a whole),2,QOC-w-1
control,Control over Multiple Attributes,2,QIF-w-5
cooperation,Appropriateness (outputs as a whole),2,QEG-w-2
comprehensive,Absence of Omissions (relative to input),2,QIC-c-1
context sensitivity,Relevance to Input,2,QIG-c-3
deletion,Absence of Omissions (relative to input),2,QIC-c-1
detailed reasoning,Complexity/Non-complexity (content/meaning),2,QOF-c-3
detectability,__DROP__,2,AUX-Other
difference,Similarity to Target Outputs (outputs as a whole),2,QTG-w-1
difficulty level,__DROP__,2,AUX-Other
discourse errors,Semantic Correctness,2,QOC-c-1
domain,__DROP__,2,AUX-Other
domain relevance,Relevance to Input,2,QIG-c-3
error count,Correctness of Outputs (outputs as a whole),2,QOC-w-1
emotional consistency,Internal Consistency of Outputs,2,QOG-c-4
ethical risk,Absence of Toxic / Harmful Content,2,QOC-c-2
event coverage,Absence of Omissions (relative to input),2,QIC-c-1
enjoyability,Engagingness/Interestingness,2,QEF-w-10
entertaining,Effect on User Emotion,2,QEF-w-3
entity,__DROP__,2,AUX-Other
focus,Relevance to Input,2,QIG-c-3
imageability,__DROP__,2,AUX-Other
hate speech,Absence of Toxic / Harmful Content,2,QOC-c-2
grammatical consistency,Grammaticality,2,QOC-f-1
fully supported,Absence of Omissions (relative to input),2,QIC-c-1
goal success rate,Functional Correctness,2,QEC-w-1
inclusive language,Appropriateness (outputs as a whole),2,QEG-w-2
insufficient justification,Goodness as Explanation of System Behaviour,2,QEG-w-4
inter-annotator agreement,__DROP__,2,AUX-Other
minor hallucinations,Factual Truth,2,QEC-c-1
knowledgeability,Detectability of Speaker/Author Trait,2,QEF-w-5
knowledgeable,Detectability of Speaker/Author Trait,2,QEF-w-5
listening,__DROP__,2,AUX-Other
literalness,Specificity/Non-specificity (relative to input),2,QIF-c-3
lexical divergence,Similarity/Dissimilarity to Non-target Reference (form),2,QEF-f-1
major hallucinations,Factual Truth,2,QEC-c-1
minimal edits,Similarity/Dissimilarity to Input (outputs as a whole),2,QIF-w-4
overall ranking,Overall Quality / Preference,2,AUX-OverallQuality
paraphrase,Similarity/Dissimilarity to Input (outputs as a whole),2,QIF-w-4
objectivity,Absence of Bias / Stereotypes,2,QEC-c-3
meaning equivalence,Meaning Accuracy,2,QTC-c-1
partial hallucination,Factual Truth,2,QEC-c-1
semantic,Semantic Correctness,2,QOC-c-1
response time,__DROP__,2,AUX-Other
reusability,__DROP__,2,AUX-Other
rephrasing,Relevance to Input,2,QIG-c-3
respect,Appropriateness (outputs as a whole),2,QEG-w-2
self-containedness,Nonredundancy (content/meaning),2,QOG-c-1
self-containment,Nonredundancy (content/meaning),2,QOG-c-1
relative quality,Overall Quality / Preference,2,AUX-OverallQuality
reasonability,Coherence,2,QOG-c-3
reasoning requirement,__DROP__,2,AUX-Other
style accuracy,Adherence to Style Guide,2,QEC-f-1
too verbose,Output Length,2,QOF-f-5
terminology correctness,Adherence to Style Guide,2,QEC-f-1
text structure,Wellorderedness,2,QOG-c-3.1
user experience,User Satisfaction as Affected by Outputs,2,QEG-w-6
user preference,Overall Quality / Preference,2,AUX-OverallQuality
task adherence,Appropriateness of System Response Type,2,QIG-f-1
Reasoning Quality,Quality as Explanation of Input,2,QIG-w-3
reasoning quality,Quality as Explanation of Input,2,QIG-w-3
Topic Relevance,Relevance to Input,2,QIG-c-3
response quality,Overall Quality / Preference,2,AUX-OverallQuality
compliance,Consistency with Input,2,QIC-c-3
Content Coverage,Absence of Omissions (relative to input),2,QIC-c-1
Presentation,Correctness of Outputs (outputs as a whole),2,QOC-w-1
Reasoning Correctness,Quality as Explanation of Input,2,QIG-w-3
instruction adherence,Appropriateness of System Response Type,2,QIG-f-1
Major errors,Correctness of Outputs (outputs as a whole),2,QOC-w-1
Minor errors,Correctness of Outputs (outputs as a whole),2,QOC-w-1
correctness of reasoning,Semantic Correctness,2,QOC-c-1
Task Relevance,Relevance to Input,2,QIG-c-3
error type classification,Classification Accuracy,2,QTC-w-1
instruction-following,Consistency with Input,1,QIC-c-3
Hallucination detection,Absence of Additions (relative to input),1,QIC-c-2
User Satisfaction,User Satisfaction as Affected by Outputs,1,QEG-w-6
Cohesiveness,Cohesiveness,1,QOG-c-3.2
Coherence and Organization,Coherence,1,QOG-c-3
Emotional Impact,Effect on User Emotion,1,QEF-w-3
Humor,Humorousness/Non-humorousness,1,QOF-w-5
Logical consistency,Internal Consistency of Outputs,1,QOG-c-4
Neuroticism,Detectability of Speaker/Author Trait,1,QEF-w-5
Personality,Detectability of Speaker/Author Trait,1,QEF-w-5
Semantic Equivalence,Similarity to Target Outputs (content/meaning),1,QTG-c-1
Semantic accuracy,Semantic Correctness,1,QOC-c-1
Utility,Usefulness (nonspecific),1,QEG-w-3
Relevance and Focus,Relevance to Input,1,QIG-c-3
content relevance,Relevance to Input,1,QIG-c-3
linguistic fluency,Fluency,1,QOG-w-3
logical structure,Wellorderedness,1,QOG-c-3.1
match to ground truth,Complete Target Output Matching,1,QTC-w-3
non-hallucination,Factual Truth,1,QEC-c-1
relation correctness,Semantic Correctness,1,QOC-c-1
semantic match,Similarity to Target Outputs (content/meaning),1,QTG-c-1
thematic relevance,Relevance to Input,1,QIG-c-3
type relevance,Appropriateness of System Response Type,1,QIG-f-1
win rate,Win Rate,1,QEG-w-10
APPROPRIATENESS,Appropriateness (outputs as a whole),1,QEG-w-2
Active Listening,Detectability of Speaker/Author Trait,1,QEF-w-5
Active listening,Detectability of Speaker/Author Trait,1,QEF-w-5
Adherence to prompt and instructions,Consistency with Input,1,QIC-c-3
Argument Arrangement,Wellorderedness,1,QOG-c-3.1
Answer Match,Complete Target Output Matching,1,QTC-w-3
Answer accuracy,Degree to which Output Answers Question in Input,1,QIG-w-2
Behavioral Coherence,Coherence,1,QOG-c-3
COHERENCE,Coherence,1,QOG-c-3
COHESION,Cohesiveness,1,QOG-c-3.2
CONCISENESS,Nonredundancy (form),1,QOG-f-1
CTA Effectiveness,Effect on User Behaviour,1,QEF-w-2
Clarification,Clarity,1,QOG-w-5.1
Closeness,Similarity to Target Outputs (outputs as a whole),1,QTG-w-1
Comparator factuality,Relative Factual Accuracy,1,QEC-c-2
Compliance with facts,Factual Truth,1,QEC-c-1
Conceptual Clarity,Clarity,1,QOG-w-5.1
Contradict,Internal Consistency of Outputs,1,QOG-c-4
Consistency in Terminology,Internal Consistency of Outputs,1,QOG-c-4
Content Consistency,Internal Consistency of Outputs,1,QOG-c-4
Correctness (acceptability),Correctness of Outputs (outputs as a whole),1,QOC-w-1
Context Maintenance,Consistency with Input,1,QIC-c-3
Context-based meaning error,Semantic Correctness,1,QOC-c-1
Description Correctness,Semantic Correctness,1,QOC-c-1
Description Relevance,Relevance to Input,1,QIG-c-3
Cultural appropriateness,Appropriateness (outputs as a whole),1,QEG-w-2
Diverse,Diversity/Non-diversity (outputs as a whole),1,QOF-w-1
Empathetic Tone,Detectability of Speaker/Author Trait,1,QEF-w-5
Empathic Understanding,Detectability of Speaker/Author Trait,1,QEF-w-5
Empathy and Respect,Detectability of Speaker/Author Trait,1,QEF-w-5
Encouragement of Emotional Expression,Effect on User Behaviour,1,QEF-w-2
Equivalence,Meaning Accuracy,1,QTC-c-1
Evidence Inference factuality,Factual Truth,1,QEC-c-1
Exact match,Complete Target Output Matching,1,QTC-w-3
Fact Authenticity,Factual Truth,1,QEC-c-1
Fact Correctness,Factual Truth,1,QEC-c-1
Factual Alignment,Factual Truth,1,QEC-c-1
Expression Diversity,Diversity/Non-diversity (form),1,QOF-f-1
Falsification,Factual Truth,1,QEC-c-1
GA,__DROP__,1,AUX-Other
GRAMMATICALITY,Grammaticality,1,QOC-f-1
Generalizability,Cross-Dataset Generalisation,1,QTG-w-3
Format adherence,Adherence to Style Guide,1,QEC-f-1
Formula correctness,Functional Correctness,1,QEC-w-1
Grammar & linguistics,Grammaticality,1,QOC-f-1
Hallucinatory Knowledge,Factual Truth,1,QEC-c-1
Human likeness identification,Humanlikeness,1,QOG-w-4
Inaccuracy,Correctness of Outputs (outputs as a whole),1,QOC-w-1
Image-text consistency,Consistency with Input,1,QIC-c-3
Information provision,Informativeness,1,QOG-c-2
Internal consistency,Internal Consistency of Outputs,1,QOG-c-4
Knowledge-Hallucination,Factual Truth,1,QEC-c-1
Knowledge-Accuracy,Factual Truth,1,QEC-c-1
Intervention factuality,Factual Truth,1,QEC-c-1
Language Correctness,Appropriateness (form),1,QEG-f-2
Language Relevance,Relevance to Input,1,QIG-c-3
Logical Consistency,Internal Consistency of Outputs,1,QOG-c-4
Meeting User Needs,Usefulness for Task/Information Need,1,QEG-w-3.1
Missing information,Absence of Omissions (relative to input),1,QIC-c-1
Mistake identification,Correctness of Outputs (outputs as a whole),1,QOC-w-1
New Information Introduced (NII),Absence of Additions (relative to input),1,QIC-c-2
No Duplicate Steps,Nonredundancy (content/meaning),1,QOG-c-1
No Missing Steps,Absence of Omissions (relative to input),1,QIC-c-1
No Redundant Steps,Nonredundancy (output as a whole),1,QOG-w-1
Order Correct,Wellorderedness,1,QOG-c-3.1
Ordering,Wellorderedness,1,QOG-c-3.1
Outcome factuality,Factual Truth,1,QEC-c-1
Non-repetition,Nonredundancy (output as a whole),1,QOG-w-1
Overall Usefulness,Usefulness (nonspecific),1,QEG-w-3
POI Relevance,Relevance to Input,1,QIG-c-3
Overall Social Intelligence,Appropriateness (outputs as a whole),1,QEG-w-2
Physical reality alignment,Factual Truth,1,QEC-c-1
Pluralistic Representation,Diversity/Non-diversity (content/meaning),1,QOF-c-1
Persona-Utterance,Detectability of Speaker/Author Trait,1,QEF-w-5
Personality Traits,Detectability of Speaker/Author Trait,1,QEF-w-5
Professionalism,Appropriateness (outputs as a whole),1,QEG-w-2
Providing guidance,Usefulness for Task/Information Need,1,QEG-w-3.1
Question Clarity,Clarity,1,QOG-w-5.1
REL,Relevance to Input,1,QIG-c-3
Real Knowledge,Factual Truth,1,QEC-c-1
Reasoning Logical Flow,Coherence,1,QOG-c-3
Reasoning Usefulness,Usefulness (nonspecific),1,QEG-w-3
Reasoning correctness,Quality as Explanation of Input,1,QIG-w-3
Relatedness (instruction following),Relevance to Input,1,QIG-c-3
Relevance to context,Relevance to Input,1,QIG-c-3
Religious Injection,Absence of Additions (relative to input),1,QIC-c-2
Rule adherence,Consistency with Input,1,QIC-c-3
Respects Guided Questions,Absence of Omissions (relative to input),1,QIC-c-1
SCU presence,Meaning Accuracy,1,QTC-c-1
STANCE CLARITY,Detectability of Speaker/Author Stance,1,QEF-w-4
Scenario Coherence,Coherence,1,QOG-c-3
Revealing of the answer,Degree to which Output Answers Question in Input,1,QIG-w-2
Semantic correctness,Semantic Correctness,1,QOC-c-1
Semantic relevance,Relevance to Input,1,QIG-c-3
Semantic Accuracy,Semantic Correctness,1,QOC-c-1
Simple Language,Complexity/Non-complexity (outputs as a whole),1,QOF-w-3
Star Rating,User Satisfaction as Affected by Outputs,1,QEG-w-6
Storyline Consistency,Internal Consistency of Outputs,1,QOG-c-4
Strength of conversational tone,Conversationality/Non-conversationality,1,QOF-w-4
Style Alignment,Control over Style,1,QIF-f-2
Task Quality,Usefulness for Task/Information Need,1,QEG-w-3.1
Textual similarity,Similarity to Target Outputs (outputs as a whole),1,QTG-w-1
Token quantity,Output Length,1,QOF-f-5
Tone & authorial voice,Control over Style,1,QIF-f-2
acceptable,Appropriateness (outputs as a whole),1,QEG-w-2
Winnability,Win Rate,1,QEG-w-10
accurate information,Factual Truth,1,QEC-c-1
ambiguity reduction,Clarity,1,QOG-w-5.1
answer consistency,Internal Consistency of Outputs,1,QOG-c-4
agrees,Classification Accuracy,1,QTC-w-1
alignment quality,Sequence Alignment Accuracy,1,QTC-w-5
avoidance of false/fabricated information,Factual Truth,1,QEC-c-1
argument-coherence,Coherence,1,QOG-c-3
answered,Degree to which Output Answers Question in Input,1,QIG-w-2
cohesion,Cohesiveness,1,QOG-c-3.2
cognitive empathy,Detectability of Speaker/Author Trait,1,QEF-w-5
content similarity,Similarity to Target Outputs (content/meaning),1,QTG-c-1
contextual-relevance,Relevance to Input,1,QIG-c-3
correct ordering,Wellorderedness,1,QOG-c-3.1
correctness of final answer,Degree to which Output Answers Question in Input,1,QIG-w-2
event type definition similarity,Similarity to Target Outputs (content/meaning),1,QTG-c-1
false prediction,Factual Truth,1,QEC-c-1
hallucination avoidance,Factual Truth,1,QEC-c-1
functional correctness,Functional Correctness,1,QEC-w-1
information addition,Absence of Additions (relative to input),1,QIC-c-2
informativity,Informativeness,1,QOG-c-2
likelihood,Likelihood According to External Model,1,QEF-w-9
logical linkage,Cohesiveness,1,QOG-c-3.2
logical organization,Wellorderedness,1,QOG-c-3.1
label accuracy,Classification Accuracy,1,QTC-w-1
like,User Satisfaction as Affected by Outputs,1,QEG-w-6
lucidity,Clarity,1,QOG-w-5.1
machine-generated detection,Non-AI Likeness,1,QOG-w-4.2
match correctness,Complete Target Output Matching,1,QTC-w-3
motivation consistency,Internal Consistency of Outputs,1,QOG-c-4
narrative complexity,Complexity/Non-complexity (content/meaning),1,QOF-c-3
non-contradiction,Internal Consistency of Outputs,1,QOG-c-4
naturalness of language,Naturalness (form),1,QEG-f-1
omission of comparison describing a change from previous study,Absence of Omissions (relative to input),1,QIC-c-1
no-addition,Absence of Additions (relative to input),1,QIC-c-2
no-omission,Absence of Omissions (relative to input),1,QIC-c-1
overall resemblance,Similarity to Target Outputs (outputs as a whole),1,QTG-w-1
personality,Detectability of Speaker/Author Trait,1,QEF-w-5
pedagogical value,Usefulness for Task/Information Need,1,QEG-w-3.1
reading ease,Readability,1,QOG-w-2
satisfying,User Satisfaction as Affected by Outputs,1,QEG-w-6
relevance to user information needs,Usefulness for Task/Information Need,1,QEG-w-3.1
scientific accuracy,Factual Truth,1,QEC-c-1
simplification,Control over Complexity/Non-complexity (outputs as a whole),1,QIF-w-1
semantic validity,Semantic Correctness,1,QOC-c-1
technical accuracy,Factual Truth,1,QEC-c-1
unanswered,Degree to which Output Answers Question in Input,1,QIG-w-2
variety of vocabulary,Diversity/Non-diversity (form),1,QOF-f-1
value reinforcement (seeker perspective),Effect on User Stance,1,QEF-w-7
A2: correct API calls,Functional Correctness,1,QEC-w-1
ADDITION,Absence of Additions (relative to input),1,QIC-c-2
AI authorship,Non-AI Likeness,1,QOG-w-4.2
AI mistakes,Correctness of Outputs (outputs as a whole),1,QOC-w-1
Abrupt Transition from Previous Topic (TopicE),Coherence,1,QOG-c-3
Absence of target style feature in negative examples,Control over Style,1,QIF-f-2
Accuracy of stance detector,Classification Accuracy,1,QTC-w-1
Accuracy of extracted results,Relative Factual Accuracy,1,QEC-c-2
Acoustic quality,Speech Quality,1,QOG-f-2
Action inclusion,Absence of Omissions (relative to input),1,QIC-c-1
Addition (factual),Absence of Additions (relative to input),1,QIC-c-2
Addition of communication/followup,Absence of Additions (relative to input),1,QIC-c-2
Addition of comparison,Absence of Additions (relative to input),1,QIC-c-2
Addition of contradicting finding,Absence of Additions (relative to input),1,QIC-c-2
Addition of finding/interpretation,Absence of Additions (relative to input),1,QIC-c-2
Addition of reference to prior report,Absence of Additions (relative to input),1,QIC-c-2
Addresses Question,Degree to which Output Answers Question in Input,1,QIG-w-2
Affective,Effect on User Emotion,1,QEF-w-3
Adherence to constraints,Control over Multiple Attributes,1,QIF-w-5
Adherence to guidelines,Adherence to Style Guide,1,QEC-f-1
Agent Dialogue Act Accuracy,Classification Accuracy,1,QTC-w-1
Alignment accuracy,Sequence Alignment Accuracy,1,QTC-w-5
Alignment with NL meaning,Semantic Correctness,1,QOC-c-1
Agreement with Human Judgment,Similarity to Target Outputs (outputs as a whole),1,QTG-w-1
Agreement with human annotations,Similarity to Target Outputs (outputs as a whole),1,QTG-w-1
Alignment with instruction,Consistency with Input,1,QIC-c-3
Answer Fluency,Fluency,1,QOG-w-3
Answer Matching,Complete Target Output Matching,1,QTC-w-3
Answer span selection accuracy,Complete Word Matching,1,QTC-w-3.1
Answer-Match,Complete Target Output Matching,1,QTC-w-3
Answerable,Answerability from Input,1,QIG-c-1
Application Appropriateness,Appropriateness (outputs as a whole),1,QEG-w-2
Appropriate Vocabulary,Appropriateness (form),1,QEG-f-2
Appropriateness for online posting,Appropriateness (outputs as a whole),1,QEG-w-2
Appropriateness of demographic groups,Appropriateness (outputs as a whole),1,QEG-w-2
Aspect Relevance,Relevance to Input,1,QIG-c-3
Aspect coverage,Coverage of Topics (given in input),1,QIC-c-4
Arithmetic error,Semantic Correctness,1,QOC-c-1
Argument Hallucination,Absence of Additions (relative to input),1,QIC-c-2
Aspect-relevance,Relevance to Input,1,QIG-c-3
BFI trait scores,Detectability of Speaker/Author Trait,1,QEF-w-5
Avoiding Repetition,Nonredundancy (output as a whole),1,QOG-w-1
Binary accuracy,Classification Accuracy,1,QTC-w-1
Buyer's Benefit,Usefulness (nonspecific),1,QEG-w-3
Category Correctness,Classification Accuracy,1,QTC-w-1
Category assignment accuracy,Classification Accuracy,1,QTC-w-1
Category relevance,Relevance to Input,1,QIG-c-3
Character Accuracy,Character Matching,1,QTC-w-3.2
Chart Data Completeness,Absence of Omissions (relative to input),1,QIC-c-1
Children appropriateness,Appropriateness (outputs as a whole),1,QEG-w-2
Children's Educational Appropriateness,Appropriateness (outputs as a whole),1,QEG-w-2
Citation accuracy,Factual Truth,1,QEC-c-1
Clarification usefulness,Usefulness for Task/Information Need,1,QEG-w-3.1
Clarity of Core Ideas,Clarity,1,QOG-w-5.1
Clinical usefulness,Usefulness for Task/Information Need,1,QEG-w-3.1
Closeness to Target,Similarity to Target Outputs (outputs as a whole),1,QTG-w-1
Closeness to source,Similarity/Dissimilarity to Input (outputs as a whole),1,QIF-w-4
Clarity/understandability,Understandability,1,QOG-w-5
Class correctness,Classification Accuracy,1,QTC-w-1
Clause translation faithfulness,Translation Accuracy,1,QIC-w-1
Clear Structure,Wellorderedness,1,QOG-c-3.1
Cogency,Coherence,1,QOG-c-3
Communication Ease,Ease of Communication,1,QEG-w-5.1
Community label alignment,Classification Accuracy,1,QTC-w-1
Compassion,Detectability of Speaker/Author Trait,1,QEF-w-5
Coherence of issue frames,Coherence,1,QOG-c-3
Colloquial Tone,Formality/Informality,1,QOF-f-4
Command fulfillment,Functional Correctness,1,QEC-w-1
Completely Correct,Correctness of Outputs (outputs as a whole),1,QOC-w-1
Completion time,Interaction Completion Speed,1,QEF-w-8
Complexity reduction,Control over Complexity/Non-complexity (outputs as a whole),1,QIF-w-1
Completion Time,Interaction Completion Speed,1,QEF-w-8
Completeness errors,Absence of Omissions (relative to input),1,QIC-c-1
Completeness of conversation reconstruction,Complete Target Output Matching,1,QTC-w-3
Completeness of predicted answers,Degree to which Output Answers Question in Input,1,QIG-w-2
Comprehension ease (understandability),Understandability,1,QOG-w-5
Conceptual Error,Semantic Correctness,1,QOC-c-1
Conceptual errors,Semantic Correctness,1,QOC-c-1
Conclusion follows from premises,Consistency with Input,1,QIC-c-3
Consistency with conversation history,Consistency with Input,1,QIC-c-3
Consistency with instructions,Consistency with Input,1,QIC-c-3
Connection to story context,Relevance to Input,1,QIG-c-3
Content coverage,Absence of Omissions (relative to input),1,QIC-c-1
Content diversity,Diversity/Non-diversity (content/meaning),1,QOF-c-1
Context Completeness,Absence of Omissions (relative to input),1,QIC-c-1
Context Consistency,Consistency with Input,1,QIC-c-3
Content non-hallucination,Absence of Additions (relative to input),1,QIC-c-2
Content recovery,Absence of Omissions (relative to input),1,QIC-c-1
Contextual Alignment,Appropriateness (outputs as a whole),1,QEG-w-2
Contextual Appropriateness,Appropriateness (outputs as a whole),1,QEG-w-2
Contextual appropriateness,Appropriateness (outputs as a whole),1,QEG-w-2
Contextual relevance,Relevance to Input,1,QIG-c-3
Contextual relevance of each response meaning every turn should meaningfully relate to previous content,Relevance to Input,1,QIG-c-3
Contextual Hallucination,Absence of Additions (relative to input),1,QIC-c-2
Contextual Misinterpretation,Consistency with Input,1,QIC-c-3
Contextual Mismatch,Similarity/Dissimilarity to Input (outputs as a whole),1,QIF-w-4
Contradictory Information,Semantic Correctness,1,QOC-c-1
Correct (Paraphrase),Consistency with Input,1,QIC-c-3
Correct Answer Justification,Quality as Explanation of Input,1,QIG-w-3
Correct answer selection,Classification Accuracy,1,QTC-w-1
Correct labeling,Classification Accuracy,1,QTC-w-1
Correct paper assignment to leaderboards,Classification Accuracy,1,QTC-w-1
Correct/Incorrect,Correctness of Outputs (outputs as a whole),1,QOC-w-1
Correctness (noun phrase accurately describes video content),Factual Truth,1,QEC-c-1
Correctness of NLI label,Classification Accuracy,1,QTC-w-1
Correct referent identification,Clarity of Referents,1,QEG-w-7
Correctness of jailbreak classification,Classification Accuracy,1,QTC-w-1
Correctness of rule-violation label,Classification Accuracy,1,QTC-w-1
Cultural and Historical Appropriateness,Appropriateness (outputs as a whole),1,QEG-w-2
Data Presentation Simplicity,Complexity/Non-complexity (outputs as a whole),1,QOF-w-3
Decision correctness,Semantic Correctness,1,QOC-c-1
Dependency Accuracy,Parse Accuracy (with references),1,QTC-w-6
Dependency Errors,Parse Accuracy (with references),1,QTC-w-6
Deletion errors,Absence of Omissions (relative to input),1,QIC-c-1
Description and Image Alignment,Consistency with Input,1,QIC-c-3
Dialogue Consistency,Internal Consistency of Outputs,1,QOG-c-4
Direct copying,Similarity/Dissimilarity to Input (form),1,QIF-f-4
Discourse Coherence,Coherence,1,QOG-c-3
Disfluent,Fluency,1,QOG-w-3
Document selection accuracy,Classification Accuracy,1,QTC-w-1
Education task suitability,Appropriateness (outputs as a whole),1,QEG-w-2
Ease of Understanding,Speed of Understanding,1,QOG-w-5.1.1
Easy to understand,Understandability,1,QOG-w-5
EM,Complete Target Output Matching,1,QTC-w-3
Emotion Evoking,Effect on User Emotion,1,QEF-w-3
Emotion Selection Accuracy,Classification Accuracy,1,QTC-w-1
Emotion Appropriateness,Appropriateness (content/meaning),1,QEG-c-2
Emotion-empathy consistency,Internal Consistency of Outputs,1,QOG-c-4
Enhanced Clarity,Clarity,1,QOG-w-5.1
Entity Error (EntE),Semantic Correctness,1,QOC-c-1
Essential action completeness,Absence of Omissions (relative to input),1,QIC-c-1
Error rate,Correctness of Outputs (outputs as a whole),1,QOC-w-1
Exact Match Accuracy,Complete Target Output Matching,1,QTC-w-3
Evident Conflict,Internal Consistency of Outputs,1,QOG-c-4
Expert Generation Satisfaction,User Satisfaction as Affected by Outputs,1,QEG-w-6
Explanation Accuracy,Quality as Explanation of Input,1,QIG-w-3
Explanation adds new useful information,Usefulness for Task/Information Need,1,QEG-w-3.1
Expression Coherence,Coherence,1,QOG-c-3
External knowledge error,Factual Truth,1,QEC-c-1
Extracted values correctness,Relative Factual Accuracy,1,QEC-c-2
Factness,Factual Truth,1,QEC-c-1
Factual Hallucination,Factual Truth,1,QEC-c-1
Factual Soundness,Factual Truth,1,QEC-c-1
Fact-conflicting,Factual Truth,1,QEC-c-1
Factual accuracy of Given Facts,Relative Factual Accuracy,1,QEC-c-2
Factual errors,Factual Truth,1,QEC-c-1
Fact Validity,Factual Truth,1,QEC-c-1
Factual hallucinations,Factual Truth,1,QEC-c-1
Factual-Correctness,Factual Truth,1,QEC-c-1
False,Factual Truth,1,QEC-c-1
Feedback Helpfulness,Usefulness for Task/Information Need,1,QEG-w-3.1
Final Answer Correctness,Degree to which Output Answers Question in Input,1,QIG-w-2
Fidelity-C,Consistency with Input,1,QIC-c-3
Field validity,Consistency with Input,1,QIC-c-3
Figurative language,Poeticness/Non-poeticness (form),1,QOF-f-2
Fluent,Fluency,1,QOG-w-3
Follow-Up,Appropriateness of System Response Type,1,QIG-f-1
Follow-up (continue conversation),Appropriateness of System Response Type,1,QIG-f-1
Follow-up (inquire further),Appropriateness of System Response Type,1,QIG-f-1
Format Compliance Error,Adherence to Style Guide,1,QEC-f-1
Frame labeling accuracy,Classification Accuracy,1,QTC-w-1
Free-text Description Similarity,Similarity to Target Outputs (outputs as a whole),1,QTG-w-1
Function understanding,Understandability,1,QOG-w-5
Functional Execution,Functional Correctness,1,QEC-w-1
Frustration,Effect on User Emotion,1,QEF-w-3
Generalization,Cross-Dataset Generalisation,1,QTG-w-3
Gender dimension classification accuracy,Classification Accuracy,1,QTC-w-1
Goal Completion Rate,Functional Correctness,1,QEC-w-1
Goal-task alignment,Appropriateness of System Response Type,1,QIG-f-1
Good alternative to mouse and keyboard,System Usability as Affected by Outputs,1,QEG-w-5
Good match for intended purpose,Usefulness for Task/Information Need,1,QEG-w-3.1
Good/Bad coherence,Coherence,1,QOG-c-3
Grammatical Accuracy,Grammaticality,1,QOC-f-1
Grammatical Errors,Grammaticality,1,QOC-f-1
Grammatical accuracy,Grammaticality,1,QOC-f-1
Grammar Error (GramE),Grammaticality,1,QOC-f-1
Grade Complexity Distinction,Control over Complexity/Non-complexity (outputs as a whole),1,QIF-w-1
Grading accuracy,Classification Accuracy,1,QTC-w-1
Grammar Correctness,Grammaticality,1,QOC-f-1
Grammar Error,Grammaticality,1,QOC-f-1
Grammatical quality,Grammaticality,1,QOC-f-1
Grammatical validity,Grammaticality,1,QOC-f-1
Grounding faithfulness,Relative Factual Accuracy,1,QEC-c-2
Happiness with final story,Effect on User Emotion,1,QEF-w-3
Headline appropriateness,Appropriateness (outputs as a whole),1,QEG-w-2
Helpfulness for assessing goal likelihood,Usefulness for Task/Information Need,1,QEG-w-3.1
Helpfulness for judging when to trust AI,Usefulness for Task/Information Need,1,QEG-w-3.1
Helpfulness for new ideas,Usefulness for Task/Information Need,1,QEG-w-3.1
Helpfulness of retrieved knowledge,Usefulness for Task/Information Need,1,QEG-w-3.1
History Contradiction,Factual Truth,1,QEC-c-1
Human likeness,Humanlikeness,1,QOG-w-4
Human vs. LLM preference,Win Rate,1,QEG-w-10
Human-Likeness Score,Humanlikeness,1,QOG-w-4
Human-like quality,Humanlikeness,1,QOG-w-4
Human-likeness rating,Humanlikeness,1,QOG-w-4
Humanlike,Humanlikeness,1,QOG-w-4
Humanlikeness,Humanlikeness,1,QOG-w-4
Identification accuracy,Classification Accuracy,1,QTC-w-1
Illogical/Incoherent Text,Coherence,1,QOG-c-3
Ideological appropriateness,Appropriateness (outputs as a whole),1,QEG-w-2
Inaccurate Predictions,Complete Target Output Matching,1,QTC-w-3
Incoherent,Coherence,1,QOG-c-3
Incomplete Content,Absence of Omissions (relative to input),1,QIC-c-1
Incomplete Coverage,Coverage of Topics (given in input),1,QIC-c-4
Incomplete Information,Absence of Omissions (relative to input),1,QIC-c-1
Inconsistent/Conflicting Information (InconE),Internal Consistency of Outputs,1,QOG-c-4
Incomprehensible,Understandability,1,QOG-w-5
Incorrect execution,Functional Correctness,1,QEC-w-1
Incorrect location,Factual Truth,1,QEC-c-1
Ineffective Summarization,Usefulness for Task/Information Need,1,QEG-w-3.1
Incorrect sense translation,Translation Accuracy,1,QIC-w-1
Incorrect variable extraction,Parse Accuracy (reference-less),1,QIG-w-1
Information need satisfaction,Usefulness for Task/Information Need,1,QEG-w-3.1
Information Adequacy,Absence of Omissions (relative to input),1,QIC-c-1
Information Comprehension,Understandability,1,QOG-w-5
Information volume (informativeness),Informativeness,1,QOG-c-2
Informativeness of the Suggestions,Informativeness,1,QOG-c-2
Information Redundancy,Nonredundancy (content/meaning),1,QOG-c-1
Ingredient usage,Absence of Omissions (relative to input),1,QIC-c-1
Input-faithfulness,Consistency with Input,1,QIC-c-3
Insertion errors,Absence of Additions (relative to input),1,QIC-c-2
Instruction Clarity,Clarity,1,QOG-w-5.1
Instruction Complexity,Complexity/Non-complexity (outputs as a whole),1,QOF-w-3
Instruction Suitability,Appropriateness (outputs as a whole),1,QEG-w-2
Instruction appropriateness,Appropriateness (outputs as a whole),1,QEG-w-2
Intent consistency,Consistency with Input,1,QIC-c-3
Intra-sentence Contradiction,Semantic Correctness,1,QOC-c-1
Jump in Reasoning,Coherence,1,QOG-c-3
Knowledge Consistency,Internal Consistency of Outputs,1,QOG-c-4
Knowledge Preservation,Absence of Omissions (relative to input),1,QIC-c-1
Key information retention,Absence of Omissions (relative to input),1,QIC-c-1
KP Extraction Coverage,Absence of Omissions (relative to input),1,QIC-c-1
KP Redundancy,Nonredundancy (content/meaning),1,QOG-c-1
Key,__DROP__,1,AUX-Other
LLM authorship,Detectability of Speaker/Author Trait,1,QEF-w-5
Knowledge-relevance,Relevance to Input,1,QIG-c-3
Knowledge Relevance,Relevance to Input,1,QIG-c-3
LLM judgment correctness,Correctness of Outputs (outputs as a whole),1,QOC-w-1
Label correctness,Classification Accuracy,1,QTC-w-1
Lack of Empathy,Detectability of Speaker/Author Trait,1,QEF-w-5
Lack of Information,Informativeness,1,QOG-c-2
Language Coherence,Coherence,1,QOG-c-3
Language appropriateness,Appropriateness (form),1,QEG-f-2
Language coherency,Coherence,1,QOG-c-3
Language Model errors,Correctness of Outputs (outputs as a whole),1,QOC-w-1
Leader election outcomes,Factual Truth,1,QEC-c-1
Legal Relevance,Relevance to Input,1,QIG-c-3
Layness,Appropriateness (outputs as a whole),1,QEG-w-2
Levenshtein edit distance,Complete Target Output Matching,1,QTC-w-3
Lexical Cohesion,Cohesiveness,1,QOG-c-3.2
Likelihood,Likelihood According to External Model,1,QEF-w-9
Linguistic appropriateness,Appropriateness (form),1,QEG-f-2
Linguistic Match,Complete Target Output Matching,1,QTC-w-3
Linking errors,Grammaticality,1,QOC-f-1
Listenability,Speech Quality,1,QOG-f-2
Location Correctness,Factual Truth,1,QEC-c-1
Logic Fluency,Coherence,1,QOG-c-3
Logic Soundness,Semantic Correctness,1,QOC-c-1
Logical Error,Semantic Correctness,1,QOC-c-1
Logical Reasoning Errors,Semantic Correctness,1,QOC-c-1
Liking,User Satisfaction as Affected by Outputs,1,QEG-w-6
Literal meaning reflection,Consistency with Input,1,QIC-c-3
Logical inconsistency,Internal Consistency of Outputs,1,QOG-c-4
Logical self-consistency,Internal Consistency of Outputs,1,QOG-c-4
Logical Self-Consistency,Internal Consistency of Outputs,1,QOG-c-4
Low-quality translation,Translation Accuracy,1,QIC-w-1
Making Sense,Coherence,1,QOG-c-3
Mapping accuracy,Complete Target Output Matching,1,QTC-w-3
Main concept relevance,Relevance to Input,1,QIG-c-3
Makes sense,Understandability,1,QOG-w-5
MCoT Correctness,Complete Target Output Matching,1,QTC-w-3
Main Question correctness,Degree to which Output Answers Question in Input,1,QIG-w-2
Match in form or semantics,Similarity to Target Outputs (outputs as a whole),1,QTG-w-1
Mathematical calculation correctness,Semantic Correctness,1,QOC-c-1
Mathematical correctness,Factual Truth,1,QEC-c-1
Mathematical errors,Semantic Correctness,1,QOC-c-1
Medical Factual Error,Factual Truth,1,QEC-c-1
Meaning Equivalence,Meaning Accuracy,1,QTC-c-1
Minimal-Edits,Complete Target Output Matching,1,QTC-w-3
Missed Entities,Absence of Omissions (relative to input),1,QIC-c-1
Missed Relations,Absence of Omissions (relative to input),1,QIC-c-1
Missed slot mentions,Absence of Omissions (relative to input),1,QIC-c-1
Misconception,Factual Truth,1,QEC-c-1
Modality detection (verbal/visual/both),Classification Accuracy,1,QTC-w-1
Mistranslations,Translation Accuracy,1,QIC-w-1
Model response acceptability for error-handling tasks,Appropriateness (outputs as a whole),1,QEG-w-2
More Coherent,Coherence,1,QOG-c-3
Multi-Aspect Coverage,Coverage of Topics (given in input),1,QIC-c-4
NE tag correctness,Sequence Labelling Accuracy,1,QTC-w-2
Narrative Progression,Wellorderedness,1,QOG-c-3.1
More Difficult,Complexity/Non-complexity (outputs as a whole),1,QOF-w-3
More Fluent,Fluency,1,QOG-w-3
Nativeness,Native Speaker Likeness,1,QOG-w-4.1
Naturalness (most natural answer first),Naturalness (outputs as a whole),1,QEG-w-1
Near perfect translation,Translation Accuracy,1,QIC-w-1
Negation Error,Semantic Correctness,1,QOC-c-1
Negation for the target knowledge,Factual Truth,1,QEC-c-1
Necessity of included information,Nonredundancy (content/meaning),1,QOG-c-1
No External Knowledge,Absence of Additions (relative to input),1,QIC-c-2
No addition,Absence of Additions (relative to input),1,QIC-c-2
No omission,Absence of Omissions (relative to input),1,QIC-c-1
No unnecessary repetition,Nonredundancy (output as a whole),1,QOG-w-1
None-Applies,__DROP__,1,AUX-Other
Not Hallucinated,Absence of Additions (relative to input),1,QIC-c-2
Non-factual,Factual Truth,1,QEC-c-1
Not contradictory,Internal Consistency of Outputs,1,QOG-c-4
Object inclusion,Absence of Omissions (relative to input),1,QIC-c-1
Omission of reference to prior report,Absence of Omissions (relative to input),1,QIC-c-1
Omitted condition,Absence of Omissions (relative to input),1,QIC-c-1
On-Topic,Relevance to Input,1,QIG-c-3
Opinion Consistency,Internal Consistency of Outputs,1,QOG-c-4
Other human-like qualities,Humanlikeness,1,QOG-w-4
Out of Article Error (OutE),Absence of Additions (relative to input),1,QIC-c-2
OutE,Absence of Additions (relative to input),1,QIC-c-2
Output-faithfulness,Consistency with Input,1,QIC-c-3
Outside Information Presence,Absence of Additions (relative to input),1,QIC-c-2
Overall clarity,Clarity,1,QOG-w-5.1
Overall coherence,Coherence,1,QOG-c-3
Overall Appropriateness,Appropriateness (outputs as a whole),1,QEG-w-2
Overall Diversity,Diversity/Non-diversity (outputs as a whole),1,QOF-w-1
Overall naturalness,Naturalness (outputs as a whole),1,QEG-w-1
Overall satisfaction,User Satisfaction as Affected by Outputs,1,QEG-w-6
Overly Broad Predictions,Specificity/Non-specificity (relative to input),1,QIF-c-3
Overly Wordy or Lengthy,Output Length,1,QOF-f-5
Paragraph relevance,Relevance to Input,1,QIG-c-3
Partial,__DROP__,1,AUX-Other
Partial Answer,Absence of Omissions (relative to input),1,QIC-c-1
POS accuracy,Sequence Labelling Accuracy,1,QTC-w-2
POS errors,Sequence Labelling Accuracy,1,QTC-w-2
Pairwise Preference,Win Rate,1,QEG-w-10
Passage accuracy,Relative Factual Accuracy,1,QEC-c-2
Perceived Utility,Usefulness for Task/Information Need,1,QEG-w-3.1
Percentage of arguments addressed,Absence of Omissions (relative to input),1,QIC-c-1
Perfect translation,Translation Accuracy,1,QIC-w-1
Poetic Diction,Poeticness/Non-poeticness (form),1,QOF-f-2
Poetic Structure,Poeticness/Non-poeticness (form),1,QOF-f-2
Poetic style,Poeticness/Non-poeticness (form),1,QOF-f-2
Player Influence,Effect on User Behaviour,1,QEF-w-2
Plot Coherence,Coherence,1,QOG-c-3
Polarity,Control over Sentiment,1,QIF-w-2
Practical usefulness,Usefulness (nonspecific),1,QEG-w-3
Political stance,Detectability of Speaker/Author Stance,1,QEF-w-4
Predicate Error,Semantic Correctness,1,QOC-c-1
Predicate completeness,Absence of Omissions (relative to input),1,QIC-c-1
Presence of noise phrases,Nonredundancy (content/meaning),1,QOG-c-1
Presence of target style feature in positive examples,Success of Style Transfer from Sample,1,QIG-f-2
Presence of extraneous information,Absence of Additions (relative to input),1,QIC-c-2
Premises relevant,Relevance to Input,1,QIG-c-3
Professional expression,Appropriateness (form),1,QEG-f-2
Prompt consistency,Consistency with Input,1,QIC-c-3
Prompt relevance,Relevance to Input,1,QIG-c-3
Program Accuracy,Functional Correctness,1,QEC-w-1
QA Recovery,Degree to which Output Answers Question in Input,1,QIG-w-2
Psychotherapeutic Approach Consistency,Internal Consistency of Outputs,1,QOG-c-4
Quality (consistency),Internal Consistency of Outputs,1,QOG-c-4
Question Clearness,Clarity,1,QOG-w-5.1
Question Fluency,Fluency,1,QOG-w-3
Question Relevancy,Relevance to Input,1,QIG-c-3
Question clarity,Clarity,1,QOG-w-5.1
Question-Answer Congruence,Degree to which Output Answers Question in Input,1,QIG-w-2
Question Answering Accuracy,Complete Target Output Matching,1,QTC-w-3
Rationale Consistency,Internal Consistency of Outputs,1,QOG-c-4
Re: number of redundant questions,Nonredundancy (content/meaning),1,QOG-c-1
Readability improvement,Readability,1,QOG-w-2
Rationale grounded in context,Consistency with Input,1,QIC-c-3
Realness,Humanlikeness,1,QOG-w-4
Realness/human-likeness,Humanlikeness,1,QOG-w-4
Reasoning Coherence,Coherence,1,QOG-c-3
Reasoning Consistency,Internal Consistency of Outputs,1,QOG-c-4
Reasoning Faithfulness,Absence of Additions (relative to input),1,QIC-c-2
Reasoning Step Order,Wellorderedness,1,QOG-c-3.1
Recognition Error,Complete Target Output Matching,1,QTC-w-3
Redundancy/verbosity,Nonredundancy (output as a whole),1,QOG-w-1
Redundant,Nonredundancy (output as a whole),1,QOG-w-1
Referential Clarity,Clarity of Referents,1,QEG-w-7
Referential clarity,Clarity of Referents,1,QEG-w-7
Reference resolution accuracy,Complete Target Output Matching,1,QTC-w-3
Relation correctness (paraphrase vs contradiction),Classification Accuracy,1,QTC-w-1
Relevant C,__DROP__,1,AUX-Other
Relevance of the Content,Relevance to Input,1,QIG-c-3
Reordering,Wellorderedness,1,QOG-c-3.1
Relevance to Text Input,Relevance to Input,1,QIG-c-3
Relevance to image,Relevance to Input,1,QIG-c-3
Repetitive,Nonredundancy (output as a whole),1,QOG-w-1
Resembled Past Case,Similarity/Dissimilarity to Non-target Reference (outputs as a whole),1,QEF-w-1
Resembled Typical Case,Similarity/Dissimilarity to Non-target Reference (outputs as a whole),1,QEF-w-1
Repetition (RepE),Nonredundancy (output as a whole),1,QOG-w-1
Response Diversity,Diversity/Non-diversity (outputs as a whole),1,QOF-w-1
Response Fluency,Fluency,1,QOG-w-3
Resonance naturalness,Naturalness (form),1,QEG-f-1
Response Appropriateness,Appropriateness of System Response Type,1,QIG-f-1
Response diversity,Diversity/Non-diversity (outputs as a whole),1,QOF-w-1
Result correctness,Correctness of Outputs (outputs as a whole),1,QOC-w-1
Retrieval Error,Retrieval Accuracy,1,QTC-w-4
Rhyme,Poeticness/Non-poeticness (form),1,QOF-f-2
SQL parse correctness,Parse Accuracy (with references),1,QTC-w-6
SQL correctness,Functional Correctness,1,QEC-w-1
Satisfactoriness,User Satisfaction as Affected by Outputs,1,QEG-w-6
Same Meaning,Meaning Accuracy,1,QTC-c-1
Same information,Meaning Accuracy,1,QTC-c-1
Seemed emotionally intelligent,Detectability of Speaker/Author Trait,1,QEF-w-5
Seems trustworthy,Detectability of Speaker/Author Trait,1,QEF-w-5
Scheme Appropriateness,Appropriateness (outputs as a whole),1,QEG-w-2
Semantic Appropriateness,Appropriateness (content/meaning),1,QEG-c-2
Scenario and mapping consistency,Consistency with Input,1,QIC-c-3
Scenario consistency,Consistency with Input,1,QIC-c-3
Self-disclosure Level,Detectability of Speaker/Author Trait,1,QEF-w-5
Semantic Fit,Appropriateness (content/meaning),1,QEG-c-2
Semantic Integrity,Internal Consistency of Outputs,1,QOG-c-4
Semantic Relevance,Relevance to Input,1,QIG-c-3
Semantic Coherence,Coherence,1,QOG-c-3
Semantic Congruence,Coherence,1,QOG-c-3
Semantic completeness,Absence of Omissions (relative to input),1,QIC-c-1
Semantic content consistency,Internal Consistency of Outputs,1,QOG-c-4
Semantic preservation,Consistency with Input,1,QIC-c-3
Semantic accuracy of slot mentions,Semantic Correctness,1,QOC-c-1
Semantic clarity,Clarity,1,QOG-w-5.1
Semantic errors,Semantic Correctness,1,QOC-c-1
Semantic informativeness,Informativeness,1,QOG-c-2
Sense Correctness,Semantic Correctness,1,QOC-c-1
Semantic similarity (meaning preservation),Similarity/Dissimilarity to Input (content/meaning),1,QIF-c-2
Sensible,Coherence,1,QOG-c-3
Sensible S,__DROP__,1,AUX-Other
Sentence Cohesion,Cohesiveness,1,QOG-c-3.2
Sentiment preservation,Similarity/Dissimilarity to Input (content/meaning),1,QIF-c-2
Sentence ordering correctness,Wellorderedness,1,QOG-c-3.1
Sentiment Classification Accuracy,Classification Accuracy,1,QTC-w-1
Similar semantics,Similarity/Dissimilarity to Non-target Reference (content/meaning),1,QEF-c-1
Similarity to expert feedback,Similarity/Dissimilarity to Non-target Reference (content/meaning),1,QEF-c-1
Similarity to personal thoughts,Similarity/Dissimilarity to Non-target Reference (content/meaning),1,QEF-c-1
Simulates human impression,Humanlikeness,1,QOG-w-4
Smooth and logical information flow between turns without abrupt topic shifts or contradictions,Coherence,1,QOG-c-3
Social Context Compliance,Appropriateness (outputs as a whole),1,QEG-w-2
Spatial Diversity,Diversity/Non-diversity (content/meaning),1,QOF-c-1
Solution correctness,Functional Correctness,1,QEC-w-1
Sound quality,Speech Quality,1,QOG-f-2
Speech Naturalness,Naturalness (form),1,QEG-f-1
Spurious Element,Absence of Additions (relative to input),1,QIC-c-2
Stance clarity,Detectability of Speaker/Author Stance,1,QEF-w-4
Stance Identifiability,Detectability of Speaker/Author Stance,1,QEF-w-4
Stance Identification,Detectability of Speaker/Author Stance,1,QEF-w-4
Stayed in Role,Consistency with Input,1,QIC-c-3
Step Success Rate,Functional Correctness,1,QEC-w-1
Sticker Diversity,Diversity/Non-diversity (outputs as a whole),1,QOF-w-1
Story-text match,Similarity/Dissimilarity to Input (outputs as a whole),1,QIF-w-4
Strategy alignment with expert,Similarity/Dissimilarity to Non-target Reference (outputs as a whole),1,QEF-w-1
Structural Variation,Diversity/Non-diversity (form),1,QOF-f-1
Structure similarity,Similarity to Target Outputs (form),1,QTG-f-1
Style Compatibility,Appropriateness (form),1,QEG-f-2
Style Control,Control over Style,1,QIF-f-2
Style transfer accuracy,Success of Style Transfer from Sample,1,QIG-f-2
Stylistic Similarity,Similarity/Dissimilarity to Non-target Reference (form),1,QEF-f-1
Sub-Question Answer Correctness,Degree to which Output Answers Question in Input,1,QIG-w-2
Style Transfer Quality,Success of Style Transfer from Sample,1,QIG-f-2
Style adherence,Adherence to Style Guide,1,QEC-f-1
Style errors,Adherence to Style Guide,1,QEC-f-1
Subject similarity,Similarity/Dissimilarity to Non-target Reference (content/meaning),1,QEF-c-1
Support for decision making,Usefulness for Task/Information Need,1,QEG-w-3.1
Syntactic Correctness,Grammaticality,1,QOC-f-1
Syntactic correctness,Grammaticality,1,QOC-f-1
Syntactic errors,Adherence to Syntactic Rules,1,QEC-f-2
Sympathized with the protagonist,Effect on User Emotion,1,QEF-w-3
Table-Question Relevance,Relevance to Input,1,QIG-c-3
Target Demographic Groups,Appropriateness (outputs as a whole),1,QEG-w-2
Syntax Errors,Grammaticality,1,QOC-f-1
Syntax diversity,Diversity/Non-diversity (form),1,QOF-f-1
TGT-SRC,Similarity/Dissimilarity to Input (outputs as a whole),1,QIF-w-4
Target attribute match,Control over Multiple Attributes,1,QIF-w-5
Target-style strength,Control over Style,1,QIF-f-2
Task and capability fit,Usefulness for Task/Information Need,1,QEG-w-3.1
Task correctness,Functional Correctness,1,QEC-w-1
Task success,Usefulness for Task/Information Need,1,QEG-w-3.1
Task transparency,Goodness as Explanation of System Behaviour,1,QEG-w-4
Temporal Order,Wellorderedness,1,QOG-c-3.1
Teaching Preference,User Satisfaction as Affected by Outputs,1,QEG-w-6
Template Compliance,Conformance to Syntactic Structure (given in input),1,QIC-f-1
Text Grammaticality,Grammaticality,1,QOC-f-1
Text Naturalness,Naturalness (outputs as a whole),1,QEG-w-1
Text Readability,Readability,1,QOG-w-2
Text fluency,Fluency,1,QOG-w-3
Text Flow,Fluency,1,QOG-w-3
Theme equivalence,Meaning Accuracy,1,QTC-c-1
Textual Coherence,Coherence,1,QOG-c-3
Topic Coherence,Coherence,1,QOG-c-3
Topic Coherency,Coherence,1,QOG-c-3
Timestamp accuracy,Factual Truth,1,QEC-c-1
Tone Preservation,Control over Style,1,QIF-f-2
Total Match,Complete Target Output Matching,1,QTC-w-3
Topic acceptability,Appropriateness (content/meaning),1,QEG-c-2
Topic-Shift,Consistency with Input,1,QIC-c-3
Topical Similarity,Similarity/Dissimilarity to Non-target Reference (content/meaning),1,QEF-c-1
Transcription accuracy,Complete Target Output Matching,1,QTC-w-3
Translation fidelity,Translation Accuracy,1,QIC-w-1
Translation fluency,Fluency,1,QOG-w-3
Unequivocal,Clarity,1,QOG-w-5.1
Unfaithfulness,Factual Truth,1,QEC-c-1
Unclarity,Clarity,1,QOG-w-5.1
Use of Poetic Devices,Poeticness/Non-poeticness (form),1,QOF-f-2
Untruth contents of the other knowledge,Relative Factual Accuracy,1,QEC-c-2
Untruth contents of the target knowledge,Relative Factual Accuracy,1,QEC-c-2
Usefulness of suggestions,Usefulness for Task/Information Need,1,QEG-w-3.1
Useful-MCQ,Usefulness for Task/Information Need,1,QEG-w-3.1
Useful-OEQ,Usefulness for Task/Information Need,1,QEG-w-3.1
Useful-Sum,Usefulness for Task/Information Need,1,QEG-w-3.1
Usefulness (Diagnosis),Usefulness for Task/Information Need,1,QEG-w-3.1
Usefulness (General),Usefulness (nonspecific),1,QEG-w-3
Using wrong information,Factual Truth,1,QEC-c-1
Validity of translations,Translation Accuracy,1,QIC-w-1
Value Coverage,Absence of Omissions (relative to input),1,QIC-c-1
Verbosity (length),Output Length,1,QOF-f-5
Vulnerability type identification,Classification Accuracy,1,QTC-w-1
Win Rate,Win Rate,1,QEG-w-10
Well-Formedness,Grammaticality,1,QOC-f-1
Well-formed,Grammaticality,1,QOC-f-1
Willingness,Detectability of Speaker/Author Trait,1,QEF-w-5
World knowledge consistency,Factual Truth,1,QEC-c-1
Wrong lexical choice,Semantic Correctness,1,QOC-c-1
Wrong translation,Translation Accuracy,1,QIC-w-1
accuracy of binary classification (Yes/No),Classification Accuracy,1,QTC-w-1
accuracy of categorization,Classification Accuracy,1,QTC-w-1
acceptability preference,Appropriateness (outputs as a whole),1,QEG-w-2
acceptable answers,Appropriateness (outputs as a whole),1,QEG-w-2
absence of translationese,Naturalness (outputs as a whole),1,QEG-w-1
acoustic & harmonic quality,Speech Quality,1,QOG-f-2
accuracy of number of arms,Factual Truth,1,QEC-c-1
accuracy of speech recognition,Complete Target Output Matching,1,QTC-w-3
accuracy on motivation recognition,Classification Accuracy,1,QTC-w-1
accurate description,Factual Truth,1,QEC-c-1
additional content,Absence of Additions (relative to input),1,QIC-c-2
adds new information,Absence of Additions (relative to input),1,QIC-c-2
adherence to Braille rules,Adherence to Style Guide,1,QEC-f-1
adherence to NGO guidelines,Adherence to Style Guide,1,QEC-f-1
affect,Effect on User Emotion,1,QEF-w-3
adherence to constraints (commonsense and hard),Consistency with Input,1,QIC-c-3
agreement with context,Consistency with Input,1,QIC-c-3
affective empathy,Detectability of Speaker/Author Trait,1,QEF-w-5
agentic,Detectability of Speaker/Author Trait,1,QEF-w-5
agreement/disagreement between sentences,Internal Consistency of Outputs,1,QOG-c-4
alignment with native cultural expectations,Appropriateness (outputs as a whole),1,QEG-w-2
alignment with expert perspectives,Similarity/Dissimilarity to Non-target Reference (content/meaning),1,QEF-c-1
alignment with fable's core message,Similarity/Dissimilarity to Non-target Reference (content/meaning),1,QEF-c-1
alignment with sociocultural factors,Appropriateness (outputs as a whole),1,QEG-w-2
alignment with task requirements,Usefulness for Task/Information Need,1,QEG-w-3.1
alignment with reference,Similarity to Target Outputs (outputs as a whole),1,QTG-w-1
alleviation of shame,Effect on User Emotion,1,QEF-w-3
answer clarity,Clarity,1,QOG-w-5.1
analogy identification accuracy,Classification Accuracy,1,QTC-w-1
amount of extra-image information learned,Absence of Additions (relative to input),1,QIC-c-2
amusing,Humorousness/Non-humorousness,1,QOF-w-5
answer utility,Usefulness for Task/Information Need,1,QEG-w-3.1
answer validity,Factual Truth,1,QEC-c-1
answer completeness,Absence of Omissions (relative to input),1,QIC-c-1
answer content diversity,Diversity/Non-diversity (content/meaning),1,QOF-c-1
answer-ground truth matching,Complete Target Output Matching,1,QTC-w-3
answering accuracy,Complete Target Output Matching,1,QTC-w-3
appropriateness for dietary constraint,Appropriateness (outputs as a whole),1,QEG-w-2
appropriateness of linking,Cohesiveness,1,QOG-c-3.2
appropriateness of onomatopoeia,Appropriateness (form),1,QEG-f-2
article relevance,Relevance to Input,1,QIG-c-3
appropriateness of question,Appropriateness of System Response Type,1,QIG-f-1
argument extraction accuracy,Complete Target Output Matching,1,QTC-w-3
atomic facts preservation,Absence of Omissions (relative to input),1,QIC-c-1
avoidance of non-inferable information,Absence of Additions (relative to input),1,QIC-c-2
attribute consistency,Internal Consistency of Outputs,1,QOG-c-4
attribute match,Control over Multiple Attributes,1,QIF-w-5
avoidance of repetition,Nonredundancy (output as a whole),1,QOG-w-1
avoidance of unfounded expansion,Absence of Additions (relative to input),1,QIC-c-2
avoiding contradiction,Internal Consistency of Outputs,1,QOG-c-4
authenticity of dialect,Detectability of Speaker/Author Trait,1,QEF-w-5
background consistency,Internal Consistency of Outputs,1,QOG-c-4
burden,Ease of Communication,1,QEG-w-5.1
block relevance,Relevance to Input,1,QIG-c-3
category correctness,Classification Accuracy,1,QTC-w-1
caption alignment with image,Consistency with Input,1,QIC-c-3
caption relevance,Relevance to Input,1,QIG-c-3
captures the gist of the article,Absence of Omissions (relative to input),1,QIC-c-1
carries useful information from the alt-text,Absence of Omissions (relative to input),1,QIC-c-1
citation redundancy,Nonredundancy (content/meaning),1,QOG-c-1
classification label correctness,Classification Accuracy,1,QTC-w-1
clarity of meaning,Clarity,1,QOG-w-5.1
clinical correctness,Factual Truth,1,QEC-c-1
combined factuality,Factual Truth,1,QEC-c-1
cohesion quality,Cohesiveness,1,QOG-c-3.2
coherence (passage-level),Coherence,1,QOG-c-3
coherence (sentence-level),Coherence,1,QOG-c-3
coherence with query,Relevance to Input,1,QIG-c-3
comforting,Effect on User Emotion,1,QEF-w-3
complaint system responses,Appropriateness (outputs as a whole),1,QEG-w-2
complete-sentence,Grammaticality,1,QOC-f-1
completeness (no missing critical utterance),Absence of Omissions (relative to input),1,QIC-c-1
confabulations,Factual Truth,1,QEC-c-1
conciseness of expression tree,Nonredundancy (form),1,QOG-f-1
condition consistency,Internal Consistency of Outputs,1,QOG-c-4
consistency of relationships and events,Internal Consistency of Outputs,1,QOG-c-4
consistency with input,Consistency with Input,1,QIC-c-3
consistency with user query (QI),Consistency with Input,1,QIC-c-3
consistent,Internal Consistency of Outputs,1,QOG-c-4
consistent reference to the same object,Internal Consistency of Outputs,1,QOG-c-4
consistency with news body,Consistency with Input,1,QIC-c-3
consistency with previous step,Consistency with Input,1,QIC-c-3
consistency with prompt,Consistency with Input,1,QIC-c-3
content order,Wellorderedness,1,QOG-c-3.1
content retention,Absence of Omissions (relative to input),1,QIC-c-1
content addition,Absence of Additions (relative to input),1,QIC-c-2
content non-redundancy,Nonredundancy (content/meaning),1,QOG-c-1
context fit,Appropriateness (outputs as a whole),1,QEG-w-2
contextual word sense,Semantic Correctness,1,QOC-c-1
context-consistency,Consistency with Input,1,QIC-c-3
contradicting facts,Factual Truth,1,QEC-c-1
contradicts commonsense,Factual Truth,1,QEC-c-1
correct classification,Classification Accuracy,1,QTC-w-1
correct covert meaning presence,Meaning Accuracy,1,QTC-c-1
correct NLI label selection,Classification Accuracy,1,QTC-w-1
correct label matching,Classification Accuracy,1,QTC-w-1
correct number of arms,Factual Truth,1,QEC-c-1
correctly tagged language,Sequence Labelling Accuracy,1,QTC-w-2
correctly understood,Understandability,1,QOG-w-5
correct inflection in context,Grammaticality,1,QOC-f-1
correct interpretation of evidence,Consistency with Input,1,QIC-c-3
correct outcome,Functional Correctness,1,QEC-w-1
correctness (exact match),Complete Target Output Matching,1,QTC-w-3
correctness of description,Semantic Correctness,1,QOC-c-1
correctness of entailment label,Classification Accuracy,1,QTC-w-1
correctness of claim,Factual Truth,1,QEC-c-1
correctness of mapping to survey option,Classification Accuracy,1,QTC-w-1
correctness of punchline,Complete Target Output Matching,1,QTC-w-3
correctness of translation,Translation Accuracy,1,QIC-w-1
correctness of logical forms,Meaning Accuracy,1,QTC-c-1
correctness of solvability status,Complete Target Output Matching,1,QTC-w-3
correctness of sufficiency prediction,Complete Target Output Matching,1,QTC-w-3
correctness of the inflected form,Form Accuracy,1,QTC-f-1
coverage with respect to reference,Similarity/Dissimilarity to Non-target Reference (content/meaning),1,QEF-c-1
covered cells,Absence of Omissions (relative to input),1,QIC-c-1
decision correctness,Semantic Correctness,1,QOC-c-1
demeaning content,Appropriateness (content/meaning),1,QEG-c-2
derailment prediction accuracy,Classification Accuracy,1,QTC-w-1
description helpfulness,Usefulness (nonspecific),1,QEG-w-3
dialog consistency,Internal Consistency of Outputs,1,QOG-c-4
dialogue act appropriateness,Appropriateness of System Response Type,1,QIG-f-1
diagnosis accuracy,Classification Accuracy,1,QTC-w-1
diagnostic accuracy,Classification Accuracy,1,QTC-w-1
dialect identification,Classification Accuracy,1,QTC-w-1
dialogue naturalness,Naturalness (outputs as a whole),1,QEG-w-1
disfluent,Fluency,1,QOG-w-3
disgust,Effect on User Emotion,1,QEF-w-3
distorted evidence,Factual Truth,1,QEC-c-1
domain appropriateness,Appropriateness (outputs as a whole),1,QEG-w-2
diversification,Diversity/Non-diversity (outputs as a whole),1,QOF-w-1
diversity of rhyme,Diversity/Non-diversity (form),1,QOF-f-1
doctor-likeness,Detectability of Speaker/Author Trait,1,QEF-w-5
ease of interpretation,Understandability,1,QOG-w-5
edit type correctness,Classification Accuracy,1,QTC-w-1
editing duration,Task Completion Speed,1,QEG-w-5.2
educational utility,Usefulness for Task/Information Need,1,QEG-w-3.1
effectiveness for identifying appropriate response location,Usefulness for Task/Information Need,1,QEG-w-3.1
emotion appropriateness,Appropriateness (content/meaning),1,QEG-c-2
effectiveness of responses,Usefulness (nonspecific),1,QEG-w-3
efficacy,Usefulness (nonspecific),1,QEG-w-3
emotional label,Classification Accuracy,1,QTC-w-1
entailment correctness,Semantic Correctness,1,QOC-c-1
entailment relation correctness,Semantic Correctness,1,QOC-c-1
enticement to act,Effect on User Behaviour,1,QEF-w-2
entity recognition accuracy,Sequence Labelling Accuracy,1,QTC-w-2
erroneous span detection,Sequence Labelling Accuracy,1,QTC-w-2
erroneous text detection,Classification Accuracy,1,QTC-w-1
error detection accuracy,Classification Accuracy,1,QTC-w-1
error-free answers,Correctness of Outputs (outputs as a whole),1,QOC-w-1
error rate,Correctness of Outputs (outputs as a whole),1,QOC-w-1
error rate (CER),Character Matching,1,QTC-w-3.2
event relevance,Relevance to Input,1,QIG-c-3
execution accuracy,Functional Correctness,1,QEC-w-1
exact match,Complete Target Output Matching,1,QTC-w-3
exact word match,Complete Word Matching,1,QTC-w-3.1
explanatory adequacy,Quality as Explanation of Input,1,QIG-w-3
expression diversity,Diversity/Non-diversity (form),1,QOF-f-1
extra information,Absence of Additions (relative to input),1,QIC-c-2
extrinsically hallucinated,Factual Truth,1,QEC-c-1
fabricated references,Factual Truth,1,QEC-c-1
extractiveness,Similarity/Dissimilarity to Input (content/meaning),1,QIF-c-2
factual,Factual Truth,1,QEC-c-1
factual similarity,Similarity/Dissimilarity to Non-target Reference (content/meaning),1,QEF-c-1
factual soundness,Factual Truth,1,QEC-c-1
factuality by world knowledge,Factual Truth,1,QEC-c-1
factual correctness (descriptive facts),Factual Truth,1,QEC-c-1
factual fabrication,Factual Truth,1,QEC-c-1
factual recall,Absence of Omissions (relative to input),1,QIC-c-1
factually accurate,Factual Truth,1,QEC-c-1
faithfulness to document,Relative Factual Accuracy,1,QEC-c-2
faithfulness to image,Relative Factual Accuracy,1,QEC-c-2
fallacy class match,Classification Accuracy,1,QTC-w-1
faithfulness (extrinsic errors),Factual Truth,1,QEC-c-1
false information,Factual Truth,1,QEC-c-1
fewer hallucinations,Factual Truth,1,QEC-c-1
fit with context,Appropriateness (outputs as a whole),1,QEG-w-2
fluent,Fluency,1,QOG-w-3
followability,Speed of Understanding,1,QOG-w-5.1.1
forgetting,Absence of Omissions (relative to input),1,QIC-c-1
freedom from hallucinations,Factual Truth,1,QEC-c-1
freedom from overt mistakes,Correctness of Outputs (outputs as a whole),1,QOC-w-1
funniness,Humorousness/Non-humorousness,1,QOF-w-5
genre identification,Classification Accuracy,1,QTC-w-1
general translation quality,Translation Accuracy,1,QIC-w-1
generation appropriateness,Appropriateness (outputs as a whole),1,QEG-w-2
goal-relevance,Relevance to Input,1,QIG-c-3
global coherence,Coherence,1,QOG-c-3
glossing conventions,Adherence to Style Guide,1,QEC-f-1
good match for intended purpose,Usefulness for Task/Information Need,1,QEG-w-3.1
grammatical quality,Grammaticality,1,QOC-f-1
grammatical soundness,Grammaticality,1,QOC-f-1
grammatical complexity,Complexity/Non-complexity (form),1,QOF-f-3
grammatical error,Grammaticality,1,QOC-f-1
grammatical errors,Grammaticality,1,QOC-f-1
grammar mistakes,Grammaticality,1,QOC-f-1
helpfulness for purchase decision,Usefulness for Task/Information Need,1,QEG-w-3.1
helpfulness for understanding AI reasoning,Goodness as Explanation of System Behaviour,1,QEG-w-4
human answerability,Answerability from Input,1,QIG-c-1
human authorship,Humanlikeness,1,QOG-w-4
humanlike,Humanlikeness,1,QOG-w-4
helpfulness of answers,Usefulness for Task/Information Need,1,QEG-w-3.1
helpfulness of article highlights,Usefulness for Task/Information Need,1,QEG-w-3.1
helpfulness of claim highlights,Usefulness for Task/Information Need,1,QEG-w-3.1
helpfulness of highlighted tokens,Usefulness for Task/Information Need,1,QEG-w-3.1
helpfulness of refinement,Usefulness for Task/Information Need,1,QEG-w-3.1
human likeness,Humanlikeness,1,QOG-w-4
human-soundingness,Native Speaker Likeness,1,QOG-w-4.1
humor degree,Humorousness/Non-humorousness,1,QOF-w-5
humour,Humorousness/Non-humorousness,1,QOF-w-5
illogical flow,Coherence,1,QOG-c-3
implausible,Naturalness (content/meaning),1,QEG-c-1
implementation inconsistencies,Internal Consistency of Outputs,1,QOG-c-4
implication errors,Semantic Correctness,1,QOC-c-1
image-sharing speaker adequacy,Appropriateness (outputs as a whole),1,QEG-w-2
image-sharing turn relevance,Relevance to Input,1,QIG-c-3
inaccuracy,Correctness of Outputs (outputs as a whole),1,QOC-w-1
inaccurate,Correctness of Outputs (outputs as a whole),1,QOC-w-1
incoherence,Coherence,1,QOG-c-3
incomplete coreference,Clarity of Referents,1,QEG-w-7
incorrect next question prediction,Complete Target Output Matching,1,QTC-w-3
incorrect number/date,Factual Truth,1,QEC-c-1
incorrect QA model prediction,Complete Target Output Matching,1,QTC-w-3
incorrect arguments,Semantic Correctness,1,QOC-c-1
incorrect details,Factual Truth,1,QEC-c-1
incorrect statements,Factual Truth,1,QEC-c-1
inflection error,Grammaticality,1,QOC-f-1
increase of respect,Effect on User Stance,1,QEF-w-7
information conveyance,Clarity,1,QOG-w-5.1
information density,Nonredundancy (content/meaning),1,QOG-c-1
information recall,Absence of Omissions (relative to input),1,QIC-c-1
information redundancy,Nonredundancy (content/meaning),1,QOG-c-1
information missing,Absence of Omissions (relative to input),1,QIC-c-1
informativeness (text),Informativeness,1,QOG-c-2
instruction clarity,Clarity,1,QOG-w-5.1
intent adherence,Consistency with Input,1,QIC-c-3
insulting,Appropriateness (outputs as a whole),1,QEG-w-2
integration with context,Relevance to Input,1,QIG-c-3
intention fulfillment,Usefulness for Task/Information Need,1,QEG-w-3.1
intervention coherence,Coherence,1,QOG-c-3
invalid translation,Translation Accuracy,1,QIC-w-1
irrelevance,Relevance to Input,1,QIG-c-3
key events preservation,Absence of Omissions (relative to input),1,QIC-c-1
key information match,Absence of Omissions (relative to input),1,QIC-c-1
label prediction accuracy,Classification Accuracy,1,QTC-w-1
language appropriateness,Appropriateness (form),1,QEG-f-2
language coherency,Coherence,1,QOG-c-3
language consistency,Internal Consistency of Outputs,1,QOG-c-4
lack of contradictions,Internal Consistency of Outputs,1,QOG-c-4
legibility,Readability,1,QOG-w-2
legal accuracy,Factual Truth,1,QEC-c-1
length appropriateness,Output Size Relative to Input,1,QIF-f-3
length suitability,Output Size Relative to Input,1,QIF-f-3
lexical simplicity,Complexity/Non-complexity (form),1,QOF-f-3
likelihood of native speaker authorship,Native Speaker Likeness,1,QOG-w-4.1
local appropriateness,Appropriateness (outputs as a whole),1,QEG-w-2
lexical overlap,Similarity to Target Outputs (form),1,QTG-f-1
lexical selection accuracy,Form Accuracy,1,QTC-f-1
logic consistency,Internal Consistency of Outputs,1,QOG-c-4
logical continuity,Coherence,1,QOG-c-3
lose,__DROP__,1,AUX-Other
logical inconsistency,Internal Consistency of Outputs,1,QOG-c-4
logical order,Wellorderedness,1,QOG-c-3.1
maintaining essential information,Absence of Omissions (relative to input),1,QIC-c-1
makes more sense,Coherence,1,QOG-c-3
machine-translated content,Translation Accuracy,1,QIC-w-1
making sense,Coherence,1,QOG-c-3
meaning adequacy,Meaning Accuracy,1,QTC-c-1
meaning consistency,Internal Consistency of Outputs,1,QOG-c-4
meaning overlap,Similarity to Target Outputs (content/meaning),1,QTG-c-1
metaphorical language,Poeticness/Non-poeticness (content/meaning),1,QOF-c-2
minimality/non-redundancy,Nonredundancy (output as a whole),1,QOG-w-1
missing content,Absence of Omissions (relative to input),1,QIC-c-1
mis-translation,Translation Accuracy,1,QIC-w-1
misleading_or_inaccurate_teaching,Factual Truth,1,QEC-c-1
misspelling,Spelling Accuracy,1,QOC-f-2
mistakes,Correctness of Outputs (outputs as a whole),1,QOC-w-1
mistranslation detection,Translation Accuracy,1,QIC-w-1
modality tag correctness,Classification Accuracy,1,QTC-w-1
multi-page source correctness,Relative Factual Accuracy,1,QEC-c-2
name variant spelling,Spelling Accuracy,1,QOC-f-2
narrative consistency,Internal Consistency of Outputs,1,QOG-c-4
native speaker quality,Native Speaker Likeness,1,QOG-w-4.1
navigation time,Task Completion Speed,1,QEG-w-5.2
naturality,Naturalness (outputs as a whole),1,QEG-w-1
naturalness of expression,Naturalness (form),1,QEG-f-1
naturalness of speech,Naturalness (form),1,QEG-f-1
no misleading information,Factual Truth,1,QEC-c-1
no added meaning,Absence of Additions (relative to input),1,QIC-c-2
no ambiguous object references,Clarity of Referents,1,QEG-w-7
non-existent words,Spelling Accuracy,1,QOC-f-2
non-informative output,Informativeness,1,QOG-c-2
nonredundancy,Nonredundancy (output as a whole),1,QOG-w-1
not applicable,Appropriateness of System Response Type,1,QIG-f-1
not contradictory to context,Consistency with Input,1,QIC-c-3
not overly simple,Complexity/Non-complexity (content/meaning),1,QOF-c-3
non-overlapping tokens,Nonredundancy (form),1,QOG-f-1
non-repetitiveness,Nonredundancy (output as a whole),1,QOG-w-1
not self-contradictory,Internal Consistency of Outputs,1,QOG-c-4
offensive language,Appropriateness (outputs as a whole),1,QEG-w-2
object similarity,Similarity/Dissimilarity to Non-target Reference (content/meaning),1,QEF-c-1
object relevance,Relevance to Input,1,QIG-c-3
object hallucination,Absence of Additions (relative to input),1,QIC-c-2
omitted content,Absence of Omissions (relative to input),1,QIC-c-1
on-topicness,Relevance to Input,1,QIG-c-3
offensive_or_disrespectful_tone,Appropriateness (outputs as a whole),1,QEG-w-2
output alignment with reference text,Similarity to Target Outputs (outputs as a whole),1,QTG-w-1
ordering,Wellorderedness,1,QOG-c-3.1
origin accuracy,Factual Truth,1,QEC-c-1
overall coherence,Coherence,1,QOG-c-3
overall correctness,Correctness of Outputs (outputs as a whole),1,QOC-w-1
overall simplicity,Complexity/Non-complexity (outputs as a whole),1,QOF-w-3
overtranslation,Absence of Additions (relative to input),1,QIC-c-2
paragraph coherence,Coherence,1,QOG-c-3
overly literal translation,Translation Accuracy,1,QIC-w-1
perceived competence,Detectability of Speaker/Author Trait,1,QEF-w-5
perceived growth mindset,Detectability of Speaker/Author Trait,1,QEF-w-5
perceived humanlikeness,Humanlikeness,1,QOG-w-4
patient understandability,Understandability,1,QOG-w-5
paraphrases,Similarity/Dissimilarity to Input (content/meaning),1,QIF-c-2
personal applicability,Usefulness for Task/Information Need,1,QEG-w-3.1
personality cue presence,Detectability of Speaker/Author Trait,1,QEF-w-5
perceived usefulness,Usefulness (nonspecific),1,QEG-w-3
perceived warmth,Detectability of Speaker/Author Trait,1,QEF-w-5
pertinence,Relevance to Input,1,QIG-c-3
plausible context,Appropriateness (outputs as a whole),1,QEG-w-2
plot coherence,Coherence,1,QOG-c-3
plan matching,Complete Target Output Matching,1,QTC-w-3
platform suitability,Appropriateness (outputs as a whole),1,QEG-w-2
points to specific part,Clarity of Referents,1,QEG-w-7
possibility (human),Humanlikeness,1,QOG-w-4
potential usefulness,Usefulness (nonspecific),1,QEG-w-3
precision (no redundant or uninformative utterance),Nonredundancy (content/meaning),1,QOG-c-1
predicate,__DROP__,1,AUX-Other
predicate match,Meaning Accuracy,1,QTC-c-1
presence of English keyword in translation,Inclusion of Keywords (given in input),1,QIC-f-2
primary disease correctness,Factual Truth,1,QEC-c-1
problem comprehension,Degree to which Output Answers Question in Input,1,QIG-w-2
preservation,Absence of Omissions (relative to input),1,QIC-c-1
preservation of existing information,Absence of Omissions (relative to input),1,QIC-c-1
presence of fake information,Factual Truth,1,QEC-c-1
presence of hallucination,Absence of Additions (relative to input),1,QIC-c-2
program accuracy,Functional Correctness,1,QEC-w-1
problematic mistranslations,Translation Accuracy,1,QIC-w-1
pronunciation accuracy,Pronunciation Accuracy,1,QOC-f-3
providing information,Informativeness,1,QOG-c-2
provision of all requested information,Absence of Omissions (relative to input),1,QIC-c-1
query clarity,Clarity,1,QOG-w-5.1
query-relevance,Relevance to Input,1,QIG-c-3
query-responsiveness,Relevance to Input,1,QIG-c-3
re-reading time,Speed of Understanding,1,QOG-w-5.1.1
question disambiguation correctness,Meaning Accuracy,1,QTC-c-1
reasoning complexity,Complexity/Non-complexity (content/meaning),1,QOF-c-3
recipe accuracy,Complete Target Output Matching,1,QTC-w-3
reference label correctness,Classification Accuracy,1,QTC-w-1
referential clarity,Clarity of Referents,1,QEG-w-7
redundant and repetitive information,Nonredundancy (content/meaning),1,QOG-c-1
reference answer correctness,Meaning Accuracy,1,QTC-c-1
referential success,Clarity of Referents,1,QEG-w-7
register usage correctness,Adherence to Style Guide,1,QEC-f-1
rejection of negative examples,Classification Accuracy,1,QTC-w-1
relation hallucination,Absence of Additions (relative to input),1,QIC-c-2
relationship accuracy,Semantic Correctness,1,QOC-c-1
relevance to claim,Relevance to Input,1,QIG-c-3
relevance to description,Relevance to Input,1,QIG-c-3
relevance to dialog history,Relevance to Input,1,QIG-c-3
relevance to grounding documents,Relevance to Input,1,QIG-c-3
relevance to outcome,Relevance to Input,1,QIG-c-3
relevance to span,Relevance to Input,1,QIG-c-3
relevance to the argument,Relevance to Input,1,QIG-c-3
relevance to image,Relevance to Input,1,QIG-c-3
reordering,Wellorderedness,1,QOG-c-3.1
repeated,Nonredundancy (content/meaning),1,QOG-c-1
repeated information,Nonredundancy (content/meaning),1,QOG-c-1
removal of toxicity,Appropriateness (outputs as a whole),1,QEG-w-2
repetitive,Nonredundancy (output as a whole),1,QOG-w-1
repetitiveness,Nonredundancy (form),1,QOG-f-1
response helpfulness,Usefulness for Task/Information Need,1,QEG-w-3.1
response logic,Internal Consistency of Outputs,1,QOG-c-4
response preference,Win Rate,1,QEG-w-10
resemblance to real therapy transcripts,Similarity/Dissimilarity to Non-target Reference (outputs as a whole),1,QEF-w-1
rhyme,Poeticness/Non-poeticness (form),1,QOF-f-2
response-level hallucination,Absence of Additions (relative to input),1,QIC-c-2
right sequence,Wellorderedness,1,QOG-c-3.1
risk detection accuracy,Classification Accuracy,1,QTC-w-1
room locations,Factual Truth,1,QEC-c-1
room relationships,Factual Truth,1,QEC-c-1
room sizes,Factual Truth,1,QEC-c-1
room types,Factual Truth,1,QEC-c-1
safety label correctness,Classification Accuracy,1,QTC-w-1
satisfaction of demand,Usefulness for Task/Information Need,1,QEG-w-3.1
scene consistency,Internal Consistency of Outputs,1,QOG-c-4
same reasoning as reference,Similarity to Target Outputs (content/meaning),1,QTG-c-1
same meaning,Meaning Accuracy,1,QTC-c-1
segmentation point accuracy,Sequence Labelling Accuracy,1,QTC-w-2
self-consistency errors (SCE),Internal Consistency of Outputs,1,QOG-c-4
semantic closeness,Similarity to Target Outputs (content/meaning),1,QTG-c-1
semantic information,Informativeness,1,QOG-c-2
semantic equivalency,Meaning Accuracy,1,QTC-c-1
semantic similarity (adequacy),Similarity/Dissimilarity to Input (content/meaning),1,QIF-c-2
semantic substitution errors,Semantic Correctness,1,QOC-c-1
sense correctness,Semantic Correctness,1,QOC-c-1
sense diversity,Diversity/Non-diversity (content/meaning),1,QOF-c-1
sentence structure naturalness,Naturalness (form),1,QEG-f-1
sentence variety,Diversity/Non-diversity (form),1,QOF-f-1
sentence fluidity,Fluency,1,QOG-w-3
sentence naturalness,Naturalness (outputs as a whole),1,QEG-w-1
sensical,Semantic Correctness,1,QOC-c-1
sensicality,Semantic Correctness,1,QOC-c-1
sentiment preservation,Similarity/Dissimilarity to Input (content/meaning),1,QIF-c-2
sentence-type classification agreement,Classification Accuracy,1,QTC-w-1
sentiment correctness,Control over Sentiment,1,QIF-w-2
similarity to ground truth,Similarity to Target Outputs (outputs as a whole),1,QTG-w-1
similarity to human description,Similarity/Dissimilarity to Non-target Reference (outputs as a whole),1,QEF-w-1
similarity to gold,Similarity to Target Outputs (outputs as a whole),1,QTG-w-1
similarity to query,Similarity/Dissimilarity to Input (outputs as a whole),1,QIF-w-4
single valid answer,Complete Target Output Matching,1,QTC-w-3
situational appropriateness,Appropriateness (outputs as a whole),1,QEG-w-2
social acceptability,Appropriateness (outputs as a whole),1,QEG-w-2
socioemotional traits,Detectability of Speaker/Author Trait,1,QEF-w-5
skin tone consistency,Internal Consistency of Outputs,1,QOG-c-4
slot label correctness,Sequence Labelling Accuracy,1,QTC-w-2
source-faithfulness,Consistency with Input,1,QIC-c-3
span insertion,Absence of Additions (relative to input),1,QIC-c-2
span relevance,Relevance to Input,1,QIG-c-3
spelling anomalies,Spelling Accuracy,1,QOC-f-2
spelling mistakes,Spelling Accuracy,1,QOC-f-2
specialized step correctness,Functional Correctness,1,QEC-w-1
specification level,Specificity/Non-specificity (relative to input),1,QIF-c-3
span type correctness,Sequence Labelling Accuracy,1,QTC-w-2
speaker consistency,Internal Consistency of Outputs,1,QOG-c-4
stance identification,Detectability of Speaker/Author Stance,1,QEF-w-4
stance preservation,Consistency with Input,1,QIC-c-3
strength of style transfer,Success of Style Transfer from Sample,1,QIG-f-2
strict accuracy,Complete Target Output Matching,1,QTC-w-3
structural coherence,Coherence,1,QOG-c-3
story comprehension,Understandability,1,QOG-w-5
story length,Output Length,1,QOF-f-5
structural correctness,Grammaticality,1,QOC-f-1
style change,Control over Style,1,QIF-f-2
style controllability,Control over Style,1,QIF-f-2
structural flexibility,Complexity/Non-complexity (form),1,QOF-f-3
structural simplicity,Complexity/Non-complexity (form),1,QOF-f-3
stylistic appropriateness,Appropriateness (form),1,QEG-f-2
stylistic similarity,Similarity/Dissimilarity to Non-target Reference (form),1,QEF-f-1
sub-question type classification accuracy,Classification Accuracy,1,QTC-w-1
subject consistency,Internal Consistency of Outputs,1,QOG-c-4
style similarity,Control over Style,1,QIF-f-2
style transfer success,Success of Style Transfer from Sample,1,QIG-f-2
style controlling,Control over Style,1,QIF-f-2
sufficient difficulty,Control over Complexity/Non-complexity (outputs as a whole),1,QIF-w-1
suitability for SQL-based reasoning,Usefulness for Task/Information Need,1,QEG-w-3.1
suitability for reading comprehension,Usefulness for Task/Information Need,1,QEG-w-3.1
suitability for response generation,Usefulness for Task/Information Need,1,QEG-w-3.1
suitability to query,Relevance to Input,1,QIG-c-3
summary coherence,Coherence,1,QOG-c-3
summary length,Output Length,1,QOF-f-5
summary preference,Win Rate,1,QEG-w-10
summary relevance,Relevance to Input,1,QIG-c-3
supported by document,Relative Factual Accuracy,1,QEC-c-2
supported claims,Relative Factual Accuracy,1,QEC-c-2
supports label,Classification Accuracy,1,QTC-w-1
surface similarity,Similarity to Target Outputs (form),1,QTG-f-1
syntactic diversity,Diversity/Non-diversity (form),1,QOF-f-1
syntactic variety,Diversity/Non-diversity (form),1,QOF-f-1
syntax diversity,Diversity/Non-diversity (form),1,QOF-f-1
task completion speed,Task Completion Speed,1,QEG-w-5.2
target selection accuracy,Classification Accuracy,1,QTC-w-1
target style strength,Control over Style,1,QIF-f-2
task category classification,Classification Accuracy,1,QTC-w-1
technical correctness,Correctness of Outputs (outputs as a whole),1,QOC-w-1
task goal accuracy,Functional Correctness,1,QEC-w-1
task-relevance,Relevance to Input,1,QIG-c-3
text accuracy,Factual Truth,1,QEC-c-1
text coherence,Coherence,1,QOG-c-3
text consistency,Internal Consistency of Outputs,1,QOG-c-4
text fluency,Fluency,1,QOG-w-3
text inconsistency,Internal Consistency of Outputs,1,QOG-c-4
test case accuracy,Functional Correctness,1,QEC-w-1
text length,Output Length,1,QOF-f-5
text relevance,Relevance to Input,1,QIG-c-3
tool-use appropriateness,Appropriateness (outputs as a whole),1,QEG-w-2
tool name error,Semantic Correctness,1,QOC-c-1
translation errors,Translation Accuracy,1,QIC-w-1
topic-relatedness,Relevance to Input,1,QIG-c-3
topical coverage,Coverage of Topics (given in input),1,QIC-c-4
translation validity,Translation Accuracy,1,QIC-w-1
truthfulness judgment,Factual Truth,1,QEC-c-1
trustworthiness impact,Effect on User Opinion,1,QEF-w-6
type errors,Spelling Accuracy,1,QOC-f-2
unlisted ingredients,Absence of Additions (relative to input),1,QIC-c-2
unnatural phrase flow,Naturalness (form),1,QEG-f-1
unnatural sentence flow,Naturalness (form),1,QEG-f-1
uniformity,Diversity/Non-diversity (outputs as a whole),1,QOF-w-1
uniqueness of reference,Clarity of Referents,1,QEG-w-7
untranslated segments,Absence of Omissions (relative to input),1,QIC-c-1
untranslated text,Translation Accuracy,1,QIC-w-1
unusual capitalization,Spelling Accuracy,1,QOC-f-2
unnatural translation,Naturalness (outputs as a whole),1,QEG-w-1
unrelated events,Relevance to Input,1,QIG-c-3
unrelatedness,Relevance to Input,1,QIG-c-3
untranslated,Translation Accuracy,1,QIC-w-1
usefulness of explanation,Goodness as Explanation of System Behaviour,1,QEG-w-4
useful information,Usefulness (nonspecific),1,QEG-w-3
usefulness for decision-making,Usefulness for Task/Information Need,1,QEG-w-3.1
usefulness for exploration,Usefulness for Task/Information Need,1,QEG-w-3.1
usefulness for finding diet problems,Usefulness for Task/Information Need,1,QEG-w-3.1
usefulness for imagining the picture,Usefulness for Task/Information Need,1,QEG-w-3.1
usage conventions,Adherence to Style Guide,1,QEC-f-1
utility of presented questions,Usefulness for Task/Information Need,1,QEG-w-3.1
utterance ordering,Wellorderedness,1,QOG-c-3.1
valid syntax,Grammaticality,1,QOC-f-1
veracity classification accuracy,Classification Accuracy,1,QTC-w-1
veracity (accurate/OOC),Factual Truth,1,QEC-c-1
video-content relevance,Relevance to Input,1,QIG-c-3
willingness to work again,User Satisfaction as Affected by Outputs,1,QEG-w-6
win,Win Rate,1,QEG-w-10
word choice correctness,Semantic Correctness,1,QOC-c-1
word ordering,Wellorderedness,1,QOG-c-3.1
word-for-word,Complete Word Matching,1,QTC-w-3.1
word-sense association correctness,Semantic Correctness,1,QOC-c-1
world knowledge,Factual Truth,1,QEC-c-1
wrong preposition,Grammaticality,1,QOC-f-1
PLAUSIBILITY,Factual Truth,1,QEC-c-1
verifiability,__DROP__,1,AUX-Other
OTHER,__DROP__,1,AUX-Other
richness,Informativeness,1,QOG-c-2
refusal,Refusal Appropriateness,1,QEC-w-2
Citation Precision,__DROP__,1,AUX-Other
Citation Recall,__DROP__,1,AUX-Other
Image Quality,__DROP__,1,AUX-Other
Image quality,__DROP__,1,AUX-Other
SIGNIFICANCE,__DROP__,1,AUX-Other
believability,Factual Truth,1,QEC-c-1
terminology,Adherence to Style Guide,1,QEC-f-1
trustworthiness,Factual Truth,1,QEC-c-1
Representativeness,Absence of Bias / Stereotypes,1,QEC-c-3
logic,Coherence,1,QOG-c-3
Verbosity,Output Length,1,QOF-f-5
Overall translation quality,Translation Accuracy,1,QIC-w-1
not checkable,__DROP__,1,AUX-Other
code correctness,Functional Correctness,1,QEC-w-1
Content Quality,Appropriateness (content/meaning),1,QEG-c-2
task success,Usefulness for Task/Information Need,1,QEG-w-3.1
actionability,Usefulness for Task/Information Need,1,QEG-w-3.1
credibility,Factual Truth,1,QEC-c-1
Credibility,Factual Truth,1,QEC-c-1
detailedness,Informativeness,1,QOG-c-2
Detailedness,Informativeness,1,QOG-c-2
Factual support,Factual Truth,1,QEC-c-1
Format,Adherence to Style Guide,1,QEC-f-1
Specific,Specificity/Non-specificity (relative to input),1,QIF-c-3
Text quality,Overall Quality / Preference,1,AUX-OverallQuality
attributability,__DROP__,1,AUX-Other
irrelevant,Absence of Additions (relative to input),1,QIC-c-2
Agreeableness,Detectability of Speaker/Author Trait,1,QEF-w-5
Instruction Adherence,Appropriateness of System Response Type,1,QIG-f-1
Error type,__DROP__,1,AUX-Other
F1,__DROP__,1,AUX-Other
Financial and Material Benefits,Usefulness for Task/Information Need,1,QEG-w-3.1
givenness,Cohesiveness,1,QOG-c-3.2
task completion,Task Completion Speed,1,QEG-w-5.2
Commonsense,Factual Truth,1,QEC-c-1
Other error,Correctness of Outputs (outputs as a whole),1,QOC-w-1
Success rate,Functional Correctness,1,QEC-w-1
Secret,__DROP__,1,AUX-Other
sensitivity,__DROP__,1,AUX-Other
Social Rules,Appropriateness (outputs as a whole),1,QEG-w-2
Logical reasoning,Semantic Correctness,1,QOC-c-1
continuity,Coherence,1,QOG-c-3
Overall response quality,Overall Quality / Preference,1,AUX-OverallQuality
sentiment consistency,Control over Sentiment,1,QIF-w-2
Sentiment consistency,Control over Sentiment,1,QIF-w-2
Error correction,Complete Target Output Matching,1,QTC-w-3
Impact,Effect on User Behaviour,1,QEF-w-2
Severity levels,__DROP__,1,AUX-Other
language correctness,Appropriateness (form),1,QEG-f-2
Layout,__DROP__,1,AUX-Other
Preference Alignment,Overall Quality / Preference,1,AUX-OverallQuality
adherence to instructions,Consistency with Input,1,QIC-c-3
Conscientiousness,Detectability of Speaker/Author Trait,1,QEF-w-5
Empowerment,Usefulness for Task/Information Need,1,QEG-w-3.1
Error location,__DROP__,1,AUX-Other
EVIDENCE,Relative Factual Accuracy,1,QEC-c-2
Extraversion,Detectability of Speaker/Author Trait,1,QEF-w-5
Innovativeness,Creativity/Non-creativity (outputs as a whole),1,QOF-w-6
interest level,Engagingness/Interestingness,1,QEF-w-10
Harmful content,Absence of Toxic / Harmful Content,1,QOC-c-2
harmful content,Absence of Toxic / Harmful Content,1,QOC-c-2
Inclusion,Absence of Omissions (relative to input),1,QIC-c-1
incorrect,Correctness of Outputs (outputs as a whole),1,QOC-w-1
Metacognition,__DROP__,1,AUX-Other
Non-Translation,Translation Accuracy,1,QIC-w-1
Object presence,Absence of Omissions (relative to input),1,QIC-c-1
object presence,Absence of Omissions (relative to input),1,QIC-c-1
Security,__DROP__,1,AUX-Other
unsafe,Appropriateness (outputs as a whole),1,QEG-w-2
Visual consistency,Consistency with Input,1,QIC-c-3
Procedure,__DROP__,1,AUX-Other
Progressiveness,__DROP__,1,AUX-Other
Visualization Quality,__DROP__,1,AUX-Other
Agreement,__DROP__,1,AUX-Other
alignment with user profile,Appropriateness (outputs as a whole),1,QEG-w-2
Attribute relevance,Relevance to Input,1,QIG-c-3
entity correctness,Factual Truth,1,QEC-c-1
error detection,__DROP__,1,AUX-Other
Error Detection,__DROP__,1,AUX-Other
error identification,__DROP__,1,AUX-Other
Compatibility,Performance of an Embedding/Downstream System/Component,1,QEG-w-8
Constructiveness,Usefulness (nonspecific),1,QEG-w-3
content alignment,Appropriateness (content/meaning),1,QEG-c-2
convincingness,Effect on User Stance,1,QEF-w-7
decisiveness,Detectability of Speaker/Author Trait,1,QEF-w-5
math,Semantic Correctness,1,QOC-c-1
policy compliance,Appropriateness (outputs as a whole),1,QEG-w-2
practicality,Usefulness for Task/Information Need,1,QEG-w-3.1
Practicality,Usefulness for Task/Information Need,1,QEG-w-3.1
privacy protection,__DROP__,1,AUX-Other
harm,Absence of Toxic / Harmful Content,1,QOC-c-2
Immersion,Engagingness/Interestingness,1,QEF-w-10
ethics,__DROP__,1,AUX-Other
fair,Absence of Bias / Stereotypes,1,QEC-c-3
Fair,Absence of Bias / Stereotypes,1,QEC-c-3
final answer correctness,Degree to which Output Answers Question in Input,1,QIG-w-2
Linguistic Quality,Fluency,1,QOG-w-3
misunderstanding,Consistency with Input,1,QIC-c-3
WORD CHOICE,Appropriateness (form),1,QEG-f-2
AFFECTIVE APPEALS,Effect on User Emotion,1,QEF-w-3
ASR,__DROP__,1,AUX-Other
Absent,__DROP__,1,AUX-Other
Relation,__DROP__,1,AUX-Other
Style Consistency,Adherence to Style Guide,1,QEC-f-1
Warmth,Detectability of Speaker/Author Trait,1,QEF-w-5
Paraphrase Quality,Consistency with Input,1,QIC-c-3
Paraphrase quality,Consistency with Input,1,QIC-c-3
personalization quality,Appropriateness (outputs as a whole),1,QEG-w-2
Affective Improvement,Effect on User Emotion,1,QEF-w-3
Aggressiveness,Detectability of Speaker/Author Trait,1,QEF-w-5
aggressiveness,Detectability of Speaker/Author Trait,1,QEF-w-5
Adaptiveness,Usefulness for Task/Information Need,1,QEG-w-3.1
Addressing issues,Degree to which Output Answers Question in Input,1,QIG-w-2
Aesthetic Characteristics,__DROP__,1,AUX-Other
Academic Formality,Control over Formality/Informality,1,QIF-f-2.1
Accuracy and Depth,__DROP__,1,AUX-Other
Accuracy and Resources,__DROP__,1,AUX-Other
A3 RECOGNITION,__DROP__,1,AUX-Other
ACTION,__DROP__,1,AUX-Other
AD ACCEPTABILITY,Appropriateness (outputs as a whole),1,QEG-w-2
AD CONSISTENCY,Internal Consistency of Outputs,1,QOG-c-4
AD SIMILARITY,Similarity to Target Outputs (outputs as a whole),1,QTG-w-1
Accuracy-Answer,Degree to which Output Answers Question in Input,1,QIG-w-2
Accuracy-Evidence,Factual Truth,1,QEC-c-1
Actions clarity,Clarity,1,QOG-w-5.1
Aesthetics,__DROP__,1,AUX-Other
aesthetics,__DROP__,1,AUX-Other
Affective Bond,Empathy / Emotional Appropriateness,1,QEF-w-11
Arguments against,__DROP__,1,AUX-Other
Arguments in favor,__DROP__,1,AUX-Other
Article style,Control over Style,1,QIF-f-2
Assess Readiness for Insight,__DROP__,1,AUX-Other
Atomic fact presence,Absence of Omissions (relative to input),1,QIC-c-1
Answer Faithfulness,Consistency with Input,1,QIC-c-3
Attribute Accuracy,Complete Target Output Matching,1,QTC-w-3
attribute accuracy,Complete Target Output Matching,1,QTC-w-3
Attribution Failure,Consistency with Input,1,QIC-c-3
BEL,__DROP__,1,AUX-Other
Beauty of Form,Poeticness/Non-poeticness (form),1,QOF-f-2
Aesthetic Quality Score,Overall Quality / Preference,1,AUX-OverallQuality
Agreement with narrative,Similarity/Dissimilarity to Non-target Reference (content/meaning),1,QEF-c-1
Align,Overall Quality / Preference,1,AUX-OverallQuality
Anchor Relevance,Relevance to Input,1,QIG-c-3
anchor relevance,Relevance to Input,1,QIG-c-3
Brainstorm and Evaluate Options,Usefulness for Task/Information Need,1,QEG-w-3.1
Brand Identity Score,Appropriateness (content/meaning),1,QEG-c-2
Broadening discussion,Effect on User Behaviour,1,QEF-w-2
Characters,__DROP__,1,AUX-Other
Chart Correctness,Functional Correctness,1,QEC-w-1
Anglocentrism,Absence of Bias / Stereotypes,1,QEC-c-3
Approach,__DROP__,1,AUX-Other
Argument Quality,Coherence,1,QOG-c-3
argument quality,Coherence,1,QOG-c-3
Beauty of Meaning,Poeticness/Non-poeticness (content/meaning),1,QOF-c-2
Beauty of Sound,Speech Quality,1,QOG-f-2
Behavioral Accuracy,Functional Correctness,1,QEC-w-1
Brush and Ink Skills,__DROP__,1,AUX-Other
context,__DROP__,1,AUX-Other
Categorization Threat,Absence of Bias / Stereotypes,1,QEC-c-3
Certainty Shift (CS),Effect on User Opinion,1,QEF-w-6
Character Development,__DROP__,1,AUX-Other
character development,__DROP__,1,AUX-Other
Bias and Discrimination,Absence of Bias / Stereotypes,1,QEC-c-3
Biasness,Absence of Bias / Stereotypes,1,QEC-c-3
Classism,Absence of Bias / Stereotypes,1,QEC-c-3
Cleanliness,__DROP__,1,AUX-Other
Clear and Concise Language,Clarity,1,QOG-w-5.1
Client empowerment,Effect on User Stance,1,QEF-w-7
Communication,__DROP__,1,AUX-Other
Clinical relevance,Relevance to Input,1,QIG-c-3
clinical relevance,Relevance to Input,1,QIG-c-3
Closure,Wellorderedness,1,QOG-c-3.1
Code Quality,Functional Correctness,1,QEC-w-1
Cognitive Restructuring,__DROP__,1,AUX-Other
Collaboration,Ease of Communication,1,QEG-w-5.1
Color,__DROP__,1,AUX-Other
Common Strengths,__DROP__,1,AUX-Other
Common Weaknesses,__DROP__,1,AUX-Other
"Clarity, Cohesion, and Language",__DROP__,1,AUX-Other
Chat,__DROP__,1,AUX-Other
Citation Accuracy,Factual Truth,1,QEC-c-1
Civil Language,Appropriateness (form),1,QEG-f-2
Clarify the Desired Change,__DROP__,1,AUX-Other
Clarity and Coherence,Understandability,1,QOG-w-5
Consistency & coherence,Coherence,1,QOG-c-3
Creation,__DROP__,1,AUX-Other
Creative,Creativity/Non-creativity (outputs as a whole),1,QOF-w-6
creative,Creativity/Non-creativity (outputs as a whole),1,QOF-w-6
Creativity and Reasonableness,__DROP__,1,AUX-Other
Complete Goal,Usefulness for Task/Information Need,1,QEG-w-3.1
Complete Response,Absence of Omissions (relative to input),1,QIC-c-1
Completeness of Essential Features,Absence of Omissions (relative to input),1,QIC-c-1
Completion,Usefulness for Task/Information Need,1,QEG-w-3.1
completion,Usefulness for Task/Information Need,1,QEG-w-3.1
Context Concision,Nonredundancy (output as a whole),1,QOG-w-1
Contextual logic,Consistency with Input,1,QIC-c-3
Copywriting Quality,Usefulness for Task/Information Need,1,QEG-w-3.1
Core Contributions,__DROP__,1,AUX-Other
Conservatism Injection,Absence of Bias / Stereotypes,1,QEC-c-3
Communication Skills,Ease of Communication,1,QEG-w-5.1
Complexity of Claims,Complexity/Non-complexity (content/meaning),1,QOF-c-3
Competence Threat,Detectability of Speaker/Author Trait,1,QEF-w-5
Credibility of Evidence,Factual Truth,1,QEC-c-1
Core Knowledge Coverage,Coverage of Topics (given in input),1,QIC-c-4
Correct Answer Depth of Understanding,Degree to which Output Answers Question in Input,1,QIG-w-2
Correct Answer Occurrence,Meaning Accuracy,1,QTC-c-1
Cultivating Change Talk,Effect on User Stance,1,QEF-w-7
Cultural Awareness,Appropriateness (outputs as a whole),1,QEG-w-2
cultural awareness,Appropriateness (outputs as a whole),1,QEG-w-2
Cultural Behavior,Appropriateness (outputs as a whole),1,QEG-w-2
Cultural Knowledge,Factual Truth,1,QEC-c-1
Cultural understanding & adaptation,Appropriateness (outputs as a whole),1,QEG-w-2
Culture and History,Appropriateness (outputs as a whole),1,QEG-w-2
Curiosity,Engagingness/Interestingness,1,QEF-w-10
Data type conformity,Adherence to Syntactic Rules,1,QEC-f-2
Design,__DROP__,1,AUX-Other
Context Misdirection,Consistency with Input,1,QIC-c-3
Deep Implications,__DROP__,1,AUX-Other
Deepens Metacognition,__DROP__,1,AUX-Other
Demonstrations,__DROP__,1,AUX-Other
Cross passage consistency,Internal Consistency of Outputs,1,QOG-c-4
Egocentric Thinking,Detectability of Speaker/Author Trait,1,QEF-w-5
Elaboration,Usefulness for Task/Information Need,1,QEG-w-3.1
Element Layout,__DROP__,1,AUX-Other
Encourages Active Learning,Effect on User Behaviour,1,QEF-w-2
Encouraging,Detectability of Speaker/Author Trait,1,QEF-w-5
Discourse consistency,Coherence,1,QOG-c-3
Disparagement,Absence of Toxic / Harmful Content,1,QOC-c-2
distinguishability,__DROP__,1,AUX-Other
Distractor Common Mistakes,Correctness of Outputs (outputs as a whole),1,QOC-w-1
Directionality,__DROP__,1,AUX-Other
Directive Support,Usefulness for Task/Information Need,1,QEG-w-3.1
Disagreement,Internal Consistency of Outputs,1,QOG-c-4
Disagreement with narrative,Internal Consistency of Outputs,1,QOG-c-4
Edit consistency,Internal Consistency of Outputs,1,QOG-c-4
effort,Ease of Communication,1,QEG-w-5.1
Detail and Depth,Informativeness,1,QOG-c-2
Diagnostic Ability,Factual Truth,1,QEC-c-1
Diagnostic and Treatment Abilities,Factual Truth,1,QEC-c-1
Domain Compliance,Adherence to Style Guide,1,QEC-f-1
Enjoyment and Engagement,Engagingness/Interestingness,1,QEF-w-10
Ensure Readiness and Collaboration,Usefulness for Task/Information Need,1,QEG-w-3.1
Errors,Correctness of Outputs (outputs as a whole),1,QOC-w-1
Establish a Trusting Foundation,Effect on User Stance,1,QEF-w-7
Ethical Considerations,__DROP__,1,AUX-Other
Emotional Appeal,Effect on User Emotion,1,QEF-w-3
Emotional Appropriateness,Empathy / Emotional Appropriateness,1,QEF-w-11
Emotional Resonance,Effect on User Emotion,1,QEF-w-3
Emotional Validation,Effect on User Emotion,1,QEF-w-3
Emotional arousal,Effect on User Emotion,1,QEF-w-3
Evidence Support,Absence of Omissions (relative to input),1,QIC-c-1
evidence support,Absence of Omissions (relative to input),1,QIC-c-1
Evidence attribution,__DROP__,1,AUX-Other
Example Usage,__DROP__,1,AUX-Other
Exclusion,__DROP__,1,AUX-Other
Executable,Functional Correctness,1,QEC-w-1
executable,Functional Correctness,1,QEC-w-1
Encouraging Critical Thinking,Effect on User Behaviour,1,QEF-w-2
Encouraging Self-Exploration,Effect on User Behaviour,1,QEF-w-2
Ending,__DROP__,1,AUX-Other
ending,__DROP__,1,AUX-Other
Empowering,Effect on User Stance,1,QEF-w-7
Engaging Narrative,Engagingness/Interestingness,1,QEF-w-10
Full compliance,Adherence to Style Guide,1,QEC-f-1
Full refusal,Refusal Appropriateness,1,QEC-w-2
Full support,Effect on User Stance,1,QEF-w-7
GM,__DROP__,1,AUX-Other
GOAL,__DROP__,1,AUX-Other
Goal,__DROP__,1,AUX-Other
FIN,__DROP__,1,AUX-Other
Factuality and creativity,__DROP__,1,AUX-Other
Explanation quality,Goodness as Explanation of System Behaviour,1,QEG-w-4
Explanation Quality,Goodness as Explanation of System Behaviour,1,QEG-w-4
Exploration of Thoughts and Narratives,Diversity/Non-diversity (content/meaning),1,QOF-c-1
False Concatenation,Grammaticality,1,QOC-f-1
false concatenation,Grammaticality,1,QOC-f-1
Fitting,Appropriateness (outputs as a whole),1,QEG-w-2
Flexible,__DROP__,1,AUX-Other
Frame-related Questions,__DROP__,1,AUX-Other
Fulfillment,Degree to which Output Answers Question in Input,1,QIG-w-2
Expectation Fulfillment,User Satisfaction as Affected by Outputs,1,QEG-w-6
Experience,Overall Quality / Preference,1,AUX-OverallQuality
External tools,__DROP__,1,AUX-Other
Extraneous load,Ease of Communication,1,QEG-w-5.1
F1-Score,__DROP__,1,AUX-Other
granularity,Specificity/Non-specificity (relative to input),1,QIF-c-3
Guided Questioning,__DROP__,1,AUX-Other
Hallucination awareness,Factual Truth,1,QEC-c-1
Harmless,Absence of Toxic / Harmful Content,1,QOC-c-2
Format correctness,Adherence to Style Guide,1,QEC-f-1
Format Correctness,Adherence to Style Guide,1,QEC-f-1
format correctness,Adherence to Style Guide,1,QEC-f-1
Forward-Compatibility,__DROP__,1,AUX-Other
Gibberish,Semantic Correctness,1,QOC-c-1
goal achievement,Functional Correctness,1,QEC-w-1
good,Overall Quality / Preference,1,AUX-OverallQuality
Humanistic Care,Empathy / Emotional Appropriateness,1,QEF-w-11
Hyperbole,__DROP__,1,AUX-Other
Illegal Activities,Absence of Toxic / Harmful Content,1,QOC-c-2
Gender Accuracy,Factual Truth,1,QEC-c-1
Gender bias,Absence of Bias / Stereotypes,1,QEC-c-3
Gender Correctness,Factual Truth,1,QEC-c-1
General equivalence,Meaning Accuracy,1,QTC-c-1
Germane load,__DROP__,1,AUX-Other
Implicit,__DROP__,1,AUX-Other
Information Completeness,Absence of Omissions (relative to input),1,QIC-c-1
Information coverage,Absence of Omissions (relative to input),1,QIC-c-1
Information Sharing,__DROP__,1,AUX-Other
Information content,Informativeness,1,QOG-c-2
Image Groundedness,Relevance to Input,1,QIG-c-3
Imitativeness,Control over Style,1,QIF-f-2
Inclusiveness,Absence of Bias / Stereotypes,1,QEC-c-3
Informational,Informativeness,1,QOG-c-2
Interaction,__DROP__,1,AUX-Other
Interaction/Action Accuracy,Functional Correctness,1,QEC-w-1
Interactive Engagement,Engagingness/Interestingness,1,QEF-w-10
High Risk,__DROP__,1,AUX-Other
History Taking Ability,Usefulness for Task/Information Need,1,QEG-w-3.1
Honest,Factual Truth,1,QEC-c-1
Human-Centered Communication,Empathy / Emotional Appropriateness,1,QEF-w-11
Immersion and Setting,Engagingness/Interestingness,1,QEF-w-10
Jargon,Appropriateness (form),1,QEG-f-2
Language Expression,Naturalness (form),1,QEG-f-1
Language Usage,Grammaticality,1,QOC-f-1
Locale convention,Adherence to Style Guide,1,QEC-f-1
Locale Convention,Adherence to Style Guide,1,QEC-f-1
Logic and Structure,Coherence,1,QOG-c-3
Knowledge-Exposure,Informativeness,1,QOG-c-2
LGBTQ+ Inclusiveness,Absence of Bias / Stereotypes,1,QEC-c-3
LGBTQ+ Support Networks,Absence of Bias / Stereotypes,1,QEC-c-3
Journalistic Ethics,Factual Truth,1,QEC-c-1
KNO,__DROP__,1,AUX-Other
Knowledge Usage,Factual Truth,1,QEC-c-1
Knowledge coverage,Coverage of Topics (given in input),1,QIC-c-4
Intrinsic load,Understandability,1,QOG-w-5
Issue Clarification,Quality as Explanation of Input,1,QIG-w-3
Issue spotting,Classification Accuracy,1,QTC-w-1
Interest generation,Engagingness/Interestingness,1,QEF-w-10
Insight,Informativeness,1,QOG-c-2
Inspiring,Effect on User Emotion,1,QEF-w-3
Instruction Fulfillment,Consistency with Input,1,QIC-c-3
Instruction Quality,Overall Quality / Preference,1,AUX-OverallQuality
Logical Flow,Coherence,1,QOG-c-3
Line-breaking,__DROP__,1,AUX-Other
Linguistic Correctness,Correctness of Outputs (outputs as a whole),1,QOC-w-1
Linguistic correctness,Correctness of Outputs (outputs as a whole),1,QOC-w-1
Literary devices,Poeticness/Non-poeticness (outputs as a whole),1,QOF-w-2
Literature Review,__DROP__,1,AUX-Other
Language and Rhetoric,Humanlikeness,1,QOG-w-4
Lesion Features,__DROP__,1,AUX-Other
Level of details,"Absence of Omissions (relative to input, feature)",1,QIF-c-1
Memorability,__DROP__,1,AUX-Other
Mental Status,__DROP__,1,AUX-Other
Mistake location,__DROP__,1,AUX-Other
Morality Threat,Absence of Toxic / Harmful Content,1,QOC-c-2
Logo Placement Score,__DROP__,1,AUX-Other
Main Issues,__DROP__,1,AUX-Other
Management,__DROP__,1,AUX-Other
Manner,Clarity,1,QOG-w-5.1
Medical Interviewing Skills,Usefulness for Task/Information Need,1,QEG-w-3.1
Opportunity Harm,Absence of Bias / Stereotypes,1,QEC-c-3
Not-supported,Absence of Additions (relative to input),1,QIC-c-2
Number Error,Factual Truth,1,QEC-c-1
Number error,Factual Truth,1,QEC-c-1
Numerical Accuracy,Factual Truth,1,QEC-c-1
numerical accuracy,Factual Truth,1,QEC-c-1
Object Identification,__DROP__,1,AUX-Other
Name,__DROP__,1,AUX-Other
Neutral Tone,Control over Sentiment,1,QIF-w-2
No support,__DROP__,1,AUX-Other
Node Relevance,Relevance to Input,1,QIG-c-3
NPOV,Absence of Bias / Stereotypes,1,QEC-c-3
Narrative Quality,Coherence,1,QOG-c-3
Negative Helper Evaluations,__DROP__,1,AUX-Other
Objectives,__DROP__,1,AUX-Other
Open-ended Questioning,__DROP__,1,AUX-Other
Motion Understanding,__DROP__,1,AUX-Other
Logical Relevance,Relevance to Input,1,QIG-c-3
Motivates and Stimulates Student Curiosity,Engagingness/Interestingness,1,QEF-w-10
Multilingualism,__DROP__,1,AUX-Other
Over-correction,Correctness of Outputs (outputs as a whole),1,QOC-w-1
Overall Assessment,Overall Quality / Preference,1,AUX-OverallQuality
Overall Impression,Overall Quality / Preference,1,AUX-OverallQuality
Overall impression,Overall Quality / Preference,1,AUX-OverallQuality
Overall Persuasiveness,Effect on User Opinion,1,QEF-w-6
Plot and Structure,Wellorderedness,1,QOG-c-3.1
Overall Rating,Overall Quality / Preference,1,AUX-OverallQuality
Overgeneralization,Specificity/Non-specificity (relative to input),1,QIF-c-3
Parameter Alignment,__DROP__,1,AUX-Other
Partial refusal,Absence of Omissions (relative to input),1,QIC-c-1
Partial support,Absence of Omissions (relative to input),1,QIC-c-1
Partially Supported,Relative Factual Accuracy,1,QEC-c-2
Partially Supportive,__DROP__,1,AUX-Other
Path Granularity,Complexity/Non-complexity (outputs as a whole),1,QOF-w-3
Patient Education,Usefulness for Task/Information Need,1,QEG-w-3.1
Original,Creativity/Non-creativity (outputs as a whole),1,QOF-w-6
Other Errors,Correctness of Outputs (outputs as a whole),1,QOC-w-1
Other errors,Correctness of Outputs (outputs as a whole),1,QOC-w-1
other errors,Correctness of Outputs (outputs as a whole),1,QOC-w-1
Non-judgmental and Accepting Attitude,Detectability of Speaker/Author Trait,1,QEF-w-5
Non-rephrased content,Nonredundancy (content/meaning),1,QOG-c-1
Perspective Deviation (PD),__DROP__,1,AUX-Other
Poeticity,Poeticness/Non-poeticness (outputs as a whole),1,QOF-w-2
Population factuality,Factual Truth,1,QEC-c-1
Positivity,Control over Sentiment,1,QIF-w-2
positivity,Control over Sentiment,1,QIF-w-2
Presentation Quality,__DROP__,1,AUX-Other
Privacy leakage,Absence of Toxic / Harmful Content,1,QOC-c-2
Professional tone,Control over Style,1,QIF-f-2
Q,__DROP__,1,AUX-Other
QUALIFIERS,__DROP__,1,AUX-Other
Quality (good/bad),Overall Quality / Preference,1,AUX-OverallQuality
Quality improvement,__DROP__,1,AUX-Other
Quantitative Information,Informativeness,1,QOG-c-2
question complexity,Complexity/Non-complexity (outputs as a whole),1,QOF-w-3
Question Concluding,__DROP__,1,AUX-Other
Pluralistic values,Diversity/Non-diversity (content/meaning),1,QOF-c-1
pluralistic values,Diversity/Non-diversity (content/meaning),1,QOF-c-1
Persona-Behavior,Detectability of Speaker/Author Trait,1,QEF-w-5
Personal Privacy,__DROP__,1,AUX-Other
Personal and Sociocultural Circumstances,Appropriateness (outputs as a whole),1,QEG-w-2
Personalness,Detectability of Speaker/Author Trait,1,QEF-w-5
Reflection Efficiency,Ease of Communication,1,QEG-w-5.1
Reflectiveness,__DROP__,1,AUX-Other
Refusal/Compliance,Refusal Appropriateness,1,QEC-w-2
Reasoning Evidence-Based Reasoning,Semantic Correctness,1,QOC-c-1
Relational,__DROP__,1,AUX-Other
Question Relevance,Relevance to Input,1,QIG-c-3
Questioning Skills,Overall Quality / Preference,1,AUX-OverallQuality
REASON,__DROP__,1,AUX-Other
RR,__DROP__,1,AUX-Other
Reassuring,Effect on User Emotion,1,QEF-w-3
Recognition of alternative correct solutions,Factual Truth,1,QEC-c-1
Reconnecting,__DROP__,1,AUX-Other
Reference Correctness,Clarity of Referents,1,QEG-w-7
Reference correctness,Clarity of Referents,1,QEG-w-7
Refinement,Appropriateness (form),1,QEG-f-2
Racism,Absence of Bias / Stereotypes,1,QEC-c-3
Rationale Localization,__DROP__,1,AUX-Other
Realistic Threat,Absence of Toxic / Harmful Content,1,QOC-c-2
Reasonable,Coherence,1,QOG-c-3
Rewards,__DROP__,1,AUX-Other
Rhetoric,Appropriateness (content/meaning),1,QEG-c-2
Role Choice,Appropriateness of System Response Type,1,QIG-f-1
Semantic quality,Semantic Correctness,1,QOC-c-1
Self-contained,__DROP__,1,AUX-Other
self-contained,__DROP__,1,AUX-Other
Resolution,__DROP__,1,AUX-Other
Response Completeness,Absence of Omissions (relative to input),1,QIC-c-1
SEC,__DROP__,1,AUX-Other
SOC,__DROP__,1,AUX-Other
Safety (safe vs unsafe),Absence of Toxic / Harmful Content,1,QOC-c-2
Satisfy Constraint,Control over Multiple Attributes,1,QIF-w-5
Segment Quality,Overall Quality / Preference,1,AUX-OverallQuality
Relationship Type,Classification Accuracy,1,QTC-w-1
Role Knowledge,Consistency with Input,1,QIC-c-3
Role Language,Control over Style,1,QIF-f-2
Role-Adherence,Consistency with Input,1,QIC-c-3
Role-Playing Consistency,Internal Consistency of Outputs,1,QOG-c-4
Semantic Completeness,Absence of Omissions (relative to input),1,QIC-c-1
Semantic Coverage,Coverage of Topics (given in input),1,QIC-c-4
semantic coverage,Coverage of Topics (given in input),1,QIC-c-4
Skill,Overall Quality / Preference,1,AUX-OverallQuality
Skillfulness,Overall Quality / Preference,1,AUX-OverallQuality
Social Harm,Absence of Toxic / Harmful Content,1,QOC-c-2
Social Norm Adherence,Appropriateness (outputs as a whole),1,QEG-w-2
Social Norm Appropriateness,Appropriateness (outputs as a whole),1,QEG-w-2
Sexism,Absence of Bias / Stereotypes,1,QEC-c-3
Sibling Granularity,__DROP__,1,AUX-Other
Similarity between conversational tones,Similarity/Dissimilarity to Non-target Reference (outputs as a whole),1,QEF-w-1
Stabilization,__DROP__,1,AUX-Other
Standalone,Understandability,1,QOG-w-5
Start Time Rationality,__DROP__,1,AUX-Other
Societal norms,Appropriateness (content/meaning),1,QEG-c-2
Softening Sustain Talk,__DROP__,1,AUX-Other
Spatial Relations,Semantic Correctness,1,QOC-c-1
Storytelling,Coherence,1,QOG-c-3
Structural logic,Wellorderedness,1,QOG-c-3.1
Sensitivity and Openness,Empathy / Emotional Appropriateness,1,QEF-w-11
Sentiment Shift (SS),Control over Sentiment,1,QIF-w-2
style strength,Control over Style,1,QIF-f-2
Stylistic Shift (STS),Control over Style,1,QIF-f-2
stylistic consistency,Internal Consistency of Outputs,1,QOG-c-4
Sub-Issues,__DROP__,1,AUX-Other
subjectivity,__DROP__,1,AUX-Other
Suggestions,__DROP__,1,AUX-Other
Suggestions for Improvement,__DROP__,1,AUX-Other
Supportive,Empathy / Emotional Appropriateness,1,QEF-w-11
Surface-level Information,Informativeness,1,QOG-c-2
Symbolic Threat,Absence of Bias / Stereotypes,1,QEC-c-3
Target Audience Alignment,Appropriateness (outputs as a whole),1,QEG-w-2
Target Relevance,Relevance to Input,1,QIG-c-3
Temporal,__DROP__,1,AUX-Other
Temporal Error,Semantic Correctness,1,QOC-c-1
Temporal Shift (TS),__DROP__,1,AUX-Other
Unevaluatable,__DROP__,1,AUX-Other
Themes,__DROP__,1,AUX-Other
themes,__DROP__,1,AUX-Other
Time Schedule Relevance,Appropriateness (content/meaning),1,QEG-c-2
Using Pedagogical Techniques,Appropriateness (content/meaning),1,QEG-c-2
Valence,Effect on User Emotion,1,QEF-w-3
TextUtilization,Relevance to Input,1,QIG-c-3
Tool Usage,__DROP__,1,AUX-Other
Transformative,__DROP__,1,AUX-Other
Transition Naturalness,Naturalness (outputs as a whole),1,QEG-w-1
Task performance,Usefulness for Task/Information Need,1,QEG-w-3.1
Technical Accuracy of Feature Linkages,Factual Truth,1,QEC-c-1
Treatment Ability,__DROP__,1,AUX-Other
Tunisian Arabic Usage,Appropriateness (form),1,QEG-f-2
Tutor tone,Control over Style,1,QIF-f-2
Validity of Reasoning,Semantic Correctness,1,QOC-c-1
validity of reasoning,Semantic Correctness,1,QOC-c-1
Veracity Assignment,Factual Truth,1,QEC-c-1
Upvote Likelihood,User Satisfaction as Affected by Outputs,1,QEG-w-6
Urban Elements/Scenes Understanding,Factual Truth,1,QEC-c-1
Xenophobia,Detectability of Speaker/Author Trait,1,QEF-w-5
abstractness,Specificity/Non-specificity (relative to input),1,QIF-c-3
academic,Control over Style,1,QIF-f-2
action consistency,Internal Consistency of Outputs,1,QOG-c-4
action correctness,Functional Correctness,1,QEC-w-1
Violation status,Correctness of Outputs (outputs as a whole),1,QOC-w-1
Virtual Knowledge,__DROP__,1,AUX-Other
Visual Attributes,__DROP__,1,AUX-Other
World-Building and Setting,Internal Consistency of Outputs,1,QOG-c-4
Writing Quality,Overall Quality / Preference,1,AUX-OverallQuality
Writing Style Consistency,Internal Consistency of Outputs,1,QOG-c-4
Writing and Language,Overall Quality / Preference,1,AUX-OverallQuality
Use Gentle Challenges and Interpretations,Appropriateness (outputs as a whole),1,QEG-w-2
Use of Knowledge,Informativeness,1,QOG-c-2
Visual Grounding,Relevance to Input,1,QIG-c-3
visual grounding,Relevance to Input,1,QIG-c-3
Visual grounding,Relevance to Input,1,QIG-c-3
Visual quality,__DROP__,1,AUX-Other
Vulnerability presence,Functional Correctness,1,QEC-w-1
adherence to prompt,Consistency with Input,1,QIC-c-3
accuracy and adequacy of correction,Complete Target Output Matching,1,QTC-w-3
accuracy of cognitive model components,Complete Target Output Matching,1,QTC-w-3
accuracy of treatment plan,Factual Truth,1,QEC-c-1
agreement level,Effect on User Stance,1,QEF-w-7
behavioral logic,Internal Consistency of Outputs,1,QOG-c-4
biography identification,__DROP__,1,AUX-Other
biography usage,__DROP__,1,AUX-Other
ask-for-clarification,Appropriateness of System Response Type,1,QIG-f-1
attribution correctness,Factual Truth,1,QEC-c-1
Attribution Correctness,Factual Truth,1,QEC-c-1
anxiety,Effect on User Emotion,1,QEF-w-3
argument validity,Semantic Correctness,1,QOC-c-1
Commonsense Correctness,Factual Truth,1,QEC-c-1
accurate representation of source transcript,Consistency with Input,1,QIC-c-3
alignment with human preferences,User Satisfaction as Affected by Outputs,1,QEG-w-6
anger,Effect on User Emotion,1,QEF-w-3
answer quality preference,User Satisfaction as Affected by Outputs,1,QEG-w-6
aggregate article bias,Detectability of Speaker/Author Trait,1,QEF-w-5
conceptual intent,Relevance to Input,1,QIG-c-3
confidence level,__DROP__,1,AUX-Other
constraint extraction,__DROP__,1,AUX-Other
constraint violation,Consistency with Input,1,QIC-c-3
complexity level,Control over Complexity/Non-complexity (outputs as a whole),1,QIF-w-1
body size descriptions,__DROP__,1,AUX-Other
brevity,Output Length,1,QOF-f-5
characteristic phrases,__DROP__,1,AUX-Other
citation relevance,Relevance to Input,1,QIG-c-3
coding standards,Adherence to Style Guide,1,QEC-f-1
conceptual depth,Complexity/Non-complexity (content/meaning),1,QOF-c-3
Citation Support,Relative Factual Accuracy,1,QEC-c-2
citation supportiveness,Relative Factual Accuracy,1,QEC-c-2
clarity and structure,Clarity,1,QOG-w-5.1
cross-modal grounding,Quality as Explanation of Input,1,QIG-w-3
cross-turn reasoning,Degree to which Output Answers Question in Input,1,QIG-w-2
cultural relevance and sensitivity,Appropriateness (outputs as a whole),1,QEG-w-2
degree of gender bias,Absence of Bias / Stereotypes,1,QEC-c-3
contradicted,Factual Truth,1,QEC-c-1
correction,Correctness of Outputs (outputs as a whole),1,QOC-w-1
Correction,Correctness of Outputs (outputs as a whole),1,QOC-w-1
correctly_predicted_relations,Complete Target Output Matching,1,QTC-w-3
conversation strategy,Appropriateness of System Response Type,1,QIG-f-1
conversational styles,Control over Style,1,QIF-f-2
conveyance of figurative meaning,Semantic Correctness,1,QOC-c-1
cooperative,Appropriateness (outputs as a whole),1,QEG-w-2
creative problem-solving,Creativity/Non-creativity (outputs as a whole),1,QOF-w-6
conceptual clarity,Clarity,1,QOG-w-5.1
content suggestion,Usefulness for Task/Information Need,1,QEG-w-3.1
context capture,Relevance to Input,1,QIG-c-3
depth and detail,Complexity/Non-complexity (content/meaning),1,QOF-c-3
depth of explanation,Quality as Explanation of Input,1,QIG-w-3
Detectability,__DROP__,1,AUX-Other
Difference,Similarity to Target Outputs (outputs as a whole),1,QTG-w-1
direct bias,Absence of Bias / Stereotypes,1,QEC-c-3
distractor efficiency,__DROP__,1,AUX-Other
Domain relevance,Relevance to Input,1,QIG-c-3
educational value,Usefulness for Task/Information Need,1,QEG-w-3.1
emotion accuracy,Relative Factual Accuracy,1,QEC-c-2
Emotion Accuracy,Relative Factual Accuracy,1,QEC-c-2
entity presence,Absence of Omissions (relative to input),1,QIC-c-1
error location consistency,__DROP__,1,AUX-Other
error span detection,__DROP__,1,AUX-Other
emotional alignment,Control over Sentiment,1,QIF-w-2
emotional states,Effect on User Emotion,1,QEF-w-3
error type consistency,__DROP__,1,AUX-Other
enforces,__DROP__,1,AUX-Other
entailed,Consistency with Input,1,QIC-c-3
Entity,__DROP__,1,AUX-Other
fascination,Engagingness/Interestingness,1,QEF-w-10
Fascination,Engagingness/Interestingness,1,QEF-w-10
feature completeness,Absence of Omissions (relative to input),1,QIC-c-1
fee_waiver,__DROP__,1,AUX-Other
filter rationale correctness,Goodness as Explanation of System Behaviour,1,QEG-w-4
first_gen,__DROP__,1,AUX-Other
extracurricular,__DROP__,1,AUX-Other
factual inconsistency,Factual Truth,1,QEC-c-1
factual statements,__DROP__,1,AUX-Other
FOCUS,Relevance to Input,1,QIG-c-3
focus on identity,__DROP__,1,AUX-Other
gender neutrality,Absence of Bias / Stereotypes,1,QEC-c-3
generalizations,Cross-Dataset Generalisation,1,QTG-w-3
image coherence,__DROP__,1,AUX-Other
image-text matching,__DROP__,1,AUX-Other
Hate Speech,Absence of Toxic / Harmful Content,1,QOC-c-2
hierarchical clarity,Wellorderedness,1,QOG-c-3.1
Grammatical consistency,Grammaticality,1,QOC-f-1
grandstanding,Appropriateness (content/meaning),1,QEG-c-2
groundness,Factual Truth,1,QEC-c-1
holistic,Overall Quality / Preference,1,AUX-OverallQuality
human-centric alignment,User Satisfaction as Affected by Outputs,1,QEG-w-6
idiom translation,Translation Accuracy,1,QIC-w-1
idiomaticity,Naturalness (form),1,QEG-f-1
focus on negative experiences,__DROP__,1,AUX-Other
focus on transition,__DROP__,1,AUX-Other
hallucination robustness,Factual Truth,1,QEC-c-1
harm categories,Appropriateness (content/meaning),1,QEG-c-2
information sufficiency,Usefulness for Task/Information Need,1,QEG-w-3.1
Information sufficiency,Usefulness for Task/Information Need,1,QEG-w-3.1
information update,__DROP__,1,AUX-Other
incorrect location or position,Factual Truth,1,QEC-c-1
incorrect severity,Factual Truth,1,QEC-c-1
Incorrect severity,Factual Truth,1,QEC-c-1
increased polarization,Effect on User Stance,1,QEF-w-7
inspirational content,Effect on User Emotion,1,QEF-w-3
Inter-annotator agreement,__DROP__,1,AUX-Other
item difficulty,__DROP__,1,AUX-Other
item discrimination,__DROP__,1,AUX-Other
impactful,Effect on User Behaviour,1,QEF-w-2
implicit bias,Absence of Bias / Stereotypes,1,QEC-c-3
implicit offensiveness,Appropriateness (outputs as a whole),1,QEG-w-2
inclusion of negative clinical details,Factual Truth,1,QEC-c-1
inclusion of positive clinical details,Factual Truth,1,QEC-c-1
misinformation detection capability,__DROP__,1,AUX-Other
misinterpretation,Clarity,1,QOG-w-5.1
misleadingness,Factual Truth,1,QEC-c-1
jailbroken,__DROP__,1,AUX-Other
linking accuracy,Cohesiveness,1,QOG-c-3.2
Listening,__DROP__,1,AUX-Other
logical entailment,Consistency with Input,1,QIC-c-3
logical relation,Cohesiveness,1,QOG-c-3.2
laconicity,Nonredundancy (form),1,QOG-f-1
maladaptive cognitions,Absence of Toxic / Harmful Content,1,QOC-c-2
memory recall,__DROP__,1,AUX-Other
mention of a comparison not present in referenced impression,Absence of Additions (relative to input),1,QIC-c-2
Overall Ranking,Overall Quality / Preference,1,AUX-OverallQuality
Paraphrase,Similarity/Dissimilarity to Input (outputs as a whole),1,QIF-w-4
physician preference,User Satisfaction as Affected by Outputs,1,QEG-w-6
political affiliation,Detectability of Speaker/Author Trait,1,QEF-w-5
noise,Correctness of Outputs (outputs as a whole),1,QOC-w-1
novelty of ideas,Creativity/Non-creativity (outputs as a whole),1,QOF-w-6
Objectivity,Absence of Bias / Stereotypes,1,QEC-c-3
natural,Naturalness (outputs as a whole),1,QEG-w-1
naturalness of topic shift,Coherence,1,QOG-c-3
negates,Semantic Correctness,1,QOC-c-1
opinionized speech,Detectability of Speaker/Author Stance,1,QEF-w-4
no hallucination,Absence of Additions (relative to input),1,QIC-c-2
overall offensiveness,Absence of Toxic / Harmful Content,1,QOC-c-2
overall preference/quality,Overall Quality / Preference,1,AUX-OverallQuality
mathematical rigor,Factual Truth,1,QEC-c-1
multi-hop reasoning,Complexity/Non-complexity (content/meaning),1,QOF-c-3
narrative orientation,__DROP__,1,AUX-Other
narrative similarity,Similarity/Dissimilarity to Non-target Reference (content/meaning),1,QEF-c-1
performance_context,Appropriateness (outputs as a whole),1,QEG-w-2
race or ethnicity descriptions,Absence of Bias / Stereotypes,1,QEC-c-3
ranking,__DROP__,1,AUX-Other
rationale quality,Quality as Explanation of Input,1,QIG-w-3
receptivity consistency,Internal Consistency of Outputs,1,QOG-c-4
reference fragments,__DROP__,1,AUX-Other
reference quality,__DROP__,1,AUX-Other
reference to reliable sources,Factual Truth,1,QEC-c-1
refusal to respond,Refusal Appropriateness,1,QEC-w-2
political leaning,Detectability of Speaker/Author Stance,1,QEF-w-4
quest usage,__DROP__,1,AUX-Other
perceptual quality,Naturalness (outputs as a whole),1,QEG-w-1
Semantic,Semantic Correctness,1,QOC-c-1
Reusability,__DROP__,1,AUX-Other
stance consistency,Internal Consistency of Outputs,1,QOG-c-4
recall of diagnosis,Absence of Omissions (relative to input),1,QIC-c-1
rule violation,Adherence to Syntactic Rules,1,QEC-f-2
school_type,__DROP__,1,AUX-Other
respectful,Appropriateness (outputs as a whole),1,QEG-w-2
Self-Containment,Nonredundancy (content/meaning),1,QOG-c-1
Self-containment,Nonredundancy (content/meaning),1,QOG-c-1
real/fake classification,Non-AI Likeness,1,QOG-w-4.2
Style accuracy,Adherence to Style Guide,1,QEC-f-1
style alignment,Control over Style,1,QIF-f-2
ses_compensates,Absence of Bias / Stereotypes,1,QEC-c-3
severity label correctness,Classification Accuracy,1,QTC-w-1
social understanding,__DROP__,1,AUX-Other
Social Understanding,__DROP__,1,AUX-Other
textual tone of voice consistency,Internal Consistency of Outputs,1,QOG-c-4
timing of topic shift,Wellorderedness,1,QOG-c-3.1
topic uniqueness,Nonredundancy (content/meaning),1,QOG-c-1
total_predicted_relations,__DROP__,1,AUX-Other
terminology consistency,Internal Consistency of Outputs,1,QOG-c-4
text-image coherence,Consistency with Input,1,QIC-c-3
text-image relevance,Relevance to Input,1,QIG-c-3
state and attitude,__DROP__,1,AUX-Other
status,__DROP__,1,AUX-Other
strength,__DROP__,1,AUX-Other
structural balance,__DROP__,1,AUX-Other
structural integrity,Coherence,1,QOG-c-3
uncertainty,__DROP__,1,AUX-Other
Uncertainty,__DROP__,1,AUX-Other
user engagement,Engagingness/Interestingness,1,QEF-w-10
User Engagement,Engagingness/Interestingness,1,QEF-w-10
variety,Diversity/Non-diversity (outputs as a whole),1,QOF-w-1
video relevance,Relevance to Input,1,QIG-c-3
visual clarity,Clarity,1,QOG-w-5.1
utility preservation,Usefulness for Task/Information Need,1,QEG-w-3.1
value alignment,Effect on User Stance,1,QEF-w-7
value reinforcement (supporter perspective),Detectability of Speaker/Author Stance,1,QEF-w-4
summarization quality,Usefulness for Task/Information Need,1,QEG-w-3.1
syntax,Grammaticality,1,QOC-f-1
targeted,Appropriateness (outputs as a whole),1,QEG-w-2
tendency to reinforce or correct false claims,Effect on User Opinion,1,QEF-w-6
translationese,Naturalness (outputs as a whole),1,QEG-w-1
task fulfillment,Usefulness for Task/Information Need,1,QEG-w-3.1
type of added information,__DROP__,1,AUX-Other
unacceptable,Overall Quality / Preference,1,AUX-OverallQuality
A1: asking correct clarifying questions,Functional Correctness,1,QEC-w-1
A3: correct final answer,Degree to which Output Answers Question in Input,1,QIG-w-2
AAE Features,__DROP__,1,AUX-Other
ASR error correction,Pronunciation Accuracy,1,QOC-f-3
Abstract Structure,Adherence to Style Guide,1,QEC-f-1
Abstraction,Specificity/Non-specificity (relative to input),1,QIF-c-3
Abusive nature,Appropriateness (content/meaning),1,QEG-c-2
Accuracy of abnormalities description,Factual Truth,1,QEC-c-1
worry,Effect on User Emotion,1,QEF-w-3
writing style,Control over Style,1,QIF-f-2
zip,__DROP__,1,AUX-Other
#Turns,__DROP__,1,AUX-Other
#Yes responses,__DROP__,1,AUX-Other
Acknowledgement,Appropriateness (outputs as a whole),1,QEG-w-2
acknowledgement,Appropriateness (outputs as a whole),1,QEG-w-2
Acknowledgment (show empathy),Empathy / Emotional Appropriateness,1,QEF-w-11
Action parameters,__DROP__,1,AUX-Other
Absence of harmful content,Absence of Toxic / Harmful Content,1,QOC-c-2
Absence of offensive/unethical content,Absence of Toxic / Harmful Content,1,QOC-c-2
Accuracy of reliance,Relative Factual Accuracy,1,QEC-c-2
Accuracy of spatial estimates (δ≤2 metric),Factual Truth,1,QEC-c-1
Accuracy of conditions,Consistency with Input,1,QIC-c-3
Accuracy of narrative time estimation,Factual Truth,1,QEC-c-1
Accurate text-to-speech synthesis,Pronunciation Accuracy,1,QOC-f-3
Academic style improvement,Control over Style,1,QIF-f-2
Acceptability thresholds for evaluative expressions,__DROP__,1,AUX-Other
Acceptance of the Suggestions,User Satisfaction as Affected by Outputs,1,QEG-w-6
Action reason identification accuracy,Classification Accuracy,1,QTC-w-1
Action types,__DROP__,1,AUX-Other
Activity Competence,Usefulness for Task/Information Need,1,QEG-w-3.1
Added Information correctness,Factual Truth,1,QEC-c-1
Addition (uninformative),Nonredundancy (content/meaning),1,QOG-c-1
Adequate,Relevance to Input,1,QIG-c-3
Adversarialness,__DROP__,1,AUX-Other
Advocating Violence,Absence of Toxic / Harmful Content,1,QOC-c-2
Aesthetic,Poeticness/Non-poeticness (outputs as a whole),1,QOF-w-2
Aesthetic score,Poeticness/Non-poeticness (outputs as a whole),1,QOF-w-2
Adoptability,System Usability as Affected by Outputs,1,QEG-w-5
Adversarial Modification,__DROP__,1,AUX-Other
Age,Detectability of Speaker/Author Trait,1,QEF-w-5
Agency vs communion,Detectability of Speaker/Author Trait,1,QEF-w-5
Agent Importance,Detectability of Speaker/Author Trait,1,QEF-w-5
Alignment with Concept Definition,Consistency with Input,1,QIC-c-3
Agent ranking,__DROP__,1,AUX-Other
Aggregation Satisfaction,User Satisfaction as Affected by Outputs,1,QEG-w-6
Agreement marker correctness,Grammaticality,1,QOC-f-1
Agreement rate between human and LLM evaluation,__DROP__,1,AUX-Other
Alignment with actual future,Factual Truth,1,QEC-c-1
Alignment with discourse relation,Consistency with Input,1,QIC-c-3
Amount of Summary Space Given to Topic,Coverage of Topics (given in input),1,QIC-c-4
Analogy,__DROP__,1,AUX-Other
Analysis,__DROP__,1,AUX-Other
Ambiguity Detection,__DROP__,1,AUX-Other
Ambiguity Handling,Clarity,1,QOG-w-5.1
ambiguity resolution,Clarity,1,QOG-w-5.1
Ambiguous concept,__DROP__,1,AUX-Other
Anchoring,__DROP__,1,AUX-Other
Annotation quality agreement,__DROP__,1,AUX-Other
Annotation speed,__DROP__,1,AUX-Other
Annotator confidence,__DROP__,1,AUX-Other
Alignment with known sound changes,Pronunciation Accuracy,1,QOC-f-3
Alignment with population-level human perceptions of uncertainty expressions,Detectability of Speaker/Author Stance,1,QEF-w-4
Alignment with real social media blogger style,Similarity/Dissimilarity to Non-target Reference (form),1,QEF-f-1
Answer reasoning effectiveness,Coherence,1,QOG-c-3
Answer-span,__DROP__,1,AUX-Other
Alignment with user preferences,User Satisfaction as Affected by Outputs,1,QEG-w-6
Answer Consistency,Internal Consistency of Outputs,1,QOG-c-4
Answer completeness,Absence of Omissions (relative to input),1,QIC-c-1
Answer derived from rationale,Consistency with Input,1,QIC-c-3
Answer directionality,__DROP__,1,AUX-Other
Argument support,Coherence,1,QOG-c-3
Argumentativeness,__DROP__,1,AUX-Other
argumentativeness,__DROP__,1,AUX-Other
Appropriateness of metaphoric vs. non-metaphoric classification,Classification Accuracy,1,QTC-w-1
Appropriateness of translation,Translation Accuracy,1,QIC-w-1
Appeal strategy alignment,Control over Multiple Attributes,1,QIF-w-5
Applicability to generative language models,__DROP__,1,AUX-Other
Approachability,Appropriateness (outputs as a whole),1,QEG-w-2
Appropriate Perspective,Appropriateness (content/meaning),1,QEG-c-2
Artifacts Level,Correctness of Outputs (outputs as a whole),1,QOC-w-1
Artistic qualities,Poeticness/Non-poeticness (outputs as a whole),1,QOF-w-2
Aspect Term Translation,Translation Accuracy,1,QIC-w-1
Argument for both sides,Absence of Omissions (relative to input),1,QIC-c-1
Argument for one side,Consistency with Input,1,QIC-c-3
Answerability using context,Answerability from Input,1,QIG-c-1
Anthology Potential,__DROP__,1,AUX-Other
Antisocial,Detectability of Speaker/Author Trait,1,QEF-w-5
Apolitical nature,Detectability of Speaker/Author Trait,1,QEF-w-5
Appeal,Engagingness/Interestingness,1,QEF-w-10
Attention to detail in reasoning,Coherence,1,QOG-c-3
Attitude toward AI,__DROP__,1,AUX-Other
Attribute Polarity Ranking,__DROP__,1,AUX-Other
Avoiding external knowledge,Absence of Additions (relative to input),1,QIC-c-2
assessment effectiveness,Usefulness for Task/Information Need,1,QEG-w-3.1
Audio Dependence,__DROP__,1,AUX-Other
Audio Quality,Speech Quality,1,QOG-f-2
Audio understanding,__DROP__,1,AUX-Other
Authorship identification,Detectability of Speaker/Author Trait,1,QEF-w-5
Average Turns,__DROP__,1,AUX-Other
average turns,__DROP__,1,AUX-Other
Attribute adherence,Control over Multiple Attributes,1,QIF-w-5
Attribute validity,Consistency with Input,1,QIC-c-3
Argument correctness,Correctness of Outputs (outputs as a whole),1,QOC-w-1
Association of demographic groups with attributes,Absence of Bias / Stereotypes,1,QEC-c-3
Atmosphere,__DROP__,1,AUX-Other
Attack validity,Correctness of Outputs (outputs as a whole),1,QOC-w-1
Axes Labeling Correctness,Consistency with Input,1,QIC-c-3
BLC vs non-BLC classification,Classification Accuracy,1,QTC-w-1
Background Consistency of Image,Internal Consistency of Outputs,1,QOG-c-4
Background Integration,Coherence,1,QOG-c-3
Best,Overall Quality / Preference,1,AUX-OverallQuality
Best Sentence,Overall Quality / Preference,1,AUX-OverallQuality
Best response selection,Overall Quality / Preference,1,AUX-OverallQuality
Better Answer,Degree to which Output Answers Question in Input,1,QIG-w-2
Bad,Overall Quality / Preference,1,AUX-OverallQuality
Bad Math,Semantic Correctness,1,QOC-c-1
Balance,Diversity/Non-diversity (content/meaning),1,QOF-c-1
Black Sounding,Detectability of Speaker/Author Trait,1,QEF-w-5
Bounding box precision,__DROP__,1,AUX-Other
Bragging Intensity,Detectability of Speaker/Author Trait,1,QEF-w-5
Bragging Success,Effect on User Opinion,1,QEF-w-6
Branch density,Complexity/Non-complexity (outputs as a whole),1,QOF-w-3
Brevity Errors,Nonredundancy (form),1,QOG-f-1
Basic property ratings,__DROP__,1,AUX-Other
Behavior errors,Functional Correctness,1,QEC-w-1
Benefit Capture,__DROP__,1,AUX-Other
Better English,Fluency,1,QOG-w-3
Bias avoidance,Absence of Bias / Stereotypes,1,QEC-c-3
bias presence,Absence of Bias / Stereotypes,1,QEC-c-3
bias type,__DROP__,1,AUX-Other
Binary task completion,Functional Correctness,1,QEC-w-1
CEFR level matching,Control over Complexity/Non-complexity (form),1,QIF-f-1
Can't tell,__DROP__,1,AUX-Other
Candidate favorability,Effect on User Stance,1,QEF-w-7
Category consistency,Internal Consistency of Outputs,1,QOG-c-4
Category-Question Alignment,Relevance to Input,1,QIG-c-3
Character Arc,__DROP__,1,AUX-Other
Calculation Error,Semantic Correctness,1,QOC-c-1
calculation error,Semantic Correctness,1,QOC-c-1
Calculation Errors,Semantic Correctness,1,QOC-c-1
Camera,__DROP__,1,AUX-Other
Causality Accuracy,Factual Truth,1,QEC-c-1
Causality Type Accuracy,Factual Truth,1,QEC-c-1
Challenged the Counselor,Effect on User Stance,1,QEF-w-7
CircE,Semantic Correctness,1,QOC-c-1
Circumstance Error,Semantic Correctness,1,QOC-c-1
Circumstance Error (CircE),Semantic Correctness,1,QOC-c-1
Chart Data Correctness,Factual Truth,1,QEC-c-1
Change of Plans,Effect on User Behaviour,1,QEF-w-2
Character Preservation,Consistency with Input,1,QIC-c-3
Character valence,Control over Sentiment,1,QIF-w-2
Characterization,Detectability of Speaker/Author Trait,1,QEF-w-5
Checklist quality,Absence of Omissions (relative to input),1,QIC-c-1
Choice Agreement,Classification Accuracy,1,QTC-w-1
Character Attractiveness,Detectability of Speaker/Author Trait,1,QEF-w-5
Character Encoding,__DROP__,1,AUX-Other
Change Talk Exploration,Effect on User Behaviour,1,QEF-w-2
Change of Meaning,Similarity/Dissimilarity to Input (content/meaning),1,QIF-c-2
Clustering equivalence,__DROP__,1,AUX-Other
Clarity of the Research Topic and Purpose,Clarity,1,QOG-w-5.1
Clarity of the Theme,Clarity,1,QOG-w-5.1
Climax,__DROP__,1,AUX-Other
City,__DROP__,1,AUX-Other
Civility,Appropriateness (outputs as a whole),1,QEG-w-2
Claim verifiability,Factual Truth,1,QEC-c-1
Clarification (resolve ambiguity),Quality as Explanation of Input,1,QIG-w-3
Clarification (verify understanding),Appropriateness of System Response Type,1,QIG-f-1
Clarity Errors,Clarity,1,QOG-w-5.1
Clarity and fluency,__DROP__,1,AUX-Other
Clarity improvement,Clarity,1,QOG-w-5.1
Clustering accuracy,Classification Accuracy,1,QTC-w-1
Chart Type Validation,Consistency with Input,1,QIC-c-3
Citeworthiness,__DROP__,1,AUX-Other
Clear Distinctions,Clarity,1,QOG-w-5.1
Clear alignment with user's initial intent or goal throughout conversation,Usefulness for Task/Information Need,1,QEG-w-3.1
Cohen Kappa agreement,__DROP__,1,AUX-Other
Cohen's Kappa,__DROP__,1,AUX-Other
Cohen's kappa inter-annotator agreement,__DROP__,1,AUX-Other
Coherence & Fluency,__DROP__,1,AUX-Other
Clinical misinterpretation,Semantic Correctness,1,QOC-c-1
Clinical specifics,__DROP__,1,AUX-Other
Classification consistency,__DROP__,1,AUX-Other
Code-Switching,__DROP__,1,AUX-Other
Cognitive abilities,__DROP__,1,AUX-Other
Commonsense Violation,Factual Truth,1,QEC-c-1
Commonsense compliance,Factual Truth,1,QEC-c-1
Coherence label alignment,Classification Accuracy,1,QTC-w-1
Coherence or Consistency Error,Coherence,1,QOG-c-3
Coherence to Song Prompt,Consistency with Input,1,QIC-c-3
Collaborativeness,__DROP__,1,AUX-Other
Column header-value match,Consistency with Input,1,QIC-c-3
Competence,__DROP__,1,AUX-Other
competence,__DROP__,1,AUX-Other
Coherence & Reasoning,Coherence,1,QOG-c-3
code comments,Informativeness,1,QOG-c-2
Conditionality,__DROP__,1,AUX-Other
Conditioned CS,__DROP__,1,AUX-Other
Conflict label (Conflicting),__DROP__,1,AUX-Other
Complete inference,Correctness of Outputs (outputs as a whole),1,QOC-w-1
Compliance correctness,Functional Correctness,1,QEC-w-1
Completion of all subtasks,Correctness of Outputs (outputs as a whole),1,QOC-w-1
Completeness of reason identification,Absence of Omissions (relative to input),1,QIC-c-1
Comprehension accuracy,Degree to which Output Answers Question in Input,1,QIG-w-2
Concealment,__DROP__,1,AUX-Other
Conceptual Confusion,Semantic Correctness,1,QOC-c-1
Conceptual,__DROP__,1,AUX-Other
Content Error,Semantic Correctness,1,QOC-c-1
Content Relevance Errors,Relevance to Input,1,QIG-c-3
Content Replication,Similarity/Dissimilarity to Input (content/meaning),1,QIF-c-2
Consistent queries,Internal Consistency of Outputs,1,QOG-c-4
Conflict label (Non-conflicting),__DROP__,1,AUX-Other
Conformity,Adherence to Style Guide,1,QEC-f-1
Conciseness & Non-Redundancy,Nonredundancy (output as a whole),1,QOG-w-1
Concision,Nonredundancy (output as a whole),1,QOG-w-1
Consistent,Internal Consistency of Outputs,1,QOG-c-4
Confused Placeholders,Correctness of Outputs (outputs as a whole),1,QOC-w-1
Considered the protagonist's mental state,Appropriateness (content/meaning),1,QEG-c-2
Consistency and coherency,Coherence,1,QOG-c-3
Content description,__DROP__,1,AUX-Other
Content Divergence,Similarity/Dissimilarity to Input (content/meaning),1,QIF-c-2
Content Addition,Absence of Additions (relative to input),1,QIC-c-2
Content support,Absence of Omissions (relative to input),1,QIC-c-1
content support,Absence of Omissions (relative to input),1,QIC-c-1
Context (implicature errors),Semantic Correctness,1,QOC-c-1
Context Clueing,Clarity,1,QOG-w-5.1
Content match,Meaning Accuracy,1,QTC-c-1
Context Dependency,__DROP__,1,AUX-Other
Context Diversity,Diversity/Non-diversity (outputs as a whole),1,QOF-w-1
Context Fluency,Fluency,1,QOG-w-3
Context Specificity,Specificity/Non-specificity (relative to input),1,QIF-c-3
Context gathering,__DROP__,1,AUX-Other
Contextual compatibility,Appropriateness (outputs as a whole),1,QEG-w-2
Contingency,Coherence,1,QOG-c-3
Contingency relation,Semantic Correctness,1,QOC-c-1
Conversational Alignment,Relevance to Input,1,QIG-c-3
Control Success,Control over Multiple Attributes,1,QIF-w-5
Conversation Coherency,Coherence,1,QOG-c-3
Conversation quality,Overall Quality / Preference,1,AUX-OverallQuality
Convincingness likelihood,__DROP__,1,AUX-Other
Copy,Similarity/Dissimilarity to Input (form),1,QIF-f-4
Copy from prefix,Similarity/Dissimilarity to Input (form),1,QIF-f-4
Copy without reasoning,Absence of Additions (relative to input),1,QIC-c-2
Core medical concepts usage,Absence of Omissions (relative to input),1,QIC-c-1
Conversational Insightfulness,Informativeness,1,QOG-c-2
Control Accuracy,Control over Multiple Attributes,1,QIF-w-5
Control Relevance,Relevance to Input,1,QIG-c-3
Correct mention of wa,Absence of Omissions (relative to input),1,QIC-c-1
Correct mention of wp,Absence of Omissions (relative to input),1,QIC-c-1
Correct reasoning with traceability,Quality as Explanation of Input,1,QIG-w-3
Correct&Unseen,Correctness of Outputs (outputs as a whole),1,QOC-w-1
Correct (Idiomatic),Semantic Correctness,1,QOC-c-1
Correct Answer Prevention of Guesswork,Clarity,1,QOG-w-5.1
Correct Answer Relevance,Relevance to Input,1,QIG-c-3
Correct Formula/Algorithm,Correctness of Outputs (outputs as a whole),1,QOC-w-1
Correct S,Correctness of Outputs (outputs as a whole),1,QOC-w-1
Correct article selection,Grammaticality,1,QOC-f-1
Correct mention of Sa,Absence of Omissions (relative to input),1,QIC-c-1
Correct mention of Sp,Absence of Omissions (relative to input),1,QIC-c-1
CorefE,Semantic Correctness,1,QOC-c-1
Coreference Error,Semantic Correctness,1,QOC-c-1
Coreference Error (CorefE),Semantic Correctness,1,QOC-c-1
Coreference Information,__DROP__,1,AUX-Other
Coreference Resolution Accuracy,Parse Accuracy (with references),1,QTC-w-6
coreference resolution accuracy,Parse Accuracy (with references),1,QTC-w-6
Correct reasoning without traceability,Semantic Correctness,1,QOC-c-1
"Correct reasoning, incorrect number",Correctness of Outputs (outputs as a whole),1,QOC-w-1
Correct use of definitions/instances,Semantic Correctness,1,QOC-c-1
Correctness of answers,Complete Target Output Matching,1,QTC-w-3
correctness of answers,Complete Target Output Matching,1,QTC-w-3
Correctness of counterfactual representation,Relative Factual Accuracy,1,QEC-c-2
Correctness of legal elements,Factual Truth,1,QEC-c-1
Counter-speech,Absence of Bias / Stereotypes,1,QEC-c-3
Counting,Factual Truth,1,QEC-c-1
Country,__DROP__,1,AUX-Other
Correction Agreement,Complete Target Output Matching,1,QTC-w-3
Correctness of Reasons,Factual Truth,1,QEC-c-1
Critical analysis,__DROP__,1,AUX-Other
cross-sentence coreference resolution,__DROP__,1,AUX-Other
Cultural Value,Appropriateness (content/meaning),1,QEG-c-2
Cultural adaptability,Appropriateness (content/meaning),1,QEG-c-2
Correctness of variable inclusion,Absence of Omissions (relative to input),1,QIC-c-1
Correlation,__DROP__,1,AUX-Other
correlation,__DROP__,1,AUX-Other
Correlation with GPT-4o scores,__DROP__,1,AUX-Other
Cosine Similarity,__DROP__,1,AUX-Other
Count accuracy,__DROP__,1,AUX-Other
Correctness of masked name,Complete Word Matching,1,QTC-w-3.1
Correctness of modification,Consistency with Input,1,QIC-c-3
Correctness of probability translation,Translation Accuracy,1,QIC-w-1
Criteria Relevance,Relevance to Input,1,QIG-c-3
Cultural Adaptation,Appropriateness (outputs as a whole),1,QEG-w-2
Definition accuracy,Factual Truth,1,QEC-c-1
Degeneration,Nonredundancy (output as a whole),1,QOG-w-1
Dataset correctness,__DROP__,1,AUX-Other
"Dataset quality (prompt diversity, error category assignment, question-answer separation)",__DROP__,1,AUX-Other
Cultural authenticity,Appropriateness (outputs as a whole),1,QEG-w-2
cultural authenticity,Appropriateness (outputs as a whole),1,QEG-w-2
Cultural compatibility,Appropriateness (outputs as a whole),1,QEG-w-2
Cultural norms,Appropriateness (outputs as a whole),1,QEG-w-2
Cultural-inheritance,Appropriateness (outputs as a whole),1,QEG-w-2
Data Quality,__DROP__,1,AUX-Other
Data quality,__DROP__,1,AUX-Other
Data transparency,__DROP__,1,AUX-Other
Data trust,__DROP__,1,AUX-Other
Dataset Diversity,__DROP__,1,AUX-Other
Defeasibility,__DROP__,1,AUX-Other
Deficiency,Correctness of Outputs (outputs as a whole),1,QOC-w-1
Cultural Meaning,Appropriateness (content/meaning),1,QEG-c-2
Cultural Representation,Appropriateness (outputs as a whole),1,QEG-w-2
DATE_DIMENSION,__DROP__,1,AUX-Other
dangerousness,Absence of Toxic / Harmful Content,1,QOC-c-2
Data Accuracy and Alignment,Relative Factual Accuracy,1,QEC-c-2
Deal Achievement,Usefulness for Task/Information Need,1,QEG-w-3.1
Deception,Factual Truth,1,QEC-c-1
Decision Consistency,Internal Consistency of Outputs,1,QOG-c-4
decision consistency,Internal Consistency of Outputs,1,QOG-c-4
Desired Feedback,Effect on User Behaviour,1,QEF-w-2
Detached Hallucinations,Factual Truth,1,QEC-c-1
detail level,Complexity/Non-complexity (content/meaning),1,QOF-c-3
Detail-Consistency,Internal Consistency of Outputs,1,QOG-c-4
Deletion Operation,Nonredundancy (content/meaning),1,QOG-c-1
Deletion quality,Nonredundancy (content/meaning),1,QOG-c-1
Derivability,Coherence,1,QOG-c-3
Describe more than Direct,Informativeness,1,QOG-c-2
Decision Efficiency,Task Completion Speed,1,QEG-w-5.2
Demeaning,Appropriateness (content/meaning),1,QEG-c-2
Degree of Target Attribute Transfer,Control over Multiple Attributes,1,QIF-w-5
Disambiguation Accuracy,Meaning Accuracy,1,QTC-c-1
Discontinuity,Coherence,1,QOG-c-3
Discourse,__DROP__,1,AUX-Other
Discourse Link Error (LinkE),Meaning Accuracy,1,QTC-c-1
Discourse Marker,Cohesiveness,1,QOG-c-3.2
Dialectness,Naturalness (form),1,QEG-f-1
Dialog Engagement,Engagingness/Interestingness,1,QEF-w-10
Dialogue Experience,Overall Quality / Preference,1,AUX-OverallQuality
Detoxification,Absence of Toxic / Harmful Content,1,QOC-c-2
Dialect Expression,Control over Style,1,QIF-f-2
Difference in modification,__DROP__,1,AUX-Other
Differential,__DROP__,1,AUX-Other
Direction,__DROP__,1,AUX-Other
Directive correctness (structural similarity),Conformance to Syntactic Structure (given in input),1,QIC-f-1
Distractor Differentiation,Diversity/Non-diversity (outputs as a whole),1,QOF-w-1
Distractor Format,__DROP__,1,AUX-Other
Distractor Length,Output Length,1,QOF-f-5
Discriminativeness,Diversity/Non-diversity (outputs as a whole),1,QOF-w-1
Discussion Summary Faithfulness,Consistency with Input,1,QIC-c-3
Diction,Appropriateness (form),1,QEG-f-2
Dietary constraint compliance,Functional Correctness,1,QEC-w-1
Difference Caption Accuracy,Complete Word Matching,1,QTC-w-3.1
Distractor Plausibility,Semantic Correctness,1,QOC-c-1
distractor plausibility,Semantic Correctness,1,QOC-c-1
Distractor Relation,Semantic Correctness,1,QOC-c-1
Distractor Variation,Diversity/Non-diversity (content/meaning),1,QOF-c-1
Distractor inclusion,Absence of Omissions (relative to input),1,QIC-c-1
Distortion,Consistency with Input,1,QIC-c-3
Discourse Relation,Coherence,1,QOG-c-3
Discourse Relations,Coherence,1,QOG-c-3
Discrimination Index,__DROP__,1,AUX-Other
Dialogue flow,Coherence,1,QOG-c-3
Distinctiveness,Diversity/Non-diversity (outputs as a whole),1,QOF-w-1
Diversity Score,Diversity/Non-diversity (outputs as a whole),1,QOF-w-1
Diversity of Shape Types,Diversity/Non-diversity (form),1,QOF-f-1
Document Quality,Overall Quality / Preference,1,AUX-OverallQuality
Echo Chamber,__DROP__,1,AUX-Other
ES Proficiency,__DROP__,1,AUX-Other
Early Exit Progress,__DROP__,1,AUX-Other
Effect-direction,__DROP__,1,AUX-Other
Effectiveness Error,Functional Correctness,1,QEC-w-1
Element Coverage Ratio,__DROP__,1,AUX-Other
Emotion Enhancement Comparison,Effect on User Emotion,1,QEF-w-3
Edit Correctness,Absence of Omissions (relative to input),1,QIC-c-1
Education Strategy,__DROP__,1,AUX-Other
Ease of Error Identification,Clarity,1,QOG-w-5.1
"Emphasize concrete, actionable, and measurable goals",__DROP__,1,AUX-Other
Empty/Ellipsis,__DROP__,1,AUX-Other
Entailment quality,Meaning Accuracy,1,QTC-c-1
Emotion Selection Comparison,Classification Accuracy,1,QTC-w-1
Emotion Strength Test,Effect on User Emotion,1,QEF-w-3
Emotion and Behavior Evaluation,Effect on User Behaviour,1,QEF-w-2
Emotion and Sensitivity,Appropriateness (outputs as a whole),1,QEG-w-2
Emotion-politeness consistency,Internal Consistency of Outputs,1,QOG-c-4
Emotional Intelligence,Empathy / Emotional Appropriateness,1,QEF-w-11
Emotional Tension,__DROP__,1,AUX-Other
Emotional Understanding,Empathy / Emotional Appropriateness,1,QEF-w-11
Empathy correctness,Empathy / Emotional Appropriateness,1,QEF-w-11
Emphasis identification,__DROP__,1,AUX-Other
Emotion Identification Test,__DROP__,1,AUX-Other
Emotion Improvement,Effect on User Emotion,1,QEF-w-3
Embodiment,__DROP__,1,AUX-Other
Emotion Discrimination Test,__DROP__,1,AUX-Other
Emotion Enhancement Accuracy,Control over Sentiment,1,QIF-w-2
Engagement Preference,Engagingness/Interestingness,1,QEF-w-10
English correctness,Correctness of Outputs (outputs as a whole),1,QOC-w-1
Environmental Alert,__DROP__,1,AUX-Other
Equation Preservation,Absence of Omissions (relative to input),1,QIC-c-1
Equation Relevance,Relevance to Input,1,QIG-c-3
Entailment/Refutation verification,Meaning Accuracy,1,QTC-c-1
Entertaining/witty/thoughtful,Engagingness/Interestingness,1,QEF-w-10
Emotional authenticity,Detectability of Speaker/Author Trait,1,QEF-w-5
Empathetic,Empathy / Emotional Appropriateness,1,QEF-w-11
Empathy Sticker,__DROP__,1,AUX-Other
Empathy Text,Empathy / Emotional Appropriateness,1,QEF-w-11
Encyclopedic,Appropriateness (content/meaning),1,QEG-c-2
Engage client and ask pertinent questions,__DROP__,1,AUX-Other
Engagement Index,Engagingness/Interestingness,1,QEF-w-10
Ethical Safety,__DROP__,1,AUX-Other
ethical safety,__DROP__,1,AUX-Other
Error Propagation,__DROP__,1,AUX-Other
Error Recovery,__DROP__,1,AUX-Other
error recovery,__DROP__,1,AUX-Other
Entity-error,Semantic Correctness,1,QOC-c-1
EntityE,Semantic Correctness,1,QOC-c-1
Environment,Appropriateness (outputs as a whole),1,QEG-w-2
Environment/Context,Appropriateness (outputs as a whole),1,QEG-w-2
Error Types,__DROP__,1,AUX-Other
Equivocation,Clarity,1,QOG-w-5.1
Entity Linking Error,Semantic Correctness,1,QOC-c-1
Entity Resolution,__DROP__,1,AUX-Other
Evocation,Engagingness/Interestingness,1,QEF-w-10
Event,__DROP__,1,AUX-Other
Event Integrity,Semantic Correctness,1,QOC-c-1
Event saliency,__DROP__,1,AUX-Other
Event-level Similarity,Similarity to Target Outputs (content/meaning),1,QTG-c-1
ethicality,Absence of Bias / Stereotypes,1,QEC-c-3
Evoking Change Talk,Effect on User Stance,1,QEF-w-7
Exact location name,Complete Word Matching,1,QTC-w-3.1
Exact target phrase presence,Complete Word Matching,1,QTC-w-3.1
Evidence relevance,Relevance to Input,1,QIG-c-3
Evident Baseless Info,Factual Truth,1,QEC-c-1
Error reflection in perturbation,__DROP__,1,AUX-Other
Error span accuracy,__DROP__,1,AUX-Other
Error types analysis,__DROP__,1,AUX-Other
Excellent,Overall Quality / Preference,1,AUX-OverallQuality
Expectation intervals matching evaluative polarity,Control over Sentiment,1,QIF-w-2
Expertise Quality,Detectability of Speaker/Author Trait,1,QEF-w-5
Explainability,Goodness as Explanation of System Behaviour,1,QEG-w-4
explainability,Goodness as Explanation of System Behaviour,1,QEG-w-4
Explanation Validity,__DROP__,1,AUX-Other
Explanation fidelity,Goodness as Explanation of System Behaviour,1,QEG-w-4
Expressed in Text,__DROP__,1,AUX-Other
Explanation parsing correctness,Parse Accuracy (reference-less),1,QIG-w-1
Explicit Supported,__DROP__,1,AUX-Other
Expressed emotions,__DROP__,1,AUX-Other
FRS,__DROP__,1,AUX-Other
Fact Content,Factual Truth,1,QEC-c-1
Fact Contradiction,Factual Truth,1,QEC-c-1
Fact Usage,Factual Truth,1,QEC-c-1
Expressiveness and Coherence,Coherence,1,QOG-c-3
Extension of Ideas Beyond the Given Passage,Creativity/Non-creativity (outputs as a whole),1,QOF-w-6
External citations,__DROP__,1,AUX-Other
Extraction correctness,Complete Target Output Matching,1,QTC-w-3
extraction correctness,Complete Target Output Matching,1,QTC-w-3
Extrinsic Error,Performance of an Embedding/Downstream System/Component,1,QEG-w-8
Extrinsic Information,Absence of Toxic / Harmful Content,1,QOC-c-2
extrinsic information,Absence of Toxic / Harmful Content,1,QOC-c-2
F1 intersection between predicted and correct answer span (for SQuAD),__DROP__,1,AUX-Other
Factual Completeness,Absence of Omissions (relative to input),1,QIC-c-1
Fact completeness,Absence of Omissions (relative to input),1,QIC-c-1
Fact vs opinion,__DROP__,1,AUX-Other
False Attribution,Factual Truth,1,QEC-c-1
Fairness and Consistency,__DROP__,1,AUX-Other
Feature incorporation,Absence of Omissions (relative to input),1,QIC-c-1
Feedback Style,Control over Style,1,QIF-f-2
Feedback incorporation,Absence of Omissions (relative to input),1,QIC-c-1
Feedback quality,Overall Quality / Preference,1,AUX-OverallQuality
Faithfulness to Claim,Consistency with Input,1,QIC-c-3
Faithfulness to Evidence,Relative Factual Accuracy,1,QEC-c-2
Faithfulness to Hate Speech,Similarity/Dissimilarity to Non-target Reference (content/meaning),1,QEF-c-1
Fake fictional entities,Factual Truth,1,QEC-c-1
Flip Rate,__DROP__,1,AUX-Other
Fluency/Coherence,__DROP__,1,AUX-Other
Feeling of voice,Detectability of Speaker/Author Trait,1,QEF-w-5
Feelings or opinions,__DROP__,1,AUX-Other
Final answer correction,Correctness of Outputs (outputs as a whole),1,QOC-w-1
Final rating (1-5),Overall Quality / Preference,1,AUX-OverallQuality
Fit to article,Similarity/Dissimilarity to Non-target Reference (content/meaning),1,QEF-c-1
Flashback Accuracy,Meaning Accuracy,1,QTC-c-1
Fidelity-W,__DROP__,1,AUX-Other
Font Style Similarity,Similarity/Dissimilarity to Non-target Reference (form),1,QEF-f-1
Formatting Errors,Adherence to Style Guide,1,QEC-f-1
Fusion,__DROP__,1,AUX-Other
GPS coordinates,Factual Truth,1,QEC-c-1
Gender-Age Consistency,Internal Consistency of Outputs,1,QOG-c-4
Framing,Goodness as Explanation of System Behaviour,1,QEG-w-4
Function fairness,Absence of Bias / Stereotypes,1,QEC-c-3
Function transparency,Goodness as Explanation of System Behaviour,1,QEG-w-4
Function trust,Functional Correctness,1,QEC-w-1
Fun,Humorousness/Non-humorousness,1,QOF-w-5
Form errors,Correctness of Outputs (outputs as a whole),1,QOC-w-1
Formality/Code-mixing level,Formality/Informality,1,QOF-f-4
Formalization Correctness,Parse Accuracy (with references),1,QTC-w-6
Format Adherence,Adherence to Style Guide,1,QEC-f-1
Gap Acknowledgment,Factual Truth,1,QEC-c-1
Gender,Absence of Bias / Stereotypes,1,QEC-c-3
gender,Absence of Bias / Stereotypes,1,QEC-c-3
Gender Stereotypes,Absence of Bias / Stereotypes,1,QEC-c-3
Generation Format Error,Correctness of Outputs (outputs as a whole),1,QOC-w-1
Gender assignment,Classification Accuracy,1,QTC-w-1
Gender perception agreement,Detectability of Speaker/Author Trait,1,QEF-w-5
Gender representation,Absence of Bias / Stereotypes,1,QEC-c-3
Good response percentage,Overall Quality / Preference,1,AUX-OverallQuality
Good/Bad judgment,Overall Quality / Preference,1,AUX-OverallQuality
Goal congruence,Relevance to Input,1,QIG-c-3
Goal sensitivity,Relevance to Input,1,QIG-c-3
Generation in a related language,__DROP__,1,AUX-Other
Generic frame relatedness,Similarity/Dissimilarity to Non-target Reference (content/meaning),1,QEF-c-1
Gibberish Detection,Correctness of Outputs (outputs as a whole),1,QOC-w-1
Good opening speech,Appropriateness (outputs as a whole),1,QEG-w-2
Globally Irrelevant Slide,Relevance to Input,1,QIG-c-3
Goal Description Quality,Clarity,1,QOG-w-5.1
Gold answer quality,__DROP__,1,AUX-Other
Good Faith,Appropriateness (outputs as a whole),1,QEG-w-2
Graph Representation,__DROP__,1,AUX-Other
Graph quality,__DROP__,1,AUX-Other
Group reference,__DROP__,1,AUX-Other
Guess,__DROP__,1,AUX-Other
Grammar and Fluency,__DROP__,1,AUX-Other
Grammar and fluency,__DROP__,1,AUX-Other
grammar and fluency,__DROP__,1,AUX-Other
Grammar and Usage,__DROP__,1,AUX-Other
GramE,Grammaticality,1,QOC-f-1
Granular,__DROP__,1,AUX-Other
Grounded,Factual Truth,1,QEC-c-1
grounded,Factual Truth,1,QEC-c-1
Group framing,Absence of Bias / Stereotypes,1,QEC-c-3
Granular Consistency,Internal Consistency of Outputs,1,QOG-c-4
graph coherence,Coherence,1,QOG-c-3
Graph Correctness,Correctness of Outputs (outputs as a whole),1,QOC-w-1
Goal understanding,Appropriateness of System Response Type,1,QIG-f-1
Goal validity,Consistency with Input,1,QIC-c-3
Grammar and vocabulary,Correctness of Outputs (outputs as a whole),1,QOC-w-1
Grammar/Spelling,Correctness of Outputs (outputs as a whole),1,QOC-w-1
Grammar and Content Quality,Correctness of Outputs (outputs as a whole),1,QOC-w-1
Harmful intent,Absence of Toxic / Harmful Content,1,QOC-c-2
Harmfulness rating,Appropriateness (outputs as a whole),1,QEG-w-2
Harmless query,Appropriateness (outputs as a whole),1,QEG-w-2
Harmonicity,Coherence,1,QOG-c-3
Hallucination Category,Factual Truth,1,QEC-c-1
Hallucinated Entities,Factual Truth,1,QEC-c-1
hallucinated entities,Factual Truth,1,QEC-c-1
Hallucinated Relations,Factual Truth,1,QEC-c-1
hallucinated relations,Factual Truth,1,QEC-c-1
Hallucination type classification (category),__DROP__,1,AUX-Other
Hard NEI,Refusal Appropriateness,1,QEC-w-2
Harmful,Absence of Toxic / Harmful Content,1,QOC-c-2
HIPAA applicability,Adherence to Style Guide,1,QEC-f-1
HIT@1,__DROP__,1,AUX-Other
HalE,__DROP__,1,AUX-Other
Hallucinated,Factual Truth,1,QEC-c-1
Hint,__DROP__,1,AUX-Other
Hints Used,__DROP__,1,AUX-Other
Helpfulness & Instruction-Following,Usefulness for Task/Information Need,1,QEG-w-3.1
Historical information comprehensiveness and accuracy,Factual Truth,1,QEC-c-1
History required,Absence of Omissions (relative to input),1,QIC-c-1
Honorific preference,Appropriateness (form),1,QEG-f-2
Human conversational alignment,Humanlikeness,1,QOG-w-4
Human vs AI author identification,Detectability of Speaker/Author Trait,1,QEF-w-5
Human vs AI classification,Detectability of Speaker/Author Trait,1,QEF-w-5
Hallucination Orientation,__DROP__,1,AUX-Other
Hallucination detection (binary),__DROP__,1,AUX-Other
Hallucination identification,__DROP__,1,AUX-Other
Hateful Intent Preservation,__DROP__,1,AUX-Other
Hierarchical relation,Parse Accuracy (with references),1,QTC-w-6
High-overlapping non-translatable text,Translation Accuracy,1,QIC-w-1
Highly misleading,Factual Truth,1,QEC-c-1
Hop Match,__DROP__,1,AUX-Other
Human Guess Accuracy,Detectability of Speaker/Author Trait,1,QEF-w-5
Human Intervention,__DROP__,1,AUX-Other
Human Overall impression,Overall Quality / Preference,1,AUX-OverallQuality
Human Performance,Usefulness for Task/Information Need,1,QEG-w-3.1
Human vs Bot classification,Detectability of Speaker/Author Trait,1,QEF-w-5
Human vs machine classification,Detectability of Speaker/Author Trait,1,QEF-w-5
Human-origin,Humanlikeness,1,QOG-w-4
Human-written vs machine-distorted detection,Detectability of Speaker/Author Trait,1,QEF-w-5
Hyperbolicity,__DROP__,1,AUX-Other
Hypothesis Faithfulness,Consistency with Input,1,QIC-c-3
Hypothesis completeness,Absence of Omissions (relative to input),1,QIC-c-1
IILN,__DROP__,1,AUX-Other
IRSO,__DROP__,1,AUX-Other
Identification of Misleading Spans,Factual Truth,1,QEC-c-1
Identifies impactful aesthetic elements,__DROP__,1,AUX-Other
Ignore,__DROP__,1,AUX-Other
Image-Instruction Relevance,Relevance to Input,1,QIG-c-3
Identification time,Task Completion Speed,1,QEG-w-5.2
Ignoring Demographic Characteristics,Absence of Bias / Stereotypes,1,QEC-c-3
Illustrations,__DROP__,1,AUX-Other
Implicit Need Alignment,Usefulness for Task/Information Need,1,QEG-w-3.1
Implicit Supported,__DROP__,1,AUX-Other
Image-Text,__DROP__,1,AUX-Other
Image-response,__DROP__,1,AUX-Other
Image-text correlation,__DROP__,1,AUX-Other
Immorality,Absence of Toxic / Harmful Content,1,QOC-c-2
Impersonation,Detectability of Speaker/Author Trait,1,QEF-w-5
Imprecise Answer,Specificity/Non-specificity (relative to input),1,QIF-c-3
Improvement Areas Selection,__DROP__,1,AUX-Other
In-group relevance,Appropriateness (outputs as a whole),1,QEG-w-2
Included (neighboring sub-concept),__DROP__,1,AUX-Other
Including (neighboring parent concept),Absence of Omissions (relative to input),1,QIC-c-1
Incomplete Element,Absence of Omissions (relative to input),1,QIC-c-1
Incomplete branches,Absence of Omissions (relative to input),1,QIC-c-1
Incorrect (Hallucination),Factual Truth,1,QEC-c-1
Incorrect (Relevant),Factual Truth,1,QEC-c-1
Incorrect Argument Type,Semantic Correctness,1,QOC-c-1
Incorrect Definitions,Factual Truth,1,QEC-c-1
Incomplete fact identification,Relative Factual Accuracy,1,QEC-c-2
Incompleteness,Absence of Omissions (relative to input),1,QIC-c-1
Incorrectness to the Constraint,Consistency with Input,1,QIC-c-3
Independence,Diversity/Non-diversity (outputs as a whole),1,QOF-w-1
Informational bias,Absence of Bias / Stereotypes,1,QEC-c-3
Information Conveyance,Clarity,1,QOG-w-5.1
Information Precision,Semantic Correctness,1,QOC-c-1
Information Safety,Appropriateness (content/meaning),1,QEG-c-2
Independent CS,__DROP__,1,AUX-Other
Incorrect name,__DROP__,1,AUX-Other
Incorrect slot mentions,Sequence Labelling Accuracy,1,QTC-w-2
Information Support,Usefulness for Task/Information Need,1,QEG-w-3.1
Information non-leakage,__DROP__,1,AUX-Other
Information selection,__DROP__,1,AUX-Other
Inferability,Clarity,1,QOG-w-5.1
Initiating Capability,Effect on User Behaviour,1,QEF-w-2
Inoffensiveness,Absence of Toxic / Harmful Content,1,QOC-c-2
Insightful for decision process,Usefulness for Task/Information Need,1,QEG-w-3.1
Instance difficulty,__DROP__,1,AUX-Other
Intelligence,Overall Quality / Preference,1,AUX-OverallQuality
Intended Meaning,Semantic Correctness,1,QOC-c-1
Instruction-Related,Relevance to Input,1,QIG-c-3
Instruction-Unrelated,Relevance to Input,1,QIG-c-3
Intention Following,Consistency with Input,1,QIC-c-3
Inter-Table Relevance,Coherence,1,QOG-c-3
Inter-annotator reliability,__DROP__,1,AUX-Other
Intent Coverage Rate,Absence of Omissions (relative to input),1,QIC-c-1
Intent Identification,Classification Accuracy,1,QTC-w-1
instructional adaptation effectiveness,Relevance to Input,1,QIG-c-3
Insufficient Classification,__DROP__,1,AUX-Other
Insufficient Interaction Coverage,__DROP__,1,AUX-Other
Intimacy,Detectability of Speaker/Author Trait,1,QEF-w-5
Interpretiveness,Understandability,1,QOG-w-5
Interrogative Sentence,__DROP__,1,AUX-Other
Interesting/Creative,Engagingness/Interestingness,1,QEF-w-10
Interaction Experience,__DROP__,1,AUX-Other
Interaction Quality,__DROP__,1,AUX-Other
Interaction Rounds,__DROP__,1,AUX-Other
Interpersonal Behavior Correctness,Functional Correctness,1,QEC-w-1
Intent following,Consistency with Input,1,QIC-c-3
Interactiveness,__DROP__,1,AUX-Other
interactivity,__DROP__,1,AUX-Other
Intersection,__DROP__,1,AUX-Other
Intervention,Effect on User Behaviour,1,QEF-w-2
Invented,Absence of Additions (relative to input),1,QIC-c-2
Invisibility,Non-AI Likeness,1,QOG-w-4.2
IoU,__DROP__,1,AUX-Other
Knowledge Existence,__DROP__,1,AUX-Other
Key Events,Absence of Omissions (relative to input),1,QIC-c-1
Keyword correctness,Inclusion of Keywords (given in input),1,QIC-f-2
Issue-specific frame relatedness,Relevance to Input,1,QIG-c-3
Jailbreak detection accuracy,Classification Accuracy,1,QTC-w-1
Irrelevant Content,Relevance to Input,1,QIG-c-3
Is Appositive,__DROP__,1,AUX-Other
IsCentralClaim,Relevance to Input,1,QIG-c-3
IsCheckWorthy,__DROP__,1,AUX-Other
IsMalicious,Absence of Toxic / Harmful Content,1,QOC-c-2
Lack of Alternatives,Diversity/Non-diversity (outputs as a whole),1,QOF-w-1
Lack of Relevance to Harmful Question,Refusal Appropriateness,1,QEC-w-2
Language Understanding,__DROP__,1,AUX-Other
Knowledge of Theorem,Relative Factual Accuracy,1,QEC-c-2
Known words,Appropriateness (form),1,QEG-f-2
Knowledge Quality,Factual Truth,1,QEC-c-1
Label Ambiguity,__DROP__,1,AUX-Other
Label agreement,Classification Accuracy,1,QTC-w-1
label agreement,Classification Accuracy,1,QTC-w-1
Label certainty,__DROP__,1,AUX-Other
Label preservation,Consistency with Input,1,QIC-c-3
Label-Consistency,Consistency with Input,1,QIC-c-3
KP Precision,Meaning Accuracy,1,QTC-c-1
KP Recall,Meaning Accuracy,1,QTC-c-1
LAcc,Classification Accuracy,1,QTC-w-1
LCR,__DROP__,1,AUX-Other
knowledge grounding,Relative Factual Accuracy,1,QEC-c-2
Language Consistency,Internal Consistency of Outputs,1,QOG-c-4
Language Delivery,Fluency,1,QOG-w-3
Language Originality and Diversity,Diversity/Non-diversity (outputs as a whole),1,QOF-w-1
Layout articulation,__DROP__,1,AUX-Other
Legal Accuracy,Factual Truth,1,QEC-c-1
Legal Meaning Preservation,Consistency with Input,1,QIC-c-3
Legal/Contextual Understanding,__DROP__,1,AUX-Other
Less Toxic,Absence of Toxic / Harmful Content,1,QOC-c-2
Latency,__DROP__,1,AUX-Other
Layout Organization,Appropriateness (form),1,QEG-f-2
Lewdness,Absence of Toxic / Harmful Content,1,QOC-c-2
Lexical Change,Similarity/Dissimilarity to Input (form),1,QIF-f-4
Lexical bias,Absence of Bias / Stereotypes,1,QEC-c-3
Lexical errors,Semantic Correctness,1,QOC-c-1
Listening-effort,Speed of Understanding,1,QOG-w-5.1.1
Literal,Poeticness/Non-poeticness (content/meaning),1,QOF-c-2
Likelihood of accepting prediction,Effect on User Behaviour,1,QEF-w-2
Likeness,Humanlikeness,1,QOG-w-4
LinkE,__DROP__,1,AUX-Other
Linguistic Accuracy,Correctness of Outputs (outputs as a whole),1,QOC-w-1
Linguistic Error,Correctness of Outputs (outputs as a whole),1,QOC-w-1
List precision,__DROP__,1,AUX-Other
List recall,Absence of Omissions (relative to input),1,QIC-c-1
Listener/inquisitive,Detectability of Speaker/Author Trait,1,QEF-w-5
Listening and Empathy,Detectability of Speaker/Author Trait,1,QEF-w-5
Life Information,__DROP__,1,AUX-Other
Lightweight Pyramid score,__DROP__,1,AUX-Other
Likeability,User Satisfaction as Affected by Outputs,1,QEG-w-6
Link Error,Correctness of Outputs (outputs as a whole),1,QOC-w-1
Logical errors,Semantic Correctness,1,QOC-c-1
logical errors,Semantic Correctness,1,QOC-c-1
Logical operator usage,Semantic Correctness,1,QOC-c-1
Long-Answer Adequacy,Degree to which Output Answers Question in Input,1,QIG-w-2
Logical Rigor,Semantic Correctness,1,QOC-c-1
logical rigor,Semantic Correctness,1,QOC-c-1
Loss,__DROP__,1,AUX-Other
Loudness balance,Speech Quality,1,QOG-f-2
Low-Quality Reasoning and Planning,Coherence,1,QOG-c-3
MCQ option quality,__DROP__,1,AUX-Other
Likert rating,__DROP__,1,AUX-Other
Literal Comprehension,Understandability,1,QOG-w-5
Literal Translation,Translation Accuracy,1,QIC-w-1
Malevolence,Detectability of Speaker/Author Trait,1,QEF-w-5
Malicious intent,Detectability of Speaker/Author Trait,1,QEF-w-5
Major Accuracy/Omission,Absence of Omissions (relative to input),1,QIC-c-1
METAPHORICITY,Poeticness/Non-poeticness (outputs as a whole),1,QOF-w-2
Metaphoricity,Poeticness/Non-poeticness (outputs as a whole),1,QOF-w-2
METEOR,__DROP__,1,AUX-Other
MP correctness,Complete Target Output Matching,1,QTC-w-3
Match preference,Overall Quality / Preference,1,AUX-OverallQuality
Matching Rate,Complete Target Output Matching,1,QTC-w-3
Melody-Lyric Compatibility,Internal Consistency of Outputs,1,QOG-c-4
Major Setback,__DROP__,1,AUX-Other
Logically Correct,Semantic Correctness,1,QOC-c-1
Logically Incorrect,Semantic Correctness,1,QOC-c-1
Memory-injection Ability,__DROP__,1,AUX-Other
Meaning-preserving phrasing differences,Consistency with Input,1,QIC-c-3
Meaningfulness of dialogue content,Appropriateness (content/meaning),1,QEG-c-2
Medical Harmfulness,Absence of Toxic / Harmful Content,1,QOC-c-2
Mathematical expression correctness,Factual Truth,1,QEC-c-1
Meaning Adequacy,Meaning Accuracy,1,QTC-c-1
Metaphorical Effectiveness,Informativeness,1,QOG-c-2
Method name appropriateness,Appropriateness (form),1,QEG-f-2
Metric correctness,__DROP__,1,AUX-Other
Mental Demand,Ease of Communication,1,QEG-w-5.1
Mental demand,Ease of Communication,1,QEG-w-5.1
mental demand,Ease of Communication,1,QEG-w-5.1
Mental Health Scores,__DROP__,1,AUX-Other
Missing,Absence of Omissions (relative to input),1,QIC-c-1
Missing Element,Absence of Omissions (relative to input),1,QIC-c-1
Missing Information,Absence of Omissions (relative to input),1,QIC-c-1
Missing Information/Reference about Event/Object (RefE),Absence of Omissions (relative to input),1,QIC-c-1
Missing comparandum,Absence of Omissions (relative to input),1,QIC-c-1
Merging decision for clusters,__DROP__,1,AUX-Other
Mid-Generation Collapse,__DROP__,1,AUX-Other
Min-Edits,__DROP__,1,AUX-Other
Mini-story presence,Poeticness/Non-poeticness (content/meaning),1,QOF-c-2
Minimal shortcut information,Nonredundancy (content/meaning),1,QOG-c-1
Minor similarity,__DROP__,1,AUX-Other
Mirrored Challenging Aspects,__DROP__,1,AUX-Other
Mis-Referencing,Semantic Correctness,1,QOC-c-1
Miss-corrections,Correctness of Outputs (outputs as a whole),1,QOC-w-1
Misinformation Accommodated,Factual Truth,1,QEC-c-1
Misinformation Rejected,Factual Truth,1,QEC-c-1
Mispronounced/Incorrect characters,Correctness of Outputs (outputs as a whole),1,QOC-w-1
Modality,__DROP__,1,AUX-Other
Modality-conflicting,Internal Consistency of Outputs,1,QOG-c-4
Model failure detection,__DROP__,1,AUX-Other
Missing variables,Absence of Omissions (relative to input),1,QIC-c-1
Mistranslation distinction,__DROP__,1,AUX-Other
Mocking,__DROP__,1,AUX-Other
Modern-adaptability,__DROP__,1,AUX-Other
Moral Identification,__DROP__,1,AUX-Other
"Moral foundation relevance (Authority, Care, Fairness, Loyalty, Purity)",__DROP__,1,AUX-Other
Missing correct answer annotations,Meaning Accuracy,1,QTC-c-1
Missing fact identification,Meaning Accuracy,1,QTC-c-1
Missing reasoning,Meaning Accuracy,1,QTC-c-1
Moral rationale presence,__DROP__,1,AUX-Other
Morality,__DROP__,1,AUX-Other
Motion,__DROP__,1,AUX-Other
Motivational interviewing,__DROP__,1,AUX-Other
Multiple Recollection,__DROP__,1,AUX-Other
NON_ENGLISH,__DROP__,1,AUX-Other
NSFW,Appropriateness (outputs as a whole),1,QEG-w-2
NVC/VC communication types,__DROP__,1,AUX-Other
Name (named entities),Semantic Correctness,1,QOC-c-1
Name patterns,__DROP__,1,AUX-Other
Named Entity Translation,Translation Accuracy,1,QIC-w-1
Named entity error,Semantic Correctness,1,QOC-c-1
Naming,Clarity of Referents,1,QEG-w-7
Narrative,__DROP__,1,AUX-Other
Narrative Completeness,__DROP__,1,AUX-Other
Multi-hop,__DROP__,1,AUX-Other
multi-hop,__DROP__,1,AUX-Other
Multi-turn Coherence,Coherence,1,QOG-c-3
Negative regard,Detectability of Speaker/Author Stance,1,QEF-w-4
Negative sentiment,__DROP__,1,AUX-Other
Negotiation Equity,Absence of Bias / Stereotypes,1,QEC-c-3
Necessity,Nonredundancy (content/meaning),1,QOG-c-1
Morphological correctness,Grammaticality,1,QOC-f-1
morphological correctness,Grammaticality,1,QOC-f-1
Morphological errors,Grammaticality,1,QOC-f-1
Natural Hallucinations,Factual Truth,1,QEC-c-1
Natural pauses,Speech Quality,1,QOG-f-2
Naturalness and Fluency,Overall Quality / Preference,1,AUX-OverallQuality
Naturalness of Keyword,Naturalness (form),1,QEG-f-1
Naturalness of turn-taking,Naturalness (outputs as a whole),1,QEG-w-1
Nature,Naturalness (outputs as a whole),1,QEG-w-1
Needs Google,__DROP__,1,AUX-Other
NegE,Semantic Correctness,1,QOC-c-1
Negation for previous output from itself,Internal Consistency of Outputs,1,QOG-c-4
New Information,Informativeness,1,QOG-c-2
new information,Informativeness,1,QOG-c-2
No Conclusion (NC),Absence of Additions (relative to input),1,QIC-c-2
Non-toxicity relevance,Absence of Toxic / Harmful Content,1,QOC-c-2
Non-translatable content,Translation Accuracy,1,QIC-w-1
Non-verifiable hallucinations,Factual Truth,1,QEC-c-1
None of the above,__DROP__,1,AUX-Other
No-misleading,Factual Truth,1,QEC-c-1
Necessity of multimodal context,__DROP__,1,AUX-Other
Needs Caution,__DROP__,1,AUX-Other
No Match,Complete Target Output Matching,1,QTC-w-3
No Strategy,Coherence,1,QOG-c-3
Not Checkable (impractical facts),__DROP__,1,AUX-Other
Not Enough Information,Absence of Omissions (relative to input),1,QIC-c-1
Not Match,Complete Target Output Matching,1,QTC-w-3
Negotiation performance,Usefulness for Task/Information Need,1,QEG-w-3.1
Neighborhood,__DROP__,1,AUX-Other
Node Accuracy,Parse Accuracy (with references),1,QTC-w-6
Node Content Accuracy,Parse Accuracy (with references),1,QTC-w-6
Norm C,__DROP__,1,AUX-Other
Non-Verifiable,__DROP__,1,AUX-Other
Non-inference,__DROP__,1,AUX-Other
non-overlap,__DROP__,1,AUX-Other
Not a language,__DROP__,1,AUX-Other
Novelty/Serendipity,Creativity/Non-creativity (outputs as a whole),1,QOF-w-6
nuance,__DROP__,1,AUX-Other
Nuanced Meaning Shift,Similarity/Dissimilarity to Input (content/meaning),1,QIF-c-2
Nuanced emotional transitions,__DROP__,1,AUX-Other
Number,Grammaticality,1,QOC-f-1
"Number (ordinal, cardinal, etc)",Grammaticality,1,QOC-f-1
Object Affordance,__DROP__,1,AUX-Other
Object Localization and Inference,__DROP__,1,AUX-Other
Object Recognition,__DROP__,1,AUX-Other
Number Preservation,Absence of Omissions (relative to input),1,QIC-c-1
Number of Attempts,__DROP__,1,AUX-Other
Number of Shapes,__DROP__,1,AUX-Other
Number of planning rounds,__DROP__,1,AUX-Other
Object hallucination,Absence of Additions (relative to input),1,QIC-c-2
Object state reasonableness,Factual Truth,1,QEC-c-1
Objective Description,__DROP__,1,AUX-Other
Number of submissions,__DROP__,1,AUX-Other
O-simplicity,Complexity/Non-complexity (outputs as a whole),1,QOF-w-3
Obfuscation,Clarity,1,QOG-w-5.1
Oscillatory Hallucinations,Factual Truth,1,QEC-c-1
Offensiveness Level,Appropriateness (outputs as a whole),1,QEG-w-2
Omission Degree,Absence of Omissions (relative to input),1,QIC-c-1
Omission of communication/followup,Absence of Omissions (relative to input),1,QIC-c-1
Omission of comparison,Absence of Omissions (relative to input),1,QIC-c-1
Opinion-clarity,Clarity,1,QOG-w-5.1
Opponent modeling,__DROP__,1,AUX-Other
Opportunity,__DROP__,1,AUX-Other
Opposite,__DROP__,1,AUX-Other
Opinion,Effect on User Opinion,1,QEF-w-6
Option validity,Correctness of Outputs (outputs as a whole),1,QOC-w-1
Originality/Creativity,Creativity/Non-creativity (outputs as a whole),1,QOF-w-6
Offending User,Appropriateness (outputs as a whole),1,QEG-w-2
Offensive,Appropriateness (outputs as a whole),1,QEG-w-2
Omissions,Absence of Omissions (relative to input),1,QIC-c-1
Opinion consensus,__DROP__,1,AUX-Other
Over-reliance on Visual Information,__DROP__,1,AUX-Other
Over-specified,Specificity/Non-specificity (relative to input),1,QIF-c-3
Overall API call correctness,Functional Correctness,1,QEC-w-1
Out-of-scope,Relevance to Input,1,QIG-c-3
Outcome,__DROP__,1,AUX-Other
Outdated hallucinations,Factual Truth,1,QEC-c-1
Outdatedness,Factual Truth,1,QEC-c-1
Output Quality,Overall Quality / Preference,1,AUX-OverallQuality
Over Simplification,Complexity/Non-complexity (outputs as a whole),1,QOF-w-3
Over-Applies,__DROP__,1,AUX-Other
Omission of finding/interpretation,Absence of Omissions (relative to input),1,QIC-c-1
Other (nonsensical text),__DROP__,1,AUX-Other
Other Error (OthE),Correctness of Outputs (outputs as a whole),1,QOC-w-1
Others,__DROP__,1,AUX-Other
Out-of-Bound Element,Absence of Additions (relative to input),1,QIC-c-2
Overall Perceived Quality,Overall Quality / Preference,1,AUX-OverallQuality
Overall adequacy,Absence of Omissions (relative to input),1,QIC-c-1
overall adequacy,Absence of Omissions (relative to input),1,QIC-c-1
Overall conversation quality,Overall Quality / Preference,1,AUX-OverallQuality
overall conversation quality,Overall Quality / Preference,1,AUX-OverallQuality
Overall Chart Data Quality,__DROP__,1,AUX-Other
Overall therapeutic effectiveness,Overall Quality / Preference,1,AUX-OverallQuality
Overclaim,Factual Truth,1,QEC-c-1
Overfitting,Cross-Dataset Generalisation,1,QTG-w-3
Overgeneration,Nonredundancy (output as a whole),1,QOG-w-1
Overlap,__DROP__,1,AUX-Other
Overview Score,Overall Quality / Preference,1,AUX-OverallQuality
Overall Experience,Overall Quality / Preference,1,AUX-OverallQuality
Overall experience,Overall Quality / Preference,1,AUX-OverallQuality
Overall Fit,Appropriateness (outputs as a whole),1,QEG-w-2
Overall narration quality ranking,Overall Quality / Preference,1,AUX-OverallQuality
Partial overlap,Similarity to Target Outputs (outputs as a whole),1,QTG-w-1
Partially Correct,Correctness of Outputs (outputs as a whole),1,QOC-w-1
Particulars Error,Semantic Correctness,1,QOC-c-1
Partner Contradiction,Consistency with Input,1,QIC-c-3
Passage Dependence,Relevance to Input,1,QIG-c-3
Partial inference,Semantic Correctness,1,QOC-c-1
ParE,__DROP__,1,AUX-Other
Passage Independence,Clarity,1,QOG-w-5.1
Passage Reference Avoidance,Adherence to Style Guide,1,QEC-f-1
Passage completeness,Absence of Omissions (relative to input),1,QIC-c-1
Own Voice,Detectability of Speaker/Author Trait,1,QEF-w-5
PICO,Absence of Omissions (relative to input),1,QIC-c-1
PII leakage,Absence of Toxic / Harmful Content,1,QOC-c-2
Paraphrasing Variety,Diversity/Non-diversity (outputs as a whole),1,QOF-w-1
Perceived influence,Effect on User Behaviour,1,QEF-w-2
Perception Error,Understandability,1,QOG-w-5
Performance,Overall Quality / Preference,1,AUX-OverallQuality
Performance gap investigation,__DROP__,1,AUX-Other
Personal,__DROP__,1,AUX-Other
Phonetic plausibility,Speech Quality,1,QOG-f-2
Physical Demand,System Usability as Affected by Outputs,1,QEG-w-5
Physical actions,Effect on User Behaviour,1,QEF-w-2
Physical harm,Absence of Toxic / Harmful Content,1,QOC-c-2
Pitch,Speech Quality,1,QOG-f-2
pitch,Speech Quality,1,QOG-f-2
Pedagogical value,Usefulness for Task/Information Need,1,QEG-w-3.1
Perceived Truth,__DROP__,1,AUX-Other
Perceived aggressiveness,Detectability of Speaker/Author Trait,1,QEF-w-5
Perceived collaboration,Detectability of Speaker/Author Trait,1,QEF-w-5
Patch correctness,Correctness of Outputs (outputs as a whole),1,QOC-w-1
Policy Consistency,Consistency with Input,1,QIC-c-3
Politeness Correctness,Appropriateness (form),1,QEG-f-2
Politeness correctness,Appropriateness (form),1,QEG-f-2
Potential Social Context,__DROP__,1,AUX-Other
Perspective Diversity,Diversity/Non-diversity (content/meaning),1,QOF-c-1
Persuasion level,Effect on User Stance,1,QEF-w-7
Perturbation validity,__DROP__,1,AUX-Other
Point of No Return,__DROP__,1,AUX-Other
Plot Completeness,Absence of Omissions (relative to input),1,QIC-c-1
Placement of TOW sequences,Wellorderedness,1,QOG-c-3.1
Potential as immediate teaching resources,Usefulness for Task/Information Need,1,QEG-w-3.1
Positive stereotype presence,Absence of Bias / Stereotypes,1,QEC-c-3
Positive-Negative Aspect,__DROP__,1,AUX-Other
Post-editing accuracy (HTER),Complete Word Matching,1,QTC-w-3.1
Post-editing effort,System Usability as Affected by Outputs,1,QEG-w-5
Population,__DROP__,1,AUX-Other
Position Error,Factual Truth,1,QEC-c-1
Positive Tone,Control over Sentiment,1,QIF-w-2
Political leaning change,Effect on User Stance,1,QEF-w-7
Practicality of the Content,Usefulness for Task/Information Need,1,QEG-w-3.1
Pre-Failure Step Success Rate,Functional Correctness,1,QEC-w-1
Preachiness Intensity,Formality/Informality,1,QOF-f-4
PredE,__DROP__,1,AUX-Other
Preference Agreement,User Satisfaction as Affected by Outputs,1,QEG-w-6
Preference Information,__DROP__,1,AUX-Other
Preference selection,Overall Quality / Preference,1,AUX-OverallQuality
Preferences,Overall Quality / Preference,1,AUX-OverallQuality
Predicate Error (PredE),Semantic Correctness,1,QOC-c-1
Predicate Search Error,Correctness of Outputs (outputs as a whole),1,QOC-w-1
Predicate usage,__DROP__,1,AUX-Other
Presence of political position,__DROP__,1,AUX-Other
Presence of positive/negative words,Control over Sentiment,1,QIF-w-2
Presence of newly introduced bias,Absence of Bias / Stereotypes,1,QEC-c-3
Premises correct,Factual Truth,1,QEC-c-1
Preposition usage,Grammaticality,1,QOC-f-1
Prerequisite adequacy,Usefulness for Task/Information Need,1,QEG-w-3.1
Presence of Failure Modes,Correctness of Outputs (outputs as a whole),1,QOC-w-1
ProE,__DROP__,1,AUX-Other
Probability of meaning given utterance,Clarity,1,QOG-w-5.1
Presupposition,Consistency with Input,1,QIC-c-3
Prevalence,__DROP__,1,AUX-Other
Presence of Fear,__DROP__,1,AUX-Other
Presence of all correct key/value pairs (for NER),Sequence Labelling Accuracy,1,QTC-w-2
Principle Following,Adherence to Style Guide,1,QEC-f-1
Privacy leakage level,__DROP__,1,AUX-Other
Privacy preservation,__DROP__,1,AUX-Other
Pyramid Score,__DROP__,1,AUX-Other
QA,__DROP__,1,AUX-Other
Pronoun Consistency,Internal Consistency of Outputs,1,QOG-c-4
pronoun consistency,Internal Consistency of Outputs,1,QOG-c-4
Pronoun Ellipsis,Grammaticality,1,QOC-f-1
Pronoun Error,Grammaticality,1,QOC-f-1
Progression,Wellorderedness,1,QOG-c-3.1
Professionality,Appropriateness (outputs as a whole),1,QEG-w-2
Problem-Solving Relevance,Usefulness for Task/Information Need,1,QEG-w-3.1
Profanity Detection,__DROP__,1,AUX-Other
Pun,Humorousness/Non-humorousness,1,QOF-w-5
Pun Success,Humorousness/Non-humorousness,1,QOF-w-5
Psychological Complexity,Complexity/Non-complexity (outputs as a whole),1,QOF-w-3
Quality (authenticity),Humanlikeness,1,QOG-w-4
Quality Control,__DROP__,1,AUX-Other
Quality as structured draft materials,__DROP__,1,AUX-Other
Quality of Alternatives,__DROP__,1,AUX-Other
Professional Capability Evaluation,Usefulness for Task/Information Need,1,QEG-w-3.1
Professional background alignment,Appropriateness (form),1,QEG-f-2
Progress Completeness,Absence of Omissions (relative to input),1,QIC-c-1
Pronoun usage,Grammaticality,1,QOC-f-1
Proof Correctness,Semantic Correctness,1,QOC-c-1
proof correctness,Semantic Correctness,1,QOC-c-1
Propaganda influence,Effect on User Stance,1,QEF-w-7
Proper point allocation,__DROP__,1,AUX-Other
Prosody Errors,Pronunciation Accuracy,1,QOC-f-3
Quality of Re-planning Rationale,Goodness as Explanation of System Behaviour,1,QEG-w-4
Quality of local and global dialogues,Overall Quality / Preference,1,AUX-OverallQuality
Quality progression,__DROP__,1,AUX-Other
ROUGE,__DROP__,1,AUX-Other
Range accuracy,__DROP__,1,AUX-Other
Question-Insight Completeness,Absence of Omissions (relative to input),1,QIC-c-1
questioning effectiveness,Usefulness for Task/Information Need,1,QEG-w-3.1
Quotes/News-Reporting,__DROP__,1,AUX-Other
ROT relevance to Cultural Atlas,Similarity/Dissimilarity to Non-target Reference (content/meaning),1,QEF-c-1
Quantifier accuracy,Complete Target Output Matching,1,QTC-w-3
Query-specific property annotation,Relevance to Input,1,QIG-c-3
Question Act Accuracy,Classification Accuracy,1,QTC-w-1
Question type,__DROP__,1,AUX-Other
Question Correctness,Correctness of Outputs (outputs as a whole),1,QOC-w-1
Question Difficulty,__DROP__,1,AUX-Other
Question Misunderstanding,__DROP__,1,AUX-Other
Question Rationality,Semantic Correctness,1,QOC-c-1
Question quality rating,Overall Quality / Preference,1,AUX-OverallQuality
Rationale for Alternatives,Goodness as Explanation of System Behaviour,1,QEG-w-4
Realism of Client,Detectability of Speaker/Author Trait,1,QEF-w-5
Realism of Counselor,Detectability of Speaker/Author Trait,1,QEF-w-5
Realistic Views,Detectability of Speaker/Author Trait,1,QEF-w-5
Reality,Factual Truth,1,QEC-c-1
Reasonable NEI,Appropriateness of System Response Type,1,QIG-f-1
Rank,__DROP__,1,AUX-Other
Rank-wise precision,__DROP__,1,AUX-Other
Rating congruence,__DROP__,1,AUX-Other
Rating sensitivity,__DROP__,1,AUX-Other
Rational,__DROP__,1,AUX-Other
Rationale,Quality as Explanation of Input,1,QIG-w-3
Reading time vs listening time,__DROP__,1,AUX-Other
Ready as Training Partner,__DROP__,1,AUX-Other
Rationale correctness,Quality as Explanation of Input,1,QIG-w-3
rationale correctness,Quality as Explanation of Input,1,QIG-w-3
Reasoning pattern differences,__DROP__,1,AUX-Other
Reasoning Performance,Overall Quality / Preference,1,AUX-OverallQuality
Reasoning Step Completeness,Absence of Omissions (relative to input),1,QIC-c-1
Reasoning step correction,Semantic Correctness,1,QOC-c-1
Refusal to answer,Refusal Appropriateness,1,QEC-w-2
Recommendation quality,Usefulness for Task/Information Need,1,QEG-w-3.1
Referential success,Clarity of Referents,1,QEG-w-7
Reasoning Consideration of Options,Absence of Omissions (relative to input),1,QIC-c-1
Reasoning Depth,Complexity/Non-complexity (content/meaning),1,QOF-c-3
Recollection,__DROP__,1,AUX-Other
Recommend to Novices,System Usability as Affected by Outputs,1,QEG-w-5
Refusal to Respond to Harmful Input,Refusal Appropriateness,1,QEC-w-2
Refuse And Leak,Refusal Appropriateness,1,QEC-w-2
Related to sarcasm,Control over Style,1,QIF-f-2
Relation capture,Absence of Omissions (relative to input),1,QIC-c-1
Relation-error,Semantic Correctness,1,QOC-c-1
Relative Sensitivity,__DROP__,1,AUX-Other
Relevance (vehicle to property),Relevance to Input,1,QIG-c-3
Register,Control over Style,1,QIF-f-2
register,Control over Style,1,QIF-f-2
Regular pattern,__DROP__,1,AUX-Other
Related to Harmful Input,Refusal Appropriateness,1,QEC-w-2
Related to dialogue,__DROP__,1,AUX-Other
Reflection of social stereotypes,Absence of Bias / Stereotypes,1,QEC-c-3
Reference answer quality,__DROP__,1,AUX-Other
Relation to seed norm,__DROP__,1,AUX-Other
Relevance (vehicle to topic),Relevance to Input,1,QIG-c-3
Repeat,Nonredundancy (output as a whole),1,QOG-w-1
Repeat Reasoning,Nonredundancy (content/meaning),1,QOG-c-1
Repeated,Nonredundancy (content/meaning),1,QOG-c-1
Repeated slot mentions,Nonredundancy (content/meaning),1,QOG-c-1
Replacement,__DROP__,1,AUX-Other
Repetition count,Nonredundancy (form),1,QOG-f-1
Relevance of stereotypes,Absence of Bias / Stereotypes,1,QEC-c-3
Reliable,Overall Quality / Preference,1,AUX-OverallQuality
Reliance decision,Effect on User Behaviour,1,QEF-w-2
Religious,__DROP__,1,AUX-Other
Rewrite understanding,Understandability,1,QOG-w-5
Rhythm,Poeticness/Non-poeticness (form),1,QOF-f-2
Right Premise Wrong Conclusion (RW),Semantic Correctness,1,QOC-c-1
Right Time,Appropriateness (outputs as a whole),1,QEG-w-2
Role agreement,Consistency with Input,1,QIC-c-3
Responding Capability,Ease of Communication,1,QEG-w-5.1
Retention accuracy,Absence of Omissions (relative to input),1,QIC-c-1
Reversion capability,__DROP__,1,AUX-Other
Reversion to original knowledge,__DROP__,1,AUX-Other
Revision Cost,__DROP__,1,AUX-Other
Rewrite easier,Clarity,1,QOG-w-5.1
Repetition of TOW sequences,Nonredundancy (form),1,QOG-f-1
Repetition/Deletion Errors,Correctness of Outputs (outputs as a whole),1,QOC-w-1
Response Rate,__DROP__,1,AUX-Other
Respect client autonomy and build rapport,__DROP__,1,AUX-Other
Role of Speaker,Appropriateness (outputs as a whole),1,QEG-w-2
Role Adherence,Appropriateness (outputs as a whole),1,QEG-w-2
Rubric agreement,Adherence to Style Guide,1,QEC-f-1
SINGLE ASPECT,__DROP__,1,AUX-Other
Risk to humanity,__DROP__,1,AUX-Other
Risk to society,__DROP__,1,AUX-Other
Robotic,Non-AI Likeness,1,QOG-w-4.2
Rounding/precision error,Correctness of Outputs (outputs as a whole),1,QOC-w-1
Role Appropriateness,Appropriateness (outputs as a whole),1,QEG-w-2
Role Confusion,Clarity,1,QOG-w-5.1
Role Consistency,Internal Consistency of Outputs,1,QOG-c-4
role consistency,Internal Consistency of Outputs,1,QOG-c-4
Risk level classification,__DROP__,1,AUX-Other
Safety classification (safe vs unsafe),Absence of Toxic / Harmful Content,1,QOC-c-2
Safety label preservation,Consistency with Input,1,QIC-c-3
Sarcasticness,__DROP__,1,AUX-Other
SINGLEASPECT,__DROP__,1,AUX-Other
SMART goal achievement,Usefulness for Task/Information Need,1,QEG-w-3.1
SOURCE_DOMAIN_EVOCATION,Success of Style Transfer from Sample,1,QIG-f-2
SINGLE-ASPECT,__DROP__,1,AUX-Other
SRC-STI,__DROP__,1,AUX-Other
Safe,Appropriateness (outputs as a whole),1,QEG-w-2
Selection Error,Complete Target Output Matching,1,QTC-w-3
Score invariance,__DROP__,1,AUX-Other
Scoring rubric quality,__DROP__,1,AUX-Other
Script-following,Consistency with Input,1,QIC-c-3
Section appropriateness,Appropriateness (content/meaning),1,QEG-c-2
Security Target Validity,__DROP__,1,AUX-Other
Self-nomination frequency,__DROP__,1,AUX-Other
Sarcasm,Control over Style,1,QIF-f-2
sarcasm,Control over Style,1,QIF-f-2
Segmentation Similarity,__DROP__,1,AUX-Other
Self-reference,Detectability of Speaker/Author Trait,1,QEF-w-5
Scenario plan validity,Consistency with Input,1,QIC-c-3
Selection for Feedback,__DROP__,1,AUX-Other
Semantic Frame,__DROP__,1,AUX-Other
Semantic Levels,__DROP__,1,AUX-Other
Semantic overlap,Similarity to Target Outputs (content/meaning),1,QTG-c-1
semantic overlap,Similarity to Target Outputs (content/meaning),1,QTG-c-1
Semantic patterns,__DROP__,1,AUX-Other
Semantic adequacy,Meaning Accuracy,1,QTC-c-1
Semantic-equivalence,Similarity to Target Outputs (content/meaning),1,QTG-c-1
Sense,__DROP__,1,AUX-Other
sense,__DROP__,1,AUX-Other
Semantic Parsing Accuracy,Parse Accuracy (with references),1,QTC-w-6
Semantic Preservation,Consistency with Input,1,QIC-c-3
Semantic Shift,Consistency with Input,1,QIC-c-3
Semantic Comprehensibility,Understandability,1,QOG-w-5
Semantic Drift,Consistency with Input,1,QIC-c-3
Significant borrowing,__DROP__,1,AUX-Other
Sequence Validity,Correctness of Outputs (outputs as a whole),1,QOC-w-1
Sentence diversity,Diversity/Non-diversity (outputs as a whole),1,QOF-w-1
Sentence length,Output Length,1,QOF-f-5
Sensitive Topic,Appropriateness (outputs as a whole),1,QEG-w-2
sensitive content,Appropriateness (outputs as a whole),1,QEG-w-2
Sentence Splitting,__DROP__,1,AUX-Other
sentence splitting,__DROP__,1,AUX-Other
Sentence completeness,Grammaticality,1,QOC-f-1
sentence completeness,Grammaticality,1,QOC-f-1
Sentence construction,Grammaticality,1,QOC-f-1
Shareability,__DROP__,1,AUX-Other
Short sentences,Output Length,1,QOF-f-5
Shortlist decision,__DROP__,1,AUX-Other
Sense of Self,Detectability of Speaker/Author Trait,1,QEF-w-5
Sense of self,Detectability of Speaker/Author Trait,1,QEF-w-5
Semantic proximity,Similarity/Dissimilarity to Non-target Reference (content/meaning),1,QEF-c-1
Semantic reflectiveness,Consistency with Input,1,QIC-c-3
Semantic relatedness,Relevance to Input,1,QIG-c-3
semantic relatedness,Relevance to Input,1,QIG-c-3
Sensicality,Semantic Correctness,1,QOC-c-1
Sentiment Coherence,Coherence,1,QOG-c-3
Sequence(Intent),Complete Target Output Matching,1,QTC-w-3
Shape,__DROP__,1,AUX-Other
Similarity between user requests,__DROP__,1,AUX-Other
Similarity to Self,__DROP__,1,AUX-Other
Simplicity-phrase,Complexity/Non-complexity (form),1,QOF-f-3
Simplicity-structure,Complexity/Non-complexity (form),1,QOF-f-3
Situation relevance to ROT,Relevance to Input,1,QIG-c-3
Size Error,Output Size Relative to Input,1,QIF-f-3
Skin tone,Absence of Bias / Stereotypes,1,QEC-c-3
Slot,__DROP__,1,AUX-Other
Singable Translation Score,__DROP__,1,AUX-Other
Single-token contrast,__DROP__,1,AUX-Other
Single-turn Coherence,Coherence,1,QOG-c-3
Single-word recall,__DROP__,1,AUX-Other
Situation,__DROP__,1,AUX-Other
Source Issue,__DROP__,1,AUX-Other
Spatial layout,__DROP__,1,AUX-Other
Speaker identity preservation,Detectability of Speaker/Author Trait,1,QEF-w-5
Speaker similarity,Detectability of Speaker/Author Trait,1,QEF-w-5
Speaker's Intention,Quality as Explanation of Input,1,QIG-w-3
Spatial Accuracy,Factual Truth,1,QEC-c-1
Spatial Correctness,Factual Truth,1,QEC-c-1
Soft Win Rate,Win Rate,1,QEG-w-10
Solution correctness perception,Effect on User Opinion,1,QEF-w-6
Solve Time,Task Completion Speed,1,QEG-w-5.2
Somewhat misleading,Factual Truth,1,QEC-c-1
Source Error,__DROP__,1,AUX-Other
Smooth rhythm,Speech Quality,1,QOG-f-2
Social Goal Achievement,Usefulness for Task/Information Need,1,QEG-w-3.1
Social skills,Appropriateness (outputs as a whole),1,QEG-w-2
Stance Appropriateness,Appropriateness (outputs as a whole),1,QEG-w-2
Stating Opinion As Fact,Factual Truth,1,QEC-c-1
Step Type,__DROP__,1,AUX-Other
step type,__DROP__,1,AUX-Other
Step Validity,Correctness of Outputs (outputs as a whole),1,QOC-w-1
Specification compliance,Consistency with Input,1,QIC-c-3
Specificity and Relevance Error,Consistency with Input,1,QIC-c-3
Speed,__DROP__,1,AUX-Other
speed,__DROP__,1,AUX-Other
spelling and grammar,Correctness of Outputs (outputs as a whole),1,QOC-w-1
Stage 1 errors,Correctness of Outputs (outputs as a whole),1,QOC-w-1
Stance Alignment,Similarity to Target Outputs (content/meaning),1,QTG-c-1
stance alignment,Similarity to Target Outputs (content/meaning),1,QTG-c-1
Standardization,Adherence to Style Guide,1,QEC-f-1
Statement Entailment,Relative Factual Accuracy,1,QEC-c-2
Statement type (factual/cognitive),__DROP__,1,AUX-Other
Speaking speed,Interaction Completion Speed,1,QEF-w-8
Speculative,__DROP__,1,AUX-Other
Speech Clarity,Speech Quality,1,QOG-f-2
Speech Persona Adherence,Detectability of Speaker/Author Trait,1,QEF-w-5
Speech rate,Interaction Completion Speed,1,QEF-w-8
Strategy Consistency,Internal Consistency of Outputs,1,QOG-c-4
Strategy Effectiveness,Usefulness for Task/Information Need,1,QEG-w-3.1
Strategy Shift,__DROP__,1,AUX-Other
Strategy reflection quality,Coherence,1,QOG-c-3
Step completion,Functional Correctness,1,QEC-w-1
Step efficiency,Task Completion Speed,1,QEG-w-5.2
Steps: total number of actions,__DROP__,1,AUX-Other
Stereotype Avoidance,Absence of Bias / Stereotypes,1,QEC-c-3
Stereotypical Association,Absence of Bias / Stereotypes,1,QEC-c-3
Stereotyping,Absence of Bias / Stereotypes,1,QEC-c-3
stereotyping,Absence of Bias / Stereotypes,1,QEC-c-3
Sticker Generation Quality,__DROP__,1,AUX-Other
Stop,__DROP__,1,AUX-Other
Strategic planning,__DROP__,1,AUX-Other
Strategicness,__DROP__,1,AUX-Other
Strategy Accuracy,Functional Correctness,1,QEC-w-1
Structural clarity,Clarity,1,QOG-w-5.1
Structural errors,Correctness of Outputs (outputs as a whole),1,QOC-w-1
Structural information preservation,__DROP__,1,AUX-Other
Structural informativeness,Informativeness,1,QOG-c-2
Structure & Coherence,Coherence,1,QOG-c-3
structure & coherence,Coherence,1,QOG-c-3
Structure and Organization,Wellorderedness,1,QOG-c-3.1
Structure improvement,Wellorderedness,1,QOG-c-3.1
Structured Response,Wellorderedness,1,QOG-c-3.1
Structured reasoning,Coherence,1,QOG-c-3
Student Understanding,Understandability,1,QOG-w-5
Style Coherence,Internal Consistency of Outputs,1,QOG-c-4
Style Error,Adherence to Style Guide,1,QEC-f-1
Style Intensity,__DROP__,1,AUX-Other
Strength-of-claim,__DROP__,1,AUX-Other
Strengthener,__DROP__,1,AUX-Other
Strengths Identification,__DROP__,1,AUX-Other
Structural Correctness,Grammaticality,1,QOC-f-1
Subject,__DROP__,1,AUX-Other
Substantial Progress,__DROP__,1,AUX-Other
Substantialness,Informativeness,1,QOG-c-2
Style Matching,Control over Style,1,QIF-f-2
Style Replication,Control over Style,1,QIF-f-2
Sub-Question correctness,Correctness of Outputs (outputs as a whole),1,QOC-w-1
Sub-claim Verification,Factual Truth,1,QEC-c-1
SubObjE,__DROP__,1,AUX-Other
Style similarity ordering,__DROP__,1,AUX-Other
style transfer strength,Success of Style Transfer from Sample,1,QIG-f-2
Style/Awkward,Naturalness (form),1,QEG-f-1
Stylistic Sensitivity,Control over Style,1,QIF-f-2
Stylistic qualities,__DROP__,1,AUX-Other
Substitution errors,Semantic Correctness,1,QOC-c-1
Subtle Baseless Info,Factual Truth,1,QEC-c-1
Subject Object Error,Grammaticality,1,QOC-f-1
Subject misinterpretation,Semantic Correctness,1,QOC-c-1
Subjective,__DROP__,1,AUX-Other
Subtle Conflict,__DROP__,1,AUX-Other
SubtleDifference,__DROP__,1,AUX-Other
Sufficiency of included information,Absence of Omissions (relative to input),1,QIC-c-1
Suggest CBT-consistent goals and tasks that align with individualized CBT case formulation,__DROP__,1,AUX-Other
Summarization Techniques,__DROP__,1,AUX-Other
Summary of the Research Results,__DROP__,1,AUX-Other
Support Facts Correctness,Factual Truth,1,QEC-c-1
Support for Answer,Degree to which Output Answers Question in Input,1,QIG-w-2
support for answer,Degree to which Output Answers Question in Input,1,QIG-w-2
Suitableness,Appropriateness (outputs as a whole),1,QEG-w-2
Summarization,__DROP__,1,AUX-Other
Table structure,__DROP__,1,AUX-Other
Table-Insight Faithfulness,Relative Factual Accuracy,1,QEC-c-2
Takeaway,__DROP__,1,AUX-Other
Supporting,Usefulness for Task/Information Need,1,QEG-w-3.1
Supportive in coping with emotional situations,Empathy / Emotional Appropriateness,1,QEF-w-11
Syntactic patterns,__DROP__,1,AUX-Other
Suspense,Engagingness/Interestingness,1,QEF-w-10
suspense,Engagingness/Interestingness,1,QEF-w-10
Sycophancy Intensity,Detectability of Speaker/Author Trait,1,QEF-w-5
Synchronization,__DROP__,1,AUX-Other
Syntactic Change,Similarity/Dissimilarity to Input (form),1,QIF-f-4
System Usability Scale,__DROP__,1,AUX-Other
System distinguishability,Non-AI Likeness,1,QOG-w-4.2
Systematic distractor elimination,Functional Correctness,1,QEC-w-1
Table boundary accuracy,Parse Accuracy (with references),1,QTC-w-6
Table header,__DROP__,1,AUX-Other
Target Success,Functional Correctness,1,QEC-w-1
Target identification accuracy,Classification Accuracy,1,QTC-w-1
Task fairness,Absence of Bias / Stereotypes,1,QEC-c-3
Task requirement alignment,Consistency with Input,1,QIC-c-3
Targeted Agency,__DROP__,1,AUX-Other
Task Completion Capability,Usefulness for Task/Information Need,1,QEG-w-3.1
Task Completion Rate,Functional Correctness,1,QEC-w-1
Task Coverage,Coverage of Topics (given in input),1,QIC-c-4
Task understanding,Appropriateness of System Response Type,1,QIG-f-1
Temporal Coherence,Coherence,1,QOG-c-3
Technical Jargon,Complexity/Non-complexity (form),1,QOF-f-3
Temporal graph error,Complete Target Output Matching,1,QTC-w-3
Temporal relation,Semantic Correctness,1,QOC-c-1
Temporality,Semantic Correctness,1,QOC-c-1
Technical Precision,Correctness of Outputs (outputs as a whole),1,QOC-w-1
Technical accuracy,Factual Truth,1,QEC-c-1
Technical effort (HTER - number of edits),__DROP__,1,AUX-Other
Tense,Grammaticality,1,QOC-f-1
Syntax/Spelling Mistake,Correctness of Outputs (outputs as a whole),1,QOC-w-1
System Quality,Overall Quality / Preference,1,AUX-OverallQuality
TGT-STI,__DROP__,1,AUX-Other
TLDR quality,Overall Quality / Preference,1,AUX-OverallQuality
Temporal Demand,Task Completion Speed,1,QEG-w-5.2
Taxonomy Consistency,__DROP__,1,AUX-Other
Text-Subfigure Alignment,Consistency with Input,1,QIC-c-3
Textual Completeness,Absence of Omissions (relative to input),1,QIC-c-1
Thought Pattern Overlap,Similarity/Dissimilarity to Non-target Reference (content/meaning),1,QEF-c-1
Tense/Modality Error,Grammaticality,1,QOC-f-1
Term Precision,Semantic Correctness,1,QOC-c-1
Test coverage adequacy,Functional Correctness,1,QEC-w-1
Testing student understanding,Usefulness for Task/Information Need,1,QEG-w-3.1
Text Persona Adherence,Detectability of Speaker/Author Trait,1,QEF-w-5
Text Accuracy,Factual Truth,1,QEC-c-1
Text Aesthetics,Poeticness/Non-poeticness (outputs as a whole),1,QOF-w-2
Thematic and Emotional Depth,__DROP__,1,AUX-Other
Theme,__DROP__,1,AUX-Other
theme,__DROP__,1,AUX-Other
Total Steps,__DROP__,1,AUX-Other
Toxic Agreement,__DROP__,1,AUX-Other
Toxic Type,__DROP__,1,AUX-Other
Tie,__DROP__,1,AUX-Other
tie,__DROP__,1,AUX-Other
Time Interval,Interaction Completion Speed,1,QEF-w-8
Time shift magnitude,__DROP__,1,AUX-Other
Topic Switch,Coherence,1,QOG-c-3
Time to edit (editing duration),Task Completion Speed,1,QEG-w-5.2
Time-Cost,Task Completion Speed,1,QEG-w-5.2
Tone and sentiment consistency,Internal Consistency of Outputs,1,QOG-c-4
Tone/Language/Stereotypes,Absence of Bias / Stereotypes,1,QEC-c-3
Topic alignment,Coverage of Topics (given in input),1,QIC-c-4
topic correctness,Consistency with Input,1,QIC-c-3
Traceability,__DROP__,1,AUX-Other
Trajectory correctness,Functional Correctness,1,QEC-w-1
Transfer strength,Cross-Dataset Generalisation,1,QTG-w-3
Transition,Cohesiveness,1,QOG-c-3.2
Translation,__DROP__,1,AUX-Other
translation,__DROP__,1,AUX-Other
Translation Detection,__DROP__,1,AUX-Other
Translation Preference,Overall Quality / Preference,1,AUX-OverallQuality
Toxicity severity,Absence of Toxic / Harmful Content,1,QOC-c-2
Transmission principle agreement,Consistency with Input,1,QIC-c-3
Transportation Accessibility,__DROP__,1,AUX-Other
Trend Consistency,Consistency with Input,1,QIC-c-3
Trivial,Complexity/Non-complexity (content/meaning),1,QOF-c-3
Turing Test passing,Humanlikeness,1,QOG-w-4
Turing test acceptance,Humanlikeness,1,QOG-w-4
Type Agreement,Classification Accuracy,1,QTC-w-1
Type correctness,Correctness of Outputs (outputs as a whole),1,QOC-w-1
Type diversity,Diversity/Non-diversity (outputs as a whole),1,QOF-w-1
type diversity,Diversity/Non-diversity (outputs as a whole),1,QOF-w-1
Uniformity,Diversity/Non-diversity (outputs as a whole),1,QOF-w-1
Unfairness and Discrimination,Absence of Bias / Stereotypes,1,QEC-c-3
Unfaithfulness to the Reasoning Process,__DROP__,1,AUX-Other
Unfinished Answering,Absence of Omissions (relative to input),1,QIC-c-1
Translation quality score,Translation Accuracy,1,QIC-w-1
Transliteration accuracy,Character Matching,1,QTC-w-3.2
Uncertainty (Not sure),__DROP__,1,AUX-Other
Uncertainty and Confidence Error,__DROP__,1,AUX-Other
Uncertainty expression,__DROP__,1,AUX-Other
Unfinished Thinking,Semantic Correctness,1,QOC-c-1
Ungrammatical,Grammaticality,1,QOC-f-1
Ungrammaticality,Grammaticality,1,QOC-f-1
Unhelpful,Usefulness for Task/Information Need,1,QEG-w-3.1
UI dependency,__DROP__,1,AUX-Other
Unable to Decide,__DROP__,1,AUX-Other
Unanswerability,Answerability from Input,1,QIG-c-1
Unanswerable without context,Answerability from Input,1,QIG-c-1
Translation Similarity,Similarity to Target Outputs (outputs as a whole),1,QTG-w-1
unsupported,Absence of Additions (relative to input),1,QIC-c-2
Unverifiability,__DROP__,1,AUX-Other
Unnatural,Naturalness (outputs as a whole),1,QEG-w-1
Understood the protagonist's intentions,Consistency with Input,1,QIC-c-3
Understood the protagonist's needs,Consistency with Input,1,QIC-c-3
Use of Evidence,Informativeness,1,QOG-c-2
Use of semantics,Semantic Correctness,1,QOC-c-1
Uninterpretability,Understandability,1,QOG-w-5
Union,__DROP__,1,AUX-Other
Unit conversion error,Factual Truth,1,QEC-c-1
Undefined Function Call,Correctness of Outputs (outputs as a whole),1,QOC-w-1
Under-specified,Specificity/Non-specificity (relative to input),1,QIF-c-3
Underly Broad Predictions,Specificity/Non-specificity (relative to input),1,QIF-c-3
Underspecification,Specificity/Non-specificity (relative to input),1,QIF-c-3
Understood the protagonist's goals,Consistency with Input,1,QIC-c-3
Validity of test,__DROP__,1,AUX-Other
Value Correctness,Factual Truth,1,QEC-c-1
User Intent Similarity,Similarity/Dissimilarity to Input (content/meaning),1,QIF-c-2
User Quality,User Satisfaction as Affected by Outputs,1,QEG-w-6
Usefulness for subtle stereotypes,Usefulness (nonspecific),1,QEG-w-3
VALUE relevance to Cultural Atlas,Similarity/Dissimilarity to Non-target Reference (content/meaning),1,QEF-c-1
VALUE relevance to ROT,Appropriateness (content/meaning),1,QEG-c-2
VQA turns,__DROP__,1,AUX-Other
Valid Simplification,Translation Accuracy,1,QIC-w-1
valid simplification,Translation Accuracy,1,QIC-w-1
Validation approach,__DROP__,1,AUX-Other
Validity in context,Appropriateness (outputs as a whole),1,QEG-w-2
Unreasonable NEI,Factual Truth,1,QEC-c-1
Unrelated Personal Attacks,Appropriateness (outputs as a whole),1,QEG-w-2
Usefulness (Inter-&Intrapersonal),Usefulness (nonspecific),1,QEG-w-3
Usefulness (Moments of Change),Usefulness (nonspecific),1,QEG-w-3
Veracity label prediction,Classification Accuracy,1,QTC-w-1
Verb conjugation,Grammaticality,1,QOC-f-1
Verbatim copying,Similarity/Dissimilarity to Input (form),1,QIF-f-4
Verifiable,__DROP__,1,AUX-Other
Visual Focus Validity,__DROP__,1,AUX-Other
Visual change,__DROP__,1,AUX-Other
visual change,__DROP__,1,AUX-Other
Video Details,__DROP__,1,AUX-Other
Video Summary,__DROP__,1,AUX-Other
Video-Audio Consistency,Internal Consistency of Outputs,1,QOG-c-4
User adaptation,Appropriateness (outputs as a whole),1,QEG-w-2
User trust in epistemic markers,Effect on User Opinion,1,QEF-w-6
Variable correctness,Correctness of Outputs (outputs as a whole),1,QOC-w-1
Word ordering errors,Grammaticality,1,QOC-f-1
Word-objective,__DROP__,1,AUX-Other
Word-subjective,__DROP__,1,AUX-Other
Work-Life Balance Evaluation,__DROP__,1,AUX-Other
Visualization,__DROP__,1,AUX-Other
Vivid Imagery,Poeticness/Non-poeticness (content/meaning),1,QOF-c-2
WAI-SR,__DROP__,1,AUX-Other
Warning,__DROP__,1,AUX-Other
Weakener,__DROP__,1,AUX-Other
Weather Adaptability,Appropriateness (outputs as a whole),1,QEG-w-2
Win,Win Rate,1,QEG-w-10
Win/Tie/Lose,Win Rate,1,QEG-w-10
Visual Appeal,__DROP__,1,AUX-Other
visual appeal,__DROP__,1,AUX-Other
Visual understanding,__DROP__,1,AUX-Other
Visual-Description,Similarity to Target Outputs (content/meaning),1,QTG-c-1
Visual-change,Consistency with Input,1,QIC-c-3
Word (non-name/number phrases),__DROP__,1,AUX-Other
Word Error Rate,Complete Word Matching,1,QTC-w-3.1
Word analysis accuracy,Sequence Labelling Accuracy,1,QTC-w-2
Word error,Complete Word Matching,1,QTC-w-3.1
Word order,Grammaticality,1,QOC-f-1
ability to discover new perspectives,Effect on User Opinion,1,QEF-w-6
ability to guide/correct agents,Effect on User Behaviour,1,QEF-w-2
ability to recognize colors,Classification Accuracy,1,QTC-w-1
ability to recognize materials,Classification Accuracy,1,QTC-w-1
ability to recognize shapes,Classification Accuracy,1,QTC-w-1
Wrong Elimination,Factual Truth,1,QEC-c-1
Working alliance,__DROP__,1,AUX-Other
Working memory performance (d-prime scores),Effect on User Behaviour,1,QEF-w-2
Wrong Anagram,Functional Correctness,1,QEC-w-1
White Sounding,Detectability of Speaker/Author Trait,1,QEF-w-5
Wrong Assumption,Factual Truth,1,QEC-c-1
Wrong Context,Consistency with Input,1,QIC-c-3
Wrong Context Understanding,Consistency with Input,1,QIC-c-3
Wrong Counting,Factual Truth,1,QEC-c-1
acceptance of suggestions,Effect on User Behaviour,1,QEF-w-2
accessibility,Appropriateness (outputs as a whole),1,QEG-w-2
accuracy at threshold,__DROP__,1,AUX-Other
absence,__DROP__,1,AUX-Other
absence of direct answers,Appropriateness of System Response Type,1,QIG-f-1
absence of explicit leakage,__DROP__,1,AUX-Other
Wrong part-of-speech,Grammaticality,1,QOC-f-1
Wrong preposition,Grammaticality,1,QOC-f-1
absolute difference to target value,Complete Target Output Matching,1,QTC-w-3
Wrong Premise Right Conclusion (WR),Semantic Correctness,1,QOC-c-1
Wrong Premise Wrong Conclusion (WW),Semantic Correctness,1,QOC-c-1
Wrong Reasoning,Semantic Correctness,1,QOC-c-1
Wrong language,Grammaticality,1,QOC-f-1
wrong language,Grammaticality,1,QOC-f-1
abruptness,Fluency,1,QOG-w-3
action matching,Complete Target Output Matching,1,QTC-w-3
active listening,Detectability of Speaker/Author Trait,1,QEF-w-5
address handling correctness,Complete Target Output Matching,1,QTC-w-3
action depiction accuracy,Factual Truth,1,QEC-c-1
accuracy of importance ranking,Complete Target Output Matching,1,QTC-w-3
accuracy of question decomposition,Complete Target Output Matching,1,QTC-w-3
accuracy of terminology localization,Translation Accuracy,1,QIC-w-1
added vs. changed classification,__DROP__,1,AUX-Other
additional information about people,__DROP__,1,AUX-Other
accuracy of GPT-4o's judgment,Correctness of Outputs (outputs as a whole),1,QOC-w-1
absence of misleading/contradictory/irrelevant information,Factual Truth,1,QEC-c-1
absence of non-target information,Absence of Additions (relative to input),1,QIC-c-2
absence of undesired changes,Consistency with Input,1,QIC-c-3
adequate context,Informativeness,1,QOG-c-2
adequate splitting,__DROP__,1,AUX-Other
adherence to skeptical/credulous reasoning mode,Adherence to Style Guide,1,QEC-f-1
adherence to template,Adherence to Style Guide,1,QEC-f-1
adhesion,Adherence to Style Guide,1,QEC-f-1
admissibility,Correctness of Outputs (outputs as a whole),1,QOC-w-1
adherence to intention,Consistency with Input,1,QIC-c-3
adherence to plan,Consistency with Input,1,QIC-c-3
advice refusal,Refusal Appropriateness,1,QEC-w-2
advisement,__DROP__,1,AUX-Other
adherence to guidelines,Adherence to Style Guide,1,QEC-f-1
agreement on argument components,__DROP__,1,AUX-Other
alignment with intent,Appropriateness of System Response Type,1,QIG-f-1
alignment with intuition,__DROP__,1,AUX-Other
alignment with persona,Detectability of Speaker/Author Trait,1,QEF-w-5
agreement consistency,Internal Consistency of Outputs,1,QOG-c-4
agreement with detector,Classification Accuracy,1,QTC-w-1
algorithm problem solution,Functional Correctness,1,QEC-w-1
aligned image relevance,Relevance to Input,1,QIG-c-3
aligned with the image,Relevance to Input,1,QIG-c-3
alignment accuracy,Sequence Alignment Accuracy,1,QTC-w-5
alignment correctness,Sequence Alignment Accuracy,1,QTC-w-5
alignment of answer decomposition for the task of attribution,Consistency with Input,1,QIC-c-3
agreement on argument relations,Parse Accuracy (with references),1,QTC-w-6
agreement with AI advice,Relative Factual Accuracy,1,QEC-c-2
agreement with LLM-based correctness assessment,Relative Factual Accuracy,1,QEC-c-2
affective attitude,Effect on User Emotion,1,QEF-w-3
affective state identification,Classification Accuracy,1,QTC-w-1
alignment with human preference,User Satisfaction as Affected by Outputs,1,QEG-w-6
alignment with intended bias,Consistency with Input,1,QIC-c-3
alignment with target value distribution,__DROP__,1,AUX-Other
alignment with traveler personas,Appropriateness (outputs as a whole),1,QEG-w-2
aligns with taxonomy,Adherence to Style Guide,1,QEC-f-1
allocational harm,__DROP__,1,AUX-Other
alternative to mouse and keyboard,__DROP__,1,AUX-Other
ambiguity capture,__DROP__,1,AUX-Other
ambiguity impact on performance,__DROP__,1,AUX-Other
annotation time,__DROP__,1,AUX-Other
anomalies,Correctness of Outputs (outputs as a whole),1,QOC-w-1
answer attribution,__DROP__,1,AUX-Other
anaphora,Cohesiveness,1,QOG-c-3.2
alignment with prompts,Consistency with Input,1,QIC-c-3
anticipation,__DROP__,1,AUX-Other
application of therapy technique,Functional Correctness,1,QEC-w-1
appraisal accuracy,Factual Truth,1,QEC-c-1
appropriate reasoning steps,Coherence,1,QOG-c-3
analytical reasoning,Coherence,1,QOG-c-3
amount of additional information,Nonredundancy (content/meaning),1,QOG-c-1
amount of information,Informativeness,1,QOG-c-2
analogical similarity,__DROP__,1,AUX-Other
answer justification,Quality as Explanation of Input,1,QIG-w-3
answerable from single continuous span,__DROP__,1,AUX-Other
answered_by_elaboration,__DROP__,1,AUX-Other
annotation confidence,__DROP__,1,AUX-Other
annotation quality,__DROP__,1,AUX-Other
association,Cohesiveness,1,QOG-c-3.2
associative empathy,Empathy / Emotional Appropriateness,1,QEF-w-11
atomicity,__DROP__,1,AUX-Other
attitude flow coherence,Internal Consistency of Outputs,1,QOG-c-4
argument selection,Relevance to Input,1,QIG-c-3
associated span detection,Sequence Labelling Accuracy,1,QTC-w-2
aspect,__DROP__,1,AUX-Other
aspect informativeness,Informativeness,1,QOG-c-2
aspect specificity,__DROP__,1,AUX-Other
assemblability possibility,Functional Correctness,1,QEC-w-1
argument span correctness,Sequence Labelling Accuracy,1,QTC-w-2
arousal,Effect on User Emotion,1,QEF-w-3
arousal statistics,__DROP__,1,AUX-Other
appropriateness of pseudo-label,Appropriateness (content/meaning),1,QEG-c-2
attraction,Engagingness/Interestingness,1,QEF-w-10
attribute alignment,Control over Multiple Attributes,1,QIF-w-5
attribute selection,__DROP__,1,AUX-Other
attribution helpfulness,Usefulness for Task/Information Need,1,QEG-w-3.1
audio clarity,Speech Quality,1,QOG-f-2
audio misunderstanding detection,__DROP__,1,AUX-Other
audio similarity,Similarity to Target Outputs (form),1,QTG-f-1
attack success rate,__DROP__,1,AUX-Other
attacking efficiency,__DROP__,1,AUX-Other
authenticity to LLM capabilities,Likelihood According to External Model,1,QEF-w-9
authorship likelihood,Likelihood According to External Model,1,QEF-w-9
best continuation,Similarity to Target Outputs (outputs as a whole),1,QTG-w-1
best representation of metaphor meaning,Consistency with Input,1,QIC-c-3
better,Overall Quality / Preference,1,AUX-OverallQuality
better or equal to human,Overall Quality / Preference,1,AUX-OverallQuality
background,__DROP__,1,AUX-Other
background clutter,Nonredundancy (output as a whole),1,QOG-w-1
beginning,__DROP__,1,AUX-Other
biased,Absence of Bias / Stereotypes,1,QEC-c-3
bidirectional entailment,__DROP__,1,AUX-Other
belief state faithfulness,Consistency with Input,1,QIC-c-3
backstory plausibility,Factual Truth,1,QEC-c-1
bad triplet,__DROP__,1,AUX-Other
broad,Specificity/Non-specificity (relative to input),1,QIF-c-3
bucket assignment,Classification Accuracy,1,QTC-w-1
biochemical interaction,__DROP__,1,AUX-Other
caption quality,Overall Quality / Preference,1,AUX-OverallQuality
certainty,__DROP__,1,AUX-Other
block type suitability,Appropriateness of System Response Type,1,QIG-f-1
casualness,Formality/Informality,1,QOF-f-4
body part movements,__DROP__,1,AUX-Other
clarity/grammar,__DROP__,1,AUX-Other
citation utility,Usefulness for Task/Information Need,1,QEG-w-3.1
causal relationships,Meaning Accuracy,1,QTC-c-1
causal terms identification,Complete Target Output Matching,1,QTC-w-3
cause of death revealed,Absence of Omissions (relative to input),1,QIC-c-1
chaotic scenes,Coherence,1,QOG-c-3
character attribute extraction,Complete Target Output Matching,1,QTC-w-3
choice/weak reasoning,Semantic Correctness,1,QOC-c-1
character presence,__DROP__,1,AUX-Other
character relation similarity,__DROP__,1,AUX-Other
capture of main differentiator,Absence of Omissions (relative to input),1,QIC-c-1
care,Empathy / Emotional Appropriateness,1,QEF-w-11
case error,Spelling Accuracy,1,QOC-f-2
causal relationship correctness,Factual Truth,1,QEC-c-1
claim check-worthiness,__DROP__,1,AUX-Other
clarity of intended relation type,Clarity,1,QOG-w-5.1
clarity of reasoning,Clarity,1,QOG-w-5.1
clinically insignificant,Usefulness for Task/Information Need,1,QEG-w-3.1
clinically significant,Usefulness for Task/Information Need,1,QEG-w-3.1
close vs. far analogy,__DROP__,1,AUX-Other
closed-set,__DROP__,1,AUX-Other
code-switching ability,Control over Style,1,QIF-f-2
coding style similarity,Similarity/Dissimilarity to Non-target Reference (form),1,QEF-f-1
cognitive effort,Speed of Understanding,1,QOG-w-5.1.1
cluster assignment correctness,Classification Accuracy,1,QTC-w-1
cluster matching,Classification Accuracy,1,QTC-w-1
cluster membership identification,Classification Accuracy,1,QTC-w-1
cluster relatedness,__DROP__,1,AUX-Other
co-reference,__DROP__,1,AUX-Other
clear explanation,Clarity,1,QOG-w-5.1
clearness of theme,Coherence,1,QOG-c-3
clinical alignment,Relative Factual Accuracy,1,QEC-c-2
color fidelity,__DROP__,1,AUX-Other
comfort (human),User Satisfaction as Affected by Outputs,1,QEG-w-6
comfort (machine),Performance of an Embedding/Downstream System/Component,1,QEG-w-8
coherent diversity,Diversity/Non-diversity (outputs as a whole),1,QOF-w-1
collision avoidance,Internal Consistency of Outputs,1,QOG-c-4
coherence with commonsense,Factual Truth,1,QEC-c-1
comment,__DROP__,1,AUX-Other
commenting support,__DROP__,1,AUX-Other
commonsense validity,Factual Truth,1,QEC-c-1
commonsense plausibility,Factual Truth,1,QEC-c-1
commonsense satisfaction,Factual Truth,1,QEC-c-1
community benefit,__DROP__,1,AUX-Other
commonsensible,Factual Truth,1,QEC-c-1
commonsensical,Factual Truth,1,QEC-c-1
communal,Appropriateness (outputs as a whole),1,QEG-w-2
communication of consequence,Informativeness,1,QOG-c-2
common phrases,__DROP__,1,AUX-Other
common sense reasoning,Factual Truth,1,QEC-c-1
common-sense sensitivity,Factual Truth,1,QEC-c-1
commonsense inference,Factual Truth,1,QEC-c-1
commonsense knowledge alignment,Factual Truth,1,QEC-c-1
community membership,Appropriateness (outputs as a whole),1,QEG-w-2
comparability,__DROP__,1,AUX-Other
comparable content,__DROP__,1,AUX-Other
comparison set identification correctness,Classification Accuracy,1,QTC-w-1
concept preservation rate,Absence of Omissions (relative to input),1,QIC-c-1
concept understanding,__DROP__,1,AUX-Other
concept-level clustering,__DROP__,1,AUX-Other
concise,Nonredundancy (form),1,QOG-f-1
comparison to baseline,Overall Quality / Preference,1,AUX-OverallQuality
comparisons,__DROP__,1,AUX-Other
complete dead code removal,Absence of Omissions (relative to input),1,QIC-c-1
complete misunderstanding,Semantic Correctness,1,QOC-c-1
compositional,__DROP__,1,AUX-Other
comprehension impact,Effect on User Behaviour,1,QEF-w-2
comprehension type,__DROP__,1,AUX-Other
completeness of the argument,Informativeness,1,QOG-c-2
conflict type,__DROP__,1,AUX-Other
conflicting logic,Internal Consistency of Outputs,1,QOG-c-4
completeness of implicit CSK,Absence of Omissions (relative to input),1,QIC-c-1
completeness of reasoning,Absence of Omissions (relative to input),1,QIC-c-1
completeness of solution steps,Absence of Omissions (relative to input),1,QIC-c-1
confidence improvement,__DROP__,1,AUX-Other
confidence in correctness,__DROP__,1,AUX-Other
condescension,Detectability of Speaker/Author Stance,1,QEF-w-4
completion rate,__DROP__,1,AUX-Other
compliance with unambiguous version,Consistency with Input,1,QIC-c-3
compression rate,__DROP__,1,AUX-Other
consistency with reference,Similarity to Target Outputs (content/meaning),1,QTG-c-1
constraint presence,Absence of Omissions (relative to input),1,QIC-c-1
constructive,Usefulness for Task/Information Need,1,QEG-w-3.1
consistency with role instructions,Consistency with Input,1,QIC-c-3
consistency with domain knowledge,Factual Truth,1,QEC-c-1
consistency with extensions,__DROP__,1,AUX-Other
consistency with image,Consistency with Input,1,QIC-c-3
consistency with instructions,Consistency with Input,1,QIC-c-3
consistency with knowledge base (KBI),Relative Factual Accuracy,1,QEC-c-2
consistency with medical consensus,Relative Factual Accuracy,1,QEC-c-2
confidence in recommendations,Detectability of Speaker/Author Trait,1,QEF-w-5
confirmation,Appropriateness of System Response Type,1,QIG-f-1
conflicts,Internal Consistency of Outputs,1,QOG-c-4
confusions,Clarity,1,QOG-w-5.1
consistency with sample-level labels,Consistency with Input,1,QIC-c-3
consistency with subgoal,Consistency with Input,1,QIC-c-3
consistency with user profile,Consistency with Input,1,QIC-c-3
content representation accuracy,Semantic Correctness,1,QOC-c-1
content non-hallucination,Absence of Additions (relative to input),1,QIC-c-2
content selection,Absence of Omissions (relative to input),1,QIC-c-1
content verifiability errors,Factual Truth,1,QEC-c-1
content/fact coverage,Coverage of Topics (given in input),1,QIC-c-4
context sufficiency,__DROP__,1,AUX-Other
contextual consideration,Relevance to Input,1,QIG-c-3
contextual integration,Coherence,1,QOG-c-3
context attribute extraction,__DROP__,1,AUX-Other
context attribution,Relative Factual Accuracy,1,QEC-c-2
context correctness,Consistency with Input,1,QIC-c-3
context dependence,__DROP__,1,AUX-Other
correct classification of unsafe content,Classification Accuracy,1,QTC-w-1
correct counterparts in predictions,Complete Target Output Matching,1,QTC-w-3
correct dialogue state tracking,Complete Target Output Matching,1,QTC-w-3
conversation trajectory understanding,__DROP__,1,AUX-Other
conversion correctness,Functional Correctness,1,QEC-w-1
contrast,__DROP__,1,AUX-Other
contrastiveness,__DROP__,1,AUX-Other
control-consistency,Consistency with Input,1,QIC-c-3
controllability accuracy,Consistency with Input,1,QIC-c-3
convincing,Effect on User Opinion,1,QEF-w-6
cooperativeness,Appropriateness (outputs as a whole),1,QEG-w-2
coordination,Cohesiveness,1,QOG-c-3.2
correct property,Factual Truth,1,QEC-c-1
correct representation of compound and sequential actions,Factual Truth,1,QEC-c-1
correctness (image),Factual Truth,1,QEC-c-1
correction independence,__DROP__,1,AUX-Other
correction of omissions,Absence of Omissions (relative to input),1,QIC-c-1
correct editing,Complete Target Output Matching,1,QTC-w-3
correct hallucination type,Absence of Additions (relative to input),1,QIC-c-2
correctness of regex with respect to description,Functional Correctness,1,QEC-w-1
correlation with human judgments,__DROP__,1,AUX-Other
correctness of expression tree,Complete Target Output Matching,1,QTC-w-3
contradicting information,Factual Truth,1,QEC-c-1
conversation fit,Appropriateness of System Response Type,1,QIG-f-1
correctness in pinpointing false assumptions,Quality as Explanation of Input,1,QIG-w-3
correctness of delexicalization,Semantic Correctness,1,QOC-c-1
correct hand assignment,Factual Truth,1,QEC-c-1
correct split,Factual Truth,1,QEC-c-1
correct split placement,Factual Truth,1,QEC-c-1
correct template,Conformance to Syntactic Structure (given in input),1,QIC-f-1
correctness of gendered word use,Factual Truth,1,QEC-c-1
correctness of logical reasoning,Semantic Correctness,1,QOC-c-1
correctness of statements,Factual Truth,1,QEC-c-1
correctness of the update,Consistency with Input,1,QIC-c-3
criticality,__DROP__,1,AUX-Other
critique_quality,__DROP__,1,AUX-Other
creative quality rating,Creativity/Non-creativity (outputs as a whole),1,QOF-w-6
crime scene revealed,__DROP__,1,AUX-Other
de-stigmatization,Absence of Bias / Stereotypes,1,QEC-c-3
cultural specificity,Appropriateness (outputs as a whole),1,QEG-w-2
culturally plausible,Appropriateness (outputs as a whole),1,QEG-w-2
debugging efficiency,Task Completion Speed,1,QEG-w-5.2
coverage of important constraints,Absence of Omissions (relative to input),1,QIC-c-1
coverage of mandatory constraints,Absence of Omissions (relative to input),1,QIC-c-1
cyclic vs. non-cyclic process,__DROP__,1,AUX-Other
dangerous language,Absence of Toxic / Harmful Content,1,QOC-c-2
data ownership,__DROP__,1,AUX-Other
data quality assurance,__DROP__,1,AUX-Other
de-contextualized,Appropriateness (outputs as a whole),1,QEG-w-2
coverage of optional constraints,Absence of Omissions (relative to input),1,QIC-c-1
coverage of salient information,Absence of Omissions (relative to input),1,QIC-c-1
depth of analysis,Complexity/Non-complexity (content/meaning),1,QOF-c-3
depth of reasoning,Complexity/Non-complexity (content/meaning),1,QOF-c-3
design quality,__DROP__,1,AUX-Other
desired change performed,Effect on User Behaviour,1,QEF-w-2
detail balance,__DROP__,1,AUX-Other
detail completeness,Absence of Omissions (relative to input),1,QIC-c-1
detailed description,__DROP__,1,AUX-Other
detecting invalid options,Functional Correctness,1,QEC-w-1
detection,__DROP__,1,AUX-Other
decision confidence,__DROP__,1,AUX-Other
decision revision,Effect on User Behaviour,1,QEF-w-2
decision time,Task Completion Speed,1,QEG-w-5.2
decision-making autonomy,__DROP__,1,AUX-Other
diacritization,Spelling Accuracy,1,QOC-f-2
dialog-target success rate,Functional Correctness,1,QEC-w-1
different name with similar sounds,__DROP__,1,AUX-Other
different relations,Diversity/Non-diversity (content/meaning),1,QOF-c-1
different word choice,Diversity/Non-diversity (form),1,QOF-f-1
differentiation of study arms,__DROP__,1,AUX-Other
difficulty rating,Complexity/Non-complexity (content/meaning),1,QOF-c-3
definition,__DROP__,1,AUX-Other
degeneracies,Nonredundancy (output as a whole),1,QOG-w-1
deletion/substitution error,Complete Target Output Matching,1,QTC-w-3
dialectical quality,Coherence,1,QOG-c-3
dialogue efficiency,Task Completion Speed,1,QEG-w-5.2
dialogue quality,Overall Quality / Preference,1,AUX-OverallQuality
dialogue success,Usefulness for Task/Information Need,1,QEG-w-3.1
dialogue success (both agents select the same dot),Usefulness for Task/Information Need,1,QEG-w-3.1
dimension relevance,Relevance to Input,1,QIG-c-3
direct refusal,Refusal Appropriateness,1,QEC-w-2
direct verifiability,__DROP__,1,AUX-Other
disambiguation preference,__DROP__,1,AUX-Other
disclosure,__DROP__,1,AUX-Other
disclosure of correct answer,Degree to which Output Answers Question in Input,1,QIG-w-2
discourse relation validity,Coherence,1,QOG-c-3
discourse role assignment,Semantic Correctness,1,QOC-c-1
discriminability,Diversity/Non-diversity (outputs as a whole),1,QOF-w-1
difficulty inferring ingredient amounts,Understandability,1,QOG-w-5
difficulty of execution,Task Completion Speed,1,QEG-w-5.2
difficulty of locating information,Clarity,1,QOG-w-5.1
difficulty of organizing content,Wellorderedness,1,QOG-c-3.1
difficulty of recognition,Clarity,1,QOG-w-5.1
discriminatory stereotypes,Absence of Bias / Stereotypes,1,QEC-c-3
disease correspondence,Factual Truth,1,QEC-c-1
distractibility,Ease of Communication,1,QEG-w-5.1
distribution estimation,Likelihood According to External Model,1,QEF-w-9
dislike,Effect on User Opinion,1,QEF-w-6
dislike current topics,Effect on User Opinion,1,QEF-w-6
dissimilar relations,Diversity/Non-diversity (content/meaning),1,QOF-c-1
distinction between multiple-answer options,Clarity,1,QOG-w-5.1
domain adherence,Appropriateness (outputs as a whole),1,QEG-w-2
diversity of generated puns,Diversity/Non-diversity (content/meaning),1,QOF-c-1
ease of following,Clarity,1,QOG-w-5.1
edge case failures,Correctness of Outputs (outputs as a whole),1,QOC-w-1
edification,Informativeness,1,QOG-c-2
edit intention classification,Classification Accuracy,1,QTC-w-1
edit-level quality,__DROP__,1,AUX-Other
effectiveness direction,__DROP__,1,AUX-Other
emotion category,__DROP__,1,AUX-Other
emotion classification,__DROP__,1,AUX-Other
emotion expression,Detectability of Speaker/Author Trait,1,QEF-w-5
emotion faithfulness,Consistency with Input,1,QIC-c-3
emotion vs mood,__DROP__,1,AUX-Other
dominance,Win Rate,1,QEG-w-10
duplicated input,Absence of Additions (relative to input),1,QIC-c-2
duration,__DROP__,1,AUX-Other
ease,Ease of Communication,1,QEG-w-5.1
ease of answering with web search,Usefulness for Task/Information Need,1,QEG-w-3.1
ease of answering without web search,Usefulness for Task/Information Need,1,QEG-w-3.1
editability,System Usability as Affected by Outputs,1,QEG-w-5
editing cost,Task Completion Speed,1,QEG-w-5.2
empathy accuracy,Empathy / Emotional Appropriateness,1,QEF-w-11
emphasis of positive aspects,Control over Sentiment,1,QIF-w-2
encouragement of unprofessional actions,Effect on User Behaviour,1,QEF-w-2
emotional support quality,Empathy / Emotional Appropriateness,1,QEF-w-11
emotional-awareness,Detectability of Speaker/Author Trait,1,QEF-w-5
emotional/empathetic coverage,__DROP__,1,AUX-Other
enough split,__DROP__,1,AUX-Other
entity disambiguation,Clarity of Referents,1,QEG-w-7
entity inclusion,Absence of Omissions (relative to input),1,QIC-c-1
entity linking correctness,Classification Accuracy,1,QTC-w-1
emotional connection,Effect on User Emotion,1,QEF-w-3
elaboration-like,Complexity/Non-complexity (content/meaning),1,QOF-c-3
emotional expressiveness,Detectability of Speaker/Author Trait,1,QEF-w-5
end with non-positive responses,Control over Sentiment,1,QIF-w-2
engaged,Engagingness/Interestingness,1,QEF-w-10
entity salience,Informativeness,1,QOG-c-2
entity specificity and semantic precision,Informativeness,1,QOG-c-2
entity type labeling,Classification Accuracy,1,QTC-w-1
entity-specificity,Informativeness,1,QOG-c-2
entry rate (wpm),Task Completion Speed,1,QEG-w-5.2
essential information,Absence of Omissions (relative to input),1,QIC-c-1
essential object relationships,Absence of Omissions (relative to input),1,QIC-c-1
ethical adherence,__DROP__,1,AUX-Other
error explanation quality,Goodness as Explanation of System Behaviour,1,QEG-w-4
equivalent,Complete Target Output Matching,1,QTC-w-3
error severity rating,Correctness of Outputs (outputs as a whole),1,QOC-w-1
error span annotation,__DROP__,1,AUX-Other
error span identification correctness,Classification Accuracy,1,QTC-w-1
error count per category,Correctness of Outputs (outputs as a whole),1,QOC-w-1
entity mapping consistency,Internal Consistency of Outputs,1,QOG-c-4
entity recognition,__DROP__,1,AUX-Other
entity redundancy,Nonredundancy (content/meaning),1,QOG-c-1
entity relevance,Relevance to Input,1,QIG-c-3
error presence,Correctness of Outputs (outputs as a whole),1,QOC-w-1
ethical appropriateness,Appropriateness (content/meaning),1,QEG-c-2
event sequence,__DROP__,1,AUX-Other
event specificity,__DROP__,1,AUX-Other
evidence selection,Coverage of Topics (given in input),1,QIC-c-4
event commonsense,Factual Truth,1,QEC-c-1
event occurrence,Absence of Omissions (relative to input),1,QIC-c-1
event presence,Absence of Omissions (relative to input),1,QIC-c-1
error type alignment,__DROP__,1,AUX-Other
error type sensitivity,__DROP__,1,AUX-Other
exam scoring rules,__DROP__,1,AUX-Other
example,__DROP__,1,AUX-Other
event temporal relation annotation,Classification Accuracy,1,QTC-w-1
event trigger identification,Complete Word Matching,1,QTC-w-3.1
evidence revealed,Absence of Omissions (relative to input),1,QIC-c-1
example accuracy,Classification Accuracy,1,QTC-w-1
excessive noise,Correctness of Outputs (outputs as a whole),1,QOC-w-1
excessive refusal,Refusal Appropriateness,1,QEC-w-2
exchangeability,Humanlikeness,1,QOG-w-4
evidence sufficiency,Informativeness,1,QOG-c-2
explanation plausibility,Quality as Explanation of Input,1,QIG-w-3
explanation_score,__DROP__,1,AUX-Other
expectedness,Naturalness (outputs as a whole),1,QEG-w-1
explanation accuracy,Quality as Explanation of Input,1,QIG-w-3
explanation adequacy,Quality as Explanation of Input,1,QIG-w-3
explicitly conveyed,Clarity,1,QOG-w-5.1
explicitness,Clarity,1,QOG-w-5.1
expressibility in scene graph format,__DROP__,1,AUX-Other
expression error,Correctness of Outputs (outputs as a whole),1,QOC-w-1
extensibility,__DROP__,1,AUX-Other
extra words,Nonredundancy (form),1,QOG-f-1
fact number correctness,Factual Truth,1,QEC-c-1
fact preservation,Consistency with Input,1,QIC-c-3
fact selection,__DROP__,1,AUX-Other
facet coverage,Coverage of Topics (given in input),1,QIC-c-4
fact coverage,Absence of Omissions (relative to input),1,QIC-c-1
fact matching,Meaning Accuracy,1,QTC-c-1
extrinsic errors,Factual Truth,1,QEC-c-1
eye movements,__DROP__,1,AUX-Other
extra words at the end,Nonredundancy (form),1,QOG-f-1
extraction fidelity,Consistency with Input,1,QIC-c-3
extraneous information,Absence of Additions (relative to input),1,QIC-c-2
factual correctness (inferred facts),Factual Truth,1,QEC-c-1
factual correctness and completeness,__DROP__,1,AUX-Other
factual preservation,Consistency with Input,1,QIC-c-3
factuality change,Consistency with Input,1,QIC-c-3
faithfulness (intrinsic errors),Consistency with Input,1,QIC-c-3
false negative,Classification Accuracy,1,QTC-w-1
false negatives,Classification Accuracy,1,QTC-w-1
false positives,Complete Target Output Matching,1,QTC-w-3
familiarity of notation,Appropriateness (form),1,QEG-f-2
familiarity rating on 5-point Likert scale,Appropriateness (form),1,QEG-f-2
faithfulness to end user intention,Consistency with Input,1,QIC-c-3
faithfulness to original harmful intent,Consistency with Input,1,QIC-c-3
faithfulness to original meaning,Consistency with Input,1,QIC-c-3
faithfulness to predicted acts,Consistency with Input,1,QIC-c-3
fake news detection,__DROP__,1,AUX-Other
fixation,__DROP__,1,AUX-Other
fixation duration,__DROP__,1,AUX-Other
flagging behavior,Effect on User Behaviour,1,QEF-w-2
flaw_dimension,__DROP__,1,AUX-Other
flight score,__DROP__,1,AUX-Other
features affecting ease/hardness,Clarity,1,QOG-w-5.1
fine-grained AMR node/edge labels,Parse Accuracy (with references),1,QTC-w-6
fingerspelling detection accuracy,Sequence Labelling Accuracy,1,QTC-w-2
feminine verb form usage for female subjects,Grammaticality,1,QOC-f-1
figurativeness,Poeticness/Non-poeticness (content/meaning),1,QOF-c-2
filler naturalness,Naturalness (form),1,QEG-f-1
fine-grained,__DROP__,1,AUX-Other
feedback effectiveness,Usefulness for Task/Information Need,1,QEG-w-3.1
feedback on tool characteristics,__DROP__,1,AUX-Other
feedback-type,__DROP__,1,AUX-Other
first error step detection,Sequence Labelling Accuracy,1,QTC-w-2
fit to code difference,Similarity/Dissimilarity to Non-target Reference (content/meaning),1,QEF-c-1
flow design,Coherence,1,QOG-c-3
fluency/naturalness,Fluency,1,QOG-w-3
focus on emotion cause words,__DROP__,1,AUX-Other
following all instructions,Consistency with Input,1,QIC-c-3
following rate,__DROP__,1,AUX-Other
format integrity,Conformance to Syntactic Structure (given in input),1,QIC-f-1
format usability,System Usability as Affected by Outputs,1,QEG-w-5
fostering the relationship,__DROP__,1,AUX-Other
frame assignment correctness,Parse Accuracy (with references),1,QTC-w-6
framing bias,Absence of Bias / Stereotypes,1,QEC-c-3
freedom from misleading language,Factual Truth,1,QEC-c-1
gender translation accuracy,Translation Accuracy,1,QIC-w-1
gender-age accuracy,Factual Truth,1,QEC-c-1
gender-fairness,Absence of Bias / Stereotypes,1,QEC-c-3
fairness of representation,Absence of Bias / Stereotypes,1,QEC-c-3
fulfillment of request,Relevance to Input,1,QIG-c-3
fulfillment of the goal,Usefulness for Task/Information Need,1,QEG-w-3.1
fulfillment of user query,Relevance to Input,1,QIG-c-3
full explanation of link,Quality as Explanation of Input,1,QIG-w-3
gathering information,__DROP__,1,AUX-Other
gender depiction accuracy,Absence of Bias / Stereotypes,1,QEC-c-3
gender inflection correctness,Grammaticality,1,QOC-f-1
frequency of encountering long documents,__DROP__,1,AUX-Other
functional activity,__DROP__,1,AUX-Other
functional roles of sentences,__DROP__,1,AUX-Other
functionality preservation,Functional Correctness,1,QEC-w-1
generic,Specificity/Non-specificity (relative to input),1,QIF-c-3
generality,__DROP__,1,AUX-Other
goal adherence,Relevance to Input,1,QIG-c-3
good English,Fluency,1,QOG-w-3
good response rate,__DROP__,1,AUX-Other
goodness,Overall Quality / Preference,1,AUX-OverallQuality
grammatical gender accuracy,Grammaticality,1,QOC-f-1
grammatical gender agreement,Grammaticality,1,QOC-f-1
grammatical/syntactic information,__DROP__,1,AUX-Other
grammatical fluency,Fluency,1,QOG-w-3
grade alignment,Appropriateness (outputs as a whole),1,QEG-w-2
grammatical coherence,Cohesiveness,1,QOG-c-3.2
hallucination error,Absence of Additions (relative to input),1,QIC-c-2
hallucination levels,Factual Truth,1,QEC-c-1
hard,__DROP__,1,AUX-Other
grounded and relevant explanations,Quality as Explanation of Input,1,QIG-w-3
grounding accuracy,Relative Factual Accuracy,1,QEC-c-2
grounding acts classification,Classification Accuracy,1,QTC-w-1
grounding in segments,__DROP__,1,AUX-Other
hard-coded data,__DROP__,1,AUX-Other
guidance presence,__DROP__,1,AUX-Other
hallucination cause categorization,__DROP__,1,AUX-Other
high-frequency,Diversity/Non-diversity (form),1,QOF-f-1
high-quality,Overall Quality / Preference,1,AUX-OverallQuality
history dependence,Relevance to Input,1,QIG-c-3
human-written vs. machine-perturbed,Non-AI Likeness,1,QOG-w-4.2
headline,__DROP__,1,AUX-Other
helpfulness vs harmfulness,Usefulness for Task/Information Need,1,QEG-w-3.1
hierarchy structure quality,Coherence,1,QOG-c-3
high tendency,__DROP__,1,AUX-Other
high-correlation,__DROP__,1,AUX-Other
homophone change identification,Classification Accuracy,1,QTC-w-1
headlinese,Control over Style,1,QIF-f-2
hedge correctness,Appropriateness (outputs as a whole),1,QEG-w-2
harmoniousness,Coherence,1,QOG-c-3
hate speech presence,Absence of Toxic / Harmful Content,1,QOC-c-2
image necessity,__DROP__,1,AUX-Other
humanlike tone,Humanlikeness,1,QOG-w-4
human direction accuracy,Absence of Omissions (relative to input),1,QIC-c-1
human judgment,Overall Quality / Preference,1,AUX-OverallQuality
image consistency,Consistency with Input,1,QIC-c-3
image description quality,Quality as Explanation of Input,1,QIG-w-3
implicit support,Absence of Bias / Stereotypes,1,QEC-c-3
image-audio matching,Consistency with Input,1,QIC-c-3
image-context matching (overall),Relevance to Input,1,QIG-c-3
image-sharing rationale relevance,Relevance to Input,1,QIG-c-3
implicit values,Absence of Bias / Stereotypes,1,QEC-c-3
identification of harm in prompt,Classification Accuracy,1,QTC-w-1
identifying correct answers,Degree to which Output Answers Question in Input,1,QIG-w-2
image-text matching (immediate),Similarity/Dissimilarity to Non-target Reference (content/meaning),1,QEF-c-1
impact on likelihood assessment,Effect on User Opinion,1,QEF-w-6
imperceptibility,Non-AI Likeness,1,QOG-w-4.2
implication understanding,Understandability,1,QOG-w-5
implicit relation inference,Semantic Correctness,1,QOC-c-1
identity fusion level,__DROP__,1,AUX-Other
identity presence,Detectability of Speaker/Author Trait,1,QEF-w-5
identity-related assumptions,Absence of Bias / Stereotypes,1,QEC-c-3
idioms usage,Naturalness (form),1,QEG-f-1
inconsistency detection,__DROP__,1,AUX-Other
inconsistent,Internal Consistency of Outputs,1,QOG-c-4
inconsistent naming,Internal Consistency of Outputs,1,QOG-c-4
improvement of revised rationale,Goodness as Explanation of System Behaviour,1,QEG-w-4
inclusion of repeated words,Nonredundancy (form),1,QOG-f-1
inclusivity,Absence of Bias / Stereotypes,1,QEC-c-3
incomplete correction,Correctness of Outputs (outputs as a whole),1,QOC-w-1
inappropriate clauses,Appropriateness (content/meaning),1,QEG-c-2
inclination,__DROP__,1,AUX-Other
includes suggestion,Absence of Omissions (relative to input),1,QIC-c-1
inclusion of people names,Absence of Omissions (relative to input),1,QIC-c-1
implicitness,Poeticness/Non-poeticness (content/meaning),1,QOF-c-2
imply intent,__DROP__,1,AUX-Other
importance of tree layers,__DROP__,1,AUX-Other
improvement in test scores,Multi-task Performance,1,QEG-w-9
incomplete discourse,Absence of Omissions (relative to input),1,QIC-c-1
incomplete explanation,Absence of Omissions (relative to input),1,QIC-c-1
incomplete thoughts,Absence of Omissions (relative to input),1,QIC-c-1
incomplete/incorrect perturbation,__DROP__,1,AUX-Other
infeasibility,Usefulness for Task/Information Need,1,QEG-w-3.1
inferability from source,Relevance to Input,1,QIG-c-3
inferential strategies,__DROP__,1,AUX-Other
inflection errors,Grammaticality,1,QOC-f-1
influence of gender,Absence of Bias / Stereotypes,1,QEC-c-3
informal tone,Formality/Informality,1,QOF-f-4
incorrectly unperturbed,Correctness of Outputs (outputs as a whole),1,QOC-w-1
inefficiencies,Nonredundancy (output as a whole),1,QOG-w-1
information change,Absence of Additions (relative to input),1,QIC-c-2
incorrect fact merging,Factual Truth,1,QEC-c-1
incorrect coreference,Semantic Correctness,1,QOC-c-1
incorrect discourse,Semantic Correctness,1,QOC-c-1
incorrect words,Correctness of Outputs (outputs as a whole),1,QOC-w-1
integrity of coding prompts,Consistency with Input,1,QIC-c-3
intensity discrimination,__DROP__,1,AUX-Other
instruction validity,Consistency with Input,1,QIC-c-3
informativeness (image),Informativeness,1,QOG-c-2
informativeness (quiz score),Informativeness,1,QOG-c-2
ingroup language,Appropriateness (form),1,QEG-f-2
input repetition,Nonredundancy (output as a whole),1,QOG-w-1
input-task correspondence,Relevance to Input,1,QIG-c-3
instruction disambiguation,Appropriateness of System Response Type,1,QIG-f-1
instruction maliciousness,Refusal Appropriateness,1,QEC-w-2
information gain,Informativeness,1,QOG-c-2
information similarity,Similarity/Dissimilarity to Non-target Reference (content/meaning),1,QEF-c-1
inter-annotator agreement (Cohen's kappa),__DROP__,1,AUX-Other
interaction patterns,__DROP__,1,AUX-Other
interpretation coverage,Absence of Omissions (relative to input),1,QIC-c-1
interpretation selection,__DROP__,1,AUX-Other
intent matching,Consistency with Input,1,QIC-c-3
intent similarity,Similarity/Dissimilarity to Non-target Reference (content/meaning),1,QEF-c-1
intention,__DROP__,1,AUX-Other
intrinsically hallucinated,Factual Truth,1,QEC-c-1
intuition,Understandability,1,QOG-w-5
item fit to ability definition,__DROP__,1,AUX-Other
interchangeable step detection,__DROP__,1,AUX-Other
internal spacing,__DROP__,1,AUX-Other
interpersonal ability selection,__DROP__,1,AUX-Other
interpretation accuracy,Semantic Correctness,1,QOC-c-1
label flip,__DROP__,1,AUX-Other
label flipping,__DROP__,1,AUX-Other
label selection,Classification Accuracy,1,QTC-w-1
language errors,Correctness of Outputs (outputs as a whole),1,QOC-w-1
knowledge conveyance,Understandability,1,QOG-w-5
knowledge engagement,Engagingness/Interestingness,1,QEF-w-10
knowledge precision,Factual Truth,1,QEC-c-1
label appropriateness,Appropriateness (form),1,QEG-f-2
label assignment agreement,Classification Accuracy,1,QTC-w-1
joy,Effect on User Emotion,1,QEF-w-3
judgment correctness,Factual Truth,1,QEC-c-1
justification correctness,Factual Truth,1,QEC-c-1
key details,Absence of Omissions (relative to input),1,QIC-c-1
language switching,__DROP__,1,AUX-Other
learning efficiency,__DROP__,1,AUX-Other
learning effort,__DROP__,1,AUX-Other
learning gains,Usefulness for Task/Information Need,1,QEG-w-3.1
layness,Appropriateness (outputs as a whole),1,QEG-w-2
layout quality,Appropriateness (form),1,QEG-f-2
layout similarity,Similarity/Dissimilarity to Non-target Reference (form),1,QEF-f-1
legal clarity,Clarity,1,QOG-w-5.1
legal correctness,Factual Truth,1,QEC-c-1
legality,Factual Truth,1,QEC-c-1
language familiarity,Naturalness (outputs as a whole),1,QEG-w-1
label time,__DROP__,1,AUX-Other
lack of detail,Informativeness,1,QOG-c-2
lack of explanation,Quality as Explanation of Input,1,QIG-w-3
learning objective achievement,Usefulness for Task/Information Need,1,QEG-w-3.1
lemmatization,__DROP__,1,AUX-Other
level_of_resources,__DROP__,1,AUX-Other
lexical simplification,Control over Complexity/Non-complexity (form),1,QIF-f-1
likelihood of adoption,Effect on User Behaviour,1,QEF-w-2
likelihood of being machine-generated,Non-AI Likeness,1,QOG-w-4.2
likelihood to return,Effect on User Behaviour,1,QEF-w-2
line breaks,Correctness of Outputs (outputs as a whole),1,QOC-w-1
literal translation of keyword,Translation Accuracy,1,QIC-w-1
literal vs figurative usage,Poeticness/Non-poeticness (content/meaning),1,QOF-c-2
liking,User Satisfaction as Affected by Outputs,1,QEG-w-6
local context,Relevance to Input,1,QIG-c-3
locale-sensitivity,Appropriateness (outputs as a whole),1,QEG-w-2
localization error,Factual Truth,1,QEC-c-1
maintainability,System Usability as Affected by Outputs,1,QEG-w-5
major error,Correctness of Outputs (outputs as a whole),1,QOC-w-1
machine-generated identification,__DROP__,1,AUX-Other
machine-paraphrased vs original classification,Classification Accuracy,1,QTC-w-1
long-range relational dependencies,Cohesiveness,1,QOG-c-3.2
logical flaws,Semantic Correctness,1,QOC-c-1
logical necessity,Internal Consistency of Outputs,1,QOG-c-4
loser identification,__DROP__,1,AUX-Other
low tendency,__DROP__,1,AUX-Other
low-correlation,__DROP__,1,AUX-Other
logical and natural-sounding,Naturalness (form),1,QEG-f-1
logical fidelity,Semantic Correctness,1,QOC-c-1
meaning difference,Similarity/Dissimilarity to Non-target Reference (content/meaning),1,QEF-c-1
meaning difference detection,__DROP__,1,AUX-Other
meaning quality,Semantic Correctness,1,QOC-c-1
meaning representation,__DROP__,1,AUX-Other
malicious intent clarity,Detectability of Speaker/Author Trait,1,QEF-w-5
manipulation,Effect on User Opinion,1,QEF-w-6
matching system acts to user acts,Consistency with Input,1,QIC-c-3
math constraint violations,Semantic Correctness,1,QOC-c-1
meaning change,Consistency with Input,1,QIC-c-3
mentioned regions,Absence of Omissions (relative to input),1,QIC-c-1
melody alignment,Form Accuracy,1,QTC-f-1
main ideas,Coverage of Topics (given in input),1,QIC-c-4
main topics,Coverage of Topics (given in input),1,QIC-c-4
makes sense with pattern descriptions,Relative Factual Accuracy,1,QEC-c-2
makes sense with picture,Relative Factual Accuracy,1,QEC-c-2
meaningfulness of entity names,Clarity,1,QOG-w-5.1
medical accuracy,Factual Truth,1,QEC-c-1
medical correctness,Factual Truth,1,QEC-c-1
medical usability,System Usability as Affected by Outputs,1,QEG-w-5
melodiousness,__DROP__,1,AUX-Other
mental discomfort,Effect on User Emotion,1,QEF-w-3
mental effort,Ease of Communication,1,QEG-w-5.1
meter,Poeticness/Non-poeticness (form),1,QOF-f-2
methods for improvement,__DROP__,1,AUX-Other
misused connectives,Grammaticality,1,QOC-f-1
modality alignment,Consistency with Input,1,QIC-c-3
modality engagement,Engagingness/Interestingness,1,QEF-w-10
mis-referencing (quote or attribution),Semantic Correctness,1,QOC-c-1
missing details recover rate,Absence of Omissions (relative to input),1,QIC-c-1
missing evidence,Absence of Omissions (relative to input),1,QIC-c-1
missing key operation,Absence of Omissions (relative to input),1,QIC-c-1
missing name,Absence of Omissions (relative to input),1,QIC-c-1
misgendering corrected,Semantic Correctness,1,QOC-c-1
misleading information,Factual Truth,1,QEC-c-1
misleading/contradictory/irrelevant information,Correctness of Outputs (outputs as a whole),1,QOC-w-1
missing punctuation,Grammaticality,1,QOC-f-1
missed relations,Absence of Omissions (relative to input),1,QIC-c-1
missing arguments,Absence of Omissions (relative to input),1,QIC-c-1
moral saliency,__DROP__,1,AUX-Other
moral_development_stage,__DROP__,1,AUX-Other
modification relevance,Relevance to Input,1,QIG-c-3
mismatch,Complete Target Output Matching,1,QTC-w-3
missed entities,Absence of Omissions (relative to input),1,QIC-c-1
missed facts,Meaning Accuracy,1,QTC-c-1
metrics correctness,Factual Truth,1,QEC-c-1
minimal editing,Ease of Communication,1,QEG-w-5.1
minimizing gaps in inferences,Coherence,1,QOG-c-3
minor error,Correctness of Outputs (outputs as a whole),1,QOC-w-1
mis-referencing (name or entity),Semantic Correctness,1,QOC-c-1
morphological information,__DROP__,1,AUX-Other
modifier usage,Appropriateness (form),1,QEG-f-2
monotonicity,__DROP__,1,AUX-Other
moral appropriateness,Appropriateness (content/meaning),1,QEG-c-2
moral faithfulness,__DROP__,1,AUX-Other
model consistency,Internal Consistency of Outputs,1,QOG-c-4
morphology,Grammaticality,1,QOC-f-1
motive revealed,Informativeness,1,QOG-c-2
multiple answers,__DROP__,1,AUX-Other
music-lyric compatibility,Appropriateness (content/meaning),1,QEG-c-2
musicality,__DROP__,1,AUX-Other
mutual entailment,__DROP__,1,AUX-Other
name helpfulness,Clarity of Referents,1,QEG-w-7
navigation success,Effect on User Behaviour,1,QEF-w-2
multi-reference annotations,__DROP__,1,AUX-Other
narration,__DROP__,1,AUX-Other
narrative flow,Wellorderedness,1,QOG-c-3.1
narrow,__DROP__,1,AUX-Other
necessity of explicitation,__DROP__,1,AUX-Other
neutral/alternative expression detection,__DROP__,1,AUX-Other
new information provided,Informativeness,1,QOG-c-2
new word usage,Diversity/Non-diversity (form),1,QOF-f-1
negative property refutation,__DROP__,1,AUX-Other
negativity,__DROP__,1,AUX-Other
neglect_or_emotional_indifference,__DROP__,1,AUX-Other
no missed facts,Absence of Omissions (relative to input),1,QIC-c-1
no missing facts,Absence of Omissions (relative to input),1,QIC-c-1
non-Latin characters,__DROP__,1,AUX-Other
non-collaborative behaviors,Detectability of Speaker/Author Trait,1,QEF-w-5
no omission of important information,Absence of Omissions (relative to input),1,QIC-c-1
no significant discrepancies,Correctness of Outputs (outputs as a whole),1,QOC-w-1
not already answered,Nonredundancy (content/meaning),1,QOG-c-1
non-rejection,Refusal Appropriateness,1,QEC-w-2
non-violation,Correctness of Outputs (outputs as a whole),1,QOC-w-1
not similar to original utterance,Similarity/Dissimilarity to Input (outputs as a whole),1,QIF-w-4
not too similar to original,Similarity/Dissimilarity to Input (outputs as a whole),1,QIF-w-4
note quality,Overall Quality / Preference,1,AUX-OverallQuality
object salience,Consistency with Input,1,QIC-c-3
object existence,Absence of Omissions (relative to input),1,QIC-c-1
object position correctness,Consistency with Input,1,QIC-c-3
omission of referent,Absence of Omissions (relative to input),1,QIC-c-1
omission recall,__DROP__,1,AUX-Other
omitted facts,Factual Truth,1,QEC-c-1
offset accuracy,Form Accuracy,1,QTC-f-1
off-topic sections,Relevance to Input,1,QIG-c-3
object-level hallucination,Absence of Additions (relative to input),1,QIC-c-2
objective completion,Usefulness for Task/Information Need,1,QEG-w-3.1
objective information,Factual Truth,1,QEC-c-1
no superfluous information,Absence of Additions (relative to input),1,QIC-c-2
nonsensical,Semantic Correctness,1,QOC-c-1
norm adherence,Adherence to Style Guide,1,QEC-f-1
normal,Naturalness (outputs as a whole),1,QEG-w-1
novel,Creativity/Non-creativity (outputs as a whole),1,QOF-w-6
novel entities,Creativity/Non-creativity (outputs as a whole),1,QOF-w-6
number of edit operations,__DROP__,1,AUX-Other
omission detection,Absence of Omissions (relative to input),1,QIC-c-1
one word,__DROP__,1,AUX-Other
operation equivalence,Functional Correctness,1,QEC-w-1
opportunity cost,__DROP__,1,AUX-Other
oppose,__DROP__,1,AUX-Other
order of statements,Wellorderedness,1,QOG-c-3.1
out-of-context error,Consistency with Input,1,QIC-c-3
out-of-scope detection,Refusal Appropriateness,1,QEC-w-2
out-of-scope reasoning type,__DROP__,1,AUX-Other
outline quality,Coherence,1,QOG-c-3
outline utilization,Consistency with Input,1,QIC-c-3
order preference,Wellorderedness,1,QOG-c-3.1
orientation correctness,Consistency with Input,1,QIC-c-3
overall commonsense,Semantic Correctness,1,QOC-c-1
optimality,Overall Quality / Preference,1,AUX-OverallQuality
optional step detection,__DROP__,1,AUX-Other
optional token identification,__DROP__,1,AUX-Other
options reasonable rate,__DROP__,1,AUX-Other
order correctness,Wellorderedness,1,QOG-c-3.1
overall competence,Overall Quality / Preference,1,AUX-OverallQuality
overall conversational experience,Overall Quality / Preference,1,AUX-OverallQuality
overall need for post-editing,System Usability as Affected by Outputs,1,QEG-w-5
overall performance,Overall Quality / Preference,1,AUX-OverallQuality
overall pun quality,Humorousness/Non-humorousness,1,QOF-w-5
overall quality preference,Overall Quality / Preference,1,AUX-OverallQuality
output evaluation quality,__DROP__,1,AUX-Other
overall analogy quality,Creativity/Non-creativity (outputs as a whole),1,QOF-w-6
overall image quality,__DROP__,1,AUX-Other
overall transfer quality,Success of Style Transfer from Sample,1,QIG-f-2
overall trustworthiness,Overall Quality / Preference,1,AUX-OverallQuality
overall user experience,User Satisfaction as Affected by Outputs,1,QEG-w-6
overkill backfire effect,__DROP__,1,AUX-Other
overall quality rating,Overall Quality / Preference,1,AUX-OverallQuality
overall quality/preference,Overall Quality / Preference,1,AUX-OverallQuality
overall reward,__DROP__,1,AUX-Other
overall sentiment,__DROP__,1,AUX-Other
pairwise preference,Win Rate,1,QEG-w-10
parameter error,__DROP__,1,AUX-Other
paraphrase correctness,Consistency with Input,1,QIC-c-3
paraphrase plagiarism,__DROP__,1,AUX-Other
overlap with persona-based attacks,Absence of Toxic / Harmful Content,1,QOC-c-2
overlap with virtualization-based attacks,Absence of Toxic / Harmful Content,1,QOC-c-2
overlapping information coverage,Absence of Omissions (relative to input),1,QIC-c-1
perceived completion speed,Interaction Completion Speed,1,QEF-w-8
perceived effectiveness,Usefulness for Task/Information Need,1,QEG-w-3.1
perceived error severity,Correctness of Outputs (outputs as a whole),1,QOC-w-1
perceived goodness,User Satisfaction as Affected by Outputs,1,QEG-w-6
perceived memory utilization,__DROP__,1,AUX-Other
partial misunderstanding,Consistency with Input,1,QIC-c-3
partial presence,Absence of Omissions (relative to input),1,QIC-c-1
particulars,Specificity/Non-specificity (relative to input),1,QIF-c-3
perceived musicality,Poeticness/Non-poeticness (form),1,QOF-f-2
percentage of completely correct phrases,Complete Target Output Matching,1,QTC-w-3
perfect-agree,Complete Target Output Matching,1,QTC-w-3
perpetrator identified,Meaning Accuracy,1,QTC-c-1
persona,Detectability of Speaker/Author Trait,1,QEF-w-5
persona accuracy,Detectability of Speaker/Author Trait,1,QEF-w-5
perceived probability,__DROP__,1,AUX-Other
perceived similarity,Similarity to Target Outputs (outputs as a whole),1,QTG-w-1
perceived skill improvement,__DROP__,1,AUX-Other
perceived speed/quickness to use,Task Completion Speed,1,QEG-w-5.2
partial expression of implicit CSK,Semantic Correctness,1,QOC-c-1
personableness,Detectability of Speaker/Author Trait,1,QEF-w-5
personal consistency,Consistency with Input,1,QIC-c-3
personal experiences,__DROP__,1,AUX-Other
persona detection,__DROP__,1,AUX-Other
persona expression,Detectability of Speaker/Author Trait,1,QEF-w-5
persona-consistency,Internal Consistency of Outputs,1,QOG-c-4
perceived success,User Satisfaction as Affected by Outputs,1,QEG-w-6
personalization consistency,Internal Consistency of Outputs,1,QOG-c-4
personality valence,__DROP__,1,AUX-Other
personality-awareness,__DROP__,1,AUX-Other
persuasion strategy identification,Classification Accuracy,1,QTC-w-1
persuasion success rate,Effect on User Stance,1,QEF-w-7
persuasion technique accuracy,Classification Accuracy,1,QTC-w-1
persuasive,Effect on User Stance,1,QEF-w-7
physical concept identification,__DROP__,1,AUX-Other
physical possibility,Factual Truth,1,QEC-c-1
pivotal moment identification,__DROP__,1,AUX-Other
perceived translation quality,Appropriateness (outputs as a whole),1,QEG-w-2
perceived workload,System Usability as Affected by Outputs,1,QEG-w-5
personality fidelity,Detectability of Speaker/Author Trait,1,QEF-w-5
perspective similarity,Similarity/Dissimilarity to Non-target Reference (content/meaning),1,QEF-c-1
placement correctness,Grammaticality,1,QOC-f-1
plausibility of interpretation,Consistency with Input,1,QIC-c-3
podcast format,Control over Style,1,QIF-f-2
possibility (machine),Likelihood According to External Model,1,QEF-w-9
post-edit times,Task Completion Speed,1,QEG-w-5.2
potential errors,Correctness of Outputs (outputs as a whole),1,QOC-w-1
potential for harm,Absence of Toxic / Harmful Content,1,QOC-c-2
potential harms,Absence of Toxic / Harmful Content,1,QOC-c-2
politeness accuracy,Control over Formality/Informality,1,QIF-f-2.1
political endorsements,Detectability of Speaker/Author Stance,1,QEF-w-4
position,__DROP__,1,AUX-Other
polarity bias,Control over Sentiment,1,QIF-w-2
positive property justification,__DROP__,1,AUX-Other
preference correctness,__DROP__,1,AUX-Other
preference for long conversation,Output Length,1,QOF-f-5
preference order,Overall Quality / Preference,1,AUX-OverallQuality
preference rating,Overall Quality / Preference,1,AUX-OverallQuality
potential-PII labeling,__DROP__,1,AUX-Other
precise interpretation of programming concepts and terminology,Semantic Correctness,1,QOC-c-1
precision of automatic tags,Classification Accuracy,1,QTC-w-1
prefix spacing,__DROP__,1,AUX-Other
premise generation,Quality as Explanation of Input,1,QIG-w-3
practical applicability,Usefulness for Task/Information Need,1,QEG-w-3.1
precise,Clarity,1,QOG-w-5.1
preservation of opinion distribution,Similarity/Dissimilarity to Input (content/meaning),1,QIF-c-2
preservation of original user intent,Consistency with Input,1,QIC-c-3
privacy concerns,Adherence to Style Guide,1,QEC-f-1
preposition choice,Grammaticality,1,QOC-f-1
presence,Absence of Omissions (relative to input),1,QIC-c-1
presence of a learning event,__DROP__,1,AUX-Other
presence of prefaces,__DROP__,1,AUX-Other
preservation of input relations,Consistency with Input,1,QIC-c-3
preservation of nuances,Similarity/Dissimilarity to Input (content/meaning),1,QIF-c-2
predictive ability,Relative Factual Accuracy,1,QEC-c-2
premise recovery,Absence of Omissions (relative to input),1,QIC-c-1
proactivity accuracy,Classification Accuracy,1,QTC-w-1
problematic communicator,Correctness of Outputs (outputs as a whole),1,QOC-w-1
privacy increase,__DROP__,1,AUX-Other
proactiveness,Detectability of Speaker/Author Trait,1,QEF-w-5
"presence of specific error types (tautology, groundless generalization, false conclusion, confabulation, distortion of medical understanding, incompleteness)",Correctness of Outputs (outputs as a whole),1,QOC-w-1
presence of atomic facts,Informativeness,1,QOG-c-2
profile consistency,Consistency with Input,1,QIC-c-3
promises,__DROP__,1,AUX-Other
promotion of challenge-taking behavior,Effect on User Behaviour,1,QEF-w-2
prompt failure,__DROP__,1,AUX-Other
proportions of each value,__DROP__,1,AUX-Other
punchline identification,__DROP__,1,AUX-Other
punctuation,Grammaticality,1,QOC-f-1
pronoun translation behavior,Translation Accuracy,1,QIC-w-1
proportional fairness,Absence of Bias / Stereotypes,1,QEC-c-3
problematicness,Correctness of Outputs (outputs as a whole),1,QOC-w-1
process-step correctness,Factual Truth,1,QEC-c-1
prosociality,Empathy / Emotional Appropriateness,1,QEF-w-11
punctuation errors,Grammaticality,1,QOC-f-1
provides concrete correction,__DROP__,1,AUX-Other
provides specific harmful information or instructions,Absence of Toxic / Harmful Content,1,QOC-c-2
punctuation handling,Grammaticality,1,QOC-f-1
purpose,__DROP__,1,AUX-Other
prosody diversity,Diversity/Non-diversity (form),1,QOF-f-1
provenance of evidence,Relative Factual Accuracy,1,QEC-c-2
provenance sentence tracing,Relative Factual Accuracy,1,QEC-c-2
pronominal resolution,Cohesiveness,1,QOG-c-3.2
purpose clarity,Clarity,1,QOG-w-5.1
quality comparison,Overall Quality / Preference,1,AUX-OverallQuality
pun pair phonetic/orthographic similarity,__DROP__,1,AUX-Other
quality of rhyme,Poeticness/Non-poeticness (form),1,QOF-f-2
quality of generated explicitation,Goodness as Explanation of System Behaviour,1,QEG-w-4
quality of new relevant contribution,Informativeness,1,QOG-c-2
quality comparison between candidates,Overall Quality / Preference,1,AUX-OverallQuality
quality criteria,__DROP__,1,AUX-Other
quality of cluster labels,Informativeness,1,QOG-c-2
quality of explanation,Goodness as Explanation of System Behaviour,1,QEG-w-4
quantifier annotation,__DROP__,1,AUX-Other
quantifier errors,Semantic Correctness,1,QOC-c-1
query relevance to edit,Relevance to Input,1,QIG-c-3
question,__DROP__,1,AUX-Other
question act,Appropriateness of System Response Type,1,QIG-f-1
question dependency,Parse Accuracy (reference-less),1,QIG-w-1
question_quality,Clarity,1,QOG-w-5.1
quotation,__DROP__,1,AUX-Other
ratings,Overall Quality / Preference,1,AUX-OverallQuality
real-world relevance,Usefulness for Task/Information Need,1,QEG-w-3.1
realistic,Naturalness (outputs as a whole),1,QEG-w-1
realistic event,Naturalness (outputs as a whole),1,QEG-w-1
reasonability of API calls,Functional Correctness,1,QEC-w-1
rationale generation,__DROP__,1,AUX-Other
question intent,Relevance to Input,1,QIG-c-3
question quality,Overall Quality / Preference,1,AUX-OverallQuality
question rewriting hardness,__DROP__,1,AUX-Other
question understanding,Degree to which Output Answers Question in Input,1,QIG-w-2
quotes,__DROP__,1,AUX-Other
random,__DROP__,1,AUX-Other
ranking accuracy,Complete Target Output Matching,1,QTC-w-3
ranking quality,Overall Quality / Preference,1,AUX-OverallQuality
rating,Overall Quality / Preference,1,AUX-OverallQuality
reading behavior,Effect on User Behaviour,1,QEF-w-2
reading count of example sentences,__DROP__,1,AUX-Other
real news detection,Classification Accuracy,1,QTC-w-1
ratio of correct diagnoses,Classification Accuracy,1,QTC-w-1
rational quality,Coherence,1,QOG-c-3
recommendation success rate,Complete Target Output Matching,1,QTC-w-3
reference fragment fidelity,Form Accuracy,1,QTC-f-1
reference own topics from previous sessions,Cohesiveness,1,QOG-c-3.2
reference partner topics from previous sessions,Cohesiveness,1,QOG-c-3.2
reduced long-distance reordering,Translation Accuracy,1,QIC-w-1
reference clarity,Clarity of Referents,1,QEG-w-7
refusal correctness,Functional Correctness,1,QEC-w-1
region mention,Absence of Omissions (relative to input),1,QIC-c-1
reasoning process annotation,__DROP__,1,AUX-Other
reasoning step alignment,Sequence Alignment Accuracy,1,QTC-w-5
reasoning strategy,__DROP__,1,AUX-Other
reasoning-gap coverage,__DROP__,1,AUX-Other
recall of interactions,__DROP__,1,AUX-Other
relationship building,Empathy / Emotional Appropriateness,1,QEF-w-11
relaxed match,Complete Target Output Matching,1,QTC-w-3
relevance of heat map to target word,__DROP__,1,AUX-Other
relevance of jumping to relevant parts,Usefulness for Task/Information Need,1,QEG-w-3.1
relation inference correctness,Consistency with Input,1,QIC-c-3
refutation completeness,Absence of Omissions (relative to input),1,QIC-c-1
relatability,Appropriateness (outputs as a whole),1,QEG-w-2
relatableness,Appropriateness (outputs as a whole),1,QEG-w-2
related concepts,__DROP__,1,AUX-Other
relation compliance,Consistency with Input,1,QIC-c-3
relational structure conformity,Consistency with Input,1,QIC-c-3
regression,__DROP__,1,AUX-Other
rejected,Refusal Appropriateness,1,QEC-w-2
relation match,Meaning Accuracy,1,QTC-c-1
relation preservation rate,Absence of Omissions (relative to input),1,QIC-c-1
relation to root node,Parse Accuracy (with references),1,QTC-w-6
relation-mismatch,Consistency with Input,1,QIC-c-3
relationship classification,Classification Accuracy,1,QTC-w-1
relationship consistency,Internal Consistency of Outputs,1,QOG-c-4
relationship factor coverage,Coverage of Topics (given in input),1,QIC-c-4
relationship faithfulness,Consistency with Input,1,QIC-c-3
relevance to historical inputs,Relevance to Input,1,QIG-c-3
repair time,__DROP__,1,AUX-Other
relevance with documents,Similarity/Dissimilarity to Non-target Reference (content/meaning),1,QEF-c-1
relevant response rate,__DROP__,1,AUX-Other
reliance rate,__DROP__,1,AUX-Other
religious sensitivity,Appropriateness (outputs as a whole),1,QEG-w-2
repeating subjects,Nonredundancy (form),1,QOG-f-1
repetition patterns,Nonredundancy (output as a whole),1,QOG-w-1
repetitive plots,Nonredundancy (content/meaning),1,QOG-c-1
revision amount,__DROP__,1,AUX-Other
reward alignment,__DROP__,1,AUX-Other
rewriting rules,Conformance to Syntactic Structure (given in input),1,QIC-f-1
report quality,Overall Quality / Preference,1,AUX-OverallQuality
representational harm,Absence of Bias / Stereotypes,1,QEC-c-3
request fulfillment,Degree to which Output Answers Question in Input,1,QIG-w-2
review time,__DROP__,1,AUX-Other
response effectiveness,Usefulness for Task/Information Need,1,QEG-w-3.1
response label,__DROP__,1,AUX-Other
rephrasing quality,Similarity/Dissimilarity to Input (content/meaning),1,QIF-c-2
replacement preference,Win Rate,1,QEG-w-10
safeguard,Appropriateness (outputs as a whole),1,QEG-w-2
risk of bias assessment,Absence of Bias / Stereotypes,1,QEC-c-3
role correspondence,Appropriateness (outputs as a whole),1,QEG-w-2
role label correctness,Sequence Labelling Accuracy,1,QTC-w-2
rhetorical devices,__DROP__,1,AUX-Other
rhetorical quality,__DROP__,1,AUX-Other
response safety,Absence of Toxic / Harmful Content,1,QOC-c-2
richness of skills,Diversity/Non-diversity (content/meaning),1,QOF-c-1
risk of bias,Absence of Bias / Stereotypes,1,QEC-c-3
safety of response,Absence of Toxic / Harmful Content,1,QOC-c-2
sadness,Effect on User Emotion,1,QEF-w-3
role-playing quality,Appropriateness (outputs as a whole),1,QEG-w-2
satisfaction with default reading experience,User Satisfaction as Affected by Outputs,1,QEG-w-6
scenario plausibility,Appropriateness (content/meaning),1,QEG-c-2
sample-level logical label,__DROP__,1,AUX-Other
same perspective,Control over Style,1,QIF-f-2
scientific authenticity,Factual Truth,1,QEC-c-1
scope,__DROP__,1,AUX-Other
search user behavior alignment,Effect on User Behaviour,1,QEF-w-2
seen/unseen,Cross-Dataset Generalisation,1,QTG-w-3
segmentation,Parse Accuracy (reference-less),1,QIG-w-1
segmentation accuracy,Complete Target Output Matching,1,QTC-w-3
sanity-check,__DROP__,1,AUX-Other
safety violations,Absence of Toxic / Harmful Content,1,QOC-c-2
sentence relevance to entity,Relevance to Input,1,QIG-c-3
sensibility of questions,Semantic Correctness,1,QOC-c-1
sentiment target classification,Classification Accuracy,1,QTC-w-1
sentiment transfer strength,Control over Sentiment,1,QIF-w-2
sentiment type classification,Classification Accuracy,1,QTC-w-1
semantic granularity,Complexity/Non-complexity (content/meaning),1,QOF-c-3
semantic integrity,Internal Consistency of Outputs,1,QOG-c-4
semantic fidelity,Consistency with Input,1,QIC-c-3
semantic meaning of all atoms,Semantic Correctness,1,QOC-c-1
sense continuation,Cohesiveness,1,QOG-c-3.2
sentence understandability,Understandability,1,QOG-w-5
sentence-level quality,Overall Quality / Preference,1,AUX-OverallQuality
sentence alignment quality,Sequence Alignment Accuracy,1,QTC-w-5
semantic frame errors,Semantic Correctness,1,QOC-c-1
sentiment appropriateness,Appropriateness (content/meaning),1,QEG-c-2
sentiment expression,__DROP__,1,AUX-Other
separation quality,__DROP__,1,AUX-Other
sequential reasoning,Wellorderedness,1,QOG-c-3.1
shape-texture consistency,Internal Consistency of Outputs,1,QOG-c-4
share,__DROP__,1,AUX-Other
sharing behavior,Effect on User Behaviour,1,QEF-w-2
simulation accuracy,Functional Correctness,1,QEC-w-1
simulation quality,Overall Quality / Preference,1,AUX-OverallQuality
social bias,Absence of Bias / Stereotypes,1,QEC-c-3
social distance,Detectability of Speaker/Author Trait,1,QEF-w-5
solution alignment,Complete Target Output Matching,1,QTC-w-3
sequential relation detection,__DROP__,1,AUX-Other
setting,__DROP__,1,AUX-Other
severity assessment,__DROP__,1,AUX-Other
similarity to parent node,__DROP__,1,AUX-Other
severity of harm (1-5 scale),Absence of Toxic / Harmful Content,1,QOC-c-2
specific entailment,Semantic Correctness,1,QOC-c-1
specific event details,Absence of Omissions (relative to input),1,QIC-c-1
skill relevance,Relevance to Input,1,QIG-c-3
solution idea/category,__DROP__,1,AUX-Other
source presence of PII,__DROP__,1,AUX-Other
source word order emulation,Similarity/Dissimilarity to Input (form),1,QIF-f-4
solvability confirmation,Degree to which Output Answers Question in Input,1,QIG-w-2
soundscape description quality,Coherence,1,QOG-c-3
source credibility,__DROP__,1,AUX-Other
source identification,Absence of Omissions (relative to input),1,QIC-c-1
splitting correctness,Correctness of Outputs (outputs as a whole),1,QOC-w-1
splitting occurrence,__DROP__,1,AUX-Other
strong conclusions without evidence,Factual Truth,1,QEC-c-1
story quality,Overall Quality / Preference,1,AUX-OverallQuality
strategy diversity,Diversity/Non-diversity (content/meaning),1,QOF-c-1
spurious,__DROP__,1,AUX-Other
spuriousness,__DROP__,1,AUX-Other
stack management correctness,Functional Correctness,1,QEC-w-1
status score,__DROP__,1,AUX-Other
step analysis accuracy,Complete Target Output Matching,1,QTC-w-3
stance inference correctness,Detectability of Speaker/Author Stance,1,QEF-w-4
start and end points,__DROP__,1,AUX-Other
strictness,__DROP__,1,AUX-Other
speaker,__DROP__,1,AUX-Other
step-answer matching,Complete Target Output Matching,1,QTC-w-3
stereotype activation,Absence of Bias / Stereotypes,1,QEC-c-3
stereotype prevalence,Absence of Bias / Stereotypes,1,QEC-c-3
subject fit,Relevance to Input,1,QIG-c-3
style transfer,Success of Style Transfer from Sample,1,QIG-f-2
style conversion,Success of Style Transfer from Sample,1,QIG-f-2
structural difference,Similarity/Dissimilarity to Non-target Reference (form),1,QEF-f-1
structured interpretation,__DROP__,1,AUX-Other
stylistic elements,__DROP__,1,AUX-Other
style diversity,Diversity/Non-diversity (outputs as a whole),1,QOF-w-1
style polarity,Control over Sentiment,1,QIF-w-2
style preservation,Similarity/Dissimilarity to Input (form),1,QIF-f-4
suddenness,__DROP__,1,AUX-Other
sufficiency of evidence,Informativeness,1,QOG-c-2
story flow,Coherence,1,QOG-c-3
story focus,Coherence,1,QOG-c-3
structural commonalities,Diversity/Non-diversity (form),1,QOF-f-1
structural compliance,Adherence to Syntactic Rules,1,QEC-f-2
structural constraints,Conformance to Syntactic Structure (given in input),1,QIC-f-1
sympathy,Effect on User Emotion,1,QEF-w-3
syntactic controllability,Conformance to Syntactic Structure (given in input),1,QIC-f-1
succinctness and sufficiency,__DROP__,1,AUX-Other
support for target label,__DROP__,1,AUX-Other
surface structure,Grammaticality,1,QOC-f-1
supported by evidence,Relative Factual Accuracy,1,QEC-c-2
supporting facts,Absence of Omissions (relative to input),1,QIC-c-1
suitability as canonical rebuttal,Appropriateness (outputs as a whole),1,QEG-w-2
summary intention coverage rate,Absence of Omissions (relative to input),1,QIC-c-1
summary plagiarism,__DROP__,1,AUX-Other
subjective information,__DROP__,1,AUX-Other
task accuracy,Functional Correctness,1,QEC-w-1
tag recall,__DROP__,1,AUX-Other
target,__DROP__,1,AUX-Other
syntactic property,__DROP__,1,AUX-Other
syntactic quality,Grammaticality,1,QOC-f-1
synonym translation correctness,Translation Accuracy,1,QIC-w-1
syntactic,__DROP__,1,AUX-Other
syntactic attachment preference,Naturalness (form),1,QEG-f-1
syntactic coherence,Fluency,1,QOG-w-3
syntax issues,Grammaticality,1,QOC-f-1
system effectiveness,Overall Quality / Preference,1,AUX-OverallQuality
task compliance,Consistency with Input,1,QIC-c-3
task consistency,Internal Consistency of Outputs,1,QOG-c-4
target identification correctness,Classification Accuracy,1,QTC-w-1
target language,__DROP__,1,AUX-Other
target agent presence in room,__DROP__,1,AUX-Other
target agent prior visitation to room,__DROP__,1,AUX-Other
taxonomy suitability,__DROP__,1,AUX-Other
teaching behaviors,Detectability of Speaker/Author Trait,1,QEF-w-5
technical/bureaucratic language,Control over Style,1,QIF-f-2
task faithfulness,Consistency with Input,1,QIC-c-3
template usage,__DROP__,1,AUX-Other
template validity,__DROP__,1,AUX-Other
temporal grounding,Semantic Correctness,1,QOC-c-1
temporal ordering,Wellorderedness,1,QOG-c-3.1
test reliability,__DROP__,1,AUX-Other
temporal preserving,Consistency with Input,1,QIC-c-3
technical completeness,Absence of Omissions (relative to input),1,QIC-c-1
technical details,__DROP__,1,AUX-Other
topic relatedness,Relevance to Input,1,QIG-c-3
topic shift,Consistency with Input,1,QIC-c-3
timing information,__DROP__,1,AUX-Other
thought provoking,Engagingness/Interestingness,1,QEF-w-10
time efficiency,Task Completion Speed,1,QEG-w-5.2
time taken to make the decision,Task Completion Speed,1,QEG-w-5.2
textual complexity,Complexity/Non-complexity (outputs as a whole),1,QOF-w-3
textual quality,Overall Quality / Preference,1,AUX-OverallQuality
texture photorealism,__DROP__,1,AUX-Other
terminate or change topics,Appropriateness of System Response Type,1,QIG-f-1
terminology accuracy,Semantic Correctness,1,QOC-c-1
text-audio alignment,Sequence Alignment Accuracy,1,QTC-w-5
text-music relevance,Relevance to Input,1,QIG-c-3
too trivial,Complexity/Non-complexity (outputs as a whole),1,QOF-w-3
tool selection error rate,Functional Correctness,1,QEC-w-1
translation error detection,__DROP__,1,AUX-Other
translation quality comparison,Overall Quality / Preference,1,AUX-OverallQuality
translation quality impact,Translation Accuracy,1,QIC-w-1
total hallucination,Absence of Additions (relative to input),1,QIC-c-2
total score correlation,__DROP__,1,AUX-Other
transitions,Cohesiveness,1,QOG-c-3.2
timing of buzz,__DROP__,1,AUX-Other
title context,__DROP__,1,AUX-Other
token correctness,Correctness of Outputs (outputs as a whole),1,QOC-w-1
token length deviation,Output Size Relative to Input,1,QIF-f-3
tokens from source text,Similarity/Dissimilarity to Input (form),1,QIF-f-4
uncooperative,Appropriateness of System Response Type,1,QIG-f-1
understandability after clarification,Understandability,1,QOG-w-5
understanding of correction,Consistency with Input,1,QIC-c-3
understanding of general scene,Factual Truth,1,QEC-c-1
undesired,Appropriateness (outputs as a whole),1,QEG-w-2
translation quality improvement from visual information,Translation Accuracy,1,QIC-w-1
translation speed,Interaction Completion Speed,1,QEF-w-8
translation to common noun,Translation Accuracy,1,QIC-w-1
turn relevance,Relevance to Input,1,QIG-c-3
type,__DROP__,1,AUX-Other
true label,__DROP__,1,AUX-Other
trustworthiness of attention-based explanations,Goodness as Explanation of System Behaviour,1,QEG-w-4
typos and naturalness,Naturalness (outputs as a whole),1,QEG-w-1
tree accuracy,Parse Accuracy (with references),1,QTC-w-6
triplet relevance to implicit CSK,Factual Truth,1,QEC-c-1
true but uncorrelated,Absence of Additions (relative to input),1,QIC-c-2
user preferences,Overall Quality / Preference,1,AUX-OverallQuality
user response types,Appropriateness of System Response Type,1,QIG-f-1
usability as headline,System Usability as Affected by Outputs,1,QEG-w-5
usability impact,System Usability as Affected by Outputs,1,QEG-w-5
usability in classroom setting,System Usability as Affected by Outputs,1,QEG-w-5
unit consistency,Internal Consistency of Outputs,1,QOG-c-4
unnecessary edits,Absence of Additions (relative to input),1,QIC-c-2
unnecessary paraphrasing,Similarity/Dissimilarity to Input (form),1,QIF-f-4
unsafe content,Absence of Toxic / Harmful Content,1,QOC-c-2
unsafe output ratio,__DROP__,1,AUX-Other
unsupported facts,Absence of Additions (relative to input),1,QIC-c-2
user confidence,__DROP__,1,AUX-Other
undetected,Non-AI Likeness,1,QOG-w-4.2
unethical_compliance,Absence of Bias / Stereotypes,1,QEC-c-3
unnatural artifacts,Naturalness (outputs as a whole),1,QEG-w-1
unnatural copy,Naturalness (outputs as a whole),1,QEG-w-1
unfair,Absence of Bias / Stereotypes,1,QEC-c-3
usability in workflow,System Usability as Affected by Outputs,1,QEG-w-5
usable,System Usability as Affected by Outputs,1,QEG-w-5
use of domain-specific scientific language,Appropriateness (form),1,QEG-f-2
use of strategies,__DROP__,1,AUX-Other
vagueness judgment accuracy,Classification Accuracy,1,QTC-w-1
valence correlation,Similarity to Target Outputs (content/meaning),1,QTG-c-1
validation,__DROP__,1,AUX-Other
validation of challenges,__DROP__,1,AUX-Other
validity of MPs,Factual Truth,1,QEC-c-1
validity of assumption,Factual Truth,1,QEC-c-1
validity of harm,Factual Truth,1,QEC-c-1
value formatting issues,Adherence to Style Guide,1,QEC-f-1
utility of persona selection,Usefulness for Task/Information Need,1,QEG-w-3.1
viewpoint coverage,Diversity/Non-diversity (content/meaning),1,QOF-c-1
visualization preference,__DROP__,1,AUX-Other
visualization-aided understanding,__DROP__,1,AUX-Other
violates common sense,Factual Truth,1,QEC-c-1
visibility,__DROP__,1,AUX-Other
visual coherence,Coherence,1,QOG-c-3
visual description quality,Quality as Explanation of Input,1,QIG-w-3
visual match quality,Translation Accuracy,1,QIC-w-1
victim revealed,Semantic Correctness,1,QOC-c-1
viewpoint,__DROP__,1,AUX-Other
versatile skills,Multi-task Performance,1,QEG-w-9
variable definition error,Semantic Correctness,1,QOC-c-1
variable errors,Correctness of Outputs (outputs as a whole),1,QOC-w-1
variation completeness,Diversity/Non-diversity (content/meaning),1,QOF-c-1
vividness,__DROP__,1,AUX-Other
voice style,Control over Style,1,QIF-f-2
watermark imperceptibility,__DROP__,1,AUX-Other
wisdom of crowds usefulness,Usefulness for Task/Information Need,1,QEG-w-3.1
well-supported,Cohesiveness,1,QOG-c-3.2
well-written,Fluency,1,QOG-w-3
wh-word match,__DROP__,1,AUX-Other
word relevance,Relevance to Input,1,QIG-c-3
wording,Clarity,1,QOG-w-5.1
wrong answer,Complete Target Output Matching,1,QTC-w-3
wrong entities,Factual Truth,1,QEC-c-1
white lie authenticity,Appropriateness (content/meaning),1,QEG-c-2
wholesomeness of subject/object,Appropriateness (content/meaning),1,QEG-c-2
willingness to act,Effect on User Behaviour,1,QEF-w-2
winner identification,Classification Accuracy,1,QTC-w-1
winner/loser extraction,Complete Target Output Matching,1,QTC-w-3
Reasoning quality,Quality as Explanation of Input,1,QIG-w-3
Constraint satisfaction,Consistency with Input,1,QIC-c-3
Instruction following,Consistency with Input,1,QIC-c-3
Error categorization,__DROP__,1,AUX-Other
Error identification,__DROP__,1,AUX-Other
contextual understanding,Relevance to Input,1,QIG-c-3
instruction compliance,Consistency with Input,1,QIC-c-3
Instruction adherence,Appropriateness of System Response Type,1,QIG-f-1
Logical Correctness,Semantic Correctness,1,QOC-c-1
Parameter mapping correctness,Consistency with Input,1,QIC-c-3
Response,__DROP__,1,AUX-Other
complete,Absence of Omissions (relative to input),1,QIC-c-1
correctness of intermediate reasoning steps,Semantic Correctness,1,QOC-c-1
writing,__DROP__,1,AUX-Other
Answer Compatibility,Consistency with Input,1,QIC-c-3
answer compatibility,Consistency with Input,1,QIC-c-3
Context Integration,Relevance to Input,1,QIG-c-3
Explicit,Clarity,1,QOG-w-5.1
Grounding & Specificity,Absence of Additions (relative to input),1,QIC-c-2
Semantic Fidelity,Consistency with Input,1,QIC-c-3
Visual Faithfulness,Consistency with Input,1,QIC-c-3
constraint adherence,Consistency with Input,1,QIC-c-3
error category,Classification Accuracy,1,QTC-w-1
Error type classification,Classification Accuracy,1,QTC-w-1
likeability,User Satisfaction as Affected by Outputs,1,QEG-w-6
response accuracy,Correctness of Outputs (outputs as a whole),1,QOC-w-1
Aspect-based Faithfulness,Consistency with Input,1,QIC-c-3
Benign errors,Correctness of Outputs (outputs as a whole),1,QOC-w-1
transparency,Clarity,1,QOG-w-5.1
Accuracy Level,Correctness of Outputs (outputs as a whole),1,QOC-w-1
Accurate Expression,Correctness of Outputs (outputs as a whole),1,QOC-w-1
Adherence to perturbation specifications,Consistency with Input,1,QIC-c-3
Context-relevance,Relevance to Input,1,QIG-c-3
Contextuality,Relevance to Input,1,QIG-c-3
contextuality,Relevance to Input,1,QIG-c-3
Contradicting,Consistency with Input,1,QIC-c-3
CTRL semantic alignment,Consistency with Input,1,QIC-c-3
Calculation Accuracy,Factual Truth,1,QEC-c-1
Communication accuracy,Correctness of Outputs (outputs as a whole),1,QOC-w-1
"Correct number, incorrect reasoning",Semantic Correctness,1,QOC-c-1
Detailed,Informativeness,1,QOG-c-2
Error classification,Classification Accuracy,1,QTC-w-1
Completeness of variables and states,Correctness of Outputs (outputs as a whole),1,QOC-w-1
Conceptual Ambiguity,Clarity,1,QOG-w-5.1
Constraint validity,Consistency with Input,1,QIC-c-3
Error type breakdown,__DROP__,1,AUX-Other
Event-relevance,Relevance to Input,1,QIG-c-3
Example faithfulness,Consistency with Input,1,QIC-c-3
Fact Faithfulness,Consistency with Input,1,QIC-c-3
Inaccuracy Negation,Correctness of Outputs (outputs as a whole),1,QOC-w-1
Inaccurate,Correctness of Outputs (outputs as a whole),1,QOC-w-1
Incorrect Judging,__DROP__,1,AUX-Other
Language Grounding,Relevance to Input,1,QIG-c-3
Logical conclusion correction,Semantic Correctness,1,QOC-c-1
Logical correctness of thoughts,Semantic Correctness,1,QOC-c-1
Misaligned,Consistency with Input,1,QIC-c-3
Not an Error (NE),Correctness of Outputs (outputs as a whole),1,QOC-w-1
Intermediate reasoning correctness,Semantic Correctness,1,QOC-c-1
Intrinsic Error,Correctness of Outputs (outputs as a whole),1,QOC-w-1
Invalid,Correctness of Outputs (outputs as a whole),1,QOC-w-1
L1 Reason Agreement,Semantic Correctness,1,QOC-c-1
Faithful,Consistency with Input,1,QIC-c-3
faithful,Consistency with Input,1,QIC-c-3
Fidelity Quality,Consistency with Input,1,QIC-c-3
Following,Consistency with Input,1,QIC-c-3
Not relevant,Relevance to Input,1,QIG-c-3
Off Target,Relevance to Input,1,QIG-c-3
Off-Prompt,Consistency with Input,1,QIC-c-3
Relevance (absence of irrelevant/misleading information),Relevance to Input,1,QIG-c-3
Relevance to Aspect,Relevance to Input,1,QIG-c-3
Relevance to Context,Relevance to Input,1,QIG-c-3
Relevance to Triplet,Relevance to Input,1,QIG-c-3
Research Idea Consistency,Consistency with Input,1,QIC-c-3
Right Premise Right Conclusion (RR),Semantic Correctness,1,QOC-c-1
Text Fidelity,Consistency with Input,1,QIC-c-3
text fidelity,Consistency with Input,1,QIC-c-3
consistency with answer,Consistency with Input,1,QIC-c-3
consistency with dialogue history,Consistency with Input,1,QIC-c-3
consistency with dialogue history (HI),Consistency with Input,1,QIC-c-3
adherence to description,Consistency with Input,1,QIC-c-3
atomic fact coverage,Absence of Omissions (relative to input),1,QIC-c-1
complete reasoning,Semantic Correctness,1,QOC-c-1
conceptual accuracy,Semantic Correctness,1,QOC-c-1
Thought-step quality,Coherence,1,QOG-c-3
Topic Control,Coverage of Topics (given in input),1,QIC-c-4
Underlying meaning reflection,Consistency with Input,1,QIC-c-3
Vagueness,Clarity,1,QOG-w-5.1
accurate correction,Correctness of Outputs (outputs as a whole),1,QOC-w-1
content recall,Absence of Omissions (relative to input),1,QIC-c-1
context support,Relevance to Input,1,QIG-c-3
correct answer matches conditioning,Consistency with Input,1,QIC-c-3
error identification accuracy,Complete Target Output Matching,1,QTC-w-3
error type identification,Classification Accuracy,1,QTC-w-1
error-detection,Correctness of Outputs (outputs as a whole),1,QOC-w-1
explanation alignment,Consistency with Input,1,QIC-c-3
faithfulness to constraints,Consistency with Input,1,QIC-c-3
correctness (text),Correctness of Outputs (outputs as a whole),1,QOC-w-1
correctness relative to source text,Consistency with Input,1,QIC-c-3
crude errors (CE),Correctness of Outputs (outputs as a whole),1,QOC-w-1
directly relevant,Relevance to Input,1,QIG-c-3
ease of repair,Correctness of Outputs (outputs as a whole),1,QOC-w-1
erroneous correction,Correctness of Outputs (outputs as a whole),1,QOC-w-1
error_type_identification,Classification Accuracy,1,QTC-w-1
logical quality,Coherence,1,QOG-c-3
no/wrong reasoning,Semantic Correctness,1,QOC-c-1
noticeable distortions,Correctness of Outputs (outputs as a whole),1,QOC-w-1
off topic,Relevance to Input,1,QIG-c-3
consistency with video,Consistency with Input,1,QIC-c-3
consistency with positive examples,Consistency with Input,1,QIC-c-3
intrinsic errors,Correctness of Outputs (outputs as a whole),1,QOC-w-1
irregularities,Correctness of Outputs (outputs as a whole),1,QOC-w-1
information need preservation,Relevance to Input,1,QIG-c-3
reference current session topics,Coverage of Topics (given in input),1,QIC-c-4
semantic content preservation,Consistency with Input,1,QIC-c-3
semantic meaning preservation,Consistency with Input,1,QIC-c-3
sense alignment,Consistency with Input,1,QIC-c-3
outline relevance,Relevance to Input,1,QIG-c-3
overall fidelity,Consistency with Input,1,QIC-c-3
page relevance,Relevance to Input,1,QIG-c-3
product details,Absence of Omissions (relative to input),1,QIC-c-1
well-definedness,Correctness of Outputs (outputs as a whole),1,QOC-w-1
untrue to input,Consistency with Input,1,QIC-c-3
valid,Correctness of Outputs (outputs as a whole),1,QOC-w-1
valid output,Correctness of Outputs (outputs as a whole),1,QOC-w-1
verification time,Speed of Understanding,1,QOG-w-5.1.1
topic match,Coverage of Topics (given in input),1,QIC-c-4
topic understanding,Relevance to Input,1,QIG-c-3
reasoning soundness,Semantic Correctness,1,QOC-c-1
