metric,criterion,criterion_short,k11,k12,k21,k22,n_metric,n_criterion,n_total,lr,npmi,g2,p_value,q_value,reject_q05
rouge,factual truth,Factuality,46,119,94,373,165,140,632,1.3850419084461638,0.0877561567956977,4.1030457512375484,0.042806034798814174,0.4120644086685849,False
bleu,factual truth,Factuality,29,120,111,372,149,140,632,0.8469073099945583,-0.0419923983248224,0.8350809199251037,0.3608074306486413,0.740781719303381,False
accuracy,factual truth,Factuality,32,95,108,397,127,140,632,1.1781860600758238,0.043174375120915084,0.8351844217417517,0.3607776706061816,0.740781719303381,False
exact match,factual truth,Factuality,4,33,136,459,37,140,632,0.472972972972973,-0.14170135578824983,3.4073364091528298,0.06490713582620508,0.4980044328651322,False
moverscore,factual truth,Factuality,7,12,133,480,19,140,632,1.6980609418282546,0.11297368114253521,2.177195711003402,0.1400694780648391,0.6716266264226144,False
meteor,factual truth,Factuality,16,44,124,448,60,140,632,1.2301075268817205,0.05045591971643883,0.7529966478064578,0.3855291296772321,0.740781719303381,False
unieval,factual truth,Factuality,13,8,127,484,21,140,632,2.9782527184101992,0.26459571506482804,15.956289973577091,6.482202697840432e-05,0.0045599802824423654,True
g eval,factual truth,Factuality,9,14,131,478,23,140,632,1.8191171589777633,0.13382459753058282,3.499081401008673,0.06140287896602077,0.48828637229935645,False
bertscore,factual truth,Factuality,38,95,102,397,133,140,632,1.3977591036414565,0.09052171958057913,3.852525494517728,0.0496711455321522,0.4410122581471183,False
bartscore,factual truth,Factuality,14,20,126,472,34,140,632,1.9542483660130718,0.16272207436861647,6.56030055966038,0.010427875198394075,0.17468612738125527,False
questeval,factual truth,Factuality,6,4,134,488,10,140,632,2.785074626865671,0.21395609824841536,6.764452634383029,0.009299144208654386,0.16045410148706485,False
ndcg,factual truth,Factuality,3,7,137,485,10,140,632,1.3620437956204379,0.05668382426417891,0.33769532021915527,0.5611625571988551,0.740781719303381,False
recall,factual truth,Factuality,14,43,126,449,57,140,632,1.120857699805068,0.027101728257136755,0.20627631569004024,0.6497017778991354,0.7610934829687047,False
f1,factual truth,Factuality,18,75,122,417,93,140,632,0.8551031200423056,-0.03793173942556483,0.5080118860103608,0.4760007642179316,0.740781719303381,False
win rate,factual truth,Factuality,3,19,137,473,22,140,632,0.6071665560716655,-0.09068375031562749,1.066829281258204,0.3016627358896596,0.740781719303381,False
precision,factual truth,Factuality,8,28,132,464,36,140,632,1.0033670033670032,0.0007253948023408667,0.00010939731020058463,0.9916548246787522,0.9949186364988688,False
spearman correlation,factual truth,Factuality,5,16,135,476,21,140,632,1.0776014109347443,0.014911286231697353,0.03403799321994394,0.8536260246972605,0.894968914166014,False
pearson correlation,factual truth,Factuality,5,10,135,482,15,140,632,1.5234567901234566,0.08443822288819006,1.0117744176531858,0.31447811845603113,0.740781719303381,False
bleurt,factual truth,Factuality,9,23,131,469,32,140,632,1.2881679389312977,0.056151097595960604,0.6604466101378441,0.41640231738432587,0.740781719303381,False
qafacteval,factual truth,Factuality,8,2,132,490,10,140,632,3.76969696969697,0.29388230814983396,15.424725849669143,8.585751484999367e-05,0.0056083355235942295,True
cider,factual truth,Factuality,3,13,137,479,16,140,632,0.843065693430657,-0.031162771338214493,0.11446368019372621,0.735118425759194,0.8109358267271204,False
mrr,factual truth,Factuality,4,9,136,483,13,140,632,1.400452488687783,0.06490583841928181,0.5288615946639492,0.46708586227246707,0.740781719303381,False
distinct,factual truth,Factuality,0,16,140,476,16,140,632,0.0,,8.130675328212135,0.004352253313297724,0.10474041197396759,False
attack success rate asr,factual truth,Factuality,0,14,140,478,14,140,632,0.0,,7.101264017322663,0.0077029610303350985,0.1448738964949285,False
perplexity,factual truth,Factuality,2,27,138,465,29,140,632,0.30134932533733133,-0.202736959819779,5.18254523649362,0.022814879662795103,0.2897170094111515,False
alignscore,factual truth,Factuality,6,5,134,487,11,140,632,2.5278154681139755,0.19349066538721243,5.552174104010954,0.018457746710417614,0.24822954950995454,False
chair,factual truth,Factuality,2,8,138,484,10,140,632,0.9014492753623189,-0.017754606982800045,0.02794180937638746,0.8672457013162719,0.9053609518878203,False
chrf,factual truth,Factuality,2,11,138,481,13,140,632,0.6900780379041248,-0.06333765339654636,0.38286363399614953,0.5360746384899813,0.740781719303381,False
comet,factual truth,Factuality,3,24,137,468,27,140,632,0.4906731549067315,-0.1289610971910447,2.3109901055730697,0.12846219949959445,0.6454872606724128,False
cosine similarity,factual truth,Factuality,6,7,134,485,13,140,632,2.13203214695752,0.1576200568028752,3.7395942787754466,0.053137346306385023,0.46280098283037246,False
auroc,factual truth,Factuality,3,7,137,485,10,140,632,1.3620437956204379,0.05668382426417891,0.33769532021915527,0.5611625571988551,0.740781719303381,False
rouge,relevance to input,Relevance,55,110,92,375,165,147,632,1.6920289855072463,0.14738326211216443,12.067004934113822,0.0005132208566805991,0.021333657883382175,True
bleu,relevance to input,Relevance,41,108,106,377,149,147,632,1.253830568570343,0.061449019622203234,1.927716695331613,0.1650084665122666,0.7237421708655531,False
accuracy,relevance to input,Relevance,23,104,124,381,127,147,632,0.7375539751079503,-0.07552255306169779,2.4660490214666986,0.1163300137429248,0.6275541896847227,False
exact match,relevance to input,Relevance,5,32,142,453,37,147,632,0.5662352493338408,-0.11220759106563423,2.3432182942589836,0.12582935546960677,0.640817202277556,False
moverscore,relevance to input,Relevance,12,7,135,478,19,147,632,2.8678362573099414,0.2520002084800319,14.233048935095066,0.00016150898851222323,0.008951513332995644,True
meteor,relevance to input,Relevance,23,37,124,448,60,147,632,1.7682795698924734,0.15078384382267104,7.613459856469095,0.005793421844707488,0.13141215340592233,False
unieval,relevance to input,Relevance,14,7,133,478,21,147,632,3.06265664160401,0.27638795658816456,18.583238672067456,1.6264432831287452e-05,0.0014873823824212375,True
g eval,relevance to input,Relevance,14,9,133,476,23,147,632,2.7871853546910756,0.2525097969567606,15.511518432502742,8.200403805893656e-05,0.005555014281844258,True
bertscore,relevance to input,Relevance,44,89,103,396,133,147,632,1.6027447258924008,0.13220900843043046,8.591026298299905,0.0033782356205821606,0.0922207902991757,False
bartscore,relevance to input,Relevance,20,14,127,471,34,147,632,2.7698008337193145,0.2686899332708769,21.080272775800687,4.404391312802922e-06,0.0005672577606464345,True
questeval,relevance to input,Relevance,1,9,146,476,10,147,632,0.42602739726027394,-0.13089514085821854,1.1963854110985226,0.27404531682116967,0.740781719303381,False
ndcg,relevance to input,Relevance,2,8,145,477,10,147,632,0.8579310344827586,-0.026231387623576272,0.06258325046175783,0.8024586329648837,0.8583022454343697,False
recall,relevance to input,Relevance,14,43,133,442,57,147,632,1.0618651892890119,0.014295346415886102,0.058817071774241336,0.8083754703970255,0.8616076546364566,False
f1,relevance to input,Relevance,16,77,131,408,93,147,632,0.7078716243946483,-0.08202646912145053,2.372285382554063,0.12350612459675663,0.6399226682364528,False
win rate,relevance to input,Relevance,6,16,141,469,22,147,632,1.1798839458413926,0.03417852321151115,0.198432419042323,0.6559891385106349,0.7646842153883474,False
precision,relevance to input,Relevance,9,27,138,458,36,147,632,1.0797101449275361,0.016972750524196504,0.06377367685148383,0.800627946038189,0.8568452389138957,False
spearman correlation,relevance to input,Relevance,10,11,137,474,21,147,632,2.1237400069516856,0.17280918393749525,6.170875492531303,0.01298703236321869,0.20476967407178434,False
pearson correlation,relevance to input,Relevance,9,6,138,479,15,147,632,2.6826086956521737,0.22288473443515489,9.517053392839594,0.0020357118898741587,0.06157673780723246,False
bleurt,relevance to input,Relevance,8,24,139,461,32,147,632,1.079136690647482,0.016515232286726376,0.05630301758352907,0.8124375838778902,0.8644260272906698,False
qafacteval,relevance to input,Relevance,1,9,146,476,10,147,632,0.42602739726027394,-0.13089514085821854,1.1963854110985226,0.27404531682116967,0.740781719303381,False
cider,relevance to input,Relevance,3,13,144,472,16,147,632,0.8020833333333334,-0.04028195586035265,0.19624099101232995,0.6577722731489659,0.7646842153883474,False
mrr,relevance to input,Relevance,3,10,144,475,13,147,632,0.9919871794871795,-0.0014728697729013663,0.0002483044776160695,0.9874277107432922,0.9917009807552142,False
distinct,relevance to input,Relevance,2,14,145,471,16,147,632,0.5310344827586206,-0.10788960159574697,1.2167951112503514,0.26999053092161224,0.740781719303381,False
attack success rate asr,relevance to input,Relevance,1,13,146,472,14,147,632,0.30234833659491195,-0.18307036298663681,2.641230057986091,0.10412289828353688,0.6131803250382504,False
perplexity,relevance to input,Relevance,4,25,143,460,29,147,632,0.5816252712804437,-0.10321676098710757,1.7053727983115499,0.19158682856890527,0.740781719303381,False
alignscore,relevance to input,Relevance,3,8,144,477,11,147,632,1.1761363636363635,0.029750575549603697,0.09739070062760058,0.7549836533558547,0.8268653305316517,False
chair,relevance to input,Relevance,1,9,146,476,10,147,632,0.42602739726027394,-0.13089514085821854,1.1963854110985226,0.27404531682116967,0.740781719303381,False
chrf,relevance to input,Relevance,4,9,143,476,13,147,632,1.3318988703604089,0.05526845603907199,0.3933373654471273,0.5305503368347996,0.740781719303381,False
comet,relevance to input,Relevance,3,24,144,461,27,147,632,0.46682098765432095,-0.13808028171318287,2.720448007276836,0.0990702052504274,0.6060180782710091,False
cosine similarity,relevance to input,Relevance,2,11,145,474,13,147,632,0.6567639257294431,-0.07181443403732254,0.5051895944936637,0.4772286915679418,0.740781719303381,False
auroc,relevance to input,Relevance,0,10,147,475,10,147,632,0.0,,5.3433584576391215,0.02080136052873056,0.2737099885399151,False
rouge,relative factual accuracy,Faithfulness,3,162,9,458,165,12,632,0.9434343434343434,-0.008102466473974286,0.007850176190474123,0.9293988384582332,0.9477366991772787,False
bleu,relative factual accuracy,Faithfulness,3,146,9,474,149,12,632,1.0805369127516777,0.01096181112216612,0.013585867880930302,0.9072099802207171,0.9332323137366094,False
accuracy,relative factual accuracy,Faithfulness,4,123,8,497,127,12,632,1.9881889763779528,0.09996652225164475,1.1760052270902732,0.27817075493397075,0.740781719303381,False
exact match,relative factual accuracy,Faithfulness,3,34,9,586,37,12,632,5.36036036036036,0.2713274643095042,4.77530888543195,0.028870666757421424,0.3252657127236532,False
moverscore,relative factual accuracy,Faithfulness,0,19,12,601,19,12,632,0.0,,0.7397412866218716,0.38974376583367065,0.740781719303381,False
meteor,relative factual accuracy,Faithfulness,0,60,12,560,60,12,632,0.0,,2.4182330713071805,0.11993013651346257,0.6285163887768569,False
unieval,relative factual accuracy,Faithfulness,0,21,12,599,21,12,632,0.0,,0.8189518677165762,0.36548679337500267,0.740781719303381,False
g eval,relative factual accuracy,Faithfulness,1,22,11,598,23,12,632,2.407114624505929,0.12846995471525072,0.5730035090757863,0.44906786428055245,0.740781719303381,False
bertscore,relative factual accuracy,Faithfulness,2,131,10,489,133,12,632,0.750375939849624,-0.040519396916772595,0.1490341384306415,0.6994600840982378,0.7867850515471567,False
bartscore,relative factual accuracy,Faithfulness,0,34,12,586,34,12,632,0.0,,1.3402930924008833,0.2469822873983688,0.740781719303381,False
questeval,relative factual accuracy,Faithfulness,1,9,11,611,10,12,632,5.654545454545455,0.25762539095068515,1.8293271120711123,0.17620704432503448,0.7391804680515781,False
ndcg,relative factual accuracy,Faithfulness,0,10,12,610,10,12,632,0.0,,0.38649380973384284,0.5341481860637087,0.740781719303381,False
recall,relative factual accuracy,Faithfulness,1,56,11,564,57,12,632,0.9170653907496013,-0.01226079695946674,0.0071714418052118145,0.9325123256252255,0.9485901243429018,False
f1,relative factual accuracy,Faithfulness,2,91,10,529,93,12,632,1.1591397849462366,0.02163585983256543,0.035872346049170556,0.8497793533311029,0.8922643499816203,False
win rate,relative factual accuracy,Faithfulness,0,22,12,598,22,12,632,0.0,,0.8586554138775983,0.35411523815521007,0.740781719303381,False
precision,relative factual accuracy,Faithfulness,1,35,11,585,36,12,632,1.505050505050505,0.058996795052503735,0.13996469454397042,0.7083161132086984,0.7917580190842086,False
spearman correlation,relative factual accuracy,Faithfulness,0,21,12,599,21,12,632,0.0,,0.8189518677165762,0.36548679337500267,0.740781719303381,False
pearson correlation,relative factual accuracy,Faithfulness,0,15,12,605,15,12,632,0.0,,0.5821001511671188,0.4454903041462347,0.740781719303381,False
bleurt,relative factual accuracy,Faithfulness,0,32,12,588,32,12,632,0.0,,1.2593459025070914,0.26177493863202295,0.740781719303381,False
qafacteval,relative factual accuracy,Faithfulness,1,9,11,611,10,12,632,5.654545454545455,0.25762539095068515,1.8293271120711123,0.17620704432503448,0.7391804680515781,False
cider,relative factual accuracy,Faithfulness,0,16,12,604,16,12,632,0.0,,0.6214134650576334,0.43052251805184993,0.740781719303381,False
mrr,relative factual accuracy,Faithfulness,0,13,12,607,13,12,632,0.0,,0.5036661957985271,0.47789364180878724,0.740781719303381,False
distinct,relative factual accuracy,Faithfulness,0,16,12,604,16,12,632,0.0,,0.6214134650576334,0.43052251805184993,0.740781719303381,False
attack success rate asr,relative factual accuracy,Faithfulness,0,14,12,606,14,12,632,0.0,,0.5428511314010157,0.46125352120941343,0.740781719303381,False
perplexity,relative factual accuracy,Faithfulness,0,29,12,591,29,12,632,0.0,,1.1384347541199504,0.28598331493246215,0.740781719303381,False
alignscore,relative factual accuracy,Faithfulness,2,9,10,611,11,12,632,11.290909090909093,0.3925183874266153,6.062199157102958,0.013810560069893972,0.21059831182284885,False
chair,relative factual accuracy,Faithfulness,0,10,12,610,10,12,632,0.0,,0.38649380973384284,0.5341481860637087,0.740781719303381,False
chrf,relative factual accuracy,Faithfulness,0,13,12,607,13,12,632,0.0,,0.5036661957985271,0.47789364180878724,0.740781719303381,False
comet,relative factual accuracy,Faithfulness,0,27,12,593,27,12,632,0.0,,1.0581644270819124,0.30363421018429354,0.740781719303381,False
cosine similarity,relative factual accuracy,Faithfulness,0,13,12,607,13,12,632,0.0,,0.5036661957985271,0.47789364180878724,0.740781719303381,False
auroc,relative factual accuracy,Faithfulness,0,10,12,610,10,12,632,0.0,,0.38649380973384284,0.5341481860637087,0.740781719303381,False
rouge,specificity/non-specificity (relative to input),Specificity,11,154,15,452,165,26,632,2.0755555555555554,0.11916646644317294,3.3483922049251706,0.06727068867504722,0.5092920873510547,False
bleu,specificity/non-specificity (relative to input),Specificity,8,141,18,465,149,26,632,1.4407158836689038,0.06094319027274897,0.7340687423937955,0.3915675215020745,0.740781719303381,False
accuracy,specificity/non-specificity (relative to input),Specificity,6,121,20,485,127,26,632,1.1929133858267715,0.029710409871644642,0.14523839657243354,0.7031278922960932,0.7904246558141085,False
exact match,specificity/non-specificity (relative to input),Specificity,2,35,24,571,37,26,632,1.34009009009009,0.0474347380250291,0.15264728389333226,0.6960182477893815,0.7843606748039302,False
moverscore,specificity/non-specificity (relative to input),Specificity,1,18,25,588,19,26,632,1.2905263157894735,0.03820097723842663,0.06060369883884198,0.8055443017378369,0.8595919065802239,False
meteor,specificity/non-specificity (relative to input),Specificity,4,56,22,550,60,26,632,1.7333333333333332,0.09535478383593514,0.9459957515907562,0.33074064295431665,0.740781719303381,False
unieval,specificity/non-specificity (relative to input),Specificity,2,19,24,587,21,26,632,2.4246031746031744,0.14584002684838493,1.205196881879425,0.27228545765176165,0.740781719303381,False
g eval,specificity/non-specificity (relative to input),Specificity,2,21,24,585,23,26,632,2.2065217391304346,0.13003463202180976,0.9842233297032887,0.3211583536203471,0.740781719303381,False
bertscore,specificity/non-specificity (relative to input),Specificity,8,125,18,481,133,26,632,1.66750208855472,0.08694125262737065,1.4100755599563186,0.23504385026377714,0.740781719303381,False
bartscore,specificity/non-specificity (relative to input),Specificity,4,30,22,576,34,26,632,3.1978609625668444,0.207547055566257,3.7136645677682116,0.053968780098766246,0.46599509795761024,False
questeval,specificity/non-specificity (relative to input),Specificity,0,10,26,596,10,26,632,0.0,,0.8470508599762027,0.35738797612665163,0.740781719303381,False
ndcg,specificity/non-specificity (relative to input),Specificity,0,10,26,596,10,26,632,0.0,,0.8470508599762027,0.35738797612665163,0.740781719303381,False
recall,specificity/non-specificity (relative to input),Specificity,2,55,24,551,57,26,632,0.8406432748538011,-0.02764391198299917,0.0608222994345442,0.8052009517103647,0.8595919065802239,False
f1,specificity/non-specificity (relative to input),Specificity,7,86,19,520,93,26,632,2.135257498585173,0.13415640604738155,2.720862231291627,0.0990444997630686,0.6060180782710091,False
win rate,specificity/non-specificity (relative to input),Specificity,3,19,23,587,22,26,632,3.6166007905138335,0.22398142522525263,3.403062767819986,0.0650754835728631,0.4980044328651322,False
precision,specificity/non-specificity (relative to input),Specificity,1,35,25,571,36,26,632,0.6622222222222222,-0.06089825058671041,0.19302537259733732,0.6604104645796,0.7646842153883474,False
spearman correlation,specificity/non-specificity (relative to input),Specificity,1,20,25,586,21,26,632,1.1638095238095236,0.022681489704988657,0.022080186256836942,0.881873982738682,0.9165647642159316,False
pearson correlation,specificity/non-specificity (relative to input),Specificity,1,14,25,592,15,26,632,1.6453333333333333,0.07485671183340689,0.21600175148665435,0.6421034173761835,0.7586609498585527,False
bleurt,specificity/non-specificity (relative to input),Specificity,0,32,26,574,32,26,632,0.0,,2.760611801105291,0.0966112843796799,0.5991157816520808,False
qafacteval,specificity/non-specificity (relative to input),Specificity,0,10,26,596,10,26,632,0.0,,0.8470508599762027,0.35738797612665163,0.740781719303381,False
cider,specificity/non-specificity (relative to input),Specificity,1,15,25,591,16,26,632,1.54,0.06484901636941774,0.16536277401646882,0.6842663767642477,0.7784091454845232,False
mrr,specificity/non-specificity (relative to input),Specificity,1,12,25,594,13,26,632,1.9046153846153846,0.09704670997022635,0.3478024721159023,0.5553597410586064,0.740781719303381,False
distinct,specificity/non-specificity (relative to input),Specificity,0,16,26,590,16,26,632,0.0,,1.3619855540450696,0.24319366398154527,0.740781719303381,False
attack success rate asr,specificity/non-specificity (relative to input),Specificity,0,14,26,592,14,26,632,0.0,,1.189773370575685,0.27537527489003083,0.740781719303381,False
perplexity,specificity/non-specificity (relative to input),Specificity,1,28,25,578,29,26,632,0.8317241379310345,-0.027369514822396586,0.03596971479024608,0.8495780480460046,0.8922643499816203,False
alignscore,specificity/non-specificity (relative to input),Specificity,2,9,24,597,11,26,632,4.704545454545455,0.258184732523117,3.1879797073168,0.07418163743796216,0.5341662002914677,False
chair,specificity/non-specificity (relative to input),Specificity,0,10,26,596,10,26,632,0.0,,0.8470508599762027,0.35738797612665163,0.740781719303381,False
chrf,specificity/non-specificity (relative to input),Specificity,0,13,26,593,13,26,632,0.0,,1.1038807133909796,0.2934160246100975,0.740781719303381,False
comet,specificity/non-specificity (relative to input),Specificity,0,27,26,579,27,26,632,0.0,,2.31948589782897,0.1277622456988735,0.6437386980254536,False
cosine similarity,specificity/non-specificity (relative to input),Specificity,1,12,25,594,13,26,632,1.9046153846153846,0.09704670997022635,0.3478024721159023,0.5553597410586064,0.740781719303381,False
auroc,specificity/non-specificity (relative to input),Specificity,0,10,26,596,10,26,632,0.0,,0.8470508599762027,0.35738797612665163,0.740781719303381,False
rouge,overall quality / preference,Overall Quality,20,145,52,415,165,72,632,1.0885780885780887,0.017957501677064187,0.11613700474997479,0.7332625842199939,0.8098654991173724,False
bleu,overall quality / preference,Overall Quality,21,128,51,432,149,72,632,1.3347808922226607,0.06250777593386377,1.3506014150838697,0.24517300413670515,0.740781719303381,False
accuracy,overall quality / preference,Overall Quality,14,113,58,447,127,72,632,0.9598153679065978,-0.00863725254949688,0.02156682415330491,0.8832453075229372,0.9167294562050942,False
exact match,overall quality / preference,Overall Quality,2,35,70,525,37,72,632,0.4594594594594595,-0.12953107163026686,1.675539786259563,0.19551816574634961,0.740781719303381,False
moverscore,overall quality / preference,Overall Quality,3,16,69,544,19,72,632,1.402745995423341,0.06100554760018643,0.3409736778665875,0.5592677351030604,0.740781719303381,False
meteor,overall quality / preference,Overall Quality,5,55,67,505,60,72,632,0.7114427860696517,-0.06461132544437342,0.6645757478922616,0.414949164879616,0.740781719303381,False
unieval,overall quality / preference,Overall Quality,1,20,71,540,21,72,632,0.40979208584842386,-0.13526347085194812,1.1731529995564167,0.27875432991242133,0.740781719303381,False
g eval,overall quality / preference,Overall Quality,3,20,69,540,23,72,632,1.1512287334593572,0.025296137975951028,0.062024314797863744,0.8033245708178745,0.8587262653570382,False
bertscore,overall quality / preference,Overall Quality,16,117,56,443,133,72,632,1.0719656283566057,0.014814585097735488,0.06706909629015234,0.795652972044256,0.8535186427383837,False
bartscore,overall quality / preference,Overall Quality,5,29,67,531,34,72,632,1.3125548726953469,0.05275404948545662,0.3636327086480615,0.5464956114563976,0.740781719303381,False
questeval,overall quality / preference,Overall Quality,0,10,72,550,10,72,632,0.0,,2.4396271065586115,0.11830434584436036,0.6275541896847227,False
ndcg,overall quality / preference,Overall Quality,1,9,71,551,10,72,632,0.8760563380281691,-0.02021461524546577,0.02024267762787313,0.8868613992931039,0.9190195463496243,False
recall,overall quality / preference,Overall Quality,5,52,67,508,57,72,632,0.752814873003404,-0.05401233616193572,0.45537143146221126,0.499795123049089,0.740781719303381,False
f1,overall quality / preference,Overall Quality,9,84,63,476,93,72,632,0.8279569892473119,-0.038373589573935815,0.33022147158659276,0.565528706676879,0.740781719303381,False
win rate,overall quality / preference,Overall Quality,9,13,63,547,22,72,632,3.961038961038961,0.3006834861614736,13.181970655708595,0.0002826553623660369,0.013604648888617933,True
precision,overall quality / preference,Overall Quality,3,33,69,527,36,72,632,0.7198067632850241,-0.05844246353838507,0.38408516169466944,0.5354249951804899,0.740781719303381,False
spearman correlation,overall quality / preference,Overall Quality,8,13,64,547,21,72,632,3.6369047619047614,0.27626886047070087,10.51242127510715,0.0011857478501648602,0.04091948713116093,True
pearson correlation,overall quality / preference,Overall Quality,6,9,66,551,15,72,632,3.7393939393939393,0.26967951581864974,8.354535411091229,0.0038472582253349123,0.09548283750055092,False
bleurt,overall quality / preference,Overall Quality,3,29,69,531,32,72,632,0.8152173913043478,-0.036428083098954726,0.14318731264448292,0.705132729511581,0.7917580190842086,False
qafacteval,overall quality / preference,Overall Quality,0,10,72,550,10,72,632,0.0,,2.4396271065586115,0.11830434584436036,0.6275541896847227,False
cider,overall quality / preference,Overall Quality,1,15,71,545,16,72,632,0.5422535211267606,-0.09309594418751901,0.5025418575173162,0.4783853762322642,0.740781719303381,False
mrr,overall quality / preference,Overall Quality,1,12,71,548,13,72,632,0.6706392199349946,-0.06089825058671041,0.2000810388913835,0.6546554417149628,0.7646842153883474,False
distinct,overall quality / preference,Overall Quality,4,12,68,548,16,72,632,2.264705882352941,0.15524230338072253,2.3628539844948078,0.12425468092952796,0.640817202277556,False
attack success rate asr,overall quality / preference,Overall Quality,0,14,72,546,14,72,632,0.0,,3.427184520659851,0.06413134468262935,0.4980044328651322,False
perplexity,overall quality / preference,Overall Quality,3,26,69,534,29,72,632,0.9040479760119939,-0.018029022476010754,0.03392524745199965,0.8538659131873672,0.894968914166014,False
alignscore,overall quality / preference,Overall Quality,0,11,72,549,11,72,632,0.0,,2.6858814410134118,0.1012411906994151,0.6102152194048444,False
chair,overall quality / preference,Overall Quality,0,10,72,550,10,72,632,0.0,,2.4396271065586115,0.11830434584436036,0.6275541896847227,False
chrf,overall quality / preference,Overall Quality,2,11,70,549,13,72,632,1.3604395604395605,0.05219502317529818,0.1917717972662274,0.6614460392075245,0.7647185876805072,False
comet,overall quality / preference,Overall Quality,3,24,69,536,27,72,632,0.9742351046698873,-0.004672898564415574,0.0022261960971837746,0.962367709162875,0.9713965452863677,False
cosine similarity,overall quality / preference,Overall Quality,4,9,68,551,13,72,632,2.800904977375566,0.19625671662603708,3.6092692805609534,0.05745836065224765,0.4668166391393362,False
auroc,overall quality / preference,Overall Quality,1,9,71,551,10,72,632,0.8760563380281691,-0.02021461524546577,0.02024267762787313,0.8868613992931039,0.9190195463496243,False
rouge,coherence,Coherence,44,121,69,398,165,113,632,1.804830917874396,0.15001530056725954,11.009277056557305,0.0009065699817081101,0.03188685570277179,True
bleu,coherence,Coherence,41,108,72,411,149,113,632,1.845917225950783,0.1576151080783224,11.435027829115842,0.000720723953020908,0.026364082201504813,True
accuracy,coherence,Coherence,10,117,103,402,127,113,632,0.3860561119180491,-0.19779069707980992,12.60483634540456,0.00038474992769735674,0.017163600433133305,True
exact match,coherence,Coherence,5,32,108,487,37,113,632,0.7444944944944946,-0.05785333851028061,0.5453961562717353,0.4602049479369108,0.740781719303381,False
moverscore,coherence,Coherence,13,6,100,513,19,113,632,4.194210526315789,0.34552849453230206,24.47307504789088,7.535557024097036e-07,0.00017228167246341849,True
meteor,coherence,Coherence,19,41,94,478,60,113,632,1.9269503546099291,0.1631057440377711,7.482832847976228,0.006228999350722273,0.13403340955848278,False
unieval,coherence,Coherence,13,8,100,511,21,113,632,3.782380952380952,0.31975995598339163,20.975396301054676,4.652195959374804e-06,0.0005672577606464345,True
g eval,coherence,Coherence,13,10,100,509,23,113,632,3.442173913043478,0.2963374063697356,18.10943564298215,2.0856534322655282e-05,0.0018165048226731673,True
bertscore,coherence,Coherence,42,91,71,428,133,113,632,2.219421793921423,0.20980300843186664,19.36724085919885,1.0784119283600994e-05,0.0010957863427614567,True
bartscore,coherence,Coherence,19,15,94,504,34,113,632,3.555068836045056,0.3251808115513496,26.629743571683164,2.464207970673193e-07,9.096199107445276e-05,True
questeval,coherence,Coherence,1,9,112,510,10,113,632,0.5553571428571429,-0.0901059829134195,0.4938690139183297,0.48220648353140727,0.740781719303381,False
ndcg,coherence,Coherence,0,10,113,509,10,113,632,0.0,,3.974568956328362,0.04619227451811118,0.4245511059981173,False
recall,coherence,Coherence,4,53,109,466,57,113,632,0.37019153388057296,-0.184738325933399,6.133072052894029,0.013267613902428846,0.2060243414521818,False
f1,coherence,Coherence,13,80,100,439,93,113,632,0.7534408602150537,-0.06337599394744353,1.1908919994815568,0.27514970325232463,0.740781719303381,False
win rate,coherence,Coherence,5,17,108,502,22,113,632,1.2836700336700337,0.04957112090426377,0.34301880608499147,0.5580918713190285,0.740781719303381,False
precision,coherence,Coherence,3,33,110,486,36,113,632,0.4515151515151515,-0.14268514682571254,2.8117134301174547,0.09357837862627817,0.5901891534740096,False
spearman correlation,coherence,Coherence,11,10,102,509,21,113,632,3.137721755368814,0.2653359591032095,13.343822574241779,0.0002592752975734897,0.012816608628700344,True
pearson correlation,coherence,Coherence,9,6,104,513,15,113,632,3.5596153846153844,0.2847533857517743,13.607915103535138,0.0002252338862551513,0.01144313272112977,True
bleurt,coherence,Coherence,5,27,108,492,32,113,632,0.8680555555555556,-0.027853655613756214,0.12060438372562743,0.7283799089236901,0.8069090571904478,False
qafacteval,coherence,Coherence,1,9,112,510,10,113,632,0.5553571428571429,-0.0901059829134195,0.4938690139183297,0.48220648353140727,0.740781719303381,False
cider,coherence,Coherence,1,15,112,504,16,113,632,0.34375,-0.16298731185547274,1.909349680584044,0.1670355150820474,0.7254482348742991,False
mrr,coherence,Coherence,0,13,113,506,13,113,632,0.0,,5.180745210820611,0.02283852660478411,0.2897170094111515,False
distinct,coherence,Coherence,5,11,108,508,16,113,632,1.7824074074074074,0.11537480388815201,1.724789185951122,0.18907773699979352,0.740781719303381,False
attack success rate asr,coherence,Coherence,0,14,113,505,14,113,632,0.0,,5.5842436258430235,0.018122757843784615,0.24736212012150788,False
perplexity,coherence,Coherence,8,21,105,498,29,113,632,1.5842364532019704,0.09924532841902169,1.7453763551405679,0.1864590463193799,0.740781719303381,False
alignscore,coherence,Coherence,1,10,112,509,11,113,632,0.5040584415584416,-0.10488529978165888,0.690946561915893,0.405842606433116,0.740781719303381,False
chair,coherence,Coherence,0,10,113,509,10,113,632,0.0,,3.974568956328362,0.04619227451811118,0.4245511059981173,False
chrf,coherence,Coherence,2,11,111,508,13,113,632,0.8579348579348579,-0.026113157241871843,0.05844572379628343,0.8089696187880264,0.861738749425335,False
comet,coherence,Coherence,3,24,110,495,27,113,632,0.611111111111111,-0.08891558185174304,0.9848144709395581,0.32101307432015974,0.740781719303381,False
cosine similarity,coherence,Coherence,1,12,112,507,13,113,632,0.4251373626373627,-0.13078961825466415,1.1389699753894513,0.285870082132058,0.740781719303381,False
auroc,coherence,Coherence,0,10,113,509,10,113,632,0.0,,3.974568956328362,0.04619227451811118,0.4245511059981173,False
rouge,appropriateness (outputs as a whole),Appropriateness,9,156,37,430,165,46,632,0.6884520884520884,-0.06784939813834974,1.1651809513537223,0.2803936423705228,0.740781719303381,False
bleu,appropriateness (outputs as a whole),Appropriateness,12,137,34,449,149,46,632,1.1440979076194235,0.02553198336807422,0.1699078785018182,0.6801936919369125,0.7784091454845232,False
accuracy,appropriateness (outputs as a whole),Appropriateness,5,122,41,464,127,46,632,0.48492414057998845,-0.12697744335051106,3.004146786750349,0.0830516932933205,0.5604546200958308,False
exact match,appropriateness (outputs as a whole),Appropriateness,0,37,46,549,37,46,632,0.0,,5.7694169955342085,0.016307443670335427,0.23121174010111237,False
moverscore,appropriateness (outputs as a whole),Appropriateness,1,18,45,568,19,46,632,0.7169590643274854,-0.050270823655763165,0.12923870507098023,0.7192226849599711,0.8016199212625151,False
meteor,appropriateness (outputs as a whole),Appropriateness,2,58,44,528,60,46,632,0.4333333333333333,-0.1356817861232382,1.8523800594748536,0.17350683291053504,0.7380092962636479,False
unieval,appropriateness (outputs as a whole),Appropriateness,1,20,45,566,21,46,632,0.6465608465608466,-0.06579031118920113,0.2293773957906282,0.6319858648522165,0.7539882696414163,False
g eval,appropriateness (outputs as a whole),Appropriateness,2,21,44,565,23,46,632,1.2035573122529646,0.030908431213025486,0.06730342388555066,0.7953042301436538,0.8535186427383837,False
bertscore,appropriateness (outputs as a whole),Appropriateness,10,123,36,463,133,46,632,1.0421888053466999,0.007834437627026741,0.014309607558332327,0.904781979882566,0.9328585882102418,False
bartscore,appropriateness (outputs as a whole),Appropriateness,3,31,43,555,34,46,632,1.2270861833105338,0.03597940030294664,0.120031559794046,0.7290002629233103,0.8071074339508079,False
questeval,appropriateness (outputs as a whole),Appropriateness,0,10,46,576,10,46,632,0.0,,1.5239505714963886,0.21702263154562182,0.740781719303381,False
ndcg,appropriateness (outputs as a whole),Appropriateness,1,9,45,577,10,46,632,1.3822222222222222,0.0492585444172812,0.10085713467967306,0.7508034535145143,0.8237669564955289,False
recall,appropriateness (outputs as a whole),Appropriateness,2,55,44,531,57,46,632,0.4585326953748006,-0.12677011279178346,1.5821943318382328,0.20844490065565038,0.740781719303381,False
f1,appropriateness (outputs as a whole),Appropriateness,5,88,41,498,93,46,632,0.7067925517964858,-0.06259254467289077,0.629745832780519,0.4274485594175116,0.740781719303381,False
win rate,appropriateness (outputs as a whole),Appropriateness,1,21,45,565,22,46,632,0.6161616161616162,-0.0730039588100016,0.28723930762158445,0.5919951025207141,0.7482785366346828,False
precision,appropriateness (outputs as a whole),Appropriateness,2,34,44,552,36,46,632,0.7525252525252525,-0.04693117763348615,0.18098890049434835,0.6705247689172873,0.7714242996350326,False
spearman correlation,appropriateness (outputs as a whole),Appropriateness,3,18,43,568,21,46,632,2.0299003322259135,0.1260379294956366,1.2701644814439415,0.25973582556364744,0.740781719303381,False
pearson correlation,appropriateness (outputs as a whole),Appropriateness,1,14,45,572,15,46,632,0.9140740740740741,-0.013615089060782884,0.008746255102278805,0.9254893373758974,0.9451256270577981,False
bleurt,appropriateness (outputs as a whole),Appropriateness,3,29,43,557,32,46,632,1.3081395348837208,0.04731051841538137,0.2034274016790234,0.651968453953915,0.7629240577618109,False
qafacteval,appropriateness (outputs as a whole),Appropriateness,0,10,46,576,10,46,632,0.0,,1.5239505714963886,0.21702263154562182,0.740781719303381,False
cider,appropriateness (outputs as a whole),Appropriateness,0,16,46,570,16,46,632,0.0,,2.4505930886718073,0.11748047195374411,0.6275541896847227,False
mrr,appropriateness (outputs as a whole),Appropriateness,1,12,45,574,13,46,632,1.0581196581196581,0.008574909076036537,0.003312111945430657,0.9541063204102131,0.9651883075388716,False
distinct,appropriateness (outputs as a whole),Appropriateness,2,14,44,572,16,46,632,1.75,0.09395946446338535,0.5571820301656076,0.45539787887656313,0.740781719303381,False
attack success rate asr,appropriateness (outputs as a whole),Appropriateness,2,12,44,574,14,46,632,2.0064935064935066,0.11715914708803636,0.8346367702602162,0.3609351761426982,0.740781719303381,False
perplexity,appropriateness (outputs as a whole),Appropriateness,1,28,45,558,29,46,632,0.4620689655172414,-0.11584131571658639,0.8027736148542957,0.3702653959482898,0.740781719303381,False
alignscore,appropriateness (outputs as a whole),Appropriateness,1,10,45,576,11,46,632,1.2545454545454546,0.03447922754904183,0.050843638303903205,0.8216017291604348,0.8706312645622453,False
chair,appropriateness (outputs as a whole),Appropriateness,0,10,46,576,10,46,632,0.0,,1.5239505714963886,0.21702263154562182,0.740781719303381,False
chrf,appropriateness (outputs as a whole),Appropriateness,0,13,46,573,13,46,632,0.0,,1.986104588930641,0.15874877547627414,0.7109267813487051,False
comet,appropriateness (outputs as a whole),Appropriateness,0,27,46,559,27,46,632,0.0,,4.17407758745183,0.041046900494308376,0.39810463246550637,False
cosine similarity,appropriateness (outputs as a whole),Appropriateness,2,11,44,575,13,46,632,2.164335664335664,0.13003463202180976,1.0079008884063096,0.31540624686716245,0.740781719303381,False
auroc,appropriateness (outputs as a whole),Appropriateness,0,10,46,576,10,46,632,0.0,,1.5239505714963886,0.21702263154562182,0.740781719303381,False
rouge,complete target output matching,Complete Output Match,2,163,10,457,165,12,632,0.566060606060606,-0.07797700667036675,0.620224110672273,0.4309640172388707,0.740781719303381,False
bleu,complete target output matching,Complete Output Match,2,147,10,473,149,12,632,0.6483221476510067,-0.06025571823004298,0.3499038464912767,0.5541675652812219,0.740781719303381,False
accuracy,complete target output matching,Complete Output Match,3,124,9,496,127,12,632,1.325459317585302,0.04082180086424368,0.17361201482780042,0.67692144569157,0.7762315512036875,False
exact match,complete target output matching,Complete Output Match,1,36,11,584,37,12,632,1.461916461916462,0.05474816051816326,0.12169121698690155,0.7272074179838248,0.806098404540858,False
moverscore,complete target output matching,Complete Output Match,0,19,12,601,19,12,632,0.0,,0.7397412866218716,0.38974376583367065,0.740781719303381,False
meteor,complete target output matching,Complete Output Match,2,58,10,562,60,12,632,1.9066666666666665,0.09777806958904443,0.6136873190588612,0.43340283765865373,0.740781719303381,False
unieval,complete target output matching,Complete Output Match,0,21,12,599,21,12,632,0.0,,0.8189518677165762,0.36548679337500267,0.740781719303381,False
g eval,complete target output matching,Complete Output Match,1,22,11,598,23,12,632,2.407114624505929,0.12846995471525072,0.5730035090757863,0.44906786428055245,0.740781719303381,False
bertscore,complete target output matching,Complete Output Match,1,132,11,488,133,12,632,0.34107997265892,-0.1436474293858545,1.4537698482211039,0.22792401045368382,0.740781719303381,False
bartscore,complete target output matching,Complete Output Match,0,34,12,586,34,12,632,0.0,,1.3402930924008833,0.2469822873983688,0.740781719303381,False
questeval,complete target output matching,Complete Output Match,0,10,12,610,10,12,632,0.0,,0.38649380973384284,0.5341481860637087,0.740781719303381,False
ndcg,complete target output matching,Complete Output Match,1,9,11,611,10,12,632,5.654545454545455,0.25762539095068515,1.8293271120711123,0.17620704432503448,0.7391804680515781,False
recall,complete target output matching,Complete Output Match,2,55,10,565,57,12,632,2.017543859649123,0.10668974292049913,0.7169075412646178,0.3971601689038198,0.740781719303381,False
f1,complete target output matching,Complete Output Match,2,91,10,529,93,12,632,1.1591397849462366,0.02163585983256543,0.035872346049170556,0.8497793533311029,0.8922643499816203,False
win rate,complete target output matching,Complete Output Match,0,22,12,598,22,12,632,0.0,,0.8586554138775983,0.35411523815521007,0.740781719303381,False
precision,complete target output matching,Complete Output Match,1,35,11,585,36,12,632,1.505050505050505,0.058996795052503735,0.13996469454397042,0.7083161132086984,0.7917580190842086,False
spearman correlation,complete target output matching,Complete Output Match,0,21,12,599,21,12,632,0.0,,0.8189518677165762,0.36548679337500267,0.740781719303381,False
pearson correlation,complete target output matching,Complete Output Match,0,15,12,605,15,12,632,0.0,,0.5821001511671188,0.4454903041462347,0.740781719303381,False
bleurt,complete target output matching,Complete Output Match,0,32,12,588,32,12,632,0.0,,1.2593459025070914,0.26177493863202295,0.740781719303381,False
qafacteval,complete target output matching,Complete Output Match,0,10,12,610,10,12,632,0.0,,0.38649380973384284,0.5341481860637087,0.740781719303381,False
cider,complete target output matching,Complete Output Match,1,15,11,605,16,12,632,3.5,0.18474406200863192,1.0648199051648175,0.3021184449457799,0.740781719303381,False
mrr,complete target output matching,Complete Output Match,1,12,11,608,13,12,632,4.328671328671328,0.21694175560944048,1.3873830279907864,0.2388475411179621,0.740781719303381,False
distinct,complete target output matching,Complete Output Match,0,16,12,604,16,12,632,0.0,,0.6214134650576334,0.43052251805184993,0.740781719303381,False
attack success rate asr,complete target output matching,Complete Output Match,0,14,12,606,14,12,632,0.0,,0.5428511314010157,0.46125352120941343,0.740781719303381,False
perplexity,complete target output matching,Complete Output Match,0,29,12,591,29,12,632,0.0,,1.1384347541199504,0.28598331493246215,0.740781719303381,False
alignscore,complete target output matching,Complete Output Match,0,11,12,609,11,12,632,0.0,,0.4254877423716362,0.5142113915302742,0.740781719303381,False
chair,complete target output matching,Complete Output Match,0,10,12,610,10,12,632,0.0,,0.38649380973384284,0.5341481860637087,0.740781719303381,False
chrf,complete target output matching,Complete Output Match,0,13,12,607,13,12,632,0.0,,0.5036661957985271,0.47789364180878724,0.740781719303381,False
comet,complete target output matching,Complete Output Match,0,27,12,593,27,12,632,0.0,,1.0581644270819124,0.30363421018429354,0.740781719303381,False
cosine similarity,complete target output matching,Complete Output Match,0,13,12,607,13,12,632,0.0,,0.5036661957985271,0.47789364180878724,0.740781719303381,False
auroc,complete target output matching,Complete Output Match,0,10,12,610,10,12,632,0.0,,0.38649380973384284,0.5341481860637087,0.740781719303381,False
rouge,correctness of outputs (outputs as a whole),Correctness,34,131,99,368,165,133,632,0.9720232629323539,-0.0072008470399455935,0.025896656266648277,0.8721529596336411,0.9097110678556604,False
bleu,correctness of outputs (outputs as a whole),Correctness,33,116,100,383,149,133,632,1.069731543624161,0.01730857468382782,0.1416182379511155,0.7066775353518997,0.7917580190842086,False
accuracy,correctness of outputs (outputs as a whole),Correctness,39,88,94,411,127,133,632,1.6497738314625565,0.13568055890915706,8.347038134972479,0.0038631656506510487,0.09548283750055092,False
exact match,correctness of outputs (outputs as a whole),Correctness,17,20,116,479,37,133,632,2.3567101584342964,0.21595842285636196,12.267085696058121,0.00046101766730008626,0.01960933287190367,True
moverscore,correctness of outputs (outputs as a whole),Correctness,4,15,129,484,19,133,632,1.000407996736026,7.815120031775243e-05,8.175419583221488e-07,0.9992785686217148,0.9992785686217148,False
meteor,correctness of outputs (outputs as a whole),Correctness,13,47,120,452,60,133,632,1.0327777777777778,0.007503993596516234,0.015355620258255431,0.9013803620840504,0.9303751028508623,False
unieval,correctness of outputs (outputs as a whole),Correctness,3,18,130,481,21,133,632,0.6714285714285714,-0.07240183554858089,0.652344019016732,0.419275876208148,0.740781719303381,False
g eval,correctness of outputs (outputs as a whole),Correctness,4,19,129,480,23,133,632,0.8210313447927199,-0.037660446399592526,0.20035469968455044,0.6544346948722425,0.7646842153883474,False
bertscore,correctness of outputs (outputs as a whole),Correctness,25,108,108,391,133,133,632,0.8684906711222501,-0.03496364179475262,0.5224841372524391,0.4697839391613663,0.740781719303381,False
bartscore,correctness of outputs (outputs as a whole),Correctness,5,29,128,470,34,133,632,0.6870404411764707,-0.07405433190335867,0.9414029846075724,0.33191729092605443,0.740781719303381,False
questeval,correctness of outputs (outputs as a whole),Correctness,0,10,133,489,10,133,632,0.0,,4.768349980497802,0.028987594955689155,0.3252657127236532,False
ndcg,correctness of outputs (outputs as a whole),Correctness,1,9,132,490,10,133,632,0.47121212121212125,-0.11537565332478059,0.8802985446382423,0.34811992349665444,0.740781719303381,False
recall,correctness of outputs (outputs as a whole),Correctness,10,47,123,452,57,133,632,0.8201397803451718,-0.043876641872334185,0.4806694951120307,0.48811921926814383,0.740781719303381,False
f1,correctness of outputs (outputs as a whole),Correctness,25,68,108,431,93,133,632,1.3415969733174034,0.07579429385949056,2.1279092438437903,0.1446379226874638,0.6845182756726573,False
win rate,correctness of outputs (outputs as a whole),Correctness,3,19,130,480,22,133,632,0.6398601398601399,-0.08109671521887979,0.8306186473282948,0.3620937016776292,0.740781719303381,False
precision,correctness of outputs (outputs as a whole),Correctness,7,29,126,470,36,133,632,0.9197530864197531,-0.01755915787572893,0.05987762350928283,0.8066894661452736,0.8603119729327727,False
spearman correlation,correctness of outputs (outputs as a whole),Correctness,2,19,131,480,21,133,632,0.4442021083242457,-0.1377467860473008,2.0616443976778065,0.15104709261475524,0.6983734019393372,False
pearson correlation,correctness of outputs (outputs as a whole),Correctness,1,14,132,485,15,133,632,0.3116161616161616,-0.1782492868028447,2.430298003698601,0.11901027207481016,0.6285163887768569,False
bleurt,correctness of outputs (outputs as a whole),Correctness,8,24,125,475,32,133,632,1.2,0.03942051962193842,0.30490517813085116,0.580823530845274,0.7460156165140494,False
qafacteval,correctness of outputs (outputs as a whole),Correctness,0,10,133,489,10,133,632,0.0,,4.768349980497802,0.028987594955689155,0.3252657127236532,False
cider,correctness of outputs (outputs as a whole),Correctness,3,13,130,486,16,133,632,0.8884615384615385,-0.021575736241466803,0.05344092539617684,0.817180456110078,0.8673709271634796,False
mrr,correctness of outputs (outputs as a whole),Correctness,1,12,132,487,13,133,632,0.36072261072261075,-0.15605928866602525,1.766154697251987,0.18385868235734645,0.740781719303381,False
distinct,correctness of outputs (outputs as a whole),Correctness,1,15,132,484,16,133,632,0.2916666666666667,-0.18825698226683385,2.778747647223872,0.09552283572720696,0.5983262552913067,False
attack success rate asr,correctness of outputs (outputs as a whole),Correctness,0,14,133,485,14,133,632,0.0,,6.700001433265097,0.009641283378304957,0.1648028719525212,False
perplexity,correctness of outputs (outputs as a whole),Correctness,2,27,131,472,29,133,632,0.31745196104237955,-0.1938252864883243,4.604785700364127,0.03188283785979148,0.3420443431830639,False
alignscore,correctness of outputs (outputs as a whole),Correctness,4,7,129,492,11,133,632,1.7505285412262157,0.10803537527267003,1.3832971011569515,0.23954032852366083,0.740781719303381,False
chair,correctness of outputs (outputs as a whole),Correctness,6,4,127,495,10,133,632,2.938582677165354,0.22497002640040795,7.280438730386859,0.006970950831344587,0.14155206975968823,False
chrf,correctness of outputs (outputs as a whole),Correctness,4,9,129,490,13,133,632,1.4764460345855697,0.07503765699314112,0.6887125459970207,0.40660263703126154,0.740781719303381,False
comet,correctness of outputs (outputs as a whole),Correctness,5,22,128,477,27,133,632,0.8752893518518519,-0.026420078417621343,0.11154449608009176,0.738392554312678,0.8130764490294329,False
cosine similarity,correctness of outputs (outputs as a whole),Correctness,2,11,131,488,13,133,632,0.726952436876101,-0.05442598006509165,0.2752511722729365,0.5998307956975866,0.7501053574024433,False
auroc,correctness of outputs (outputs as a whole),Correctness,7,3,126,496,10,133,632,3.4555555555555553,0.2669044773627282,11.254040988889125,0.0007944985983749201,0.028492900714269194,True
rouge,internal consistency of outputs,Internal Consistency,28,137,40,427,165,68,632,1.9812121212121214,0.14619403058314384,8.25054743100305,0.00407397129179952,0.09935057990268431,False
bleu,internal consistency of outputs,Internal Consistency,22,127,46,437,149,68,632,1.5503355704697988,0.09425022699494667,3.055872906525426,0.08044575746062428,0.54770491657025,False
accuracy,internal consistency of outputs,Internal Consistency,6,121,62,443,127,68,632,0.38481076962153926,-0.17672814405626344,7.124322750000768,0.007604513422131696,0.1448738964949285,False
exact match,internal consistency of outputs,Internal Consistency,3,34,65,530,37,68,632,0.7422037422037422,-0.05288023955163865,0.3101139041727792,0.5776102976077387,0.7441785068580822,False
moverscore,internal consistency of outputs,Internal Consistency,8,11,60,553,19,68,632,4.301754385964911,0.3122555292000579,12.929915760542675,0.0003233723349162082,0.015165333347737047,True
meteor,internal consistency of outputs,Internal Consistency,9,51,59,513,60,68,632,1.4542372881355932,0.07814861199103498,1.134289458743563,0.286862235596709,0.740781719303381,False
unieval,internal consistency of outputs,Internal Consistency,9,12,59,552,21,68,632,4.438256658595641,0.3250688584666722,14.977787573545799,0.00010878417234129112,0.006434108866833839,True
g eval,internal consistency of outputs,Internal Consistency,6,17,62,547,23,68,632,2.5624123422159886,0.1901701169063041,4.436587528358038,0.03517649127895429,0.3629775608212999,False
bertscore,internal consistency of outputs,Internal Consistency,26,107,42,457,133,68,632,2.322592194772646,0.18714129236693264,11.919456705935769,0.0005555067924257703,0.022087433116233342,True
bartscore,internal consistency of outputs,Internal Consistency,14,20,54,544,34,68,632,4.559912854030501,0.35226710029142716,22.864846988606214,1.7380157833993575e-06,0.0003178830867837425,True
questeval,internal consistency of outputs,Internal Consistency,3,7,65,557,10,68,632,2.870769230769231,0.1916552852178037,2.81521156465703,0.09337458504276668,0.5901891534740096,False
ndcg,internal consistency of outputs,Internal Consistency,1,9,67,555,10,68,632,0.9283582089552239,-0.01135131951398268,0.006233029430422921,0.9370727611554854,0.9516413548880527,False
recall,internal consistency of outputs,Internal Consistency,6,51,62,513,57,68,632,0.9762308998302207,-0.0047046378325222155,0.0035682171938656304,0.9523670490675229,0.9644957545650605,False
f1,internal consistency of outputs,Internal Consistency,10,83,58,481,93,68,632,0.9992584352984798,-0.00015259641900467987,5.2607053914778545e-06,0.9981699554114719,0.998716000244848,False
win rate,internal consistency of outputs,Internal Consistency,1,21,67,543,22,68,632,0.4138398914518318,-0.1336138227412655,1.1356297469525476,0.28657768155672747,0.740781719303381,False
precision,internal consistency of outputs,Internal Consistency,4,32,64,532,36,68,632,1.034722222222222,0.006351902813625649,0.004871894819242217,0.9443536749481768,0.9574406161198533,False
spearman correlation,internal consistency of outputs,Internal Consistency,4,17,64,547,21,68,632,1.8184523809523807,0.11281834881936448,1.3071572223494687,0.25291000143278614,0.740781719303381,False
pearson correlation,internal consistency of outputs,Internal Consistency,2,13,66,551,15,68,632,1.2464646464646465,0.03726342502313445,0.09952672579166821,0.7523983224215929,0.8250219015042526,False
bleurt,internal consistency of outputs,Internal Consistency,5,27,63,537,32,68,632,1.4880952380952381,0.07709214567289853,0.745765485737385,0.38782022365344737,0.740781719303381,False
qafacteval,internal consistency of outputs,Internal Consistency,1,9,67,555,10,68,632,0.9283582089552239,-0.01135131951398268,0.006233029430422921,0.9370727611554854,0.9516413548880527,False
cider,internal consistency of outputs,Internal Consistency,1,15,67,549,16,68,632,0.5746268656716418,-0.08423264845603591,0.4012582318177358,0.5264401680223088,0.740781719303381,False
mrr,internal consistency of outputs,Internal Consistency,1,12,67,552,13,68,632,0.7106773823191734,-0.05203495485522732,0.1425534135516292,0.7057556541533768,0.7917580190842086,False
distinct,internal consistency of outputs,Internal Consistency,3,13,65,551,16,68,632,1.776923076923077,0.1038086896154103,0.9213142218504724,0.3371301369843461,0.740781719303381,False
attack success rate asr,internal consistency of outputs,Internal Consistency,0,14,68,550,14,68,632,0.0,,3.2253711432798235,0.07250535921931464,0.5325795261531184,False
perplexity,internal consistency of outputs,Internal Consistency,5,24,63,540,29,68,632,1.6502463054187193,0.09743330896077038,1.1572624450269275,0.2820340095757176,0.740781719303381,False
alignscore,internal consistency of outputs,Internal Consistency,1,10,67,554,11,68,632,0.8426051560379919,-0.026130636382222065,0.03403661918288886,0.8536289457527888,0.894968914166014,False
chair,internal consistency of outputs,Internal Consistency,0,10,68,554,10,68,632,0.0,,2.295996060268627,0.1297079777258492,0.6464193222359078,False
chrf,internal consistency of outputs,Internal Consistency,0,13,68,551,13,68,632,0.0,,2.9924306147992583,0.0836545168322372,0.5604546200958308,False
comet,internal consistency of outputs,Internal Consistency,2,25,66,539,27,68,632,0.6790123456790124,-0.06485835929072854,0.3645169793519085,0.5460082600520334,0.740781719303381,False
cosine similarity,internal consistency of outputs,Internal Consistency,1,12,67,552,13,68,632,0.7106773823191734,-0.05203495485522732,0.1425534135516292,0.7057556541533768,0.7917580190842086,False
auroc,internal consistency of outputs,Internal Consistency,0,10,68,554,10,68,632,0.0,,2.295996060268627,0.1297079777258492,0.6464193222359078,False
rouge,naturalness (outputs as a whole),Naturalness,13,152,17,450,165,30,632,2.164349376114082,0.13045924789253147,4.38129391724447,0.036335404229984554,0.3692080796480097,False
bleu,naturalness (outputs as a whole),Naturalness,13,136,17,466,149,30,632,2.4788787998420845,0.15672102510631433,5.983377467165363,0.014441321177616047,0.21650144617917827,False
accuracy,naturalness (outputs as a whole),Naturalness,5,122,25,480,127,30,632,0.795275590551181,-0.03865255437452725,0.24081865000712321,0.6236154668922236,0.7539882696414163,False
exact match,naturalness (outputs as a whole),Naturalness,0,37,30,565,37,30,632,0.0,,3.7112336459861837,0.05404743082964976,0.46599509795761024,False
moverscore,naturalness (outputs as a whole),Naturalness,6,13,24,589,19,30,632,8.06578947368421,0.40690565500582554,15.132719606965342,0.00010021132840242127,0.006320224815449259,True
meteor,naturalness (outputs as a whole),Naturalness,6,54,24,548,60,30,632,2.3833333333333333,0.15999272760328825,3.2137225563417475,0.0730231703645594,0.5341662002914677,False
unieval,naturalness (outputs as a whole),Naturalness,7,14,23,588,21,30,632,8.855072463768115,0.4328422623624525,18.69593263553233,1.5330916097955796e-05,0.0014758023970084817,True
g eval,naturalness (outputs as a whole),Naturalness,6,17,24,585,23,30,632,6.619565217391304,0.36588141049410733,12.749815593304131,0.0003560442647360957,0.016280124005057975,True
bertscore,naturalness (outputs as a whole),Naturalness,12,121,18,481,133,30,632,2.50125313283208,0.16202127392328683,5.8574042384033245,0.015511653850072067,0.2300627606068121,False
bartscore,naturalness (outputs as a whole),Naturalness,10,24,20,578,34,30,632,8.794117647058824,0.43988970620305806,24.982298595233615,5.785908473687937e-07,0.00017228167246341849,True
questeval,naturalness (outputs as a whole),Naturalness,0,10,30,592,10,30,632,0.0,,0.9806103849306054,0.32204815840901146,0.740781719303381,False
ndcg,naturalness (outputs as a whole),Naturalness,0,10,30,592,10,30,632,0.0,,0.9806103849306054,0.32204815840901146,0.740781719303381,False
recall,naturalness (outputs as a whole),Naturalness,3,54,27,548,57,30,632,1.1208576998050683,0.01929863281521048,0.03585172019546923,0.8498220326232818,0.8922643499816203,False
f1,naturalness (outputs as a whole),Naturalness,4,89,26,513,93,30,632,0.8916459884201821,-0.01947876907106707,0.04916180727993069,0.8245282628308145,0.873226515760023,False
win rate,naturalness (outputs as a whole),Naturalness,2,20,28,582,22,30,632,1.9805194805194806,0.11289538613324826,0.7655248517409183,0.38160504559953123,0.740781719303381,False
precision,naturalness (outputs as a whole),Naturalness,2,34,28,568,36,30,632,1.1825396825396823,0.027332748540608683,0.05263707251936656,0.8185365037124477,0.8678859508927923,False
spearman correlation,naturalness (outputs as a whole),Naturalness,5,16,25,586,21,30,632,5.819047619047618,0.33322112914843244,9.587763521687382,0.0019587839309823172,0.060722301860451834,False
pearson correlation,naturalness (outputs as a whole),Naturalness,3,12,27,590,15,30,632,4.57037037037037,0.26881861849320143,4.633723250640375,0.03134946184638137,0.3420443431830639,False
bleurt,naturalness (outputs as a whole),Naturalness,1,31,29,571,32,30,632,0.646551724137931,-0.06482416812644509,0.2205453559780599,0.6386246983175474,0.7565055526054367,False
qafacteval,naturalness (outputs as a whole),Naturalness,0,10,30,592,10,30,632,0.0,,0.9806103849306054,0.32204815840901146,0.740781719303381,False
cider,naturalness (outputs as a whole),Naturalness,0,16,30,586,16,30,632,0.0,,1.5767643607697213,0.20922737748529774,0.740781719303381,False
mrr,naturalness (outputs as a whole),Naturalness,1,12,29,590,13,30,632,1.6419098143236075,0.07485671183340689,0.21688754839830948,0.6414217528326147,0.7583454336980299,False
distinct,naturalness (outputs as a whole),Naturalness,1,15,29,587,16,30,632,1.3275862068965516,0.04265901823259833,0.07509161557569366,0.7840627243520097,0.8477889946254791,False
attack success rate asr,naturalness (outputs as a whole),Naturalness,0,14,30,588,14,30,632,0.0,,1.3773873608866727,0.240546676554558,0.740781719303381,False
perplexity,naturalness (outputs as a whole),Naturalness,1,28,29,574,29,30,632,0.7170035671819263,-0.04955951295921604,0.12424744176601143,0.7244726868901867,0.8051006866980925,False
alignscore,naturalness (outputs as a whole),Naturalness,0,11,30,591,11,30,632,0.0,,1.0795588624347425,0.29879626242912843,0.740781719303381,False
chair,naturalness (outputs as a whole),Naturalness,1,9,29,593,10,30,632,2.1448275862068966,0.11554034717465154,0.4789676652275323,0.4888902942964376,0.740781719303381,False
chrf,naturalness (outputs as a whole),Naturalness,0,13,30,589,13,30,632,0.0,,1.2779468078463219,0.25828114092785315,0.740781719303381,False
comet,naturalness (outputs as a whole),Naturalness,1,26,29,576,27,30,632,0.772669220945083,-0.03847869584255056,0.07296540652514649,0.7870670928781102,0.8477889946254791,False
cosine similarity,naturalness (outputs as a whole),Naturalness,1,12,29,590,13,30,632,1.6419098143236075,0.07485671183340689,0.21688754839830948,0.6414217528326147,0.7583454336980299,False
auroc,naturalness (outputs as a whole),Naturalness,1,9,29,593,10,30,632,2.1448275862068966,0.11554034717465154,0.4789676652275323,0.4888902942964376,0.740781719303381,False
rouge,engagingness/interestingness,Engagingness,14,151,20,447,165,34,632,1.9812121212121214,0.11959601303355426,3.864394226856035,0.049320995160834324,0.4410122581471183,False
bleu,engagingness/interestingness,Engagingness,16,133,18,465,149,34,632,2.8814317673378076,0.18800727892217636,9.500927901803914,0.0020536801565014654,0.06157673780723246,False
accuracy,engagingness/interestingness,Engagingness,2,125,32,473,127,34,632,0.2485236220472441,-0.21344094137293823,5.803961614543738,0.015990107539939655,0.23051728771739988,False
exact match,engagingness/interestingness,Engagingness,1,36,33,562,37,34,632,0.48730548730548734,-0.10674536358746117,0.6640805739375939,0.4151230328212647,0.740781719303381,False
moverscore,engagingness/interestingness,Engagingness,6,13,28,585,19,34,632,6.913533834586465,0.380030058882922,13.644154892473585,0.0002209280056846615,0.01144313272112977,True
meteor,engagingness/interestingness,Engagingness,6,54,28,544,60,34,632,2.042857142857143,0.13311713148038468,2.3044070063876294,0.1290075064425129,0.6464193222359078,False
unieval,engagingness/interestingness,Engagingness,7,14,27,584,21,34,632,7.543209876543209,0.4050466328155387,16.90659633430463,3.9264897157828594e-05,0.003002131537764399,True
g eval,engagingness/interestingness,Engagingness,5,18,29,580,23,34,632,4.565217391304348,0.28856009225686324,7.605273454135522,0.005819783721093335,0.13141215340592233,False
bertscore,engagingness/interestingness,Engagingness,15,118,19,480,133,34,632,2.9620102888800948,0.19787804399276607,9.701803496918107,0.0018408725464442357,0.05950129780408074,False
bartscore,engagingness/interestingness,Engagingness,10,24,24,574,34,34,632,7.328431372549019,0.4097030305846751,22.305495952064796,2.3254011777130363e-06,0.00035442989616976195,True
questeval,engagingness/interestingness,Engagingness,0,10,34,588,10,34,632,0.0,,1.1150678379181407,0.29098296018677594,0.740781719303381,False
ndcg,engagingness/interestingness,Engagingness,0,10,34,588,10,34,632,0.0,,1.1150678379181407,0.29098296018677594,0.740781719303381,False
recall,engagingness/interestingness,Engagingness,1,56,33,542,57,34,632,0.3056884635832004,-0.17375432106509114,2.112979332382385,0.1460547204763725,0.6849591891058597,False
f1,engagingness/interestingness,Engagingness,4,89,30,509,93,34,632,0.7727598566308245,-0.04420188876313732,0.26379808581022424,0.6075227439730955,0.7501053574024433,False
win rate,engagingness/interestingness,Engagingness,2,20,32,578,22,34,632,1.7329545454545454,0.09114959935034683,0.5197107396822285,0.47096509828556965,0.740781719303381,False
precision,engagingness/interestingness,Engagingness,1,35,33,563,36,34,632,0.5016835016835016,-0.1024967290531207,0.6056227383743884,0.43644070289293424,0.740781719303381,False
spearman correlation,engagingness/interestingness,Engagingness,5,16,29,582,21,34,632,5.016420361247947,0.3073580445763543,8.442687845323134,0.003665141302605344,0.09441610482345315,False
pearson correlation,engagingness/interestingness,Engagingness,4,11,30,587,15,34,632,5.484444444444444,0.3161961442907001,7.534287538896204,0.006053567121599723,0.13339728030609507,False
bleurt,engagingness/interestingness,Engagingness,0,32,34,566,32,34,632,0.0,,3.6345627432995493,0.05659146813776748,0.4668166391393362,False
qafacteval,engagingness/interestingness,Engagingness,0,10,34,588,10,34,632,0.0,,1.1150678379181407,0.29098296018677594,0.740781719303381,False
cider,engagingness/interestingness,Engagingness,0,16,34,582,16,34,632,0.0,,1.7929945627694135,0.18056173064669678,0.7397630894699759,False
mrr,engagingness/interestingness,Engagingness,0,13,34,585,13,34,632,0.0,,1.4531861544144464,0.22801739439241997,0.740781719303381,False
distinct,engagingness/interestingness,Engagingness,4,12,30,586,16,34,632,5.133333333333333,0.3034480337433346,7.036789385663164,0.007985205041262104,0.1450545670302208,False
attack success rate asr,engagingness/interestingness,Engagingness,0,14,34,584,14,34,632,0.0,,1.5662670023356662,0.21074996469402613,0.740781719303381,False
perplexity,engagingness/interestingness,Engagingness,2,27,32,571,29,34,632,1.2995689655172413,0.04315346498977054,0.12719410339173454,0.7213592145359288,0.8035115733168172,False
alignscore,engagingness/interestingness,Engagingness,0,11,34,587,11,34,632,0.0,,1.2275871934769484,0.2678767851375736,0.740781719303381,False
chair,engagingness/interestingness,Engagingness,0,10,34,588,10,34,632,0.0,,1.1150678379181407,0.29098296018677594,0.740781719303381,False
chrf,engagingness/interestingness,Engagingness,0,13,34,585,13,34,632,0.0,,1.4531861544144464,0.22801739439241997,0.740781719303381,False
comet,engagingness/interestingness,Engagingness,0,27,34,571,27,34,632,0.0,,3.0536956865177647,0.0805536481997798,0.54770491657025,False
cosine similarity,engagingness/interestingness,Engagingness,1,12,33,586,13,34,632,1.442890442890443,0.0554482315038161,0.12417796120183966,0.7245465994013451,0.8051006866980925,False
auroc,engagingness/interestingness,Engagingness,0,10,34,588,10,34,632,0.0,,1.1150678379181407,0.29098296018677594,0.740781719303381,False
rouge,fluency,Fluency,40,125,50,417,165,90,632,2.264242424242424,0.19275789420657027,16.713575109367138,4.346884006175384e-05,0.003180180338917911,True
bleu,fluency,Fluency,42,107,48,435,149,90,632,2.8364093959731544,0.25184348470497464,27.425983986435185,1.6322330743831166e-07,9.096199107445276e-05,True
accuracy,fluency,Fluency,8,119,82,423,127,90,632,0.38793931246399077,-0.18667480388892435,9.615850504918015,0.0019290510356814383,0.060722301860451834,False
exact match,fluency,Fluency,0,37,90,505,37,90,632,0.0,,11.743789609865248,0.0006104659642891754,0.023336304112090724,True
moverscore,fluency,Fluency,11,8,79,534,19,90,632,4.4923384410393075,0.34622020556812083,20.418292683202623,6.223209026389649e-06,0.0007113905818291668,True
meteor,fluency,Fluency,11,49,79,493,60,90,632,1.3274261603375528,0.062362577388477385,0.8526458887501454,0.3558049047388818,0.740781719303381,False
unieval,fluency,Fluency,13,8,77,534,21,90,632,4.912183055040198,0.37835461661988745,26.61222042536298,2.486659132707839e-07,9.096199107445276e-05,True
g eval,fluency,Fluency,12,11,78,531,23,90,632,4.073578595317725,0.32757260599161964,19.370023097199685,1.0768418912629863e-05,0.0010957863427614567,True
bertscore,fluency,Fluency,38,95,52,447,133,90,632,2.741758241758242,0.24768468473830946,24.658244174908553,6.845130092314224e-07,0.00017228167246341849,True
bartscore,fluency,Fluency,16,18,74,524,34,90,632,3.8028616852146264,0.32513878164925714,22.656191941353352,1.9373488069771206e-06,0.0003221282698146503,True
questeval,fluency,Fluency,2,8,88,534,10,90,632,1.4136363636363638,0.059009211806035855,0.25061950095305874,0.6166392052343777,0.7510007930142059,False
ndcg,fluency,Fluency,0,10,90,532,10,90,632,0.0,,3.099045933021686,0.07833819160605085,0.5473574189432762,False
recall,fluency,Fluency,5,52,85,490,57,90,632,0.5933952528379772,-0.1001216012630368,1.7204392742539198,0.18963651054396058,0.740781719303381,False
f1,fluency,Fluency,12,81,78,461,93,90,632,0.891645988420182,-0.02487728275028436,0.16331207353231392,0.6861252980838282,0.7784091454845232,False
win rate,fluency,Fluency,2,20,88,522,22,90,632,0.6301652892561983,-0.07797700667036675,0.5544330517007969,0.4565119876679772,0.740781719303381,False
precision,fluency,Fluency,4,32,86,510,36,90,632,0.7700258397932815,-0.04901534724796252,0.3259971273505924,0.5680256856801869,0.740781719303381,False
spearman correlation,fluency,Fluency,4,17,86,525,21,90,632,1.353266888150609,0.05745109875777629,0.3792007532089521,0.5380312903428676,0.740781719303381,False
pearson correlation,fluency,Fluency,5,10,85,532,15,90,632,2.4196078431372547,0.17573632845834192,3.5776936963739896,0.05856040033251371,0.46976742196564725,False
bleurt,fluency,Fluency,8,24,82,518,32,90,632,1.829268292682927,0.12880010969325315,2.7333799987861003,0.09827110821371839,0.6060180782710091,False
qafacteval,fluency,Fluency,1,9,89,533,10,90,632,0.698876404494382,-0.05481647266245598,0.1640851193465075,0.6854229596081309,0.7784091454845232,False
cider,fluency,Fluency,1,15,89,527,16,90,632,0.43258426966292135,-0.1276978016045092,1.0471678046174717,0.30616026973076166,0.740781719303381,False
mrr,fluency,Fluency,0,13,90,529,13,90,632,0.0,,4.039281963601947,0.04445273159565473,0.41694382609462816,False
distinct,fluency,Fluency,5,11,85,531,16,90,632,2.264705882352941,0.16240041190220986,3.09506508483234,0.0785300117747894,0.5473574189432762,False
attack success rate asr,fluency,Fluency,0,14,90,528,14,90,632,0.0,,4.353790817157629,0.036926664781566226,0.37109269167848696,False
perplexity,fluency,Fluency,9,20,81,522,29,90,632,2.310344827586207,0.1832243379313956,5.631868730024031,0.017636819913494552,0.24624231772352317,False
alignscore,fluency,Fluency,0,11,90,531,11,90,632,0.0,,3.4119114386097404,0.0647274306992683,0.4980044328651322,False
chair,fluency,Fluency,1,9,89,533,10,90,632,0.698876404494382,-0.05481647266245598,0.1640851193465075,0.6854229596081309,0.7784091454845232,False
chrf,fluency,Fluency,2,11,88,531,13,90,632,1.082167832167832,0.013426165392289588,0.013927734980836937,0.906055118870339,0.9330939259086992,False
comet,fluency,Fluency,6,21,84,521,27,90,632,1.6005291005291005,0.09555291224735951,1.3003047278569175,0.25415756906346687,0.740781719303381,False
cosine similarity,fluency,Fluency,1,12,89,530,13,90,632,0.5350043215211755,-0.09550010800370062,0.5437574502439984,0.46087967538425423,0.740781719303381,False
auroc,fluency,Fluency,0,10,90,532,10,90,632,0.0,,3.099045933021686,0.07833819160605085,0.5473574189432762,False
rouge,consistency with input,Input Consistency,27,138,56,411,165,83,632,1.3646103896103896,0.06975468264195876,1.9632510258501323,0.16116605347568144,0.713695180418376,False
bleu,consistency with input,Input Consistency,20,129,63,420,149,83,632,1.029082774049217,0.0063231278497523505,0.014302195627851622,0.9048065256888841,0.9328585882102418,False
accuracy,consistency with input,Input Consistency,6,121,77,428,127,83,632,0.30984763268227833,-0.2195298064178663,11.986947049965593,0.0005357448668866393,0.021775052478570294,True
exact match,consistency with input,Input Consistency,5,32,78,517,37,83,632,1.0308385308385308,0.005903310788028502,0.004952503771388728,0.9438959628955893,0.9574406161198533,False
moverscore,consistency with input,Input Consistency,2,17,81,532,19,83,632,0.7966211825860948,-0.038438659002825566,0.12375000040377748,0.7250023718168355,0.8051179951748585,False
meteor,consistency with input,Input Consistency,12,48,71,501,60,83,632,1.611267605633803,0.10610814956617315,2.4531233937577888,0.1172912719718493,0.6275541896847227,False
unieval,consistency with input,Input Consistency,6,15,77,534,21,83,632,2.2671614100185526,0.16690232619362524,3.609548676613084,0.05744870816840451,0.4668166391393362,False
g eval,consistency with input,Input Consistency,6,17,77,532,23,83,632,2.0632411067193672,0.14736845454470135,2.874255480157492,0.09000659273503402,0.5847773970877063,False
bertscore,consistency with input,Input Consistency,24,109,59,440,133,83,632,1.5261883522365236,0.09714749710847483,3.334413109285485,0.0678446069024832,0.5092920873510547,False
bartscore,consistency with input,Input Consistency,8,26,75,523,34,83,632,1.876078431372549,0.13345617641018298,2.887020217423811,0.08929594141167738,0.5847773970877063,False
questeval,consistency with input,Input Consistency,2,8,81,541,10,83,632,1.5358024691358025,0.07307673942089896,0.37146346045307466,0.5422076355308447,0.740781719303381,False
ndcg,consistency with input,Input Consistency,1,9,82,540,10,83,632,0.7585365853658538,-0.0422609677398322,0.09405696888292803,0.759081560083571,0.8301952777725827,False
recall,consistency with input,Input Consistency,8,49,75,500,57,83,632,1.0760233918128654,0.015205367460337862,0.0439424141931446,0.8339607875246383,0.8801582691186172,False
f1,consistency with input,Input Consistency,13,80,70,469,93,83,632,1.0763440860215054,0.016065812054038106,0.06734889486473206,0.7952366323114715,0.8535186427383837,False
win rate,consistency with input,Input Consistency,4,18,79,531,22,83,632,1.4039125431530495,0.064255721026403,0.46453425993619035,0.4955124699862482,0.740781719303381,False
precision,consistency with input,Input Consistency,6,30,77,519,36,83,632,1.2900432900432899,0.05116655986924374,0.39154804131670184,0.531486805985572,0.740781719303381,False
spearman correlation,consistency with input,Input Consistency,6,15,77,534,21,83,632,2.2671614100185526,0.16690232619362524,3.609548676613084,0.05744870816840451,0.4668166391393362,False
pearson correlation,consistency with input,Input Consistency,1,14,82,535,15,83,632,0.5016260162601626,-0.10513460121789628,0.6676639569046701,0.4138672454015003,0.740781719303381,False
bleurt,consistency with input,Input Consistency,3,29,80,520,32,83,632,0.703125,-0.06300137752420126,0.4549379489070371,0.49999928114709014,0.740781719303381,False
qafacteval,consistency with input,Input Consistency,1,9,82,540,10,83,632,0.7585365853658538,-0.0422609677398322,0.09405696888292803,0.759081560083571,0.8301952777725827,False
cider,consistency with input,Input Consistency,5,11,78,538,16,83,632,2.467948717948718,0.1791314531864611,3.643929168519856,0.05627398057396553,0.4668166391393362,False
mrr,consistency with input,Input Consistency,3,10,80,539,13,83,632,1.7855769230769232,0.10536121895061938,0.9745762320076308,0.3235415255702012,0.740781719303381,False
distinct,consistency with input,Input Consistency,0,16,83,533,16,83,632,0.0,,4.56768451165697,0.032580574073738995,0.3464527324469106,False
attack success rate asr,consistency with input,Input Consistency,1,13,82,536,14,83,632,0.5383275261324041,-0.09443618986825043,0.525686396232113,0.46842605537417104,0.740781719303381,False
perplexity,consistency with input,Input Consistency,0,29,83,520,29,83,632,0.0,,8.373930209669446,0.003806415530698593,0.09548283750055092,False
alignscore,consistency with input,Input Consistency,2,9,81,540,11,83,632,1.393939393939394,0.056517592699675594,0.22772966119571425,0.6332123842401969,0.7539882696414163,False
chair,consistency with input,Input Consistency,0,10,83,539,10,83,632,0.0,,2.84001549652288,0.09194332716683326,0.5901891534740096,False
chrf,consistency with input,Input Consistency,2,11,81,538,13,83,632,1.1756885090218423,0.027493693007152684,0.056412167217187226,0.8122592563908813,0.8644260272906698,False
comet,consistency with input,Input Consistency,4,23,79,526,27,83,632,1.13455227379278,0.023803263085368558,0.0676648599360753,0.7947675851514852,0.8535186427383837,False
cosine similarity,consistency with input,Input Consistency,3,10,80,539,13,83,632,1.7855769230769232,0.10536121895061938,0.9745762320076308,0.3235415255702012,0.740781719303381,False
auroc,consistency with input,Input Consistency,0,10,83,539,10,83,632,0.0,,2.84001549652288,0.09194332716683326,0.5901891534740096,False
rouge,answerability from input,Answerability,2,163,5,462,165,7,632,1.132121212121212,0.01566799700272003,0.021849563521869786,0.8824879987885487,0.9165647642159316,False
bleu,answerability from input,Answerability,1,148,6,477,149,7,632,0.540268456375839,-0.07768268770566956,0.3784823166116673,0.5384165960028995,0.740781719303381,False
accuracy,answerability from input,Answerability,0,127,7,498,127,7,632,0.0,,3.160295179566784,0.0754495398191134,0.5411655228594447,False
exact match,answerability from input,Answerability,0,37,7,588,37,7,632,0.0,,0.8494501606116247,0.3567079311950673,0.740781719303381,False
moverscore,answerability from input,Answerability,1,18,6,607,19,7,632,5.37719298245614,0.24167576316933986,1.6682465394611408,0.19649356072218518,0.740781719303381,False
meteor,answerability from input,Answerability,1,59,6,566,60,7,632,1.5888888888888888,0.06336512504623329,0.1665648768251745,0.6831829310152338,0.7784091454845232,False
unieval,answerability from input,Answerability,1,20,6,605,21,7,632,4.849206349206349,0.2261562756359019,1.5023022424927017,0.22031746385536755,0.740781719303381,False
g eval,answerability from input,Answerability,0,23,7,602,23,7,632,0.0,,0.5219461122919291,0.4700127044954183,0.740781719303381,False
bertscore,answerability from input,Answerability,2,131,5,494,133,7,632,1.500751879699248,0.053125606756314184,0.22389578429928259,0.6360874248533108,0.7539882696414163,False
bartscore,answerability from input,Answerability,1,33,6,592,34,7,632,2.9313725490196076,0.15143983107568593,0.7793009356841942,0.3773550237874954,0.740781719303381,False
questeval,answerability from input,Answerability,1,9,6,616,10,7,632,10.366666666666667,0.3412051312423842,2.826127813016294,0.09274172475854064,0.5901891534740096,False
ndcg,answerability from input,Answerability,2,8,5,617,10,7,632,24.880000000000003,0.5027225378209255,8.761120729638119,0.003077198959990856,0.08527571057307994,False
recall,answerability from input,Answerability,2,55,5,570,57,7,632,4.035087719298246,0.20033474659358588,2.22956806101156,0.13539169278923244,0.6656758228803928,False
f1,answerability from input,Answerability,2,91,5,534,93,7,632,2.318279569892473,0.11528086350565223,0.8931528200827952,0.3446243513172885,0.740781719303381,False
win rate,answerability from input,Answerability,0,22,7,603,22,7,632,0.0,,0.4988435399360528,0.4800087018791025,0.740781719303381,False
precision,answerability from input,Answerability,0,36,7,589,36,7,632,0.0,,0.8258012307982369,0.3634894636437309,0.740781719303381,False
spearman correlation,answerability from input,Answerability,0,21,7,604,21,7,632,0.0,,0.4757790286928533,0.49034048974890276,0.740781719303381,False
pearson correlation,answerability from input,Answerability,0,15,7,610,15,7,632,0.0,,0.3381842760527674,0.5608791718660135,0.740781719303381,False
bleurt,answerability from input,Answerability,1,31,6,594,32,7,632,3.125,0.16084061594128762,0.8621576174312517,0.353135601304975,0.740781719303381,False
qafacteval,answerability from input,Answerability,0,10,7,615,10,7,632,0.0,,0.22454606560366053,0.6355976635792313,0.7539882696414163,False
cider,answerability from input,Answerability,0,16,7,609,16,7,632,0.0,,0.3610230284840795,0.5479386199543832,0.740781719303381,False
mrr,answerability from input,Answerability,1,12,6,613,13,7,632,7.935897435897436,0.3005214959011396,2.335163750265475,0.12648168945992222,0.640817202277556,False
distinct,answerability from input,Answerability,0,16,7,609,16,7,632,0.0,,0.3610230284840795,0.5479386199543832,0.740781719303381,False
attack success rate asr,answerability from input,Answerability,0,14,7,611,14,7,632,0.0,,0.31538272110976673,0.5743957635228131,0.7414042706303636,False
perplexity,answerability from input,Answerability,0,29,7,596,29,7,632,0.0,,0.6613679200372614,0.41607743108801476,0.740781719303381,False
alignscore,answerability from input,Answerability,0,11,7,614,11,7,632,0.0,,0.24720003443625876,0.6190535563078535,0.7523248867023682,False
chair,answerability from input,Answerability,0,10,7,615,10,7,632,0.0,,0.22454606560366053,0.6355976635792313,0.7539882696414163,False
chrf,answerability from input,Answerability,0,13,7,612,13,7,632,0.0,,0.29261824268317305,0.5885475635956433,0.7472265214368077,False
comet,answerability from input,Answerability,0,27,7,598,27,7,632,0.0,,0.614739538763189,0.4330088504227372,0.740781719303381,False
cosine similarity,answerability from input,Answerability,1,12,6,613,13,7,632,7.935897435897436,0.3005214959011396,2.335163750265475,0.12648168945992222,0.640817202277556,False
auroc,answerability from input,Answerability,0,10,7,615,10,7,632,0.0,,0.22454606560366053,0.6355976635792313,0.7539882696414163,False
rouge,usefulness (nonspecific),Helpfulness,12,153,51,416,165,63,632,0.6659536541889483,-0.07953721716017469,1.9198662068380212,0.1658714103679987,0.7240544380980183,False
bleu,usefulness (nonspecific),Helpfulness,10,139,53,430,149,63,632,0.6116246675952893,-0.09541184545622877,2.4948756184792025,0.1142173995174479,0.6235929066191409,False
accuracy,usefulness (nonspecific),Helpfulness,15,112,48,457,127,63,632,1.2426181102362204,0.04534217421436193,0.5789206395625657,0.4467357070080995,0.740781719303381,False
exact match,usefulness (nonspecific),Helpfulness,3,34,60,535,37,63,632,0.8040540540540541,-0.03860565577234857,0.16024255684476807,0.688933298777156,0.7784091454845232,False
moverscore,usefulness (nonspecific),Helpfulness,0,19,63,550,19,63,632,0.0,,4.054954757236308,0.044041899082419234,0.41694382609462816,False
meteor,usefulness (nonspecific),Helpfulness,4,56,59,513,60,63,632,0.6463276836158192,-0.07946429266461585,0.8911108127693517,0.3451764656414772,0.740781719303381,False
unieval,usefulness (nonspecific),Helpfulness,0,21,63,548,21,63,632,0.0,,4.489490553198818,0.03410383925836582,0.35440864774744935,False
g eval,usefulness (nonspecific),Helpfulness,1,22,62,547,23,63,632,0.4270687237026648,-0.12866394466726525,1.035422180139224,0.30888854698786045,0.740781719303381,False
bertscore,usefulness (nonspecific),Helpfulness,9,124,54,445,133,63,632,0.62531328320802,-0.09111016503431542,2.0877917925244773,0.14848055364063192,0.6894998450042901,False
bartscore,usefulness (nonspecific),Helpfulness,1,33,62,536,34,63,632,0.2836812144212524,-0.18927380859852913,2.624210711954314,0.10524482753492538,0.6131803250382504,False
questeval,usefulness (nonspecific),Helpfulness,1,9,62,560,10,63,632,1.0032258064516129,0.0004914915681692121,1.1327451531200662e-05,0.99731462248708,0.9984063735790198,False
ndcg,usefulness (nonspecific),Helpfulness,2,8,61,561,10,63,632,2.039344262295082,0.12097775221369544,0.9132282278363828,0.33925932334833,0.740781719303381,False
recall,usefulness (nonspecific),Helpfulness,6,51,57,518,57,63,632,1.061865189289012,0.01169451357957966,0.02141687301940176,0.8836490056257961,0.9167294562050942,False
f1,usefulness (nonspecific),Helpfulness,7,86,56,483,93,63,632,0.7244623655913979,-0.06238862340945716,0.7743473072251383,0.37887552887740417,0.740781719303381,False
win rate,usefulness (nonspecific),Helpfulness,14,8,49,561,22,63,632,7.922077922077922,0.48657513313258854,40.10940405600007,2.4013020045647e-10,2.195990683174418e-07,True
precision,usefulness (nonspecific),Helpfulness,3,33,60,536,36,63,632,0.8277777777777778,-0.03348461743209933,0.11938685314152364,0.7297004504090441,0.8073939042940966,False
spearman correlation,usefulness (nonspecific),Helpfulness,1,20,62,549,21,63,632,0.46927803379416283,-0.11455736403831314,0.7929016136725111,0.37322418087882525,0.740781719303381,False
pearson correlation,usefulness (nonspecific),Helpfulness,1,14,62,555,15,63,632,0.6634408602150538,-0.062382141909894905,0.20827834157607095,0.6481201817017489,0.7608548217795242,False
bleurt,usefulness (nonspecific),Helpfulness,0,32,63,537,32,63,632,0.0,,6.90662740900827,0.008587682371367414,0.15249389375952427,False
qafacteval,usefulness (nonspecific),Helpfulness,0,10,63,559,10,63,632,0.0,,2.1178957857247607,0.14558644572808294,0.6845182756726573,False
cider,usefulness (nonspecific),Helpfulness,0,16,63,553,16,63,632,0.0,,3.405950776269027,0.06496166785514172,0.4980044328651322,False
mrr,usefulness (nonspecific),Helpfulness,2,11,61,558,13,63,632,1.5611601513240858,0.07539470579994913,0.3797719334910594,0.5377253189494919,0.740781719303381,False
distinct,usefulness (nonspecific),Helpfulness,0,16,63,553,16,63,632,0.0,,3.405950776269027,0.06496166785514172,0.4980044328651322,False
attack success rate asr,usefulness (nonspecific),Helpfulness,1,13,62,556,14,63,632,0.7119815668202765,-0.05168373056024905,0.139636239836041,0.7086429071847182,0.7917580190842086,False
perplexity,usefulness (nonspecific),Helpfulness,5,24,58,545,29,63,632,1.7925089179548157,0.11321463853358887,1.5188556356921765,0.21779275184481722,0.740781719303381,False
alignscore,usefulness (nonspecific),Helpfulness,1,10,62,559,11,63,632,0.9105571847507332,-0.01428782530007019,0.009861470458336297,0.9208961588530631,0.943662304683221,False
chair,usefulness (nonspecific),Helpfulness,0,10,63,559,10,63,632,0.0,,2.1178957857247607,0.14558644572808294,0.6845182756726573,False
chrf,usefulness (nonspecific),Helpfulness,0,13,63,556,13,63,632,0.0,,2.7602757889807976,0.09663157768581948,0.5991157816520808,False
comet,usefulness (nonspecific),Helpfulness,0,27,63,542,27,63,632,0.0,,5.802171509121501,0.01600639449978665,0.23051728771739988,False
cosine similarity,usefulness (nonspecific),Helpfulness,1,12,62,557,13,63,632,0.7679900744416873,-0.04019214377307548,0.08237438249790197,0.7741051403378919,0.8426523043285506,False
auroc,usefulness (nonspecific),Helpfulness,0,10,63,559,10,63,632,0.0,,2.1178957857247607,0.14558644572808294,0.6845182756726573,False
rouge,absence of toxic / harmful content,Non-Toxicity,10,155,49,418,165,59,632,0.577612863327149,-0.10419120240289263,3.072566326104729,0.07962368314083551,0.5473574189432762,False
bleu,absence of toxic / harmful content,Non-Toxicity,8,141,51,432,149,59,632,0.508487958941966,-0.12659558660533532,4.04693439984273,0.04425163590562877,0.41694382609462816,False
accuracy,absence of toxic / harmful content,Non-Toxicity,12,115,47,458,127,59,632,1.0152454347461886,0.003045299222789504,0.0024072648642793903,0.9608683838915864,0.9704187046591449,False
exact match,absence of toxic / harmful content,Non-Toxicity,1,36,58,537,37,59,632,0.277260018639329,-0.19221386608493263,2.7224526254346486,0.09894587233081677,0.6060180782710091,False
moverscore,absence of toxic / harmful content,Non-Toxicity,0,19,59,554,19,59,632,0.0,,3.7842243047316617,0.051737886164811696,0.4527683913657445,False
meteor,absence of toxic / harmful content,Non-Toxicity,1,59,58,514,60,59,632,0.16436781609195403,-0.26717664184856166,6.561715352689623,0.010419587900849906,0.17468612738125527,False
unieval,absence of toxic / harmful content,Non-Toxicity,0,21,59,552,21,59,632,0.0,,4.189721828760101,0.0406697700363205,0.39778079891139145,False
g eval,absence of toxic / harmful content,Non-Toxicity,1,22,58,551,23,59,632,0.4565217391304348,-0.11849207188784516,0.8533773199282493,0.35559866280773333,0.740781719303381,False
bertscore,absence of toxic / harmful content,Non-Toxicity,5,128,54,445,133,59,632,0.34739626844890004,-0.18794676813757583,7.428507643317724,0.006419856099256024,0.13653391634347986,False
bartscore,absence of toxic / harmful content,Non-Toxicity,0,34,59,539,34,59,632,0.0,,6.860006561479588,0.008814622535987061,0.15501869825308015,False
questeval,absence of toxic / harmful content,Non-Toxicity,0,10,59,563,10,59,632,0.0,,1.976548764288413,0.15975445988754391,0.7109267813487051,False
ndcg,absence of toxic / harmful content,Non-Toxicity,0,10,59,563,10,59,632,0.0,,1.976548764288413,0.15975445988754391,0.7109267813487051,False
recall,absence of toxic / harmful content,Non-Toxicity,0,57,59,516,57,59,632,0.0,,11.73779790655603,0.0006124344436196581,0.023336304112090724,True
f1,absence of toxic / harmful content,Non-Toxicity,3,90,56,483,93,59,632,0.3104838709677419,-0.19861312475868906,6.047744481435068,0.013924072458987757,0.21059831182284885,False
win rate,absence of toxic / harmful content,Non-Toxicity,8,14,51,559,22,59,632,4.349376114081997,0.31119516343350634,12.551944195106572,0.00039579429704169944,0.017235899268792102,True
precision,absence of toxic / harmful content,Non-Toxicity,0,36,59,537,36,59,632,0.0,,7.276241207159944,0.006987259393316356,0.14155206975968823,False
spearman correlation,absence of toxic / harmful content,Non-Toxicity,1,20,58,553,21,59,632,0.5016420361247947,-0.10438549125889307,0.6399478228347282,0.42372969190340526,0.740781719303381,False
pearson correlation,absence of toxic / harmful content,Non-Toxicity,1,14,58,559,15,59,632,0.7091954022988506,-0.05221026913047481,0.141968373359331,0.7063319715049385,0.7917580190842086,False
bleurt,absence of toxic / harmful content,Non-Toxicity,0,32,59,541,32,59,632,0.0,,6.44523629905363,0.011125024367069719,0.1814158448223792,False
qafacteval,absence of toxic / harmful content,Non-Toxicity,0,10,59,563,10,59,632,0.0,,1.976548764288413,0.15975445988754391,0.7109267813487051,False
cider,absence of toxic / harmful content,Non-Toxicity,1,15,58,558,16,59,632,0.6637931034482758,-0.06221796459446395,0.2061435546858561,0.6498069856871356,0.7610934829687047,False
mrr,absence of toxic / harmful content,Non-Toxicity,0,13,59,560,13,59,632,0.0,,2.576033039704636,0.10849325348707496,0.6131803250382504,False
distinct,absence of toxic / harmful content,Non-Toxicity,4,12,55,561,16,59,632,2.8,0.19457562429840913,3.4502671366002753,0.06324154773046624,0.4980044328651322,False
attack success rate asr,absence of toxic / harmful content,Non-Toxicity,12,2,47,571,14,59,632,11.270516717325227,0.559336761384539,48.141106123789285,3.9662388780217364e-12,7.254250907901756e-09,True
perplexity,absence of toxic / harmful content,Non-Toxicity,7,22,52,551,29,59,632,2.7990716180371353,0.21096394578000432,5.8261635269808245,0.01578952106014098,0.23051728771739988,False
alignscore,absence of toxic / harmful content,Non-Toxicity,0,11,59,562,11,59,632,0.0,,2.176038365664492,0.14017487686123753,0.6716266264226144,False
chair,absence of toxic / harmful content,Non-Toxicity,0,10,59,563,10,59,632,0.0,,1.976548764288413,0.15975445988754391,0.7109267813487051,False
chrf,absence of toxic / harmful content,Non-Toxicity,0,13,59,560,13,59,632,0.0,,2.576033039704636,0.10849325348707496,0.6131803250382504,False
comet,absence of toxic / harmful content,Non-Toxicity,1,26,58,547,27,59,632,0.3863346104725415,-0.14335567866961282,1.3295185342586975,0.2488908890908484,0.740781719303381,False
cosine similarity,absence of toxic / harmful content,Non-Toxicity,3,10,56,563,13,59,632,2.550824175824176,0.169152898738827,2.2043598276491463,0.13762101467952345,0.6716266264226144,False
auroc,absence of toxic / harmful content,Non-Toxicity,0,10,59,563,10,59,632,0.0,,1.976548764288413,0.15975445988754391,0.7109267813487051,False
rouge,grammaticality,Grammaticality,9,156,16,451,165,25,632,1.5920454545454543,0.07556867405067723,1.2364135590414582,0.26616336962309034,0.740781719303381,False
bleu,grammaticality,Grammaticality,9,140,16,467,149,25,632,1.8234060402684564,0.09955908071486848,2.0306505089350626,0.1541546138518496,0.7066385682582278,False
accuracy,grammaticality,Grammaticality,2,125,23,482,127,25,632,0.3457719958918179,-0.16001869132460964,2.892800008725885,0.08897616652192579,0.5847773970877063,False
exact match,grammaticality,Grammaticality,1,36,24,571,37,25,632,0.670045045045045,-0.05906510719679645,0.1808773297199383,0.6706203588954084,0.7714242996350326,False
moverscore,grammaticality,Grammaticality,2,17,23,590,19,25,632,2.8054919908466815,0.17004266945135357,1.5735278404817867,0.20969542453639065,0.740781719303381,False
meteor,grammaticality,Grammaticality,7,53,18,554,60,25,632,3.7074074074074073,0.24019190345832492,7.327638130397734,0.006790222336927166,0.14155206975968823,False
unieval,grammaticality,Grammaticality,2,19,23,588,21,25,632,2.5300207039337477,0.15265421547912264,1.3049187120043673,0.2533167151560726,0.740781719303381,False
g eval,grammaticality,Grammaticality,1,22,24,585,23,25,632,1.1032608695652173,0.014656687000291041,0.009379674330626059,0.922846533753137,0.9445673110122814,False
bertscore,grammaticality,Grammaticality,9,124,16,483,133,25,632,2.110432330827068,0.12627736228649047,3.0834961471441256,0.07909034618522968,0.5473574189432762,False
bartscore,grammaticality,Grammaticality,4,30,21,577,34,25,632,3.350140056022409,0.2152942115005982,3.9535089365513025,0.04677373896554918,0.42561775406959923,False
questeval,grammaticality,Grammaticality,0,10,25,597,10,25,632,0.0,,0.8137998786245777,0.36699919489913735,0.740781719303381,False
ndcg,grammaticality,Grammaticality,2,8,23,599,10,25,632,5.408695652173914,0.2815580678750781,3.6690552487330583,0.055431596115182835,0.4668166391393362,False
recall,grammaticality,Grammaticality,3,54,22,553,57,25,632,1.375598086124402,0.05337566344363442,0.25882755431361826,0.6109267871295889,0.7501053574024433,False
f1,grammaticality,Grammaticality,3,90,22,517,93,25,632,0.7903225806451614,-0.038123938477432937,0.16117402652030544,0.6880779114911245,0.7784091454845232,False
win rate,grammaticality,Grammaticality,0,22,25,585,22,25,632,0.0,,1.8081753724935195,0.17872726619609533,0.739704840274116,False
precision,grammaticality,Grammaticality,1,35,24,572,36,25,632,0.6898148148148148,-0.05481647266245595,0.15416620069917253,0.6945853623959177,0.7832285005068641,False
spearman correlation,grammaticality,Grammaticality,2,19,23,588,21,25,632,2.5300207039337477,0.15265421547912264,1.3049187120043673,0.2533167151560726,0.740781719303381,False
pearson correlation,grammaticality,Grammaticality,0,15,25,592,15,25,632,0.0,,1.225722058811152,0.2682406117933133,0.740781719303381,False
bleurt,grammaticality,Grammaticality,3,29,22,578,32,25,632,2.5568181818181817,0.16127948854526247,1.943858577687298,0.16325018753438308,0.7177514254816988,False
qafacteval,grammaticality,Grammaticality,0,10,25,597,10,25,632,0.0,,0.8137998786245777,0.36699919489913735,0.740781719303381,False
cider,grammaticality,Grammaticality,0,16,25,591,16,25,632,0.0,,1.3085153561086016,0.25266363421875526,0.740781719303381,False
mrr,grammaticality,Grammaticality,1,12,24,595,13,25,632,1.983974358974359,0.10312848789448081,0.38785578536990795,0.5334286506972132,0.740781719303381,False
distinct,grammaticality,Grammaticality,1,15,24,592,16,25,632,1.6041666666666667,0.07093079429367223,0.19529801944791914,0.6585432222261577,0.7646842153883474,False
attack success rate asr,grammaticality,Grammaticality,0,14,25,593,14,25,632,0.0,,1.143065648993465,0.2850054712308991,0.740781719303381,False
perplexity,grammaticality,Grammaticality,2,27,23,580,29,25,632,1.808095952023988,0.09657571503809916,0.5762667459396729,0.44777936909600347,0.740781719303381,False
alignscore,grammaticality,Grammaticality,1,10,24,597,11,25,632,2.3522727272727275,0.12903280636748607,0.5788699563913906,0.4467556031247464,0.740781719303381,False
chair,grammaticality,Grammaticality,0,10,25,597,10,25,632,0.0,,0.8137998786245777,0.36699919489913735,0.740781719303381,False
chrf,grammaticality,Grammaticality,0,13,25,594,13,25,632,0.0,,1.0605456746890807,0.3030907622180765,0.740781719303381,False
comet,grammaticality,Grammaticality,3,24,22,583,27,25,632,3.0555555555555554,0.19303467307980163,2.6472104515848938,0.10373178169087117,0.6131803250382504,False
cosine similarity,grammaticality,Grammaticality,0,13,25,594,13,25,632,0.0,,1.0605456746890807,0.3030907622180765,0.740781719303381,False
auroc,grammaticality,Grammaticality,0,10,25,597,10,25,632,0.0,,0.8137998786245777,0.36699919489913735,0.740781719303381,False
rouge,informativeness,Informativeness,23,142,33,434,165,56,632,1.972635445362718,0.13674385971793285,6.547019615120833,0.010506000006527108,0.17468612738125527,False
bleu,informativeness,Informativeness,18,131,38,445,149,56,632,1.5354998233839634,0.08710457191635433,2.3464343476151246,0.12556993423786608,0.640817202277556,False
accuracy,informativeness,Informativeness,8,119,48,457,127,56,632,0.6627296587926509,-0.07808946413547395,1.391618540910728,0.23813195692107744,0.740781719303381,False
exact match,informativeness,Informativeness,0,37,56,539,37,56,632,0.0,,7.085481920560729,0.0077710918340527825,0.1448738964949285,False
moverscore,informativeness,Informativeness,5,14,51,562,19,56,632,3.163054695562435,0.22492975511640387,5.1589652234626175,0.02312667215638498,0.2897170094111515,False
meteor,informativeness,Informativeness,10,50,46,526,60,56,632,2.072463768115942,0.15237141036850516,4.170312792246458,0.04113820422962313,0.39810463246550637,False
unieval,informativeness,Informativeness,4,17,52,559,21,56,632,2.238095238095238,0.15116943421614962,2.186419532290901,0.1392326423761376,0.6716266264226144,False
g eval,informativeness,Informativeness,5,18,51,558,23,56,632,2.5959079283887467,0.1854510585152155,3.671974678256027,0.055334589258381535,0.4668166391393362,False
bertscore,informativeness,Informativeness,19,114,37,462,133,56,632,1.9266409266409263,0.13629171419138594,5.5188403880913395,0.018812725409212548,0.25115675017116607,False
bartscore,informativeness,Informativeness,8,26,48,550,34,56,632,2.9313725490196076,0.22351078521831466,7.031210059090142,0.008010120978705468,0.1450545670302208,False
questeval,informativeness,Informativeness,0,10,56,566,10,56,632,0.0,,1.8711902384249328,0.1713388222700391,0.7321932381586483,False
ndcg,informativeness,Informativeness,0,10,56,566,10,56,632,0.0,,1.8711902384249328,0.1713388222700391,0.7321932381586483,False
recall,informativeness,Informativeness,4,53,52,523,57,56,632,0.7759784075573548,-0.04606712600583178,0.280244137394452,0.5965412450931735,0.7501053574024433,False
f1,informativeness,Informativeness,9,84,47,492,93,56,632,1.1098146877144819,0.020736062552740575,0.08808473812513884,0.7666262822508005,0.8366106624324071,False
win rate,informativeness,Informativeness,1,21,55,555,22,56,632,0.5041322314049587,-0.10350693106202884,0.6261830441808509,0.42875886480456005,0.740781719303381,False
precision,informativeness,Informativeness,3,33,53,543,36,56,632,0.9371069182389937,-0.011470236992668937,0.01337808046266098,0.9079191141203694,0.9334367957988509,False
spearman correlation,informativeness,Informativeness,2,19,54,557,21,56,632,1.0776014109347443,0.012537470159432275,0.011577464051611752,0.9143140879361983,0.93842899373474,False
pearson correlation,informativeness,Informativeness,2,13,54,563,15,56,632,1.5234567901234566,0.07099600150695193,0.33530851578230236,0.5625498352943243,0.740781719303381,False
bleurt,informativeness,Informativeness,3,29,53,547,32,56,632,1.0613207547169812,0.01054414344676143,0.010860236462703121,0.9170007475209072,0.9406586467839255,False
qafacteval,informativeness,Informativeness,0,10,56,566,10,56,632,0.0,,1.8711902384249328,0.1713388222700391,0.7321932381586483,False
cider,informativeness,Informativeness,3,13,53,563,16,56,632,2.1792452830188678,0.14009765383413078,1.5618426804798742,0.21139562027187866,0.740781719303381,False
mrr,informativeness,Informativeness,0,13,56,563,13,56,632,0.0,,2.438702781722507,0.11837408170652232,0.6275541896847227,False
distinct,informativeness,Informativeness,7,9,49,567,16,56,632,5.5,0.35462280488365355,14.316305653593403,0.00015452062272670257,0.008831819342723094,True
attack success rate asr,informativeness,Informativeness,0,14,56,562,14,56,632,0.0,,2.6285149427640278,0.10495984319322396,0.6131803250382504,False
perplexity,informativeness,Informativeness,4,25,52,551,29,56,632,1.5994694960212201,0.0874129239368626,0.8007348767726286,0.3708737442469844,0.740781719303381,False
alignscore,informativeness,Informativeness,0,11,56,565,11,56,632,0.0,,2.060041514058669,0.15120605093929881,0.6983734019393372,False
chair,informativeness,Informativeness,6,4,50,572,10,56,632,7.4639999999999995,0.41070618824942184,16.900377691203545,3.9393743524519175e-05,0.003002131537764399,True
chrf,informativeness,Informativeness,0,13,56,563,13,56,632,0.0,,2.438702781722507,0.11837408170652232,0.6275541896847227,False
comet,informativeness,Informativeness,0,27,56,549,27,56,632,0.0,,5.125823640107561,0.023572381079705117,0.2927359582223289,False
cosine similarity,informativeness,Informativeness,2,11,54,565,13,56,632,1.7635327635327636,0.09585827614164144,0.5874067883182408,0.4434236531893404,0.740781719303381,False
auroc,informativeness,Informativeness,0,10,56,566,10,56,632,0.0,,1.8711902384249328,0.1713388222700391,0.7321932381586483,False
rouge,semantic correctness,Semantic Correctness,6,159,10,457,165,16,632,1.6981818181818182,0.07775489906283088,1.0245340406709968,0.31144593092474915,0.740781719303381,False
bleu,semantic correctness,Semantic Correctness,7,142,9,474,149,16,632,2.5212527964205815,0.1373012135667441,3.2332192210432753,0.07215871218941779,0.5321705023969562,False
accuracy,semantic correctness,Semantic Correctness,6,121,10,495,127,16,632,2.385826771653543,0.13396084385329177,2.6518749560950994,0.10342784057875005,0.6131803250382504,False
exact match,semantic correctness,Semantic Correctness,0,37,16,579,37,16,632,0.0,,1.9561315585604369,0.16192764625636752,0.713695180418376,False
moverscore,semantic correctness,Semantic Correctness,0,19,16,597,19,16,632,0.0,,0.98955706130306,0.31985065667539553,0.740781719303381,False
meteor,semantic correctness,Semantic Correctness,4,56,12,560,60,16,632,3.1777777777777776,0.19125576201301278,3.353444034423834,0.06706456188828391,0.5092920873510547,False
unieval,semantic correctness,Semantic Correctness,0,21,16,595,21,16,632,0.0,,1.095523619941207,0.2952505856529806,0.740781719303381,False
g eval,semantic correctness,Semantic Correctness,0,23,16,593,23,16,632,0.0,,1.2018422689793329,0.27295377877061616,0.740781719303381,False
bertscore,semantic correctness,Semantic Correctness,2,131,14,485,133,16,632,0.5359828141783028,-0.09050114762351609,0.811661189183642,0.3676295749710734,0.740781719303381,False
bartscore,semantic correctness,Semantic Correctness,0,34,16,582,34,16,632,0.0,,1.7929945627694135,0.18056173064669678,0.7397630894699759,False
questeval,semantic correctness,Semantic Correctness,0,10,16,606,10,16,632,0.0,,0.5170028768013073,0.472122977111592,0.740781719303381,False
ndcg,semantic correctness,Semantic Correctness,0,10,16,606,10,16,632,0.0,,0.5170028768013073,0.472122977111592,0.740781719303381,False
recall,semantic correctness,Semantic Correctness,2,55,14,561,57,16,632,1.4411027568922306,0.05670799221375563,0.21940489007090602,0.639493736826575,0.7570446890976088,False
f1,semantic correctness,Semantic Correctness,4,89,12,527,93,16,632,1.931899641577061,0.10468851180395958,1.19097130904178,0.27513371928196956,0.740781719303381,False
win rate,semantic correctness,Semantic Correctness,0,22,16,594,22,16,632,0.0,,1.1486387869780519,0.2838342805288089,0.740781719303381,False
precision,semantic correctness,Semantic Correctness,2,34,14,582,36,16,632,2.3650793650793647,0.13654692737205296,1.0831680906810721,0.2979899120609654,0.740781719303381,False
spearman correlation,semantic correctness,Semantic Correctness,2,19,14,597,21,16,632,4.156462585034014,0.23019193104513977,2.618578075143649,0.10561904787357577,0.6131803250382504,False
pearson correlation,semantic correctness,Semantic Correctness,1,14,15,602,15,16,632,2.742222222222222,0.15014220459164176,0.7482898984576407,0.3870181997100276,0.740781719303381,False
bleurt,semantic correctness,Semantic Correctness,1,31,15,585,32,16,632,1.25,0.032651322768609194,0.04498595051769433,0.8320298647306511,0.8796431344464514,False
qafacteval,semantic correctness,Semantic Correctness,0,10,16,606,10,16,632,0.0,,0.5170028768013073,0.472122977111592,0.740781719303381,False
cider,semantic correctness,Semantic Correctness,2,14,14,602,16,16,632,5.5,0.2774375694689245,3.5397611642038234,0.05991408778829842,0.47852780159300357,False
mrr,semantic correctness,Semantic Correctness,0,13,16,603,13,16,632,0.0,,0.6737467977872003,0.4117483447792907,0.740781719303381,False
distinct,semantic correctness,Semantic Correctness,0,16,16,600,16,16,632,0.0,,0.8312623144107641,0.36190777145528075,0.740781719303381,False
attack success rate asr,semantic correctness,Semantic Correctness,0,14,16,602,14,16,632,0.0,,0.726165862446029,0.3941288118861571,0.740781719303381,False
perplexity,semantic correctness,Semantic Correctness,0,29,16,587,29,16,632,0.0,,1.522934353530995,0.21717597759625362,0.740781719303381,False
alignscore,semantic correctness,Semantic Correctness,1,10,15,606,11,16,632,3.7636363636363637,0.19823652120146645,1.1979472626699668,0.273732340658071,0.740781719303381,False
chair,semantic correctness,Semantic Correctness,0,10,16,606,10,16,632,0.0,,0.5170028768013073,0.472122977111592,0.740781719303381,False
chrf,semantic correctness,Semantic Correctness,1,12,15,604,13,16,632,3.1743589743589746,0.17233220272846117,0.9469818723633963,0.33048872737586554,0.740781719303381,False
comet,semantic correctness,Semantic Correctness,0,27,16,589,27,16,632,0.0,,1.4155452525823657,0.23413802653456703,0.740781719303381,False
cosine similarity,semantic correctness,Semantic Correctness,0,13,16,603,13,16,632,0.0,,0.6737467977872003,0.4117483447792907,0.740781719303381,False
auroc,semantic correctness,Semantic Correctness,0,10,16,606,10,16,632,0.0,,0.5170028768013073,0.472122977111592,0.740781719303381,False
rouge,absence of bias / stereotypes,Bias-Freeness,1,164,23,444,165,24,632,0.1230566534914361,-0.28456216224878217,8.524554523019125,0.003503865060382684,0.09306783690792156,False
bleu,absence of bias / stereotypes,Bias-Freeness,1,148,23,460,149,24,632,0.14093959731543626,-0.2687456143564121,7.140804565343668,0.007534934546159352,0.1448738964949285,False
accuracy,absence of bias / stereotypes,Bias-Freeness,8,119,16,489,127,24,632,1.9881889763779528,0.11582470740196944,2.4052301909908333,0.12093033470582978,0.6313341732754845,False
exact match,absence of bias / stereotypes,Bias-Freeness,0,37,24,571,37,24,632,0.0,,2.953942558633079,0.0856683300196989,0.5718517357884281,False
moverscore,absence of bias / stereotypes,Bias-Freeness,0,19,24,589,19,24,632,0.0,,1.494170614542552,0.22157049129355563,0.740781719303381,False
meteor,absence of bias / stereotypes,Bias-Freeness,0,60,24,548,60,24,632,0.0,,4.88624608730508,0.027071486668256622,0.31652617819258505,False
unieval,absence of bias / stereotypes,Bias-Freeness,0,21,24,587,21,24,632,0.0,,1.654192101264331,0.19838932274096774,0.740781719303381,False
g eval,absence of bias / stereotypes,Bias-Freeness,0,23,24,585,23,24,632,0.0,,1.8147489213861765,0.17793960053150623,0.739704840274116,False
bertscore,absence of bias / stereotypes,Bias-Freeness,0,133,24,475,133,24,632,0.0,,11.591718003662187,0.0006624618372375297,0.024727402047090646,True
bartscore,absence of bias / stereotypes,Bias-Freeness,0,34,24,574,34,24,632,0.0,,2.7075429806753633,0.09987471144192234,0.6089028240909198,False
questeval,absence of bias / stereotypes,Bias-Freeness,0,10,24,598,10,24,632,0.0,,0.7806040881850058,0.37695645181467274,0.740781719303381,False
ndcg,absence of bias / stereotypes,Bias-Freeness,0,10,24,598,10,24,632,0.0,,0.7806040881850058,0.37695645181467274,0.740781719303381,False
recall,absence of bias / stereotypes,Bias-Freeness,0,57,24,551,57,24,632,0.0,,4.629750500327389,0.03142213276088536,0.3420443431830639,False
f1,absence of bias / stereotypes,Bias-Freeness,1,92,23,516,93,24,632,0.25198690977092103,-0.19565600403994318,2.9240767943997605,0.08726712777694806,0.5804057334692292,False
win rate,absence of bias / stereotypes,Bias-Freeness,0,22,24,586,22,24,632,0.0,,1.7344033708520772,0.18784952191724788,0.740781719303381,False
precision,absence of bias / stereotypes,Bias-Freeness,0,36,24,572,36,24,632,0.0,,2.8716687273605714,0.0901513513144815,0.5847773970877063,False
spearman correlation,absence of bias / stereotypes,Bias-Freeness,2,19,22,589,21,24,632,2.645021645021645,0.159746609996704,1.4117096018936,0.23477279683492602,0.740781719303381,False
pearson correlation,absence of bias / stereotypes,Bias-Freeness,2,13,22,595,15,24,632,3.7393939393939393,0.21820514134422367,2.4022849050576007,0.12115817103318482,0.6313341732754845,False
bleurt,absence of bias / stereotypes,Bias-Freeness,0,32,24,576,32,24,632,0.0,,2.5439765930599085,0.1107156291949413,0.6192626476989224,False
qafacteval,absence of bias / stereotypes,Bias-Freeness,0,10,24,598,10,24,632,0.0,,0.7806040881850058,0.37695645181467274,0.740781719303381,False
cider,absence of bias / stereotypes,Bias-Freeness,0,16,24,592,16,24,632,0.0,,1.2551343601349354,0.2625741032670864,0.740781719303381,False
mrr,absence of bias / stereotypes,Bias-Freeness,1,12,23,596,13,24,632,2.0702341137123748,0.10945856925039706,0.4313116660871781,0.5113460346128734,0.740781719303381,False
distinct,absence of bias / stereotypes,Bias-Freeness,1,15,23,593,16,24,632,1.673913043478261,0.0772608756495885,0.22865286620739056,0.6325245118644396,0.7539882696414163,False
attack success rate asr,absence of bias / stereotypes,Bias-Freeness,0,14,24,594,14,24,632,0.0,,1.0964357158850369,0.29504964842785303,0.740781719303381,False
perplexity,absence of bias / stereotypes,Bias-Freeness,3,26,21,582,29,24,632,2.9704433497536944,0.18730843332475838,2.5158937347691173,0.11270372037409823,0.6235929066191409,False
alignscore,absence of bias / stereotypes,Bias-Freeness,0,11,24,597,11,24,632,0.0,,0.859367360154918,0.35391579189689404,0.740781719303381,False
chair,absence of bias / stereotypes,Bias-Freeness,0,10,24,598,10,24,632,0.0,,0.7806040881850058,0.37695645181467274,0.740781719303381,False
chrf,absence of bias / stereotypes,Bias-Freeness,0,13,24,595,13,24,632,0.0,,1.0172827465381276,0.313164417516262,0.740781719303381,False
comet,absence of bias / stereotypes,Bias-Freeness,0,27,24,581,27,24,632,0.0,,2.1374829753715154,0.14373755723396436,0.6828467329374567,False
cosine similarity,absence of bias / stereotypes,Bias-Freeness,1,12,23,596,13,24,632,2.0702341137123748,0.10945856925039706,0.4313116660871781,0.5113460346128734,0.740781719303381,False
auroc,absence of bias / stereotypes,Bias-Freeness,0,10,24,598,10,24,632,0.0,,0.7806040881850058,0.37695645181467274,0.740781719303381,False
rouge,nonredundancy (form),Conciseness,16,149,5,462,165,21,632,9.056969696969697,0.29132824008299896,23.89941142690047,1.0150278983034934e-06,0.0002062762251107877,True
bleu,nonredundancy (form),Conciseness,7,142,14,469,149,21,632,1.6208053691275168,0.07691148030735545,1.0623095867922405,0.30268901228956374,0.740781719303381,False
accuracy,nonredundancy (form),Conciseness,2,125,19,486,127,21,632,0.41856610029009533,-0.12972661418237724,1.7847208683786917,0.18157069789858749,0.7397630894699759,False
exact match,nonredundancy (form),Conciseness,2,35,19,576,37,21,632,1.6927453769559035,0.08454100379799917,0.45342893107255455,0.5007110915246097,0.740781719303381,False
moverscore,nonredundancy (form),Conciseness,4,15,17,596,19,21,632,7.591331269349845,0.36467904826134456,9.301664805268317,0.0022894571470103457,0.0644218018751065,False
meteor,nonredundancy (form),Conciseness,6,54,15,557,60,21,632,3.8133333333333335,0.23657958467813167,6.431988076152631,0.011208305338944149,0.1814158448223792,False
unieval,nonredundancy (form),Conciseness,2,19,19,592,21,21,632,3.06265664160401,0.182946292621355,1.7811480590333146,0.1820084145770854,0.7397630894699759,False
g eval,nonredundancy (form),Conciseness,3,20,18,591,23,21,632,4.41304347826087,0.255591439883006,4.231264238597445,0.039685869569312596,0.3923538132014742,False
bertscore,nonredundancy (form),Conciseness,13,120,8,491,133,21,632,6.0968045112781954,0.277802225439104,17.129915765340023,3.4908112028887806e-05,0.0029021334954925366,True
bartscore,nonredundancy (form),Conciseness,4,30,17,581,34,21,632,4.13840830449827,0.2497337402417566,5.08254125922065,0.024167922193314192,0.2927359582223289,False
questeval,nonredundancy (form),Conciseness,0,10,21,601,10,21,632,0.0,,0.6813460377186139,0.40912360592456876,0.740781719303381,False
ndcg,nonredundancy (form),Conciseness,0,10,21,601,10,21,632,0.0,,0.6813460377186139,0.40912360592456876,0.740781719303381,False
recall,nonredundancy (form),Conciseness,1,56,20,555,57,21,632,0.5043859649122807,-0.09903787650487515,0.5676628225015363,0.45118914596383997,0.740781719303381,False
f1,nonredundancy (form),Conciseness,2,91,19,520,93,21,632,0.6100735710243351,-0.07559152929796277,0.5205406982732521,0.47061112661066573,0.740781719303381,False
win rate,nonredundancy (form),Conciseness,0,22,21,589,22,21,632,0.0,,1.5138266913319087,0.21855609453074235,0.740781719303381,False
precision,nonredundancy (form),Conciseness,1,35,20,576,36,21,632,0.8277777777777777,-0.02778028449290469,0.03720936690300519,0.8470394025436712,0.8922643499816203,False
spearman correlation,nonredundancy (form),Conciseness,2,19,19,592,21,21,632,3.06265664160401,0.182946292621355,1.7811480590333146,0.1820084145770854,0.7397630894699759,False
pearson correlation,nonredundancy (form),Conciseness,0,15,21,596,15,21,632,0.0,,1.0262097365866762,0.31105055704834117,0.740781719303381,False
bleurt,nonredundancy (form),Conciseness,2,30,19,581,32,21,632,1.9736842105263157,0.10976485928996052,0.728575963210992,0.3933451640078145,0.740781719303381,False
qafacteval,nonredundancy (form),Conciseness,1,9,20,602,10,21,632,3.1100000000000003,0.17084831140527673,0.9378879681665586,0.33282159472433065,0.740781719303381,False
cider,nonredundancy (form),Conciseness,1,15,20,596,16,21,632,1.9250000000000003,0.09796698246322351,0.35234164170793336,0.5527905672969642,0.740781719303381,False
mrr,nonredundancy (form),Conciseness,0,13,21,598,13,21,632,0.0,,0.8879242353639106,0.34604044095066055,0.740781719303381,False
distinct,nonredundancy (form),Conciseness,0,16,21,595,16,21,632,0.0,,1.095523619941207,0.2952505856529806,0.740781719303381,False
attack success rate asr,nonredundancy (form),Conciseness,0,14,21,597,14,21,632,0.0,,0.9570100669994955,0.3279413406352294,0.740781719303381,False
perplexity,nonredundancy (form),Conciseness,1,28,20,583,29,21,632,1.039655172413793,0.005748451271409147,0.0014731139985426356,0.9693837762844024,0.9768611167075327,False
alignscore,nonredundancy (form),Conciseness,0,11,21,600,11,21,632,0.0,,0.7500925919332619,0.38644691720216706,0.740781719303381,False
chair,nonredundancy (form),Conciseness,0,10,21,601,10,21,632,0.0,,0.6813460377186139,0.40912360592456876,0.740781719303381,False
chrf,nonredundancy (form),Conciseness,0,13,21,598,13,21,632,0.0,,0.8879242353639106,0.34604044095066055,0.740781719303381,False
comet,nonredundancy (form),Conciseness,0,27,21,584,27,21,632,0.0,,1.8656238199894435,0.1719771315356515,0.7332078638198289,False
cosine similarity,nonredundancy (form),Conciseness,0,13,21,598,13,21,632,0.0,,0.8879242353639106,0.34604044095066055,0.740781719303381,False
auroc,nonredundancy (form),Conciseness,0,10,21,601,10,21,632,0.0,,0.6813460377186139,0.40912360592456876,0.740781719303381,False
rouge,control over style,Style Control,4,161,11,456,165,15,632,1.0292011019283747,0.004185221240437388,0.0024783120118002377,0.960295594667136,0.9703760456608794,False
bleu,control over style,Style Control,7,142,8,475,149,15,632,2.8364093959731544,0.1516336183203128,3.9119810144999123,0.04794305239067358,0.4340982317947622,False
accuracy,control over style,Style Control,1,126,14,491,127,15,632,0.2840269966254218,-0.17109114856511026,2.183558415936252,0.13949161671185836,0.6716266264226144,False
exact match,control over style,Style Control,0,37,15,580,37,15,632,0.0,,1.8323462100192418,0.17585067405813928,0.7391804680515781,False
moverscore,control over style,Style Control,0,19,15,598,19,15,632,0.0,,0.9269489695396003,0.33565699039948593,0.740781719303381,False
meteor,control over style,Style Control,2,58,13,559,60,15,632,1.4666666666666666,0.059009211806035855,0.2377312911972964,0.6258495190031939,0.7539882696414163,False
unieval,control over style,Style Control,1,20,14,597,21,15,632,2.078231292517007,0.10797467792721263,0.41981573939334305,0.5170290010377616,0.740781719303381,False
g eval,control over style,Style Control,0,23,15,594,23,15,632,0.0,,1.1258000345467847,0.28867297540904513,0.740781719303381,False
bertscore,control over style,Style Control,4,129,11,488,133,15,632,1.36431989063568,0.04677135429519213,0.2760483308171173,0.5993030562930409,0.7501053574024433,False
bartscore,control over style,Style Control,0,34,15,583,34,15,632,0.0,,1.6795362620977263,0.19498608376396032,0.740781719303381,False
questeval,control over style,Style Control,0,10,15,607,10,15,632,0.0,,0.4842956810708443,0.4864829656305162,0.740781719303381,False
ndcg,control over style,Style Control,0,10,15,607,10,15,632,0.0,,0.4842956810708443,0.4864829656305162,0.740781719303381,False
recall,control over style,Style Control,1,56,14,561,57,15,632,0.7205513784461153,-0.04686265437645693,0.11277180725037983,0.7370102735905373,0.8125327247722077,False
f1,control over style,Style Control,0,93,15,524,93,15,632,0.0,,4.837718430932593,0.02784371023859976,0.3182884126649935,False
win rate,control over style,Style Control,2,20,13,597,22,15,632,4.265734265734266,0.2333224578884275,2.680113326537982,0.10160849723693001,0.6102152194048444,False
precision,control over style,Style Control,1,35,14,582,36,15,632,1.1825396825396823,0.024394937635513567,0.025644651455738188,0.87277120585789,0.9097110678556604,False
spearman correlation,control over style,Style Control,0,21,15,596,21,15,632,0.0,,1.0262097365866762,0.31105055704834117,0.740781719303381,False
pearson correlation,control over style,Style Control,0,15,15,602,15,15,632,0.0,,0.7294073549511825,0.3930753552803601,0.740781719303381,False
bleurt,control over style,Style Control,3,29,12,588,32,15,632,4.6875,0.25675596830420794,4.307110825676308,0.03795336775054269,0.3793262820532382,False
qafacteval,control over style,Style Control,0,10,15,607,10,15,632,0.0,,0.4842956810708443,0.4864829656305162,0.740781719303381,False
cider,control over style,Style Control,0,16,15,601,16,15,632,0.0,,0.7786709404024335,0.3775479218749831,0.740781719303381,False
mrr,control over style,Style Control,0,13,15,604,13,15,632,0.0,,0.6311222241056955,0.42694397334407685,0.740781719303381,False
distinct,control over style,Style Control,0,16,15,601,16,15,632,0.0,,0.7786709404024335,0.3775479218749831,0.740781719303381,False
attack success rate asr,control over style,Style Control,0,14,15,603,14,15,632,0.0,,0.6802245376591965,0.4095094161182955,0.740781719303381,False
perplexity,control over style,Style Control,1,28,14,589,29,15,632,1.4852216748768474,0.05792367339982738,0.13411741771957164,0.7142005839752383,0.796507846396775,False
alignscore,control over style,Style Control,0,11,15,606,11,15,632,0.0,,0.5331580570077463,0.46528216451692594,0.740781719303381,False
chair,control over style,Style Control,0,10,15,607,10,15,632,0.0,,0.4842956810708443,0.4864829656305162,0.740781719303381,False
chrf,control over style,Style Control,0,13,15,604,13,15,632,0.0,,0.6311222241056955,0.42694397334407685,0.740781719303381,False
comet,control over style,Style Control,0,27,15,590,27,15,632,0.0,,1.3259780267839443,0.2495219932908762,0.740781719303381,False
cosine similarity,control over style,Style Control,0,13,15,604,13,15,632,0.0,,0.6311222241056955,0.42694397334407685,0.740781719303381,False
auroc,control over style,Style Control,0,10,15,607,10,15,632,0.0,,0.4842956810708443,0.4864829656305162,0.740781719303381,False
rouge,clarity,Clarity,7,158,16,451,165,23,632,1.2382575757575758,0.03405741954942603,0.22442901467547793,0.6356857566931033,0.7539882696414163,False
bleu,clarity,Clarity,5,144,18,465,149,23,632,0.9004474272930648,-0.01676082828811497,0.04550348083268663,0.8310809242059394,0.8791480684630788,False
accuracy,clarity,Clarity,6,121,17,488,127,23,632,1.4034275127373783,0.05603613495745913,0.5007921453676225,0.47915226704451164,0.740781719303381,False
exact match,clarity,Clarity,0,37,23,572,37,23,632,0.0,,2.8284776701624974,0.09260610454238734,0.5901891534740096,False
moverscore,clarity,Clarity,0,19,23,590,19,23,632,0.0,,1.4307262149009452,0.23164595640097194,0.740781719303381,False
meteor,clarity,Clarity,3,57,20,552,60,23,632,1.43,0.059373168604374936,0.31830889031172394,0.5726257166467975,0.7412119148952531,False
unieval,clarity,Clarity,1,20,22,589,21,23,632,1.3225108225108224,0.04169287516984229,0.07158693765387608,0.7890400610055843,0.8494139326540397,False
g eval,clarity,Clarity,0,23,23,586,23,23,632,0.0,,1.7376874445774517,0.18743210974740646,0.740781719303381,False
bertscore,clarity,Clarity,6,127,17,482,133,23,632,1.3241928350287482,0.04612401257578275,0.3470717651390314,0.5557754317287189,0.740781719303381,False
bartscore,clarity,Clarity,0,34,23,575,34,23,632,0.0,,2.592549322970642,0.10736739784294455,0.6131803250382504,False
questeval,clarity,Clarity,0,10,23,599,10,23,632,0.0,,0.7474633057422817,0.3872805535067151,0.740781719303381,False
ndcg,clarity,Clarity,1,9,22,600,10,23,632,2.8272727272727276,0.1567417307763246,0.8111295700057171,0.3677865036007508,0.740781719303381,False
recall,clarity,Clarity,1,56,22,553,57,23,632,0.4585326953748006,-0.11314445713382726,0.7666257419454796,0.3812629344289141,0.740781719303381,False
f1,clarity,Clarity,2,91,21,518,93,23,632,0.5519713261648747,-0.09139692412453794,0.7852313053425144,0.3755459803862756,0.740781719303381,False
win rate,clarity,Clarity,0,22,23,587,22,23,632,0.0,,1.660754864982882,0.1975014343275562,0.740781719303381,False
precision,clarity,Clarity,1,35,22,574,36,23,632,0.7525252525252525,-0.04188686512185679,0.08735071438261266,0.767572584422543,0.8371438621996607,False
spearman correlation,clarity,Clarity,0,21,23,588,21,23,632,0.0,,1.5839507520689948,0.20819253613288516,0.740781719303381,False
pearson correlation,clarity,Clarity,1,14,22,595,15,23,632,1.8696969696969696,0.09386809729826052,0.3264744422099126,0.567742476023358,0.740781719303381,False
bleurt,clarity,Clarity,4,28,19,581,32,23,632,3.9473684210526314,0.24373935274062022,4.868994288690274,0.02734343146770281,0.31652617819258505,False
qafacteval,clarity,Clarity,0,10,23,599,10,23,632,0.0,,0.7474633057422817,0.3872805535067151,0.740781719303381,False
cider,clarity,Clarity,1,15,22,594,16,23,632,1.75,0.08386040183427139,0.26571739691738283,0.6062191553804923,0.7501053574024433,False
mrr,clarity,Clarity,1,12,22,597,13,23,632,2.164335664335664,0.11605809543507996,0.47846025414720517,0.48912058720887575,0.740781719303381,False
distinct,clarity,Clarity,0,16,23,593,16,23,632,0.0,,1.2018422689793329,0.27295377877061616,0.740781719303381,False
attack success rate asr,clarity,Clarity,0,14,23,595,14,23,632,0.0,,1.0498833125668188,0.30553396255203025,0.740781719303381,False
perplexity,clarity,Clarity,0,29,23,580,29,23,632,0.0,,2.202004984927002,0.1378313595023195,0.6716266264226144,False
alignscore,clarity,Clarity,1,10,22,599,11,23,632,2.566115702479339,0.14196241390808523,0.6828747852428729,0.40859855647302035,0.740781719303381,False
chair,clarity,Clarity,0,10,23,599,10,23,632,0.0,,0.7474633057422817,0.3872805535067151,0.740781719303381,False
chrf,clarity,Clarity,1,12,22,597,13,23,632,2.164335664335664,0.11605809543507996,0.47846025414720517,0.48912058720887575,0.740781719303381,False
comet,clarity,Clarity,0,27,23,582,27,23,632,0.0,,2.046711073048633,0.15253539522621085,0.7027386344300746,False
cosine similarity,clarity,Clarity,0,13,23,596,13,23,632,0.0,,0.9740916893400119,0.32366183903862705,0.740781719303381,False
auroc,clarity,Clarity,0,10,23,599,10,23,632,0.0,,0.7474633057422817,0.3872805535067151,0.740781719303381,False
rouge,usefulness for task/information need,Task Helpfulness,10,155,31,436,165,41,632,0.9130009775171065,-0.016410530564548005,0.06795009120912265,0.7943451651603193,0.8535186427383837,False
bleu,usefulness for task/information need,Task Helpfulness,11,138,30,453,149,41,632,1.1885906040268457,0.03190977089160302,0.2504872500452944,0.616732198527795,0.7510007930142059,False
accuracy,usefulness for task/information need,Task Helpfulness,6,121,35,470,127,41,632,0.6816647919010123,-0.06809135559891327,0.8747416205357839,0.34964596356330924,0.740781719303381,False
exact match,usefulness for task/information need,Task Helpfulness,2,35,39,556,37,41,632,0.8246708246708246,-0.03169937044974545,0.07985865415323079,0.7774890496815834,0.8446578663301775,False
moverscore,usefulness for task/information need,Task Helpfulness,0,19,41,572,19,41,632,0.0,,2.589256308313309,0.10759084296540378,0.6131803250382504,False
meteor,usefulness for task/information need,Task Helpfulness,1,59,40,532,60,41,632,0.2383333333333333,-0.21073818323090357,3.4488459222250496,0.06329595117003826,0.4980044328651322,False
unieval,usefulness for task/information need,Task Helpfulness,1,20,40,571,21,41,632,0.7273809523809522,-0.04794703264123493,0.11645036423140775,0.7329167068926915,0.8098654991173724,False
g eval,usefulness for task/information need,Task Helpfulness,0,23,41,568,23,41,632,0.0,,3.144943224193085,0.07616265143356789,0.5441464432499831,False
bertscore,usefulness for task/information need,Task Helpfulness,7,126,34,465,133,41,632,0.7724458204334365,-0.046440731866984095,0.43608599955150584,0.5090176516830196,0.740781719303381,False
bartscore,usefulness for task/information need,Task Helpfulness,0,34,41,557,34,41,632,0.0,,4.692797181658572,0.030289301006361662,0.33372970807611735,False
questeval,usefulness for task/information need,Task Helpfulness,0,10,41,581,10,41,632,0.0,,1.3525657220014478,0.24483007420786138,0.740781719303381,False
ndcg,usefulness for task/information need,Task Helpfulness,0,10,41,581,10,41,632,0.0,,1.3525657220014478,0.24483007420786138,0.740781719303381,False
recall,usefulness for task/information need,Task Helpfulness,1,56,40,535,57,41,632,0.25219298245614036,-0.2027843649449045,3.118525577953462,0.07740679465923361,0.5473574189432762,False
f1,usefulness for task/information need,Task Helpfulness,6,87,35,504,93,41,632,0.9935483870967743,-0.001185858365922139,0.0002297882947143448,0.9879055150005469,0.9917009807552142,False
win rate,usefulness for task/information need,Task Helpfulness,2,20,39,571,22,41,632,1.421911421911422,0.0586235522931632,0.22912195560069226,0.6321756507831278,0.7539882696414163,False
precision,usefulness for task/information need,Task Helpfulness,1,35,40,556,36,41,632,0.41388888888888886,-0.13152677293293405,1.0755772871511429,0.2996890581402973,0.740781719303381,False
spearman correlation,usefulness for task/information need,Task Helpfulness,1,20,40,571,21,41,632,0.7273809523809522,-0.04794703264123493,0.11645036423140775,0.7329167068926915,0.8098654991173724,False
pearson correlation,usefulness for task/information need,Task Helpfulness,0,15,41,576,15,41,632,0.0,,2.037311250037786,0.1534807279144837,0.705317214461283,False
bleurt,usefulness for task/information need,Task Helpfulness,1,31,40,560,32,41,632,0.46875,-0.11326269233584926,0.760828903200633,0.38306924395525443,0.740781719303381,False
qafacteval,usefulness for task/information need,Task Helpfulness,0,10,41,581,10,41,632,0.0,,1.3525657220014478,0.24483007420786138,0.740781719303381,False
cider,usefulness for task/information need,Task Helpfulness,0,16,41,575,16,41,632,0.0,,2.17494947127622,0.14027412317847934,0.6716266264226144,False
mrr,usefulness for task/information need,Task Helpfulness,1,12,40,579,13,41,632,1.1903846153846154,0.026418187624002734,0.030126233892055432,0.8622041147869899,0.901380495634778,False
distinct,usefulness for task/information need,Task Helpfulness,3,13,38,578,16,41,632,3.0394736842105265,0.19837120077090067,2.817951323379308,0.09321530975126727,0.5901891534740096,False
attack success rate asr,usefulness for task/information need,Task Helpfulness,1,13,40,578,14,41,632,1.1035714285714286,0.01492660083682914,0.009845319316525242,0.9209607511533896,0.943662304683221,False
perplexity,usefulness for task/information need,Task Helpfulness,3,26,38,565,29,41,632,1.6415607985480942,0.08721675100647532,0.6437728094747919,0.42234790114666665,0.740781719303381,False
alignscore,usefulness for task/information need,Task Helpfulness,1,10,40,581,11,41,632,1.4113636363636366,0.05232250609700801,0.11229004583856406,0.7375518635664726,0.8126399749777582,False
chair,usefulness for task/information need,Task Helpfulness,0,10,41,581,10,41,632,0.0,,1.3525657220014478,0.24483007420786138,0.740781719303381,False
chrf,usefulness for task/information need,Task Helpfulness,0,13,41,578,13,41,632,0.0,,1.7627262293581518,0.18428483328145187,0.740781719303381,False
comet,usefulness for task/information need,Task Helpfulness,0,27,41,564,27,41,632,0.0,,3.70442310011193,0.05426842857570857,0.46599509795761024,False
cosine similarity,usefulness for task/information need,Task Helpfulness,0,13,41,578,13,41,632,0.0,,1.7627262293581518,0.18428483328145187,0.740781719303381,False
auroc,usefulness for task/information need,Task Helpfulness,0,10,41,581,10,41,632,0.0,,1.3525657220014478,0.24483007420786138,0.740781719303381,False
rouge,coverage of topics (given in input),Coverage,12,153,9,458,165,21,632,3.7737373737373736,0.1976113880479446,9.35821324125561,0.0022198844547878112,0.0644218018751065,False
bleu,coverage of topics (given in input),Coverage,5,144,16,467,149,21,632,1.013003355704698,0.0020371240313761156,0.0006562860747901245,0.9795619642397995,0.9844059519750512,False
accuracy,coverage of topics (given in input),Coverage,2,125,19,486,127,21,632,0.41856610029009533,-0.12972661418237724,1.7847208683786917,0.18157069789858749,0.7397630894699759,False
exact match,coverage of topics (given in input),Coverage,0,37,21,574,37,21,632,0.0,,2.578184469501078,0.10834586659441363,0.6131803250382504,False
moverscore,coverage of topics (given in input),Coverage,3,16,18,595,19,21,632,5.3771929824561395,0.2913008495072414,5.229643770677563,0.02220507972351368,0.286007681790891,False
meteor,coverage of topics (given in input),Coverage,3,57,18,554,60,21,632,1.5888888888888888,0.07637635860972448,0.5127885698133203,0.47393419086660427,0.740781719303381,False
unieval,coverage of topics (given in input),Coverage,4,17,17,594,21,21,632,6.84593837535014,0.3449098473072754,8.520834905085355,0.003511033759784903,0.09306783690792156,False
g eval,coverage of topics (given in input),Coverage,4,19,17,592,23,21,632,6.230179028132992,0.3269404506614343,7.830529204017185,0.00513710570683143,0.12045854279223955,False
bertscore,coverage of topics (given in input),Coverage,9,124,12,487,133,21,632,2.81390977443609,0.1672856248511694,5.250902182007987,0.021935395124448875,0.284537855905085,False
bartscore,coverage of topics (given in input),Coverage,4,30,17,581,34,21,632,4.13840830449827,0.2497337402417566,5.08254125922065,0.024167922193314192,0.2927359582223289,False
questeval,coverage of topics (given in input),Coverage,0,10,21,601,10,21,632,0.0,,0.6813460377186139,0.40912360592456876,0.740781719303381,False
ndcg,coverage of topics (given in input),Coverage,1,9,20,602,10,21,632,3.1100000000000003,0.17084831140527673,0.9378879681665586,0.33282159472433065,0.740781719303381,False
recall,coverage of topics (given in input),Coverage,1,56,20,555,57,21,632,0.5043859649122807,-0.09903787650487515,0.5676628225015363,0.45118914596383997,0.740781719303381,False
f1,coverage of topics (given in input),Coverage,2,91,19,520,93,21,632,0.6100735710243351,-0.07559152929796277,0.5205406982732521,0.47061112661066573,0.740781719303381,False
win rate,coverage of topics (given in input),Coverage,0,22,21,589,22,21,632,0.0,,1.5138266913319087,0.21855609453074235,0.740781719303381,False
precision,coverage of topics (given in input),Coverage,1,35,20,576,36,21,632,0.8277777777777777,-0.02778028449290469,0.03720936690300519,0.8470394025436712,0.8922643499816203,False
spearman correlation,coverage of topics (given in input),Coverage,0,21,21,590,21,21,632,0.0,,1.4438195279716801,0.2295222565014496,0.740781719303381,False
pearson correlation,coverage of topics (given in input),Coverage,0,15,21,596,15,21,632,0.0,,1.0262097365866762,0.31105055704834117,0.740781719303381,False
bleurt,coverage of topics (given in input),Coverage,4,28,17,583,32,21,632,4.411764705882353,0.2617087493864614,5.484404112352356,0.019186858923053836,0.254295398335257,False
qafacteval,coverage of topics (given in input),Coverage,0,10,21,601,10,21,632,0.0,,0.6813460377186139,0.40912360592456876,0.740781719303381,False
cider,coverage of topics (given in input),Coverage,1,15,20,596,16,21,632,1.9250000000000003,0.09796698246322351,0.35234164170793336,0.5527905672969642,0.740781719303381,False
mrr,coverage of topics (given in input),Coverage,1,12,20,599,13,21,632,2.3807692307692307,0.1301646760640321,0.5852019114045925,0.44428053075968166,0.740781719303381,False
distinct,coverage of topics (given in input),Coverage,0,16,21,595,16,21,632,0.0,,1.095523619941207,0.2952505856529806,0.740781719303381,False
attack success rate asr,coverage of topics (given in input),Coverage,0,14,21,597,14,21,632,0.0,,0.9570100669994955,0.3279413406352294,0.740781719303381,False
perplexity,coverage of topics (given in input),Coverage,0,29,21,582,29,21,632,0.0,,2.0071720003463493,0.1565569166562423,0.7109267813487051,False
alignscore,coverage of topics (given in input),Coverage,1,10,20,601,11,21,632,2.822727272727273,0.15606899453703735,0.8029720599698709,0.3702062553822263,0.740781719303381,False
chair,coverage of topics (given in input),Coverage,0,10,21,601,10,21,632,0.0,,0.6813460377186139,0.40912360592456876,0.740781719303381,False
chrf,coverage of topics (given in input),Coverage,1,12,20,599,13,21,632,2.3807692307692307,0.1301646760640321,0.5852019114045925,0.44428053075968166,0.740781719303381,False
comet,coverage of topics (given in input),Coverage,1,26,20,585,27,21,632,1.1203703703703702,0.016829268388074636,0.012314908551572384,0.9116381081180358,0.9362078044625983,False
cosine similarity,coverage of topics (given in input),Coverage,0,13,21,598,13,21,632,0.0,,0.8879242353639106,0.34604044095066055,0.740781719303381,False
auroc,coverage of topics (given in input),Coverage,0,10,21,601,10,21,632,0.0,,0.6813460377186139,0.40912360592456876,0.740781719303381,False
rouge,complexity/non-complexity (outputs as a whole),Complexity,3,162,11,456,165,14,632,0.7719008264462809,-0.036914185341658017,0.16934713073847485,0.680692686140805,0.7784091454845232,False
bleu,complexity/non-complexity (outputs as a whole),Complexity,4,145,10,473,149,14,632,1.2966442953020134,0.037960792528792156,0.18984851873781938,0.6630427239489722,0.7660803171842515,False
accuracy,complexity/non-complexity (outputs as a whole),Complexity,3,124,11,494,127,14,632,1.0844667143879743,0.012010081996559997,0.015611011388552254,0.9005678581705956,0.9300613283986557,False
exact match,complexity/non-complexity (outputs as a whole),Complexity,0,37,14,581,37,14,632,0.0,,1.7087676465434611,0.19114534015151857,0.740781719303381,False
moverscore,complexity/non-complexity (outputs as a whole),Complexity,1,18,13,600,19,14,632,2.481781376518218,0.13419257681029645,0.6164157262123873,0.4323823513898394,0.740781719303381,False
meteor,complexity/non-complexity (outputs as a whole),Complexity,2,58,12,560,60,14,632,1.5888888888888888,0.07099600150695193,0.33743726678877195,0.5613122285177439,0.740781719303381,False
unieval,complexity/non-complexity (outputs as a whole),Complexity,1,20,13,598,21,14,632,2.238095238095238,0.11867308927685849,0.4969450237368107,0.4808455366426423,0.740781719303381,False
g eval,complexity/non-complexity (outputs as a whole),Complexity,2,21,12,597,23,14,632,4.413043478260869,0.2375862188432156,2.7647956436018064,0.0963589915469439,0.5991157816520808,False
bertscore,complexity/non-complexity (outputs as a whole),Complexity,4,129,10,489,133,14,632,1.500751879699248,0.060399319999907025,0.4532756682688852,0.5007834825488352,0.740781719303381,False
bartscore,complexity/non-complexity (outputs as a whole),Complexity,1,33,13,585,34,14,632,1.3529411764705883,0.04395664471664251,0.07984176789998859,0.7775119565687925,0.8446578663301775,False
questeval,complexity/non-complexity (outputs as a whole),Complexity,1,9,13,609,10,14,632,4.784615384615385,0.23372194488334083,1.5670540839810871,0.21063534839176917,0.740781719303381,False
ndcg,complexity/non-complexity (outputs as a whole),Complexity,0,10,14,608,10,14,632,0.0,,0.45164188724177584,0.5015562778492398,0.740781719303381,False
recall,complexity/non-complexity (outputs as a whole),Complexity,0,57,14,561,57,14,632,0.0,,2.6777698634342673,0.10175814210961046,0.6102152194048444,False
f1,complexity/non-complexity (outputs as a whole),Complexity,1,92,13,526,93,14,632,0.44582299421009103,-0.11207626374824406,0.7806216593844053,0.3769510816737006,0.740781719303381,False
win rate,complexity/non-complexity (outputs as a whole),Complexity,2,20,12,598,22,14,632,4.621212121212121,0.24530924758934355,2.911240847020444,0.08796417258540348,0.5829219987634165,False
precision,complexity/non-complexity (outputs as a whole),Complexity,0,36,14,582,36,14,632,0.0,,1.6611868014186097,0.1974431604828919,0.740781719303381,False
spearman correlation,complexity/non-complexity (outputs as a whole),Complexity,2,19,12,599,21,14,632,4.849206349206349,0.2533916136697908,3.0668531304064395,0.07990400812348536,0.5473574189432762,False
pearson correlation,complexity/non-complexity (outputs as a whole),Complexity,1,14,13,604,15,14,632,3.164102564102564,0.1708483114052767,0.932893650863514,0.334112138839878,0.740781719303381,False
bleurt,complexity/non-complexity (outputs as a whole),Complexity,1,31,13,587,32,14,632,1.4423076923076923,0.05335742958224419,0.11519996640085572,0.7342999783279947,0.8105218227893194,False
qafacteval,complexity/non-complexity (outputs as a whole),Complexity,0,10,14,608,10,14,632,0.0,,0.45164188724177584,0.5015562778492398,0.740781719303381,False
cider,complexity/non-complexity (outputs as a whole),Complexity,0,16,14,602,16,14,632,0.0,,0.726165862446029,0.3941288118861571,0.740781719303381,False
mrr,complexity/non-complexity (outputs as a whole),Complexity,0,13,14,605,13,14,632,0.0,,0.5885674177100738,0.44297362467434287,0.740781719303381,False
distinct,complexity/non-complexity (outputs as a whole),Complexity,0,16,14,602,16,14,632,0.0,,0.726165862446029,0.3941288118861571,0.740781719303381,False
attack success rate asr,complexity/non-complexity (outputs as a whole),Complexity,0,14,14,604,14,14,632,0.0,,0.6343584714726422,0.42576109047322197,0.740781719303381,False
perplexity,complexity/non-complexity (outputs as a whole),Complexity,1,28,13,590,29,14,632,1.5994694960212201,0.06862208474947322,0.1842875680279058,0.6677141731432816,0.7700815443748364,False
alignscore,complexity/non-complexity (outputs as a whole),Complexity,0,11,14,607,11,14,632,0.0,,0.49720936877219224,0.480728874387336,0.740781719303381,False
chair,complexity/non-complexity (outputs as a whole),Complexity,0,10,14,608,10,14,632,0.0,,0.45164188724177584,0.5015562778492398,0.740781719303381,False
chrf,complexity/non-complexity (outputs as a whole),Complexity,0,13,14,605,13,14,632,0.0,,0.5885674177100738,0.44297362467434287,0.740781719303381,False
comet,complexity/non-complexity (outputs as a whole),Complexity,0,27,14,591,27,14,632,0.0,,1.2365591406118457,0.2661352232653304,0.740781719303381,False
cosine similarity,complexity/non-complexity (outputs as a whole),Complexity,1,12,13,606,13,14,632,3.662721893491124,0.19303830954209616,1.1448306820859315,0.28463388926491984,0.740781719303381,False
auroc,complexity/non-complexity (outputs as a whole),Complexity,0,10,14,608,10,14,632,0.0,,0.45164188724177584,0.5015562778492398,0.740781719303381,False
rouge,diversity/non-diversity (outputs as a whole),Diversity,3,162,9,458,165,12,632,0.9434343434343434,-0.008102466473974286,0.007850176190474123,0.9293988384582332,0.9477366991772787,False
bleu,diversity/non-diversity (outputs as a whole),Diversity,4,145,8,475,149,12,632,1.6208053691275166,0.06840973794544543,0.5974639287658365,0.43954729138584303,0.740781719303381,False
accuracy,diversity/non-diversity (outputs as a whole),Diversity,1,126,11,494,127,12,632,0.36148890479599144,-0.13648929114812006,1.2805758445940212,0.25779199419509363,0.740781719303381,False
exact match,diversity/non-diversity (outputs as a whole),Diversity,1,36,11,584,37,12,632,1.461916461916462,0.05474816051816326,0.12169121698690155,0.7272074179838248,0.806098404540858,False
moverscore,diversity/non-diversity (outputs as a whole),Diversity,0,19,12,601,19,12,632,0.0,,0.7397412866218716,0.38974376583367065,0.740781719303381,False
meteor,diversity/non-diversity (outputs as a whole),Diversity,2,58,10,562,60,12,632,1.9066666666666665,0.09777806958904443,0.6136873190588612,0.43340283765865373,0.740781719303381,False
unieval,diversity/non-diversity (outputs as a whole),Diversity,0,21,12,599,21,12,632,0.0,,0.8189518677165762,0.36548679337500267,0.740781719303381,False
g eval,diversity/non-diversity (outputs as a whole),Diversity,0,23,12,597,23,12,632,0.0,,0.8984247532099454,0.3432044441194596,0.740781719303381,False
bertscore,diversity/non-diversity (outputs as a whole),Diversity,2,131,10,489,133,12,632,0.750375939849624,-0.040519396916772595,0.1490341384306415,0.6994600840982378,0.7867850515471567,False
bartscore,diversity/non-diversity (outputs as a whole),Diversity,1,33,11,587,34,12,632,1.5989304812834222,0.06786009078398683,0.18155797586831046,0.6700377454405361,0.7714242996350326,False
questeval,diversity/non-diversity (outputs as a whole),Diversity,0,10,12,610,10,12,632,0.0,,0.38649380973384284,0.5341481860637087,0.740781719303381,False
ndcg,diversity/non-diversity (outputs as a whole),Diversity,0,10,12,610,10,12,632,0.0,,0.38649380973384284,0.5341481860637087,0.740781719303381,False
recall,diversity/non-diversity (outputs as a whole),Diversity,1,56,11,564,57,12,632,0.9170653907496013,-0.01226079695946674,0.0071714418052118145,0.9325123256252255,0.9485901243429018,False
f1,diversity/non-diversity (outputs as a whole),Diversity,3,90,9,530,93,12,632,1.9318996415770608,0.0990594560664884,0.8864743942269206,0.34643450522958075,0.740781719303381,False
win rate,diversity/non-diversity (outputs as a whole),Diversity,0,22,12,598,22,12,632,0.0,,0.8586554138775983,0.35411523815521007,0.740781719303381,False
precision,diversity/non-diversity (outputs as a whole),Diversity,0,36,12,584,36,12,632,0.0,,1.4215142345698988,0.23315432823734064,0.740781719303381,False
spearman correlation,diversity/non-diversity (outputs as a whole),Diversity,1,20,11,600,21,12,632,2.645021645021645,0.14257653534420284,0.6864285492119577,0.4073818265753161,0.740781719303381,False
pearson correlation,diversity/non-diversity (outputs as a whole),Diversity,0,15,12,605,15,12,632,0.0,,0.5821001511671188,0.4454903041462347,0.740781719303381,False
bleurt,diversity/non-diversity (outputs as a whole),Diversity,0,32,12,588,32,12,632,0.0,,1.2593459025070914,0.26177493863202295,0.740781719303381,False
qafacteval,diversity/non-diversity (outputs as a whole),Diversity,0,10,12,610,10,12,632,0.0,,0.38649380973384284,0.5341481860637087,0.740781719303381,False
cider,diversity/non-diversity (outputs as a whole),Diversity,1,15,11,605,16,12,632,3.5,0.18474406200863192,1.0648199051648175,0.3021184449457799,0.740781719303381,False
mrr,diversity/non-diversity (outputs as a whole),Diversity,1,12,11,608,13,12,632,4.328671328671328,0.21694175560944048,1.3873830279907864,0.2388475411179621,0.740781719303381,False
distinct,diversity/non-diversity (outputs as a whole),Diversity,2,14,10,606,16,12,632,7.700000000000001,0.327419320175668,4.599622580573264,0.03197899545341932,0.3420443431830639,False
attack success rate asr,diversity/non-diversity (outputs as a whole),Diversity,0,14,12,606,14,12,632,0.0,,0.5428511314010157,0.46125352120941343,0.740781719303381,False
perplexity,diversity/non-diversity (outputs as a whole),Diversity,1,28,11,592,29,12,632,1.890282131661442,0.09252553081681757,0.3199887200226179,0.5716144238847518,0.7412119148952531,False
alignscore,diversity/non-diversity (outputs as a whole),Diversity,0,11,12,609,11,12,632,0.0,,0.4254877423716362,0.5142113915302742,0.740781719303381,False
chair,diversity/non-diversity (outputs as a whole),Diversity,0,10,12,610,10,12,632,0.0,,0.38649380973384284,0.5341481860637087,0.740781719303381,False
chrf,diversity/non-diversity (outputs as a whole),Diversity,0,13,12,607,13,12,632,0.0,,0.5036661957985271,0.47789364180878724,0.740781719303381,False
comet,diversity/non-diversity (outputs as a whole),Diversity,0,27,12,593,27,12,632,0.0,,1.0581644270819124,0.30363421018429354,0.740781719303381,False
cosine similarity,diversity/non-diversity (outputs as a whole),Diversity,0,13,12,607,13,12,632,0.0,,0.5036661957985271,0.47789364180878724,0.740781719303381,False
auroc,diversity/non-diversity (outputs as a whole),Diversity,0,10,12,610,10,12,632,0.0,,0.38649380973384284,0.5341481860637087,0.740781719303381,False
rouge,effect on user stance,User-Stance Effect,3,162,10,457,165,13,632,0.8490909090909091,-0.023062945360492464,0.06485775864118704,0.7989765486220481,0.8555785172305188,False
bleu,effect on user stance,User-Stance Effect,2,147,11,472,149,13,632,0.5893837705918243,-0.07416230137836205,0.5427243534825461,0.46130585398960433,0.740781719303381,False
accuracy,effect on user stance,User-Stance Effect,1,126,12,493,127,13,632,0.33136482939632544,-0.1489011504282908,1.5684955482790754,0.21042563113353005,0.740781719303381,False
exact match,effect on user stance,User-Stance Effect,0,37,13,582,37,13,632,0.0,,1.5853951781920712,0.20798527004698808,0.740781719303381,False
moverscore,effect on user stance,User-Stance Effect,0,19,13,600,19,13,632,0.0,,0.802041419678378,0.37048371863941143,0.740781719303381,False
meteor,effect on user stance,User-Stance Effect,1,59,12,560,60,13,632,0.7944444444444444,-0.03262647452563652,0.05320547144214899,0.817576532766451,0.8673709271634796,False
unieval,effect on user stance,User-Stance Effect,0,21,13,598,21,13,632,0.0,,0.8879242353639106,0.34604044095066055,0.740781719303381,False
g eval,effect on user stance,User-Stance Effect,0,23,13,596,23,13,632,0.0,,0.9740916893400119,0.32366183903862705,0.740781719303381,False
bertscore,effect on user stance,User-Stance Effect,3,130,10,489,133,13,632,1.125563909774436,0.017233349845984507,0.032279073861501195,0.8574165300126042,0.8971480740234857,False
bartscore,effect on user stance,User-Stance Effect,0,34,13,585,34,13,632,0.0,,1.4531861544144464,0.22801739439241997,0.740781719303381,False
questeval,effect on user stance,User-Stance Effect,0,10,13,609,10,13,632,0.0,,0.41904132121322346,0.5174157943310526,0.740781719303381,False
ndcg,effect on user stance,User-Stance Effect,0,10,13,609,10,13,632,0.0,,0.41904132121322346,0.5174157943310526,0.740781719303381,False
recall,effect on user stance,User-Stance Effect,1,56,12,563,57,13,632,0.8406432748538011,-0.024672656239637474,0.029802116546221502,0.8629399933605775,0.901380495634778,False
f1,effect on user stance,User-Stance Effect,1,92,12,527,93,13,632,0.48297491039426527,-0.10058467696107048,0.6125280922245662,0.4338375235376769,0.740781719303381,False
win rate,effect on user stance,User-Stance Effect,0,22,13,597,22,13,632,0.0,,0.9309722646892532,0.33461041009229964,0.740781719303381,False
precision,effect on user stance,User-Stance Effect,0,36,13,583,36,13,632,0.0,,1.5412507608749308,0.21443172789965181,0.740781719303381,False
spearman correlation,effect on user stance,User-Stance Effect,0,21,13,598,21,13,632,0.0,,0.8879242353639106,0.34604044095066055,0.740781719303381,False
pearson correlation,effect on user stance,User-Stance Effect,1,14,12,605,15,13,632,3.4277777777777776,0.18233989819245033,1.0411008332403355,0.30756558538405626,0.740781719303381,False
bleurt,effect on user stance,User-Stance Effect,0,32,13,587,32,13,632,0.0,,1.3654188369072655,0.24260055304803124,0.740781719303381,False
qafacteval,effect on user stance,User-Stance Effect,0,10,13,609,10,13,632,0.0,,0.41904132121322346,0.5174157943310526,0.740781719303381,False
cider,effect on user stance,User-Stance Effect,0,16,13,603,16,13,632,0.0,,0.6737467977872003,0.4117483447792907,0.740781719303381,False
mrr,effect on user stance,User-Stance Effect,0,13,13,606,13,13,632,0.0,,0.5460821505769926,0.4599229588509761,0.740781719303381,False
distinct,effect on user stance,User-Stance Effect,0,16,13,603,16,13,632,0.0,,0.6737467977872003,0.4117483447792907,0.740781719303381,False
attack success rate asr,effect on user stance,User-Stance Effect,0,14,13,605,14,13,632,0.0,,0.5885674177100738,0.44297362467434287,0.740781719303381,False
perplexity,effect on user stance,User-Stance Effect,0,29,13,590,29,13,632,0.0,,1.2343209068349192,0.2665683673514197,0.740781719303381,False
alignscore,effect on user stance,User-Stance Effect,0,11,13,608,11,13,632,0.0,,0.46131932757619304,0.4970080283785083,0.740781719303381,False
chair,effect on user stance,User-Stance Effect,0,10,13,609,10,13,632,0.0,,0.41904132121322346,0.5174157943310526,0.740781719303381,False
chrf,effect on user stance,User-Stance Effect,0,13,13,606,13,13,632,0.0,,0.5460821505769926,0.4599229588509761,0.740781719303381,False
comet,effect on user stance,User-Stance Effect,0,27,13,592,27,13,632,0.0,,1.147288103442283,0.28411756488292017,0.740781719303381,False
cosine similarity,effect on user stance,User-Stance Effect,1,12,12,607,13,13,632,3.967948717948718,0.20452989632926974,1.259643982622785,0.2617184905736799,0.740781719303381,False
auroc,effect on user stance,User-Stance Effect,0,10,13,609,10,13,632,0.0,,0.41904132121322346,0.5174157943310526,0.740781719303381,False
rouge,user satisfaction as affected by outputs,User Satisfaction,5,160,10,457,165,15,632,1.4151515151515153,0.05048746381722053,0.3951007557209829,0.5296303397033886,0.740781719303381,False
bleu,user satisfaction as affected by outputs,User Satisfaction,4,145,11,472,149,15,632,1.1787675411836487,0.02433282682407724,0.0792246544350117,0.778350897288616,0.8446578663301775,False
accuracy,user satisfaction as affected by outputs,User Satisfaction,0,127,15,490,127,15,632,0.0,,6.821088416844733,0.009008764779119131,0.15692410267627516,False
exact match,user satisfaction as affected by outputs,User Satisfaction,0,37,15,580,37,15,632,0.0,,1.8323462100192418,0.17585067405813928,0.7391804680515781,False
moverscore,user satisfaction as affected by outputs,User Satisfaction,1,18,14,599,19,15,632,2.3045112781954886,0.12349416546065059,0.5326030589906741,0.46551453076089166,0.740781719303381,False
meteor,user satisfaction as affected by outputs,User Satisfaction,2,58,13,559,60,15,632,1.4666666666666666,0.059009211806035855,0.2377312911972964,0.6258495190031939,0.7539882696414163,False
unieval,user satisfaction as affected by outputs,User Satisfaction,1,20,14,597,21,15,632,2.078231292517007,0.10797467792721263,0.41981573939334305,0.5170290010377616,0.740781719303381,False
g eval,user satisfaction as affected by outputs,User Satisfaction,3,20,12,597,23,15,632,6.619565217391304,0.31848018937911365,6.046686325764693,0.013932419754272668,0.21059831182284885,False
bertscore,user satisfaction as affected by outputs,User Satisfaction,5,128,10,489,133,15,632,1.87593984962406,0.09503721217062773,1.2489042563796162,0.26376186159930176,0.740781719303381,False
bartscore,user satisfaction as affected by outputs,User Satisfaction,4,30,11,587,34,15,632,6.395721925133689,0.3161961442907001,7.534287538896204,0.006053567121599723,0.13339728030609507,False
questeval,user satisfaction as affected by outputs,User Satisfaction,0,10,15,607,10,15,632,0.0,,0.4842956810708443,0.4864829656305162,0.740781719303381,False
ndcg,user satisfaction as affected by outputs,User Satisfaction,0,10,15,607,10,15,632,0.0,,0.4842956810708443,0.4864829656305162,0.740781719303381,False
recall,user satisfaction as affected by outputs,User Satisfaction,0,57,15,560,57,15,632,0.0,,2.8714695621244295,0.090162507369455,0.5847773970877063,False
f1,user satisfaction as affected by outputs,User Satisfaction,0,93,15,524,93,15,632,0.0,,4.837718430932593,0.02784371023859976,0.3182884126649935,False
win rate,user satisfaction as affected by outputs,User Satisfaction,1,21,14,596,22,15,632,1.9805194805194806,0.10076103030641217,0.3709397328796835,0.5424924783135125,0.740781719303381,False
precision,user satisfaction as affected by outputs,User Satisfaction,0,36,15,581,36,15,632,0.0,,1.781323022403115,0.18198695080037156,0.7397630894699759,False
spearman correlation,user satisfaction as affected by outputs,User Satisfaction,2,19,13,598,21,15,632,4.476190476190476,0.24140482396887467,2.832381126759745,0.09238129566016316,0.5901891534740096,False
pearson correlation,user satisfaction as affected by outputs,User Satisfaction,2,13,13,604,15,15,632,6.328205128205128,0.29986335531639435,4.004017552494,0.04539194416689194,0.4235809483737008,False
bleurt,user satisfaction as affected by outputs,User Satisfaction,1,31,14,586,32,15,632,1.3392857142857142,0.04265901823259833,0.07523392231977372,0.7838632840946282,0.8477889946254791,False
qafacteval,user satisfaction as affected by outputs,User Satisfaction,1,9,14,608,10,15,632,4.442857142857143,0.22302353353369497,1.4534395340309783,0.22797685107223356,0.740781719303381,False
cider,user satisfaction as affected by outputs,User Satisfaction,0,16,15,601,16,15,632,0.0,,0.7786709404024335,0.3775479218749831,0.740781719303381,False
mrr,user satisfaction as affected by outputs,User Satisfaction,0,13,15,604,13,15,632,0.0,,0.6311222241056955,0.42694397334407685,0.740781719303381,False
distinct,user satisfaction as affected by outputs,User Satisfaction,0,16,15,601,16,15,632,0.0,,0.7786709404024335,0.3775479218749831,0.740781719303381,False
attack success rate asr,user satisfaction as affected by outputs,User Satisfaction,0,14,15,603,14,15,632,0.0,,0.6802245376591965,0.4095094161182955,0.740781719303381,False
perplexity,user satisfaction as affected by outputs,User Satisfaction,1,28,14,589,29,15,632,1.4852216748768474,0.05792367339982738,0.13411741771957164,0.7142005839752383,0.796507846396775,False
alignscore,user satisfaction as affected by outputs,User Satisfaction,0,11,15,606,11,15,632,0.0,,0.5331580570077463,0.46528216451692594,0.740781719303381,False
chair,user satisfaction as affected by outputs,User Satisfaction,0,10,15,607,10,15,632,0.0,,0.4842956810708443,0.4864829656305162,0.740781719303381,False
chrf,user satisfaction as affected by outputs,User Satisfaction,0,13,15,604,13,15,632,0.0,,0.6311222241056955,0.42694397334407685,0.740781719303381,False
comet,user satisfaction as affected by outputs,User Satisfaction,0,27,15,590,27,15,632,0.0,,1.3259780267839443,0.2495219932908762,0.740781719303381,False
cosine similarity,user satisfaction as affected by outputs,User Satisfaction,2,11,13,606,13,15,632,7.325443786982248,0.32472562995108384,4.536812925595984,0.033173300919324085,0.34872442954374794,False
auroc,user satisfaction as affected by outputs,User Satisfaction,0,10,15,607,10,15,632,0.0,,0.4842956810708443,0.4864829656305162,0.740781719303381,False
rouge,understandability,Understandability,10,155,9,458,165,19,632,3.144781144781145,0.16908793546073198,6.234271631058872,0.012530111870814934,0.19928325749322187,False
bleu,understandability,Understandability,9,140,10,473,149,19,632,2.9174496644295305,0.16410717129262659,5.2858750312826075,0.021499085932479137,0.28087020121788814,False
accuracy,understandability,Understandability,2,125,17,488,127,19,632,0.46780917091245944,-0.11233816021014635,1.2926808653103392,0.2555544885433152,0.740781719303381,False
exact match,understandability,Understandability,1,36,18,577,37,19,632,0.8933933933933934,-0.016509431493807222,0.012825803984579082,0.9098315111140813,0.9348774347346375,False
moverscore,understandability,Understandability,3,16,16,597,19,19,632,6.0493421052631575,0.31000706912612724,5.774394215509497,0.016261324225057504,0.23121174010111237,False
meteor,understandability,Understandability,6,54,13,559,60,19,632,4.4,0.258069957540926,7.490932871446083,0.006201042370471754,0.13403340955848278,False
unieval,understandability,Understandability,4,17,15,596,21,19,632,7.758730158730159,0.36467904826134456,9.301664805268317,0.0022894571470103457,0.0644218018751065,False
g eval,understandability,Understandability,3,20,16,593,23,19,632,4.9646739130434785,0.27429765950189183,4.749078529256013,0.02931398778613548,0.3269224613465963,False
bertscore,understandability,Understandability,8,125,11,488,133,19,632,2.72863978127136,0.1587255076283654,4.429380975194225,0.03532531756489414,0.3629775608212999,False
bartscore,understandability,Understandability,6,28,13,585,34,19,632,8.11764705882353,0.380030058882922,13.644154892473585,0.0002209280056846615,0.01144313272112977,True
questeval,understandability,Understandability,0,10,19,603,10,19,632,0.0,,0.6154466292789209,0.43274439716745106,0.740781719303381,False
ndcg,understandability,Understandability,0,10,19,603,10,19,632,0.0,,0.6154466292789209,0.43274439716745106,0.740781719303381,False
recall,understandability,Understandability,0,57,19,556,57,19,632,0.0,,3.6495790335272815,0.05608338510942347,0.4668166391393362,False
f1,understandability,Understandability,3,90,16,523,93,19,632,1.0866935483870968,0.013170011404290716,0.017675284142029346,0.8942341678965813,0.924041973493134,False
win rate,understandability,Understandability,0,22,19,591,22,19,632,0.0,,1.3673875736651098,0.24226124226213602,0.740781719303381,False
precision,understandability,Understandability,0,36,19,577,36,19,632,0.0,,2.2638831522826774,0.13242164679375187,0.656366373945182,False
spearman correlation,understandability,Understandability,4,17,15,596,21,19,632,7.758730158730159,0.36467904826134456,9.301664805268317,0.0022894571470103457,0.0644218018751065,False
pearson correlation,understandability,Understandability,3,12,16,601,15,19,632,7.7125,0.354189599003349,7.125603753106191,0.007599082134135816,0.1448738964949285,False
bleurt,understandability,Understandability,0,32,19,581,32,19,632,0.0,,2.0055759463778795,0.1567217606600721,0.7109267813487051,False
qafacteval,understandability,Understandability,0,10,19,603,10,19,632,0.0,,0.6154466292789209,0.43274439716745106,0.740781719303381,False
cider,understandability,Understandability,0,16,19,597,16,19,632,0.0,,0.98955706130306,0.31985065667539553,0.740781719303381,False
mrr,understandability,Understandability,1,12,18,601,13,19,632,2.6452991452991452,0.14568416359747002,0.7113448484714548,0.3989977160164,0.740781719303381,False
distinct,understandability,Understandability,0,16,19,597,16,19,632,0.0,,0.98955706130306,0.31985065667539553,0.740781719303381,False
attack success rate asr,understandability,Understandability,0,14,19,599,14,19,632,0.0,,0.8644438684350392,0.3524980873190976,0.740781719303381,False
perplexity,understandability,Understandability,1,28,18,585,29,19,632,1.1551724137931034,0.02126793880484708,0.019501258652218634,0.888938977236913,0.9201298185434713,False
alignscore,understandability,Understandability,0,11,19,602,11,19,632,0.0,,0.6775431342725056,0.41043402289754194,0.740781719303381,False
chair,understandability,Understandability,0,10,19,603,10,19,632,0.0,,0.6154466292789209,0.43274439716745106,0.740781719303381,False
chrf,understandability,Understandability,0,13,19,600,13,19,632,0.0,,0.802041419678378,0.37048371863941143,0.740781719303381,False
comet,understandability,Understandability,1,26,18,587,27,19,632,1.2448559670781891,0.03234875592151258,0.04401829352011327,0.8338195812467495,0.8801582691186172,False
cosine similarity,understandability,Understandability,2,11,17,602,13,19,632,5.601809954751132,0.2836555525757951,3.6745932315137853,0.05524773306235734,0.4668166391393362,False
auroc,understandability,Understandability,0,10,19,603,10,19,632,0.0,,0.6154466292789209,0.43274439716745106,0.740781719303381,False
rouge,cohesiveness,Cohesiveness,1,164,9,458,165,10,632,0.31447811447811447,-0.1488071998286649,1.6518872912483844,0.19870225521036605,0.740781719303381,False
bleu,cohesiveness,Cohesiveness,5,144,5,478,149,10,632,3.2416107382550337,0.15534733853254393,3.33777916247774,0.06770593521954353,0.5092920873510547,False
accuracy,cohesiveness,Cohesiveness,0,127,10,495,127,10,632,0.0,,4.526890208978624,0.03336619746864729,0.34872442954374794,False
exact match,cohesiveness,Cohesiveness,0,37,10,585,37,10,632,0.0,,1.2165074960613154,0.27004714785577677,0.740781719303381,False
moverscore,cohesiveness,Cohesiveness,1,18,9,604,19,10,632,3.5847953216374266,0.1863677989387147,1.0839810896579518,0.29780866313477633,0.740781719303381,False
meteor,cohesiveness,Cohesiveness,1,59,9,563,60,10,632,1.0592592592592591,0.008057160815608137,0.002985427285044237,0.9564260168725507,0.9670001021889968,False
unieval,cohesiveness,Cohesiveness,0,21,10,601,21,10,632,0.0,,0.6813460377186139,0.40912360592456876,0.740781719303381,False
g eval,cohesiveness,Cohesiveness,0,23,10,599,23,10,632,0.0,,0.7474633057422817,0.3872805535067151,0.740781719303381,False
bertscore,cohesiveness,Cohesiveness,1,132,9,490,133,10,632,0.41687552213868,-0.11537565332478059,0.8802985446382423,0.34811992349665444,0.740781719303381,False
bartscore,cohesiveness,Cohesiveness,0,34,10,588,34,10,632,0.0,,1.1150678379181407,0.29098296018677594,0.740781719303381,False
questeval,cohesiveness,Cohesiveness,0,10,10,612,10,10,632,0.0,,0.3215572616362817,0.570673287314633,0.740781719303381,False
ndcg,cohesiveness,Cohesiveness,0,10,10,612,10,10,632,0.0,,0.3215572616362817,0.570673287314633,0.740781719303381,False
recall,cohesiveness,Cohesiveness,2,55,8,567,57,10,632,2.5219298245614032,0.13836620618592635,1.151379716075874,0.28326051291059323,0.740781719303381,False
f1,cohesiveness,Cohesiveness,4,89,6,533,93,10,632,3.863799283154122,0.19752699210498348,3.8627063006099807,0.04937063278549803,0.4410122581471183,False
win rate,cohesiveness,Cohesiveness,1,21,9,601,22,10,632,3.080808080808081,0.16363466378447625,0.8723173700213713,0.3503145606002269,0.740781719303381,False
precision,cohesiveness,Cohesiveness,2,34,8,588,36,10,632,4.138888888888888,0.21820514134422367,2.4538380552721812,0.11723789516724378,0.6275541896847227,False
spearman correlation,cohesiveness,Cohesiveness,0,21,10,601,21,10,632,0.0,,0.6813460377186139,0.40912360592456876,0.740781719303381,False
pearson correlation,cohesiveness,Cohesiveness,0,15,10,607,15,10,632,0.0,,0.4842956810708443,0.4864829656305162,0.740781719303381,False
bleurt,cohesiveness,Cohesiveness,0,32,10,590,32,10,632,0.0,,1.0477261164357645,0.30603136446550616,0.740781719303381,False
qafacteval,cohesiveness,Cohesiveness,0,10,10,612,10,10,632,0.0,,0.3215572616362817,0.570673287314633,0.740781719303381,False
cider,cohesiveness,Cohesiveness,0,16,10,606,16,10,632,0.0,,0.5170028768013073,0.472122977111592,0.740781719303381,False
mrr,cohesiveness,Cohesiveness,0,13,10,609,13,10,632,0.0,,0.41904132121322346,0.5174157943310526,0.740781719303381,False
distinct,cohesiveness,Cohesiveness,0,16,10,606,16,10,632,0.0,,0.5170028768013073,0.472122977111592,0.740781719303381,False
attack success rate asr,cohesiveness,Cohesiveness,0,14,10,608,14,10,632,0.0,,0.45164188724177584,0.5015562778492398,0.740781719303381,False
perplexity,cohesiveness,Cohesiveness,1,28,9,594,29,10,632,2.310344827586207,0.12079730687789149,0.5178459466922258,0.47176198895295585,0.740781719303381,False
alignscore,cohesiveness,Cohesiveness,0,11,10,611,11,10,632,0.0,,0.35399918039741074,0.5518579746517651,0.740781719303381,False
chair,cohesiveness,Cohesiveness,0,10,10,612,10,10,632,0.0,,0.3215572616362817,0.570673287314633,0.740781719303381,False
chrf,cohesiveness,Cohesiveness,2,11,8,611,13,10,632,11.903846153846153,0.39517095099951965,6.129839595048519,0.013291892996914955,0.2060243414521818,False
comet,cohesiveness,Cohesiveness,1,26,9,596,27,10,632,2.4897119341563783,0.13187812399455698,0.6033295037216087,0.4373104819829995,0.740781719303381,False
cosine similarity,cohesiveness,Cohesiveness,1,12,9,610,13,10,632,5.2905982905982905,0.24521353167051438,1.6917358278170977,0.19337230684894408,0.740781719303381,False
auroc,cohesiveness,Cohesiveness,0,10,10,612,10,10,632,0.0,,0.3215572616362817,0.570673287314633,0.740781719303381,False
rouge,degree to which output answers question in input,Question Answering,1,164,9,458,165,10,632,0.31447811447811447,-0.1488071998286649,1.6518872912483844,0.19870225521036605,0.740781719303381,False
bleu,degree to which output answers question in input,Question Answering,2,147,8,475,149,10,632,0.8104026845637583,-0.02857925496461574,0.07482810905043003,0.7844325609615397,0.8477889946254791,False
accuracy,degree to which output answers question in input,Question Answering,1,126,9,496,127,10,632,0.44181977252843396,-0.10821751508704618,0.7558857005645492,0.38461915697399185,0.740781719303381,False
exact match,degree to which output answers question in input,Question Answering,1,36,9,586,37,10,632,1.7867867867867868,0.08301993657923715,0.2652181843862813,0.6065576440110176,0.7501053574024433,False
moverscore,degree to which output answers question in input,Question Answering,0,19,10,603,19,10,632,0.0,,0.6154466292789209,0.43274439716745106,0.740781719303381,False
meteor,degree to which output answers question in input,Question Answering,0,60,10,562,60,10,632,0.0,,2.011791976108613,0.15608086454125542,0.7109267813487051,False
unieval,degree to which output answers question in input,Question Answering,0,21,10,601,21,10,632,0.0,,0.6813460377186139,0.40912360592456876,0.740781719303381,False
g eval,degree to which output answers question in input,Question Answering,0,23,10,599,23,10,632,0.0,,0.7474633057422817,0.3872805535067151,0.740781719303381,False
bertscore,degree to which output answers question in input,Question Answering,1,132,9,490,133,10,632,0.41687552213868,-0.11537565332478059,0.8802985446382423,0.34811992349665444,0.740781719303381,False
bartscore,degree to which output answers question in input,Question Answering,0,34,10,588,34,10,632,0.0,,1.1150678379181407,0.29098296018677594,0.740781719303381,False
questeval,degree to which output answers question in input,Question Answering,0,10,10,612,10,10,632,0.0,,0.3215572616362817,0.570673287314633,0.740781719303381,False
ndcg,degree to which output answers question in input,Question Answering,0,10,10,612,10,10,632,0.0,,0.3215572616362817,0.570673287314633,0.740781719303381,False
recall,degree to which output answers question in input,Question Answering,0,57,10,565,57,10,632,0.0,,1.9062481126139315,0.16738062062162615,0.7254482348742991,False
f1,degree to which output answers question in input,Question Answering,1,92,9,530,93,10,632,0.6439665471923537,-0.05990104161982584,0.1988933158158902,0.655615616349164,0.7646842153883474,False
win rate,degree to which output answers question in input,Question Answering,0,22,10,600,22,10,632,0.0,,0.7143773492886585,0.3979944568933481,0.740781719303381,False
precision,degree to which output answers question in input,Question Answering,0,36,10,586,36,10,632,0.0,,1.1826370764504592,0.2768197923969061,0.740781719303381,False
spearman correlation,degree to which output answers question in input,Question Answering,0,21,10,601,21,10,632,0.0,,0.6813460377186139,0.40912360592456876,0.740781719303381,False
pearson correlation,degree to which output answers question in input,Question Answering,0,15,10,607,15,10,632,0.0,,0.4842956810708443,0.4864829656305162,0.740781719303381,False
bleurt,degree to which output answers question in input,Question Answering,0,32,10,590,32,10,632,0.0,,1.0477261164357645,0.30603136446550616,0.740781719303381,False
qafacteval,degree to which output answers question in input,Question Answering,0,10,10,612,10,10,632,0.0,,0.3215572616362817,0.570673287314633,0.740781719303381,False
cider,degree to which output answers question in input,Question Answering,0,16,10,606,16,10,632,0.0,,0.5170028768013073,0.472122977111592,0.740781719303381,False
mrr,degree to which output answers question in input,Question Answering,0,13,10,609,13,10,632,0.0,,0.41904132121322346,0.5174157943310526,0.740781719303381,False
distinct,degree to which output answers question in input,Question Answering,0,16,10,606,16,10,632,0.0,,0.5170028768013073,0.472122977111592,0.740781719303381,False
attack success rate asr,degree to which output answers question in input,Question Answering,1,13,9,609,14,10,632,4.904761904761904,0.23372194488334083,1.5670540839810871,0.21063534839176917,0.740781719303381,False
perplexity,degree to which output answers question in input,Question Answering,0,29,10,593,29,10,632,0.0,,0.947136792405336,0.33044917452813327,0.740781719303381,False
alignscore,degree to which output answers question in input,Question Answering,0,11,10,611,11,10,632,0.0,,0.35399918039741074,0.5518579746517651,0.740781719303381,False
chair,degree to which output answers question in input,Question Answering,0,10,10,612,10,10,632,0.0,,0.3215572616362817,0.570673287314633,0.740781719303381,False
chrf,degree to which output answers question in input,Question Answering,0,13,10,609,13,10,632,0.0,,0.41904132121322346,0.5174157943310526,0.740781719303381,False
comet,degree to which output answers question in input,Question Answering,0,27,10,595,27,10,632,0.0,,0.8803572160697729,0.348103859494558,0.740781719303381,False
cosine similarity,degree to which output answers question in input,Question Answering,1,12,9,610,13,10,632,5.2905982905982905,0.24521353167051438,1.6917358278170977,0.19337230684894408,0.740781719303381,False
auroc,degree to which output answers question in input,Question Answering,0,10,10,612,10,10,632,0.0,,0.3215572616362817,0.570673287314633,0.740781719303381,False
rouge,detectability of speaker/author trait,Trait Detectability,5,160,24,443,165,29,632,0.5896464646464646,-0.08573574895294792,1.3467638753422237,0.2458446581704558,0.740781719303381,False
bleu,detectability of speaker/author trait,Trait Detectability,4,145,25,458,149,29,632,0.5186577181208053,-0.1058860875041533,1.8079142922237628,0.17875863280544518,0.739704840274116,False
accuracy,detectability of speaker/author trait,Trait Detectability,6,121,23,482,127,29,632,1.0373159876754536,0.006262644031850931,0.006648823498680789,0.9350122622926754,0.950604462330908,False
exact match,detectability of speaker/author trait,Trait Detectability,0,37,29,566,37,29,632,0.0,,3.5844788753458734,0.058321706417730136,0.46976742196564725,False
moverscore,detectability of speaker/author trait,Trait Detectability,0,19,29,584,19,29,632,0.0,,1.8129914342161726,0.17814979547600462,0.739704840274116,False
meteor,detectability of speaker/author trait,Trait Detectability,1,59,28,544,60,29,632,0.3404761904761905,-0.15704269931825945,1.6541947342376848,0.1983889655834064,0.740781719303381,False
unieval,detectability of speaker/author trait,Trait Detectability,0,21,29,582,21,29,632,0.0,,2.0071720003463493,0.1565569166562423,0.7109267813487051,False
g eval,detectability of speaker/author trait,Trait Detectability,0,23,29,580,23,29,632,0.0,,2.202004984927002,0.1378313595023195,0.6716266264226144,False
bertscore,detectability of speaker/author trait,Trait Detectability,4,129,25,474,133,29,632,0.6003007518796992,-0.08344756003303842,1.0574325670376048,0.3038014881040453,0.740781719303381,False
bartscore,detectability of speaker/author trait,Trait Detectability,0,34,29,569,34,29,632,0.0,,3.2854472594511064,0.06989658211020881,0.517574286152113,False
questeval,detectability of speaker/author trait,Trait Detectability,0,10,29,593,10,29,632,0.0,,0.947136792405336,0.33044917452813327,0.740781719303381,False
ndcg,detectability of speaker/author trait,Trait Detectability,0,10,29,593,10,29,632,0.0,,0.947136792405336,0.33044917452813327,0.740781719303381,False
recall,detectability of speaker/author trait,Trait Detectability,2,55,27,548,57,29,632,0.7472384665367121,-0.04661614665105257,0.1796497164052595,0.6716744416639873,0.7721511966080657,False
f1,detectability of speaker/author trait,Trait Detectability,3,90,26,513,93,29,632,0.6687344913151364,-0.06586455867190646,0.5054571568050963,0.47711205875790874,0.740781719303381,False
win rate,detectability of speaker/author trait,Trait Detectability,2,20,27,583,22,29,632,2.053872053872054,0.11878542609988432,0.8384308307927084,0.3598459399389339,0.740781719303381,False
precision,detectability of speaker/author trait,Trait Detectability,2,34,27,569,36,29,632,1.2263374485596708,0.03322278850724474,0.0768872948269892,0.7815608284152858,0.8463438455722663,False
spearman correlation,detectability of speaker/author trait,Trait Detectability,3,18,26,585,21,29,632,3.357142857142857,0.21226627943104417,3.1144085720131915,0.07760264674935487,0.5473574189432762,False
pearson correlation,detectability of speaker/author trait,Trait Detectability,2,13,27,590,15,29,632,3.046913580246913,0.18532632352785122,1.8320715993082528,0.17588305436321133,0.7391804680515781,False
bleurt,detectability of speaker/author trait,Trait Detectability,0,32,29,571,32,29,632,0.0,,3.0869461164303122,0.07892279982599337,0.5473574189432762,False
qafacteval,detectability of speaker/author trait,Trait Detectability,0,10,29,593,10,29,632,0.0,,0.947136792405336,0.33044917452813327,0.740781719303381,False
cider,detectability of speaker/author trait,Trait Detectability,0,16,29,587,16,29,632,0.0,,1.522934353530995,0.21717597759625362,0.740781719303381,False
mrr,detectability of speaker/author trait,Trait Detectability,1,12,28,591,13,29,632,1.7005494505494507,0.08011367153664682,0.24563067062798616,0.6201686004377251,0.7524042296120567,False
distinct,detectability of speaker/author trait,Trait Detectability,0,16,29,587,16,29,632,0.0,,1.522934353530995,0.21717597759625362,0.740781719303381,False
attack success rate asr,detectability of speaker/author trait,Trait Detectability,0,14,29,589,14,29,632,0.0,,1.3303658725055287,0.24874013912398957,0.740781719303381,False
perplexity,detectability of speaker/author trait,Trait Detectability,1,28,28,575,29,29,632,0.7426108374384237,-0.04430255325597612,0.09805147380145673,0.7541805912702799,0.8264807078689885,False
alignscore,detectability of speaker/author trait,Trait Detectability,0,11,29,592,11,29,632,0.0,,1.0427068899243017,0.3071927555748804,0.740781719303381,False
chair,detectability of speaker/author trait,Trait Detectability,0,10,29,593,10,29,632,0.0,,0.947136792405336,0.33044917452813327,0.740781719303381,False
chrf,detectability of speaker/author trait,Trait Detectability,0,13,29,590,13,29,632,0.0,,1.2343209068349192,0.2665683673514197,0.740781719303381,False
comet,detectability of speaker/author trait,Trait Detectability,0,27,29,576,27,29,632,0.0,,2.5936458529906834,0.10729310667491423,0.6131803250382504,False
cosine similarity,detectability of speaker/author trait,Trait Detectability,3,10,26,593,13,29,632,5.494082840236686,0.3019014648256096,5.602838712205541,0.01793140052039276,0.2465904627954764,False
auroc,detectability of speaker/author trait,Trait Detectability,0,10,29,593,10,29,632,0.0,,0.947136792405336,0.33044917452813327,0.740781719303381,False
rouge,functional correctness,Functional Correctness,1,164,4,463,165,5,632,0.7075757575757575,-0.041324013469621466,0.1031153728115094,0.7481226185504855,0.8221762883790825,False
bleu,functional correctness,Functional Correctness,3,146,2,481,149,5,632,4.86241610738255,0.17459235213795937,3.044476358297164,0.08101223827088418,0.548782902953508,False
accuracy,functional correctness,Functional Correctness,1,126,4,501,127,5,632,0.9940944881889764,-0.0007343287280027599,2.8322774776842405e-05,0.995753746568493,0.9973897056263822,False
exact match,functional correctness,Functional Correctness,1,36,4,591,37,5,632,4.02027027027027,0.1905031229382806,1.1691060204391261,0.27958500538615816,0.740781719303381,False
moverscore,functional correctness,Functional Correctness,0,19,5,608,19,5,632,0.0,,0.30647726100916445,0.5798499669499663,0.7452885379841802,False
meteor,functional correctness,Functional Correctness,0,60,5,567,60,5,632,0.0,,1.001676536727241,0.31690517483423214,0.740781719303381,False
unieval,functional correctness,Functional Correctness,0,21,5,606,21,5,632,0.0,,0.3392912562648257,0.5602386081634817,0.740781719303381,False
g eval,functional correctness,Functional Correctness,0,23,5,604,23,5,632,0.0,,0.3722132825471127,0.5418003044105368,0.740781719303381,False
bertscore,functional correctness,Functional Correctness,3,130,2,497,133,5,632,5.62781954887218,0.19582436974829592,3.60280696935084,0.05768209975149807,0.4668166391393362,False
bartscore,functional correctness,Functional Correctness,0,34,5,593,34,5,632,0.0,,0.5552477342921056,0.45618136513471197,0.740781719303381,False
questeval,functional correctness,Functional Correctness,0,10,5,617,10,5,632,0.0,,0.16013237965463775,0.6890346673261034,0.7784091454845232,False
ndcg,functional correctness,Functional Correctness,0,10,5,617,10,5,632,0.0,,0.16013237965463775,0.6890346673261034,0.7784091454845232,False
recall,functional correctness,Functional Correctness,0,57,5,570,57,5,632,0.0,,0.9491366755914823,0.3299391464926426,0.740781719303381,False
f1,functional correctness,Functional Correctness,1,92,4,535,93,5,632,1.4489247311827957,0.04758214473921758,0.10283420190914272,0.748454631028525,0.8221762883790825,False
win rate,functional correctness,Functional Correctness,0,22,5,605,22,5,632,0.0,,0.3557387210878638,0.5508824185266696,0.740781719303381,False
precision,functional correctness,Functional Correctness,0,36,5,591,36,5,632,0.0,,0.5888896800562659,0.44284879400237764,0.740781719303381,False
spearman correlation,functional correctness,Functional Correctness,0,21,5,606,21,5,632,0.0,,0.3392912562648257,0.5602386081634817,0.740781719303381,False
pearson correlation,functional correctness,Functional Correctness,0,15,5,612,15,5,632,0.0,,0.24117054378376804,0.6233619617801589,0.7539882696414163,False
bleurt,functional correctness,Functional Correctness,0,32,5,595,32,5,632,0.0,,0.5217185878690392,0.4701095006571393,0.740781719303381,False
qafacteval,functional correctness,Functional Correctness,0,10,5,617,10,5,632,0.0,,0.16013237965463775,0.6890346673261034,0.7784091454845232,False
cider,functional correctness,Functional Correctness,0,16,5,611,16,5,632,0.0,,0.25745728233837684,0.6118724420728849,0.7501053574024433,False
mrr,functional correctness,Functional Correctness,0,13,5,614,13,5,632,0.0,,0.20867642910608494,0.6478067889615741,0.7608548217795242,False
distinct,functional correctness,Functional Correctness,0,16,5,611,16,5,632,0.0,,0.25745728233837684,0.6118724420728849,0.7501053574024433,False
attack success rate asr,functional correctness,Functional Correctness,0,14,5,613,14,5,632,0.0,,0.22491028803456273,0.6353237276938251,0.7539882696414163,False
perplexity,functional correctness,Functional Correctness,1,28,4,599,29,5,632,5.198275862068965,0.22828049323693492,1.5567577324819761,0.21214058272978115,0.740781719303381,False
alignscore,functional correctness,Functional Correctness,0,11,5,616,11,5,632,0.0,,0.176287559860989,0.6745832581898776,0.7745215186624521,False
chair,functional correctness,Functional Correctness,0,10,5,617,10,5,632,0.0,,0.16013237965463775,0.6890346673261034,0.7784091454845232,False
chrf,functional correctness,Functional Correctness,0,13,5,614,13,5,632,0.0,,0.20867642910608494,0.6478067889615741,0.7608548217795242,False
comet,functional correctness,Functional Correctness,0,27,5,600,27,5,632,0.0,,0.43838429000282264,0.5079033223832954,0.740781719303381,False
cosine similarity,functional correctness,Functional Correctness,0,13,5,614,13,5,632,0.0,,0.20867642910608494,0.6478067889615741,0.7608548217795242,False
auroc,functional correctness,Functional Correctness,0,10,5,617,10,5,632,0.0,,0.16013237965463775,0.6890346673261034,0.7784091454845232,False
rouge,absence of additions (relative to input),Absence of Additions,4,161,10,457,165,14,632,1.132121212121212,0.01781318694515231,0.04420405589331422,0.8334744254807602,0.8801582691186172,False
bleu,absence of additions (relative to input),Absence of Additions,7,142,7,476,149,14,632,3.2416107382550337,0.16695522380231828,4.708934715181263,0.030006239992208597,0.3326146239136335,False
accuracy,absence of additions (relative to input),Absence of Additions,4,123,10,495,127,14,632,1.5905511811023623,0.06951757683499143,0.5869151395572243,0.44361450050618223,0.740781719303381,False
exact match,absence of additions (relative to input),Absence of Additions,1,36,13,582,37,14,632,1.2370062370062371,0.03084471445081891,0.04050544195616279,0.8404955608578609,0.8865434722082051,False
moverscore,absence of additions (relative to input),Absence of Additions,0,19,14,599,19,14,632,0.0,,0.8644438684350392,0.3524980873190976,0.740781719303381,False
meteor,absence of additions (relative to input),Absence of Additions,4,56,10,562,60,14,632,3.813333333333333,0.2176318382650931,4.216027341239377,0.040043810660093195,0.39376413815758304,False
unieval,absence of additions (relative to input),Absence of Additions,0,21,14,597,21,14,632,0.0,,0.9570100669994955,0.3279413406352294,0.740781719303381,False
g eval,absence of additions (relative to input),Absence of Additions,0,23,14,595,23,14,632,0.0,,1.0498833125668188,0.30553396255203025,0.740781719303381,False
bertscore,absence of additions (relative to input),Absence of Additions,3,130,11,488,133,14,632,1.02323991797676,0.0033821098648189846,0.0012668523885793204,0.9716069937069849,0.9785623301156803,False
bartscore,absence of additions (relative to input),Absence of Additions,0,34,14,584,34,14,632,0.0,,1.5662670023356662,0.21074996469402613,0.740781719303381,False
questeval,absence of additions (relative to input),Absence of Additions,0,10,14,608,10,14,632,0.0,,0.45164188724177584,0.5015562778492398,0.740781719303381,False
ndcg,absence of additions (relative to input),Absence of Additions,0,10,14,608,10,14,632,0.0,,0.45164188724177584,0.5015562778492398,0.740781719303381,False
recall,absence of additions (relative to input),Absence of Additions,4,53,10,565,57,14,632,4.035087719298246,0.22776365683895244,4.535539885446324,0.033197983412163436,0.34872442954374794,False
f1,absence of additions (relative to input),Absence of Additions,2,91,12,527,93,14,632,0.9659498207885305,-0.005146208249527014,0.002121054104618908,0.9632664899091907,0.9717674627931108,False
win rate,absence of additions (relative to input),Absence of Additions,0,22,14,596,22,14,632,0.0,,1.0034081816433342,0.3164872306212494,0.740781719303381,False
precision,absence of additions (relative to input),Absence of Additions,3,33,11,585,36,14,632,4.515151515151515,0.24763678378206977,4.083346895590481,0.0433077952360388,0.4147118193021726,False
spearman correlation,absence of additions (relative to input),Absence of Additions,0,21,14,597,21,14,632,0.0,,0.9570100669994955,0.3279413406352294,0.740781719303381,False
pearson correlation,absence of additions (relative to input),Absence of Additions,0,15,14,603,15,14,632,0.0,,0.6802245376591965,0.4095094161182955,0.740781719303381,False
bleurt,absence of additions (relative to input),Absence of Additions,2,30,12,588,32,14,632,3.125,0.18021018033839628,1.7532534618031823,0.1854682491339162,0.740781719303381,False
qafacteval,absence of additions (relative to input),Absence of Additions,0,10,14,608,10,14,632,0.0,,0.45164188724177584,0.5015562778492398,0.740781719303381,False
cider,absence of additions (relative to input),Absence of Additions,0,16,14,602,16,14,632,0.0,,0.726165862446029,0.3941288118861571,0.740781719303381,False
mrr,absence of additions (relative to input),Absence of Additions,0,13,14,605,13,14,632,0.0,,0.5885674177100738,0.44297362467434287,0.740781719303381,False
distinct,absence of additions (relative to input),Absence of Additions,0,16,14,602,16,14,632,0.0,,0.726165862446029,0.3941288118861571,0.740781719303381,False
attack success rate asr,absence of additions (relative to input),Absence of Additions,0,14,14,604,14,14,632,0.0,,0.6343584714726422,0.42576109047322197,0.740781719303381,False
perplexity,absence of additions (relative to input),Absence of Additions,1,28,13,590,29,14,632,1.5994694960212201,0.06862208474947322,0.1842875680279058,0.6677141731432816,0.7700815443748364,False
alignscore,absence of additions (relative to input),Absence of Additions,0,11,14,607,11,14,632,0.0,,0.49720936877219224,0.480728874387336,0.740781719303381,False
chair,absence of additions (relative to input),Absence of Additions,1,9,13,609,10,14,632,4.784615384615385,0.23372194488334083,1.5670540839810871,0.21063534839176917,0.740781719303381,False
chrf,absence of additions (relative to input),Absence of Additions,0,13,14,605,13,14,632,0.0,,0.5885674177100738,0.44297362467434287,0.740781719303381,False
comet,absence of additions (relative to input),Absence of Additions,4,23,10,595,27,14,632,8.962962962962962,0.37535879272392875,9.824093854023172,0.0017224053670949716,0.057277807571212785,False
cosine similarity,absence of additions (relative to input),Absence of Additions,1,12,13,606,13,14,632,3.662721893491124,0.19303830954209616,1.1448306820859315,0.28463388926491984,0.740781719303381,False
auroc,absence of additions (relative to input),Absence of Additions,0,10,14,608,10,14,632,0.0,,0.45164188724177584,0.5015562778492398,0.740781719303381,False
rouge,effect on user emotion,User-Emotion Effect,3,162,10,457,165,13,632,0.8490909090909091,-0.023062945360492464,0.06485775864118704,0.7989765486220481,0.8555785172305188,False
bleu,effect on user emotion,User-Emotion Effect,4,145,9,474,149,13,632,1.4407158836689038,0.05259912952202622,0.3588202738758832,0.5491621562493041,0.740781719303381,False
accuracy,effect on user emotion,User-Emotion Effect,2,125,11,494,127,13,632,0.7229778095919829,-0.04640580820016808,0.1954598265488292,0.658410775019465,0.7646842153883474,False
exact match,effect on user emotion,User-Emotion Effect,0,37,13,582,37,13,632,0.0,,1.5853951781920712,0.20798527004698808,0.740781719303381,False
moverscore,effect on user emotion,User-Emotion Effect,0,19,13,600,19,13,632,0.0,,0.802041419678378,0.37048371863941143,0.740781719303381,False
meteor,effect on user emotion,User-Emotion Effect,1,59,12,560,60,13,632,0.7944444444444444,-0.03262647452563652,0.05320547144214899,0.817576532766451,0.8673709271634796,False
unieval,effect on user emotion,User-Emotion Effect,1,20,12,599,21,13,632,2.4246031746031744,0.1301646760640321,0.5852019114045925,0.44428053075968166,0.740781719303381,False
g eval,effect on user emotion,User-Emotion Effect,0,23,13,596,23,13,632,0.0,,0.9740916893400119,0.32366183903862705,0.740781719303381,False
bertscore,effect on user emotion,User-Emotion Effect,3,130,10,489,133,13,632,1.125563909774436,0.017233349845984507,0.032279073861501195,0.8574165300126042,0.8971480740234857,False
bartscore,effect on user emotion,User-Emotion Effect,1,33,12,586,34,13,632,1.4656862745098038,0.0554482315038161,0.12417796120183966,0.7245465994013451,0.8051006866980925,False
questeval,effect on user emotion,User-Emotion Effect,0,10,13,609,10,13,632,0.0,,0.41904132121322346,0.5174157943310526,0.740781719303381,False
ndcg,effect on user emotion,User-Emotion Effect,0,10,13,609,10,13,632,0.0,,0.41904132121322346,0.5174157943310526,0.740781719303381,False
recall,effect on user emotion,User-Emotion Effect,3,54,10,565,57,13,632,3.026315789473684,0.17559857910103757,2.346520690315662,0.12556297764838312,0.640817202277556,False
f1,effect on user emotion,User-Emotion Effect,3,90,10,529,93,13,632,1.7387096774193547,0.08409897717997025,0.6511693151112126,0.4196949289096079,0.740781719303381,False
win rate,effect on user emotion,User-Emotion Effect,1,21,12,598,22,13,632,2.3106060606060606,0.1229510284432316,0.5296313364079381,0.4667618945417049,0.740781719303381,False
precision,effect on user emotion,User-Emotion Effect,2,34,11,585,36,13,632,3.01010101010101,0.17262209493047742,1.637606272335904,0.20065421370796346,0.740781719303381,False
spearman correlation,effect on user emotion,User-Emotion Effect,2,19,11,600,21,13,632,5.29004329004329,0.2662670986035642,3.3253090235288,0.06822119267414346,0.5092920873510547,False
pearson correlation,effect on user emotion,User-Emotion Effect,0,15,13,604,15,13,632,0.0,,0.6311222241056955,0.42694397334407685,0.740781719303381,False
bleurt,effect on user emotion,User-Emotion Effect,0,32,13,587,32,13,632,0.0,,1.3654188369072655,0.24260055304803124,0.740781719303381,False
qafacteval,effect on user emotion,User-Emotion Effect,0,10,13,609,10,13,632,0.0,,0.41904132121322346,0.5174157943310526,0.740781719303381,False
cider,effect on user emotion,User-Emotion Effect,0,16,13,603,16,13,632,0.0,,0.6737467977872003,0.4117483447792907,0.740781719303381,False
mrr,effect on user emotion,User-Emotion Effect,1,12,12,607,13,13,632,3.967948717948718,0.20452989632926974,1.259643982622785,0.2617184905736799,0.740781719303381,False
distinct,effect on user emotion,User-Emotion Effect,2,14,11,605,16,13,632,7.0,0.3135127370273489,4.296409309478002,0.03819292967883361,0.37964602381840584,False
attack success rate asr,effect on user emotion,User-Emotion Effect,0,14,13,605,14,13,632,0.0,,0.5885674177100738,0.44297362467434287,0.740781719303381,False
perplexity,effect on user emotion,User-Emotion Effect,0,29,13,590,29,13,632,0.0,,1.2343209068349192,0.2665683673514197,0.740781719303381,False
alignscore,effect on user emotion,User-Emotion Effect,0,11,13,608,11,13,632,0.0,,0.46131932757619304,0.4970080283785083,0.740781719303381,False
chair,effect on user emotion,User-Emotion Effect,0,10,13,609,10,13,632,0.0,,0.41904132121322346,0.5174157943310526,0.740781719303381,False
chrf,effect on user emotion,User-Emotion Effect,0,13,13,606,13,13,632,0.0,,0.5460821505769926,0.4599229588509761,0.740781719303381,False
comet,effect on user emotion,User-Emotion Effect,0,27,13,592,27,13,632,0.0,,1.147288103442283,0.28411756488292017,0.740781719303381,False
cosine similarity,effect on user emotion,User-Emotion Effect,2,11,11,608,13,13,632,8.657342657342657,0.3495879045857733,5.082809642795221,0.024164181682981102,0.2927359582223289,False
auroc,effect on user emotion,User-Emotion Effect,0,10,13,609,10,13,632,0.0,,0.41904132121322346,0.5174157943310526,0.740781719303381,False
rouge,readability,Readability,5,160,2,465,165,7,632,7.075757575757575,0.20797226450731107,6.347732812056702,0.011753140822007516,0.18856574178466445,False
bleu,readability,Readability,2,147,5,478,149,7,632,1.2966442953020134,0.03338928544304383,0.09381196558072713,0.7593858390997983,0.8301952777725827,False
accuracy,readability,Readability,2,125,5,500,127,7,632,1.5905511811023623,0.06114577862123773,0.28985701010372167,0.5903121761212511,0.7472265214368077,False
exact match,readability,Readability,0,37,7,588,37,7,632,0.0,,0.8494501606116247,0.3567079311950673,0.740781719303381,False
moverscore,readability,Readability,1,18,6,607,19,7,632,5.37719298245614,0.24167576316933986,1.6682465394611408,0.19649356072218518,0.740781719303381,False
meteor,readability,Readability,1,59,6,566,60,7,632,1.5888888888888888,0.06336512504623329,0.1665648768251745,0.6831829310152338,0.7784091454845232,False
unieval,readability,Readability,0,21,7,604,21,7,632,0.0,,0.4757790286928533,0.49034048974890276,0.740781719303381,False
g eval,readability,Readability,0,23,7,602,23,7,632,0.0,,0.5219461122919291,0.4700127044954183,0.740781719303381,False
bertscore,readability,Readability,4,129,3,496,133,7,632,5.00250626566416,0.19731471142229914,4.38708653475657,0.03621214323835469,0.3692080796480097,False
bartscore,readability,Readability,0,34,7,591,34,7,632,0.0,,0.7786228801784072,0.37756264312017507,0.740781719303381,False
questeval,readability,Readability,0,10,7,615,10,7,632,0.0,,0.22454606560366053,0.6355976635792313,0.7539882696414163,False
ndcg,readability,Readability,0,10,7,615,10,7,632,0.0,,0.22454606560366053,0.6355976635792313,0.7539882696414163,False
recall,readability,Readability,0,57,7,568,57,7,632,0.0,,1.3310167814008367,0.2486244118649423,0.740781719303381,False
f1,readability,Readability,0,93,7,532,93,7,632,0.0,,2.2419192507367045,0.134314176087503,0.6621580271268006,False
win rate,readability,Readability,0,22,7,603,22,7,632,0.0,,0.4988435399360528,0.4800087018791025,0.740781719303381,False
precision,readability,Readability,0,36,7,589,36,7,632,0.0,,0.8258012307982369,0.3634894636437309,0.740781719303381,False
spearman correlation,readability,Readability,1,20,6,605,21,7,632,4.849206349206349,0.2261562756359019,1.5023022424927017,0.22031746385536755,0.740781719303381,False
pearson correlation,readability,Readability,0,15,7,610,15,7,632,0.0,,0.3381842760527674,0.5608791718660135,0.740781719303381,False
bleurt,readability,Readability,1,31,6,594,32,7,632,3.125,0.16084061594128762,0.8621576174312517,0.353135601304975,0.740781719303381,False
qafacteval,readability,Readability,0,10,7,615,10,7,632,0.0,,0.22454606560366053,0.6355976635792313,0.7539882696414163,False
cider,readability,Readability,0,16,7,609,16,7,632,0.0,,0.3610230284840795,0.5479386199543832,0.740781719303381,False
mrr,readability,Readability,0,13,7,612,13,7,632,0.0,,0.29261824268317305,0.5885475635956433,0.7472265214368077,False
distinct,readability,Readability,0,16,7,609,16,7,632,0.0,,0.3610230284840795,0.5479386199543832,0.740781719303381,False
attack success rate asr,readability,Readability,0,14,7,611,14,7,632,0.0,,0.31538272110976673,0.5743957635228131,0.7414042706303636,False
perplexity,readability,Readability,1,28,6,597,29,7,632,3.4655172413793105,0.17610527110851665,1.0021921434653729,0.31678065407821704,0.740781719303381,False
alignscore,readability,Readability,0,11,7,614,11,7,632,0.0,,0.24720003443625876,0.6190535563078535,0.7523248867023682,False
chair,readability,Readability,0,10,7,615,10,7,632,0.0,,0.22454606560366053,0.6355976635792313,0.7539882696414163,False
chrf,readability,Readability,0,13,7,612,13,7,632,0.0,,0.29261824268317305,0.5885475635956433,0.7472265214368077,False
comet,readability,Readability,0,27,7,598,27,7,632,0.0,,0.614739538763189,0.4330088504227372,0.740781719303381,False
cosine similarity,readability,Readability,0,13,7,612,13,7,632,0.0,,0.29261824268317305,0.5885475635956433,0.7472265214368077,False
auroc,readability,Readability,0,10,7,615,10,7,632,0.0,,0.22454606560366053,0.6355976635792313,0.7539882696414163,False
rouge,translation accuracy,Translation Accuracy,0,165,8,459,165,8,632,0.0,,4.8771006494124185,0.027215296603157534,0.31652617819258505,False
bleu,translation accuracy,Translation Accuracy,7,142,1,482,149,8,632,22.691275167785236,0.29123200978693714,14.973135599883737,0.00010905269265820065,0.006434108866833839,True
accuracy,translation accuracy,Translation Accuracy,0,127,8,497,127,8,632,0.0,,3.6150068485176203,0.0572604859891866,0.4668166391393362,False
exact match,translation accuracy,Translation Accuracy,0,37,8,587,37,8,632,0.0,,0.9716003554680023,0.3242813789508709,0.740781719303381,False
moverscore,translation accuracy,Translation Accuracy,0,19,8,605,19,8,632,0.0,,0.49155723610498275,0.48323347826604246,0.740781719303381,False
meteor,translation accuracy,Translation Accuracy,1,59,7,565,60,8,632,1.361904761904762,0.04265901823259833,0.07835286769132055,0.7795420876792453,0.8446578663301775,False
unieval,translation accuracy,Translation Accuracy,0,21,8,603,21,8,632,0.0,,0.544189621878237,0.4607015790017417,0.740781719303381,False
g eval,translation accuracy,Translation Accuracy,0,23,8,601,23,8,632,0.0,,0.5969957172469001,0.43972659730273733,0.740781719303381,False
bertscore,translation accuracy,Translation Accuracy,2,131,6,493,133,8,632,1.25062656641604,0.02992592413166316,0.07316478047313779,0.7867833939302525,0.8477889946254791,False
bartscore,translation accuracy,Translation Accuracy,0,34,8,590,34,8,632,0.0,,0.8905862933493787,0.3453184774316126,0.740781719303381,False
questeval,translation accuracy,Translation Accuracy,0,10,8,614,10,8,632,0.0,,0.25683087373374114,0.6123057947522406,0.7501053574024433,False
ndcg,translation accuracy,Translation Accuracy,0,10,8,614,10,8,632,0.0,,0.25683087373374114,0.6123057947522406,0.7501053574024433,False
recall,translation accuracy,Translation Accuracy,0,57,8,567,57,8,632,0.0,,1.522437986899809,0.21725092564755172,0.740781719303381,False
f1,translation accuracy,Translation Accuracy,0,93,8,531,93,8,632,0.0,,2.5644155956220924,0.10929293929057936,0.6131803250382504,False
win rate,translation accuracy,Translation Accuracy,0,22,8,602,22,8,632,0.0,,0.5705708842272623,0.4500321513542903,0.740781719303381,False
precision,translation accuracy,Translation Accuracy,0,36,8,588,36,8,632,0.0,,0.9445500634704299,0.3311104223685344,0.740781719303381,False
spearman correlation,translation accuracy,Translation Accuracy,0,21,8,603,21,8,632,0.0,,0.544189621878237,0.4607015790017417,0.740781719303381,False
pearson correlation,translation accuracy,Translation Accuracy,0,15,8,609,15,8,632,0.0,,0.3868090479881258,0.5339814886389167,0.740781719303381,False
bleurt,translation accuracy,Translation Accuracy,3,29,5,595,32,8,632,11.25,0.3742468285025837,8.06406936601109,0.004515166034477038,0.10724985294881172,False
qafacteval,translation accuracy,Translation Accuracy,0,10,8,614,10,8,632,0.0,,0.25683087373374114,0.6123057947522406,0.7501053574024433,False
cider,translation accuracy,Translation Accuracy,0,16,8,608,16,8,632,0.0,,0.4129318741447831,0.5204851404793112,0.740781719303381,False
mrr,translation accuracy,Translation Accuracy,0,13,8,611,13,8,632,0.0,,0.33469100074151126,0.5629098258805294,0.740781719303381,False
distinct,translation accuracy,Translation Accuracy,0,16,8,608,16,8,632,0.0,,0.4129318741447831,0.5204851404793112,0.740781719303381,False
attack success rate asr,translation accuracy,Translation Accuracy,0,14,8,610,14,8,632,0.0,,0.36072880305171195,0.5481017553228509,0.740781719303381,False
perplexity,translation accuracy,Translation Accuracy,1,28,7,596,29,8,632,2.970443349753695,0.15539916429488165,0.807242215986149,0.36893684850840014,0.740781719303381,False
alignscore,translation accuracy,Translation Accuracy,0,11,8,613,11,8,632,0.0,,0.2827421729966932,0.5949095064239955,0.7493729251029531,False
chair,translation accuracy,Translation Accuracy,0,10,8,614,10,8,632,0.0,,0.25683087373374114,0.6123057947522406,0.7501053574024433,False
chrf,translation accuracy,Translation Accuracy,2,11,6,613,13,8,632,15.871794871794872,0.4339398087825282,7.069268744510429,0.007841725398030575,0.1448738964949285,False
comet,translation accuracy,Translation Accuracy,5,22,3,602,27,8,632,37.34567901234568,0.5544117776643605,22.109729784088895,2.5750128744842613e-06,0.00036228450364859336,True
cosine similarity,translation accuracy,Translation Accuracy,0,13,8,611,13,8,632,0.0,,0.33469100074151126,0.5629098258805294,0.740781719303381,False
auroc,translation accuracy,Translation Accuracy,0,10,8,614,10,8,632,0.0,,0.25683087373374114,0.6123057947522406,0.7501053574024433,False
rouge,absence of omissions (relative to input),Absence of Omissions,22,143,43,424,165,65,632,1.448062015503876,0.07731117834930032,2.141477826428371,0.14336372700020414,0.6828444184462849,False
bleu,absence of omissions (relative to input),Absence of Omissions,23,126,42,441,149,65,632,1.7751677852348993,0.12254802472831725,5.163914652226607,0.02306086283246478,0.2897170094111515,False
accuracy,absence of omissions (relative to input),Absence of Omissions,12,115,53,452,127,65,632,0.9003119893032239,-0.02138715475994909,0.12264768264992965,0.7261804183585872,0.805936884209864,False
exact match,absence of omissions (relative to input),Absence of Omissions,3,34,62,533,37,65,632,0.7781168265039233,-0.0444469501367286,0.21509186524131962,0.6428053917417698,0.7590000397002562,False
moverscore,absence of omissions (relative to input),Absence of Omissions,5,14,60,553,19,65,632,2.6885964912280698,0.19413378996959715,4.049587525726755,0.04418213907058634,0.41694382609462816,False
meteor,absence of omissions (relative to input),Absence of Omissions,14,46,51,521,60,65,632,2.6169934640522876,0.21502650976955773,9.688416833896802,0.0018543324083283774,0.05950129780408074,False
unieval,absence of omissions (relative to input),Absence of Omissions,2,19,63,548,21,65,632,0.9236583522297808,-0.013355902689802865,0.013932146773450282,0.9060403098724366,0.9330939259086992,False
g eval,absence of omissions (relative to input),Absence of Omissions,5,18,60,549,23,65,632,2.2065217391304346,0.15465509336840882,2.6922133372483223,0.10083965348924431,0.6102152194048444,False
bertscore,absence of omissions (relative to input),Absence of Omissions,21,112,44,455,133,65,632,1.79066985645933,0.12591927933739783,5.037675605578849,0.024801747157947453,0.2968629927110182,False
bartscore,absence of omissions (relative to input),Absence of Omissions,4,30,61,537,34,65,632,1.1533269045323047,0.02655475302249667,0.08210400942256968,0.7744661145851797,0.8426523043285506,False
questeval,absence of omissions (relative to input),Absence of Omissions,0,10,65,557,10,65,632,0.0,,2.1889456858122074,0.13900443562949424,0.6716266264226144,False
ndcg,absence of omissions (relative to input),Absence of Omissions,1,9,64,558,10,65,632,0.971875,-0.004354698464562619,0.0009005401370057523,0.9760598746981919,0.9814257893474397,False
recall,absence of omissions (relative to input),Absence of Omissions,5,52,60,515,57,65,632,0.8406432748538012,-0.03287794737698612,0.16198824494215613,0.687332546228699,0.7784091454845232,False
f1,absence of omissions (relative to input),Absence of Omissions,10,83,55,484,93,65,632,1.053763440860215,0.010729488445804824,0.025590352906977754,0.8729048245416534,0.9097110678556604,False
win rate,absence of omissions (relative to input),Absence of Omissions,2,20,63,547,22,65,632,0.8802308802308803,-0.021438268770250058,0.03644803536275709,0.8485932177979548,0.8922643499816203,False
precision,absence of omissions (relative to input),Absence of Omissions,5,31,60,536,36,65,632,1.3796296296296298,0.0620775100989104,0.49291391415924224,0.4826303455109795,0.740781719303381,False
spearman correlation,absence of omissions (relative to input),Absence of Omissions,5,16,60,551,21,65,632,2.4246031746031744,0.17345304568789993,3.3102975850286915,0.06884702376923638,0.5118748230647697,False
pearson correlation,absence of omissions (relative to input),Absence of Omissions,3,12,62,555,15,65,632,1.9903225806451614,0.12430462921931391,1.2772204866635861,0.25841647911361787,0.740781719303381,False
bleurt,absence of omissions (relative to input),Absence of Omissions,5,27,60,540,32,65,632,1.5625,0.08641560628635234,0.9213027275784844,0.33713315088830537,0.740781719303381,False
qafacteval,absence of omissions (relative to input),Absence of Omissions,1,9,64,558,10,65,632,0.971875,-0.004354698464562619,0.0009005401370057523,0.9760598746981919,0.9814257893474397,False
cider,absence of omissions (relative to input),Absence of Omissions,2,14,63,553,16,65,632,1.222222222222222,0.03388973573398187,0.0824196634572385,0.7740447485839469,0.8426523043285506,False
mrr,absence of omissions (relative to input),Absence of Omissions,2,11,63,556,13,65,632,1.5115995115995118,0.06996490329240632,0.3309912661788257,0.5650759768106597,0.740781719303381,False
distinct,absence of omissions (relative to input),Absence of Omissions,1,15,64,552,16,65,632,0.6015625,-0.07723602740661585,0.33088429597227487,0.565138845947909,0.740781719303381,False
attack success rate asr,absence of omissions (relative to input),Absence of Omissions,0,14,65,553,14,65,632,0.0,,3.0749600403534934,0.07950654777857262,0.5473574189432762,False
perplexity,absence of omissions (relative to input),Absence of Omissions,2,27,63,540,29,65,632,0.6600985221674877,-0.06943440313082636,0.4205270305152331,0.5166741833896804,0.740781719303381,False
alignscore,absence of omissions (relative to input),Absence of Omissions,1,10,64,557,11,65,632,0.8821022727272727,-0.019134015332802012,0.017912733892714805,0.8935303125623041,0.924041973493134,False
chair,absence of omissions (relative to input),Absence of Omissions,1,9,64,558,10,65,632,0.971875,-0.004354698464562619,0.0009005401370057523,0.9760598746981919,0.9814257893474397,False
chrf,absence of omissions (relative to input),Absence of Omissions,3,10,62,557,13,65,632,2.303970223325062,0.15105106511777167,1.8211044268696486,0.17718187002810798,0.739704840274116,False
comet,absence of omissions (relative to input),Absence of Omissions,7,20,58,547,27,65,632,2.70434227330779,0.2053252651142096,5.607185808338458,0.017886967257815384,0.2465904627954764,False
cosine similarity,absence of omissions (relative to input),Absence of Omissions,2,11,63,556,13,65,632,1.5115995115995118,0.06996490329240632,0.3309912661788257,0.5650759768106597,0.740781719303381,False
auroc,absence of omissions (relative to input),Absence of Omissions,0,10,65,557,10,65,632,0.0,,2.1889456858122074,0.13900443562949424,0.6716266264226144,False
rouge,complexity/non-complexity (content/meaning),Complexity (content),2,163,7,460,165,9,632,0.8086580086580086,-0.027995255963623285,0.07392294697569213,0.7857083329341582,0.8477889946254791,False
bleu,complexity/non-complexity (content/meaning),Complexity (content),1,148,8,475,149,9,632,0.40520134228187915,-0.11665287511638933,0.924064334241788,0.33641006888737796,0.740781719303381,False
accuracy,complexity/non-complexity (content/meaning),Complexity (content),2,125,7,498,127,9,632,1.1361079865016872,0.01748252565489442,0.025097722957442226,0.8741237995449308,0.9104626590932109,False
exact match,complexity/non-complexity (content/meaning),Complexity (content),1,36,8,587,37,9,632,2.010135135135135,0.09935771339914257,0.3687579793396879,0.5436820553357347,0.740781719303381,False
moverscore,complexity/non-complexity (content/meaning),Complexity (content),0,19,9,604,19,9,632,0.0,,0.5534514399225683,0.45691085697191747,0.740781719303381,False
meteor,complexity/non-complexity (content/meaning),Complexity (content),0,60,9,563,60,9,632,0.0,,1.8090869392636793,0.1786177989246504,0.739704840274116,False
unieval,complexity/non-complexity (content/meaning),Complexity (content),0,21,9,602,21,9,632,0.0,,0.6127118365921841,0.43376857901087595,0.740781719303381,False
g eval,complexity/non-complexity (content/meaning),Complexity (content),0,23,9,600,23,9,632,0.0,,0.6721679811823397,0.41229676978330443,0.740781719303381,False
bertscore,complexity/non-complexity (content/meaning),Complexity (content),1,132,8,491,133,9,632,0.46898496240601506,-0.09903787650487518,0.6263434573055309,0.42869973857779087,0.740781719303381,False
bartscore,complexity/non-complexity (content/meaning),Complexity (content),0,34,9,589,34,9,632,0.0,,1.0027344090746806,0.316649764289871,0.740781719303381,False
questeval,complexity/non-complexity (content/meaning),Complexity (content),0,10,9,613,10,9,632,0.0,,0.2891678827171611,0.5907542646241793,0.7472265214368077,False
ndcg,complexity/non-complexity (content/meaning),Complexity (content),0,10,9,613,10,9,632,0.0,,0.2891678827171611,0.5907542646241793,0.7472265214368077,False
recall,complexity/non-complexity (content/meaning),Complexity (content),0,57,9,566,57,9,632,0.0,,1.7141814015112042,0.19044375256848853,0.740781719303381,False
f1,complexity/non-complexity (content/meaning),Complexity (content),0,93,9,530,93,9,632,0.0,,2.88747329149984,0.08927082950645451,0.5847773970877063,False
win rate,complexity/non-complexity (content/meaning),Complexity (content),0,22,9,601,22,9,632,0.0,,0.6424153596051566,0.4228375115048758,0.740781719303381,False
precision,complexity/non-complexity (content/meaning),Complexity (content),0,36,9,587,36,9,632,0.0,,1.063495128749479,0.30241937867726226,0.740781719303381,False
spearman correlation,complexity/non-complexity (content/meaning),Complexity (content),1,20,8,603,21,9,632,3.6369047619047614,0.18718608822518215,1.0952577703585409,0.29530918603665185,0.740781719303381,False
pearson correlation,complexity/non-complexity (content/meaning),Complexity (content),0,15,9,608,15,9,632,0.0,,0.43551276407173317,0.5092962427726968,0.740781719303381,False
bleurt,complexity/non-complexity (content/meaning),Complexity (content),1,31,8,592,32,9,632,2.34375,0.12187042853056781,0.5286324094702779,0.46718239102968473,0.740781719303381,False
qafacteval,complexity/non-complexity (content/meaning),Complexity (content),0,10,9,613,10,9,632,0.0,,0.2891678827171611,0.5907542646241793,0.7472265214368077,False
cider,complexity/non-complexity (content/meaning),Complexity (content),0,16,9,607,16,9,632,0.0,,0.4649250653956093,0.4953311875452643,0.740781719303381,False
mrr,complexity/non-complexity (content/meaning),Complexity (content),0,13,9,610,13,9,632,0.0,,0.3768319531066899,0.5393036171261227,0.740781719303381,False
distinct,complexity/non-complexity (content/meaning),Complexity (content),0,16,9,607,16,9,632,0.0,,0.4649250653956093,0.4953311875452643,0.740781719303381,False
attack success rate asr,complexity/non-complexity (content/meaning),Complexity (content),0,14,9,609,14,9,632,0.0,,0.4061484454100359,0.5239309043844926,0.740781719303381,False
perplexity,complexity/non-complexity (content/meaning),Complexity (content),0,29,9,594,29,9,632,0.0,,0.8517239422976429,0.35606509993116886,0.740781719303381,False
alignscore,complexity/non-complexity (content/meaning),Complexity (content),0,11,9,612,11,9,632,0.0,,0.31834182616752327,0.5726058547863091,0.7412119148952531,False
chair,complexity/non-complexity (content/meaning),Complexity (content),0,10,9,613,10,9,632,0.0,,0.2891678827171611,0.5907542646241793,0.7472265214368077,False
chrf,complexity/non-complexity (content/meaning),Complexity (content),0,13,9,610,13,9,632,0.0,,0.3768319531066899,0.5393036171261227,0.740781719303381,False
comet,complexity/non-complexity (content/meaning),Complexity (content),0,27,9,596,27,9,632,0.0,,0.7916727170399245,0.37359481141202844,0.740781719303381,False
cosine similarity,complexity/non-complexity (content/meaning),Complexity (content),0,13,9,610,13,9,632,0.0,,0.3768319531066899,0.5393036171261227,0.740781719303381,False
auroc,complexity/non-complexity (content/meaning),Complexity (content),0,10,9,613,10,9,632,0.0,,0.2891678827171611,0.5907542646241793,0.7472265214368077,False
rouge,creativity/non-creativity (outputs as a whole),Creativity,3,162,10,457,165,13,632,0.8490909090909091,-0.023062945360492464,0.06485775864118704,0.7989765486220481,0.8555785172305188,False
bleu,creativity/non-creativity (outputs as a whole),Creativity,3,146,10,473,149,13,632,0.97248322147651,-0.00399866776435206,0.0018433680582088385,0.9657537770779645,0.9737396131618506,False
accuracy,creativity/non-creativity (outputs as a whole),Creativity,3,124,10,495,127,13,632,1.1929133858267715,0.02586132197772553,0.07103860044435784,0.7898305386719239,0.8497647383711463,False
exact match,creativity/non-creativity (outputs as a whole),Creativity,1,36,12,583,37,13,632,1.34009009009009,0.042336301237992494,0.07456763755189749,0.7847988263599498,0.8477889946254791,False
moverscore,creativity/non-creativity (outputs as a whole),Creativity,0,19,13,600,19,13,632,0.0,,0.802041419678378,0.37048371863941143,0.740781719303381,False
meteor,creativity/non-creativity (outputs as a whole),Creativity,1,59,12,560,60,13,632,0.7944444444444444,-0.03262647452563652,0.05320547144214899,0.817576532766451,0.8673709271634796,False
unieval,creativity/non-creativity (outputs as a whole),Creativity,0,21,13,598,21,13,632,0.0,,0.8879242353639106,0.34604044095066055,0.740781719303381,False
g eval,creativity/non-creativity (outputs as a whole),Creativity,0,23,13,596,23,13,632,0.0,,0.9740916893400119,0.32366183903862705,0.740781719303381,False
bertscore,creativity/non-creativity (outputs as a whole),Creativity,1,132,12,487,133,13,632,0.31265664160401,-0.15605928866602525,1.766154697251987,0.18385868235734645,0.740781719303381,False
bartscore,creativity/non-creativity (outputs as a whole),Creativity,0,34,13,585,34,13,632,0.0,,1.4531861544144464,0.22801739439241997,0.740781719303381,False
questeval,creativity/non-creativity (outputs as a whole),Creativity,0,10,13,609,10,13,632,0.0,,0.41904132121322346,0.5174157943310526,0.740781719303381,False
ndcg,creativity/non-creativity (outputs as a whole),Creativity,0,10,13,609,10,13,632,0.0,,0.41904132121322346,0.5174157943310526,0.740781719303381,False
recall,creativity/non-creativity (outputs as a whole),Creativity,1,56,12,563,57,13,632,0.8406432748538011,-0.024672656239637474,0.029802116546221502,0.8629399933605775,0.901380495634778,False
f1,creativity/non-creativity (outputs as a whole),Creativity,1,92,12,527,93,13,632,0.48297491039426527,-0.10058467696107048,0.6125280922245662,0.4338375235376769,0.740781719303381,False
win rate,creativity/non-creativity (outputs as a whole),Creativity,1,21,12,598,22,13,632,2.3106060606060606,0.1229510284432316,0.5296313364079381,0.4667618945417049,0.740781719303381,False
precision,creativity/non-creativity (outputs as a whole),Creativity,1,35,12,584,36,13,632,1.3796296296296295,0.04658493577233301,0.08941645590108316,0.7649203258865368,0.8352473289829706,False
spearman correlation,creativity/non-creativity (outputs as a whole),Creativity,0,21,13,598,21,13,632,0.0,,0.8879242353639106,0.34604044095066055,0.740781719303381,False
pearson correlation,creativity/non-creativity (outputs as a whole),Creativity,1,14,12,605,15,13,632,3.4277777777777776,0.18233989819245033,1.0411008332403355,0.30756558538405626,0.740781719303381,False
bleurt,creativity/non-creativity (outputs as a whole),Creativity,0,32,13,587,32,13,632,0.0,,1.3654188369072655,0.24260055304803124,0.740781719303381,False
qafacteval,creativity/non-creativity (outputs as a whole),Creativity,0,10,13,609,10,13,632,0.0,,0.41904132121322346,0.5174157943310526,0.740781719303381,False
cider,creativity/non-creativity (outputs as a whole),Creativity,0,16,13,603,16,13,632,0.0,,0.6737467977872003,0.4117483447792907,0.740781719303381,False
mrr,creativity/non-creativity (outputs as a whole),Creativity,0,13,13,606,13,13,632,0.0,,0.5460821505769926,0.4599229588509761,0.740781719303381,False
distinct,creativity/non-creativity (outputs as a whole),Creativity,0,16,13,603,16,13,632,0.0,,0.6737467977872003,0.4117483447792907,0.740781719303381,False
attack success rate asr,creativity/non-creativity (outputs as a whole),Creativity,0,14,13,605,14,13,632,0.0,,0.5885674177100738,0.44297362467434287,0.740781719303381,False
perplexity,creativity/non-creativity (outputs as a whole),Creativity,1,28,12,591,29,13,632,1.7327586206896552,0.08011367153664682,0.24563067062798616,0.6201686004377251,0.7524042296120567,False
alignscore,creativity/non-creativity (outputs as a whole),Creativity,0,11,13,608,11,13,632,0.0,,0.46131932757619304,0.4970080283785083,0.740781719303381,False
chair,creativity/non-creativity (outputs as a whole),Creativity,0,10,13,609,10,13,632,0.0,,0.41904132121322346,0.5174157943310526,0.740781719303381,False
chrf,creativity/non-creativity (outputs as a whole),Creativity,0,13,13,606,13,13,632,0.0,,0.5460821505769926,0.4599229588509761,0.740781719303381,False
comet,creativity/non-creativity (outputs as a whole),Creativity,0,27,13,592,27,13,632,0.0,,1.147288103442283,0.28411756488292017,0.740781719303381,False
cosine similarity,creativity/non-creativity (outputs as a whole),Creativity,0,13,13,606,13,13,632,0.0,,0.5460821505769926,0.4599229588509761,0.740781719303381,False
auroc,creativity/non-creativity (outputs as a whole),Creativity,0,10,13,609,10,13,632,0.0,,0.41904132121322346,0.5174157943310526,0.740781719303381,False
rouge,appropriateness of system response type,Response-Type Appropriateness,2,163,10,457,165,12,632,0.566060606060606,-0.07797700667036675,0.620224110672273,0.4309640172388707,0.740781719303381,False
bleu,appropriateness of system response type,Response-Type Appropriateness,3,146,9,474,149,12,632,1.0805369127516777,0.01096181112216612,0.013585867880930302,0.9072099802207171,0.9332323137366094,False
accuracy,appropriateness of system response type,Response-Type Appropriateness,1,126,11,494,127,12,632,0.36148890479599144,-0.13648929114812006,1.2805758445940212,0.25779199419509363,0.740781719303381,False
exact match,appropriateness of system response type,Response-Type Appropriateness,0,37,12,583,37,12,632,0.0,,1.462228118472374,0.22657593630571957,0.740781719303381,False
moverscore,appropriateness of system response type,Response-Type Appropriateness,1,18,11,602,19,12,632,2.9330143540669855,0.1580960228776408,0.8192326097121556,0.3654046282678093,0.740781719303381,False
meteor,appropriateness of system response type,Response-Type Appropriateness,1,59,11,561,60,12,632,0.8666666666666666,-0.02021461524546577,0.019898611949153988,0.8878206155124572,0.9194925853750193,False
unieval,appropriateness of system response type,Response-Type Appropriateness,0,21,12,599,21,12,632,0.0,,0.8189518677165762,0.36548679337500267,0.740781719303381,False
g eval,appropriateness of system response type,Response-Type Appropriateness,0,23,12,597,23,12,632,0.0,,0.8984247532099454,0.3432044441194596,0.740781719303381,False
bertscore,appropriateness of system response type,Response-Type Appropriateness,2,131,10,489,133,12,632,0.750375939849624,-0.040519396916772595,0.1490341384306415,0.6994600840982378,0.7867850515471567,False
bartscore,appropriateness of system response type,Response-Type Appropriateness,1,33,11,587,34,12,632,1.5989304812834222,0.06786009078398683,0.18155797586831046,0.6700377454405361,0.7714242996350326,False
questeval,appropriateness of system response type,Response-Type Appropriateness,0,10,12,610,10,12,632,0.0,,0.38649380973384284,0.5341481860637087,0.740781719303381,False
ndcg,appropriateness of system response type,Response-Type Appropriateness,0,10,12,610,10,12,632,0.0,,0.38649380973384284,0.5341481860637087,0.740781719303381,False
recall,appropriateness of system response type,Response-Type Appropriateness,1,56,11,564,57,12,632,0.9170653907496013,-0.01226079695946674,0.0071714418052118145,0.9325123256252255,0.9485901243429018,False
f1,appropriateness of system response type,Response-Type Appropriateness,0,93,12,527,93,12,632,0.0,,3.860034155794586,0.04944932168995511,0.4410122581471183,False
win rate,appropriateness of system response type,Response-Type Appropriateness,1,21,11,599,22,12,632,2.520661157024793,0.13536288772340235,0.6275190745003583,0.42826679658682276,0.740781719303381,False
precision,appropriateness of system response type,Response-Type Appropriateness,1,35,11,585,36,12,632,1.505050505050505,0.058996795052503735,0.13996469454397042,0.7083161132086984,0.7917580190842086,False
spearman correlation,appropriateness of system response type,Response-Type Appropriateness,0,21,12,599,21,12,632,0.0,,0.8189518677165762,0.36548679337500267,0.740781719303381,False
pearson correlation,appropriateness of system response type,Response-Type Appropriateness,0,15,12,605,15,12,632,0.0,,0.5821001511671188,0.4454903041462347,0.740781719303381,False
bleurt,appropriateness of system response type,Response-Type Appropriateness,0,32,12,588,32,12,632,0.0,,1.2593459025070914,0.26177493863202295,0.740781719303381,False
qafacteval,appropriateness of system response type,Response-Type Appropriateness,0,10,12,610,10,12,632,0.0,,0.38649380973384284,0.5341481860637087,0.740781719303381,False
cider,appropriateness of system response type,Response-Type Appropriateness,0,16,12,604,16,12,632,0.0,,0.6214134650576334,0.43052251805184993,0.740781719303381,False
mrr,appropriateness of system response type,Response-Type Appropriateness,0,13,12,607,13,12,632,0.0,,0.5036661957985271,0.47789364180878724,0.740781719303381,False
distinct,appropriateness of system response type,Response-Type Appropriateness,1,15,11,605,16,12,632,3.5,0.18474406200863192,1.0648199051648175,0.3021184449457799,0.740781719303381,False
attack success rate asr,appropriateness of system response type,Response-Type Appropriateness,0,14,12,606,14,12,632,0.0,,0.5428511314010157,0.46125352120941343,0.740781719303381,False
perplexity,appropriateness of system response type,Response-Type Appropriateness,0,29,12,591,29,12,632,0.0,,1.1384347541199504,0.28598331493246215,0.740781719303381,False
alignscore,appropriateness of system response type,Response-Type Appropriateness,0,11,12,609,11,12,632,0.0,,0.4254877423716362,0.5142113915302742,0.740781719303381,False
chair,appropriateness of system response type,Response-Type Appropriateness,0,10,12,610,10,12,632,0.0,,0.38649380973384284,0.5341481860637087,0.740781719303381,False
chrf,appropriateness of system response type,Response-Type Appropriateness,0,13,12,607,13,12,632,0.0,,0.5036661957985271,0.47789364180878724,0.740781719303381,False
comet,appropriateness of system response type,Response-Type Appropriateness,0,27,12,593,27,12,632,0.0,,1.0581644270819124,0.30363421018429354,0.740781719303381,False
cosine similarity,appropriateness of system response type,Response-Type Appropriateness,0,13,12,607,13,12,632,0.0,,0.5036661957985271,0.47789364180878724,0.740781719303381,False
auroc,appropriateness of system response type,Response-Type Appropriateness,0,10,12,610,10,12,632,0.0,,0.38649380973384284,0.5341481860637087,0.740781719303381,False
rouge,classification accuracy,Classification Accuracy,1,164,15,452,165,16,632,0.18868686868686868,-0.2216885287707181,4.365947894457071,0.03666407973820808,0.3704895129347104,False
bleu,classification accuracy,Classification Accuracy,2,147,14,469,149,16,632,0.46308724832214765,-0.11023746893678646,1.2797806835519325,0.2579398174531738,0.740781719303381,False
accuracy,classification accuracy,Classification Accuracy,4,123,12,493,127,16,632,1.3254593175853018,0.0431415005829111,0.23307399964097164,0.6292538127897087,0.7539882696414163,False
exact match,classification accuracy,Classification Accuracy,1,36,15,580,37,16,632,1.072072072072072,0.01013860763718392,0.004567590532018773,0.9461168308476572,0.9586967776290111,False
moverscore,classification accuracy,Classification Accuracy,0,19,16,597,19,16,632,0.0,,0.98955706130306,0.31985065667539553,0.740781719303381,False
meteor,classification accuracy,Classification Accuracy,1,59,15,557,60,16,632,0.6355555555555555,-0.06482416812644509,0.22534410445318453,0.6349978036662145,0.7539882696414163,False
unieval,classification accuracy,Classification Accuracy,0,21,16,595,21,16,632,0.0,,1.095523619941207,0.2952505856529806,0.740781719303381,False
g eval,classification accuracy,Classification Accuracy,0,23,16,593,23,16,632,0.0,,1.2018422689793329,0.27295377877061616,0.740781719303381,False
bertscore,classification accuracy,Classification Accuracy,1,132,15,484,133,16,632,0.25012531328320803,-0.18825698226683385,2.778747647223872,0.09552283572720696,0.5983262552913067,False
bartscore,classification accuracy,Classification Accuracy,0,34,16,582,34,16,632,0.0,,1.7929945627694135,0.18056173064669678,0.7397630894699759,False
questeval,classification accuracy,Classification Accuracy,1,9,15,607,10,16,632,4.146666666666667,0.21301583806970584,1.3494195605874493,0.24537961563153957,0.740781719303381,False
ndcg,classification accuracy,Classification Accuracy,0,10,16,606,10,16,632,0.0,,0.5170028768013073,0.472122977111592,0.740781719303381,False
recall,classification accuracy,Classification Accuracy,1,56,15,560,57,16,632,0.672514619883041,-0.05687034984044606,0.16979773866802406,0.6802916262888943,0.7784091454845232,False
f1,classification accuracy,Classification Accuracy,4,89,12,527,93,16,632,1.931899641577061,0.10468851180395958,1.19097130904178,0.27513371928196956,0.740781719303381,False
win rate,classification accuracy,Classification Accuracy,2,20,14,596,22,16,632,3.961038961038961,0.22210956496469256,2.4696603602406824,0.1160630017286102,0.6275541896847227,False
precision,classification accuracy,Classification Accuracy,1,35,15,581,36,16,632,1.1037037037037036,0.014387242171524395,0.009107105167618035,0.9239723716211475,0.9445673110122814,False
spearman correlation,classification accuracy,Classification Accuracy,0,21,16,595,21,16,632,0.0,,1.095523619941207,0.2952505856529806,0.740781719303381,False
pearson correlation,classification accuracy,Classification Accuracy,0,15,16,601,15,16,632,0.0,,0.7786709404024335,0.3775479218749831,0.740781719303381,False
bleurt,classification accuracy,Classification Accuracy,0,32,16,584,32,16,632,0.0,,1.6846968123249888,0.19430152385473334,0.740781719303381,False
qafacteval,classification accuracy,Classification Accuracy,1,9,15,607,10,16,632,4.146666666666667,0.21301583806970584,1.3494195605874493,0.24537961563153957,0.740781719303381,False
cider,classification accuracy,Classification Accuracy,1,15,15,601,16,16,632,2.5666666666666664,0.1401345091276526,0.6641212091413902,0.41510876072388936,0.740781719303381,False
mrr,classification accuracy,Classification Accuracy,0,13,16,603,13,16,632,0.0,,0.6737467977872003,0.4117483447792907,0.740781719303381,False
distinct,classification accuracy,Classification Accuracy,0,16,16,600,16,16,632,0.0,,0.8312623144107641,0.36190777145528075,0.740781719303381,False
attack success rate asr,classification accuracy,Classification Accuracy,1,13,15,603,14,16,632,2.9428571428571426,0.16084061594128762,0.8420859497772586,0.3588008688681148,0.740781719303381,False
perplexity,classification accuracy,Classification Accuracy,0,29,16,587,29,16,632,0.0,,1.522934353530995,0.21717597759625362,0.740781719303381,False
alignscore,classification accuracy,Classification Accuracy,1,10,15,606,11,16,632,3.7636363636363637,0.19823652120146645,1.1979472626699668,0.273732340658071,0.740781719303381,False
chair,classification accuracy,Classification Accuracy,0,10,16,606,10,16,632,0.0,,0.5170028768013073,0.472122977111592,0.740781719303381,False
chrf,classification accuracy,Classification Accuracy,0,13,16,603,13,16,632,0.0,,0.6737467977872003,0.4117483447792907,0.740781719303381,False
comet,classification accuracy,Classification Accuracy,0,27,16,589,27,16,632,0.0,,1.4155452525823657,0.23413802653456703,0.740781719303381,False
cosine similarity,classification accuracy,Classification Accuracy,1,12,15,604,13,16,632,3.1743589743589746,0.17233220272846117,0.9469818723633963,0.33048872737586554,0.740781719303381,False
auroc,classification accuracy,Classification Accuracy,0,10,16,606,10,16,632,0.0,,0.5170028768013073,0.472122977111592,0.740781719303381,False
rouge,adherence to style guide,Style-Guide Adherence,0,165,8,459,165,8,632,0.0,,4.8771006494124185,0.027215296603157534,0.31652617819258505,False
bleu,adherence to style guide,Style-Guide Adherence,2,147,6,477,149,8,632,1.080536912751678,0.010189602818392776,0.008998382975126284,0.9244261819092312,0.9445673110122814,False
accuracy,adherence to style guide,Style-Guide Adherence,1,126,7,498,127,8,632,0.5680539932508436,-0.07361565767005594,0.325395636210317,0.5683829657749147,0.740781719303381,False
exact match,adherence to style guide,Style-Guide Adherence,1,36,7,588,37,8,632,2.2972972972972974,0.11762179399622734,0.5004680591322235,0.4792945332455708,0.740781719303381,False
moverscore,adherence to style guide,Style-Guide Adherence,0,19,8,605,19,8,632,0.0,,0.49155723610498275,0.48323347826604246,0.740781719303381,False
meteor,adherence to style guide,Style-Guide Adherence,0,60,8,564,60,8,632,0.0,,1.606724027903783,0.20495291486934739,0.740781719303381,False
unieval,adherence to style guide,Style-Guide Adherence,0,21,8,603,21,8,632,0.0,,0.544189621878237,0.4607015790017417,0.740781719303381,False
g eval,adherence to style guide,Style-Guide Adherence,0,23,8,601,23,8,632,0.0,,0.5969957172469001,0.43972659730273733,0.740781719303381,False
bertscore,adherence to style guide,Style-Guide Adherence,1,132,7,492,133,8,632,0.5359828141783028,-0.08077379590779041,0.4012248207100282,0.5264573854993724,0.740781719303381,False
bartscore,adherence to style guide,Style-Guide Adherence,1,33,7,591,34,8,632,2.5126050420168067,0.13073372426205093,0.6011861284203122,0.43812582189818383,0.740781719303381,False
questeval,adherence to style guide,Style-Guide Adherence,0,10,8,614,10,8,632,0.0,,0.25683087373374114,0.6123057947522406,0.7501053574024433,False
ndcg,adherence to style guide,Style-Guide Adherence,0,10,8,614,10,8,632,0.0,,0.25683087373374114,0.6123057947522406,0.7501053574024433,False
recall,adherence to style guide,Style-Guide Adherence,0,57,8,567,57,8,632,0.0,,1.522437986899809,0.21725092564755172,0.740781719303381,False
f1,adherence to style guide,Style-Guide Adherence,2,91,6,533,93,8,632,1.931899641577061,0.0920811808810012,0.5865493431335571,0.4437565770110229,0.740781719303381,False
win rate,adherence to style guide,Style-Guide Adherence,0,22,8,602,22,8,632,0.0,,0.5705708842272623,0.4500321513542903,0.740781719303381,False
precision,adherence to style guide,Style-Guide Adherence,0,36,8,588,36,8,632,0.0,,0.9445500634704299,0.3311104223685344,0.740781719303381,False
spearman correlation,adherence to style guide,Style-Guide Adherence,0,21,8,603,21,8,632,0.0,,0.544189621878237,0.4607015790017417,0.740781719303381,False
pearson correlation,adherence to style guide,Style-Guide Adherence,0,15,8,609,15,8,632,0.0,,0.3868090479881258,0.5339814886389167,0.740781719303381,False
bleurt,adherence to style guide,Style-Guide Adherence,1,31,7,593,32,8,632,2.6785714285714284,0.1401345091276526,0.6772917473025879,0.41052086399773924,0.740781719303381,False
qafacteval,adherence to style guide,Style-Guide Adherence,0,10,8,614,10,8,632,0.0,,0.25683087373374114,0.6123057947522406,0.7501053574024433,False
cider,adherence to style guide,Style-Guide Adherence,0,16,8,608,16,8,632,0.0,,0.4129318741447831,0.5204851404793112,0.740781719303381,False
mrr,adherence to style guide,Style-Guide Adherence,2,11,6,613,13,8,632,15.871794871794872,0.4339398087825282,7.069268744510429,0.007841725398030575,0.1448738964949285,False
distinct,adherence to style guide,Style-Guide Adherence,0,16,8,608,16,8,632,0.0,,0.4129318741447831,0.5204851404793112,0.740781719303381,False
attack success rate asr,adherence to style guide,Style-Guide Adherence,1,13,7,611,14,8,632,6.3061224489795915,0.26832380230033104,1.9560406512353048,0.1619373974158699,0.713695180418376,False
perplexity,adherence to style guide,Style-Guide Adherence,1,28,7,596,29,8,632,2.970443349753695,0.15539916429488165,0.807242215986149,0.36893684850840014,0.740781719303381,False
alignscore,adherence to style guide,Style-Guide Adherence,0,11,8,613,11,8,632,0.0,,0.2827421729966932,0.5949095064239955,0.7493729251029531,False
chair,adherence to style guide,Style-Guide Adherence,0,10,8,614,10,8,632,0.0,,0.25683087373374114,0.6123057947522406,0.7501053574024433,False
chrf,adherence to style guide,Style-Guide Adherence,0,13,8,611,13,8,632,0.0,,0.33469100074151126,0.5629098258805294,0.740781719303381,False
comet,adherence to style guide,Style-Guide Adherence,0,27,8,597,27,8,632,0.0,,0.7031336500309078,0.40173274152901406,0.740781719303381,False
cosine similarity,adherence to style guide,Style-Guide Adherence,0,13,8,611,13,8,632,0.0,,0.33469100074151126,0.5629098258805294,0.740781719303381,False
auroc,adherence to style guide,Style-Guide Adherence,0,10,8,614,10,8,632,0.0,,0.25683087373374114,0.6123057947522406,0.7501053574024433,False
rouge,meaning accuracy,Meaning Accuracy,3,162,6,461,165,9,632,1.415151515151515,0.04566709849999519,0.23465197141522953,0.6280957114207459,0.7539882696414163,False
bleu,meaning accuracy,Meaning Accuracy,4,145,5,478,149,9,632,2.593288590604027,0.12523475961417915,1.9144823773758395,0.16646619786295658,0.7249206568841609,False
accuracy,meaning accuracy,Meaning Accuracy,1,126,8,497,127,9,632,0.4970472440944882,-0.09187973826714077,0.526247030512359,0.4681889734808683,0.740781719303381,False
exact match,meaning accuracy,Meaning Accuracy,1,36,8,587,37,9,632,2.010135135135135,0.09935771339914257,0.3687579793396879,0.5436820553357347,0.740781719303381,False
moverscore,meaning accuracy,Meaning Accuracy,1,18,8,605,19,9,632,4.032894736842104,0.20270557575862008,1.2479789027467398,0.2639388472516457,0.740781719303381,False
meteor,meaning accuracy,Meaning Accuracy,3,57,6,566,60,9,632,4.766666666666667,0.23474158786477758,3.9539642171554203,0.046761087455583134,0.42561775406959923,False
unieval,meaning accuracy,Meaning Accuracy,0,21,9,602,21,9,632,0.0,,0.6127118365921841,0.43376857901087595,0.740781719303381,False
g eval,meaning accuracy,Meaning Accuracy,0,23,9,600,23,9,632,0.0,,0.6721679811823397,0.41229676978330443,0.740781719303381,False
bertscore,meaning accuracy,Meaning Accuracy,4,129,5,494,133,9,632,3.001503759398496,0.14767328708529404,2.508863053685957,0.11320757982692338,0.6235929066191409,False
bartscore,meaning accuracy,Meaning Accuracy,0,34,9,589,34,9,632,0.0,,1.0027344090746806,0.316649764289871,0.740781719303381,False
questeval,meaning accuracy,Meaning Accuracy,0,10,9,613,10,9,632,0.0,,0.2891678827171611,0.5907542646241793,0.7472265214368077,False
ndcg,meaning accuracy,Meaning Accuracy,0,10,9,613,10,9,632,0.0,,0.2891678827171611,0.5907542646241793,0.7472265214368077,False
recall,meaning accuracy,Meaning Accuracy,0,57,9,566,57,9,632,0.0,,1.7141814015112042,0.19044375256848853,0.740781719303381,False
f1,meaning accuracy,Meaning Accuracy,2,91,7,532,93,9,632,1.6559139784946237,0.07161761053930894,0.3647318885951518,0.5458899381634519,0.740781719303381,False
win rate,meaning accuracy,Meaning Accuracy,0,22,9,601,22,9,632,0.0,,0.6424153596051566,0.4228375115048758,0.740781719303381,False
precision,meaning accuracy,Meaning Accuracy,0,36,9,587,36,9,632,0.0,,1.063495128749479,0.30241937867726226,0.740781719303381,False
spearman correlation,meaning accuracy,Meaning Accuracy,0,21,9,602,21,9,632,0.0,,0.6127118365921841,0.43376857901087595,0.740781719303381,False
pearson correlation,meaning accuracy,Meaning Accuracy,0,15,9,608,15,9,632,0.0,,0.43551276407173317,0.5092962427726968,0.740781719303381,False
bleurt,meaning accuracy,Meaning Accuracy,3,29,6,594,32,9,632,9.375,0.3522324480631533,7.287082266634157,0.006945218252274395,0.14155206975968823,False
qafacteval,meaning accuracy,Meaning Accuracy,0,10,9,613,10,9,632,0.0,,0.2891678827171611,0.5907542646241793,0.7472265214368077,False
cider,meaning accuracy,Meaning Accuracy,0,16,9,607,16,9,632,0.0,,0.4649250653956093,0.4953311875452643,0.740781719303381,False
mrr,meaning accuracy,Meaning Accuracy,0,13,9,610,13,9,632,0.0,,0.3768319531066899,0.5393036171261227,0.740781719303381,False
distinct,meaning accuracy,Meaning Accuracy,0,16,9,607,16,9,632,0.0,,0.4649250653956093,0.4953311875452643,0.740781719303381,False
attack success rate asr,meaning accuracy,Meaning Accuracy,0,14,9,609,14,9,632,0.0,,0.4061484454100359,0.5239309043844926,0.740781719303381,False
perplexity,meaning accuracy,Meaning Accuracy,0,29,9,594,29,9,632,0.0,,0.8517239422976429,0.35606509993116886,0.740781719303381,False
alignscore,meaning accuracy,Meaning Accuracy,0,11,9,612,11,9,632,0.0,,0.31834182616752327,0.5726058547863091,0.7412119148952531,False
chair,meaning accuracy,Meaning Accuracy,0,10,9,613,10,9,632,0.0,,0.2891678827171611,0.5907542646241793,0.7472265214368077,False
chrf,meaning accuracy,Meaning Accuracy,0,13,9,610,13,9,632,0.0,,0.3768319531066899,0.5393036171261227,0.740781719303381,False
comet,meaning accuracy,Meaning Accuracy,2,25,7,598,27,9,632,6.402116402116402,0.28649217949228345,3.7932281962370262,0.05146030954009099,0.4525043564847424,False
cosine similarity,meaning accuracy,Meaning Accuracy,0,13,9,610,13,9,632,0.0,,0.3768319531066899,0.5393036171261227,0.740781719303381,False
auroc,meaning accuracy,Meaning Accuracy,2,8,7,615,10,9,632,17.771428571428572,0.45905928485458214,7.653797050897651,0.005665295464622505,0.1311623468961337,False
rouge,empathy / emotional appropriateness,Empathy,5,160,21,446,165,26,632,0.6738816738816739,-0.06317135454221094,0.7075456440064247,0.40025980464006505,0.740781719303381,False
bleu,empathy / emotional appropriateness,Empathy,8,141,18,465,149,26,632,1.4407158836689038,0.06094319027274897,0.7340687423937955,0.3915675215020745,0.740781719303381,False
accuracy,empathy / emotional appropriateness,Empathy,2,125,24,481,127,26,632,0.33136482939632544,-0.16683287995534735,3.1910183261647154,0.07404387391963595,0.5341662002914677,False
exact match,empathy / emotional appropriateness,Empathy,0,37,26,569,37,26,632,0.0,,3.2055125220838803,0.073390511347216,0.5341662002914677,False
moverscore,empathy / emotional appropriateness,Empathy,1,18,25,588,19,26,632,1.2905263157894735,0.03820097723842663,0.06060369883884198,0.8055443017378369,0.8595919065802239,False
meteor,empathy / emotional appropriateness,Empathy,3,57,23,549,60,26,632,1.2434782608695654,0.036458033616920536,0.12461847871375742,0.7240783754610679,0.8051006866980925,False
unieval,empathy / emotional appropriateness,Empathy,1,20,25,586,21,26,632,1.1638095238095236,0.022681489704988657,0.022080186256836942,0.881873982738682,0.9165647642159316,False
g eval,empathy / emotional appropriateness,Empathy,3,20,23,586,23,26,632,3.4536862003780717,0.21567311489020202,3.1937390962741845,0.07392075393696342,0.5341662002914677,False
bertscore,empathy / emotional appropriateness,Empathy,5,128,21,478,133,26,632,0.8933046902971714,-0.018621606188803794,0.054808775478150995,0.8148974549100163,0.8665392122269883,False
bartscore,empathy / emotional appropriateness,Empathy,1,33,25,573,34,26,632,0.7035294117647058,-0.05203495485522732,0.13789536493636545,0.710382333916164,0.7932169039881952,False
questeval,empathy / emotional appropriateness,Empathy,0,10,26,596,10,26,632,0.0,,0.8470508599762027,0.35738797612665163,0.740781719303381,False
ndcg,empathy / emotional appropriateness,Empathy,0,10,26,596,10,26,632,0.0,,0.8470508599762027,0.35738797612665163,0.740781719303381,False
recall,empathy / emotional appropriateness,Empathy,0,57,26,549,57,26,632,0.0,,5.024192946130181,0.02499557183023335,0.2968629927110182,False
f1,empathy / emotional appropriateness,Empathy,3,90,23,516,93,26,632,0.7559607293127629,-0.04545453320739908,0.23207024326715464,0.629993005127906,0.7539882696414163,False
win rate,empathy / emotional appropriateness,Empathy,0,22,26,584,22,26,632,0.0,,1.8820712848124777,0.17009891935042035,0.7321932381586483,False
precision,empathy / emotional appropriateness,Empathy,0,36,26,570,36,26,632,0.0,,3.1162272883209634,0.07751606204558747,0.5473574189432762,False
spearman correlation,empathy / emotional appropriateness,Empathy,4,17,22,589,21,26,632,5.29004329004329,0.30272316263177584,6.929725492633884,0.00847746995309063,0.15201267200198787,False
pearson correlation,empathy / emotional appropriateness,Empathy,2,13,24,593,15,26,632,3.4277777777777776,0.20429855819590462,2.15516266043025,0.14209139496457152,0.6785513352224577,False
bleurt,empathy / emotional appropriateness,Empathy,1,31,25,575,32,26,632,0.75,-0.042634169989625666,0.09049190838557908,0.7635527250040697,0.8342520513933354,False
qafacteval,empathy / emotional appropriateness,Empathy,0,10,26,596,10,26,632,0.0,,0.8470508599762027,0.35738797612665163,0.740781719303381,False
cider,empathy / emotional appropriateness,Empathy,1,15,25,591,16,26,632,1.54,0.06484901636941774,0.16536277401646882,0.6842663767642477,0.7784091454845232,False
mrr,empathy / emotional appropriateness,Empathy,0,13,26,593,13,26,632,0.0,,1.1038807133909796,0.2934160246100975,0.740781719303381,False
distinct,empathy / emotional appropriateness,Empathy,3,13,23,593,16,26,632,5.021739130434783,0.2835024042026656,5.02718109358404,0.02495247946204771,0.2968629927110182,False
attack success rate asr,empathy / emotional appropriateness,Empathy,0,14,26,592,14,26,632,0.0,,1.189773370575685,0.27537527489003083,0.740781719303381,False
perplexity,empathy / emotional appropriateness,Empathy,0,29,26,577,29,26,632,0.0,,2.4954873829800013,0.11417302624150664,0.6235929066191409,False
alignscore,empathy / emotional appropriateness,Empathy,0,11,26,595,11,26,632,0.0,,0.9325199235375549,0.33420897947954903,0.740781719303381,False
chair,empathy / emotional appropriateness,Empathy,0,10,26,596,10,26,632,0.0,,0.8470508599762027,0.35738797612665163,0.740781719303381,False
chrf,empathy / emotional appropriateness,Empathy,0,13,26,593,13,26,632,0.0,,1.1038807133909796,0.2934160246100975,0.740781719303381,False
comet,empathy / emotional appropriateness,Empathy,0,27,26,579,27,26,632,0.0,,2.31948589782897,0.1277622456988735,0.6437386980254536,False
cosine similarity,empathy / emotional appropriateness,Empathy,2,11,24,595,13,26,632,3.967948717948718,0.2291608328305941,2.6145614107762607,0.10588679740051335,0.6131803250382504,False
auroc,empathy / emotional appropriateness,Empathy,0,10,26,596,10,26,632,0.0,,0.8470508599762027,0.35738797612665163,0.740781719303381,False
rouge,humanlikeness,Humanlikeness,1,164,11,456,165,12,632,0.25730027548209367,-0.17707897588973875,2.496075393265259,0.11413039385164629,0.6235929066191409,False
bleu,humanlikeness,Humanlikeness,4,145,8,475,149,12,632,1.6208053691275166,0.06840973794544543,0.5974639287658365,0.43954729138584303,0.740781719303381,False
accuracy,humanlikeness,Humanlikeness,1,126,11,494,127,12,632,0.36148890479599144,-0.13648929114812006,1.2805758445940212,0.25779199419509363,0.740781719303381,False
exact match,humanlikeness,Humanlikeness,0,37,12,583,37,12,632,0.0,,1.462228118472374,0.22657593630571957,0.740781719303381,False
moverscore,humanlikeness,Humanlikeness,0,19,12,601,19,12,632,0.0,,0.7397412866218716,0.38974376583367065,0.740781719303381,False
meteor,humanlikeness,Humanlikeness,0,60,12,560,60,12,632,0.0,,2.4182330713071805,0.11993013651346257,0.6285163887768569,False
unieval,humanlikeness,Humanlikeness,0,21,12,599,21,12,632,0.0,,0.8189518677165762,0.36548679337500267,0.740781719303381,False
g eval,humanlikeness,Humanlikeness,0,23,12,597,23,12,632,0.0,,0.8984247532099454,0.3432044441194596,0.740781719303381,False
bertscore,humanlikeness,Humanlikeness,3,130,9,490,133,12,632,1.25062656641604,0.0321938287325027,0.11048669627428609,0.739590717988216,0.8139057901326395,False
bartscore,humanlikeness,Humanlikeness,0,34,12,586,34,12,632,0.0,,1.3402930924008833,0.2469822873983688,0.740781719303381,False
questeval,humanlikeness,Humanlikeness,0,10,12,610,10,12,632,0.0,,0.38649380973384284,0.5341481860637087,0.740781719303381,False
ndcg,humanlikeness,Humanlikeness,0,10,12,610,10,12,632,0.0,,0.38649380973384284,0.5341481860637087,0.740781719303381,False
recall,humanlikeness,Humanlikeness,1,56,11,564,57,12,632,0.9170653907496013,-0.01226079695946674,0.0071714418052118145,0.9325123256252255,0.9485901243429018,False
f1,humanlikeness,Humanlikeness,1,92,11,528,93,12,632,0.5268817204301076,-0.08817281768089975,0.4578604441808132,0.49862559858300104,0.740781719303381,False
win rate,humanlikeness,Humanlikeness,1,21,11,599,22,12,632,2.520661157024793,0.13536288772340235,0.6275190745003583,0.42826679658682276,0.740781719303381,False
precision,humanlikeness,Humanlikeness,1,35,11,585,36,12,632,1.505050505050505,0.058996795052503735,0.13996469454397042,0.7083161132086984,0.7917580190842086,False
spearman correlation,humanlikeness,Humanlikeness,0,21,12,599,21,12,632,0.0,,0.8189518677165762,0.36548679337500267,0.740781719303381,False
pearson correlation,humanlikeness,Humanlikeness,0,15,12,605,15,12,632,0.0,,0.5821001511671188,0.4454903041462347,0.740781719303381,False
bleurt,humanlikeness,Humanlikeness,0,32,12,588,32,12,632,0.0,,1.2593459025070914,0.26177493863202295,0.740781719303381,False
qafacteval,humanlikeness,Humanlikeness,0,10,12,610,10,12,632,0.0,,0.38649380973384284,0.5341481860637087,0.740781719303381,False
cider,humanlikeness,Humanlikeness,0,16,12,604,16,12,632,0.0,,0.6214134650576334,0.43052251805184993,0.740781719303381,False
mrr,humanlikeness,Humanlikeness,0,13,12,607,13,12,632,0.0,,0.5036661957985271,0.47789364180878724,0.740781719303381,False
distinct,humanlikeness,Humanlikeness,2,14,10,606,16,12,632,7.700000000000001,0.327419320175668,4.599622580573264,0.03197899545341932,0.3420443431830639,False
attack success rate asr,humanlikeness,Humanlikeness,0,14,12,606,14,12,632,0.0,,0.5428511314010157,0.46125352120941343,0.740781719303381,False
perplexity,humanlikeness,Humanlikeness,0,29,12,591,29,12,632,0.0,,1.1384347541199504,0.28598331493246215,0.740781719303381,False
alignscore,humanlikeness,Humanlikeness,0,11,12,609,11,12,632,0.0,,0.4254877423716362,0.5142113915302742,0.740781719303381,False
chair,humanlikeness,Humanlikeness,0,10,12,610,10,12,632,0.0,,0.38649380973384284,0.5341481860637087,0.740781719303381,False
chrf,humanlikeness,Humanlikeness,0,13,12,607,13,12,632,0.0,,0.5036661957985271,0.47789364180878724,0.740781719303381,False
comet,humanlikeness,Humanlikeness,0,27,12,593,27,12,632,0.0,,1.0581644270819124,0.30363421018429354,0.740781719303381,False
cosine similarity,humanlikeness,Humanlikeness,1,12,11,608,13,12,632,4.328671328671328,0.21694175560944048,1.3873830279907864,0.2388475411179621,0.740781719303381,False
auroc,humanlikeness,Humanlikeness,0,10,12,610,10,12,632,0.0,,0.38649380973384284,0.5341481860637087,0.740781719303381,False
rouge,wellorderedness,Wellorderedness,1,164,7,460,165,8,632,0.4043290043290043,-0.11420534241167465,0.9032374973638699,0.3419150998907115,0.740781719303381,False
bleu,wellorderedness,Wellorderedness,2,147,6,477,149,8,632,1.080536912751678,0.010189602818392776,0.008998382975126284,0.9244261819092312,0.9445673110122814,False
accuracy,wellorderedness,Wellorderedness,1,126,7,498,127,8,632,0.5680539932508436,-0.07361565767005594,0.325395636210317,0.5683829657749147,0.740781719303381,False
exact match,wellorderedness,Wellorderedness,1,36,7,588,37,8,632,2.2972972972972974,0.11762179399622734,0.5004680591322235,0.4792945332455708,0.740781719303381,False
moverscore,wellorderedness,Wellorderedness,0,19,8,605,19,8,632,0.0,,0.49155723610498275,0.48323347826604246,0.740781719303381,False
meteor,wellorderedness,Wellorderedness,1,59,7,565,60,8,632,1.361904761904762,0.04265901823259833,0.07835286769132055,0.7795420876792453,0.8446578663301775,False
unieval,wellorderedness,Wellorderedness,0,21,8,603,21,8,632,0.0,,0.544189621878237,0.4607015790017417,0.740781719303381,False
g eval,wellorderedness,Wellorderedness,0,23,8,601,23,8,632,0.0,,0.5969957172469001,0.43972659730273733,0.740781719303381,False
bertscore,wellorderedness,Wellorderedness,0,133,8,491,133,8,632,0.0,,3.80778441078556,0.051014889257191456,0.4507547461420443,False
bartscore,wellorderedness,Wellorderedness,0,34,8,590,34,8,632,0.0,,0.8905862933493787,0.3453184774316126,0.740781719303381,False
questeval,wellorderedness,Wellorderedness,0,10,8,614,10,8,632,0.0,,0.25683087373374114,0.6123057947522406,0.7501053574024433,False
ndcg,wellorderedness,Wellorderedness,0,10,8,614,10,8,632,0.0,,0.25683087373374114,0.6123057947522406,0.7501053574024433,False
recall,wellorderedness,Wellorderedness,0,57,8,567,57,8,632,0.0,,1.522437986899809,0.21725092564755172,0.740781719303381,False
f1,wellorderedness,Wellorderedness,2,91,6,533,93,8,632,1.931899641577061,0.0920811808810012,0.5865493431335571,0.4437565770110229,0.740781719303381,False
win rate,wellorderedness,Wellorderedness,0,22,8,602,22,8,632,0.0,,0.5705708842272623,0.4500321513542903,0.740781719303381,False
precision,wellorderedness,Wellorderedness,0,36,8,588,36,8,632,0.0,,0.9445500634704299,0.3311104223685344,0.740781719303381,False
spearman correlation,wellorderedness,Wellorderedness,0,21,8,603,21,8,632,0.0,,0.544189621878237,0.4607015790017417,0.740781719303381,False
pearson correlation,wellorderedness,Wellorderedness,0,15,8,609,15,8,632,0.0,,0.3868090479881258,0.5339814886389167,0.740781719303381,False
bleurt,wellorderedness,Wellorderedness,0,32,8,592,32,8,632,0.0,,0.8368039198691952,0.36031245405761614,0.740781719303381,False
qafacteval,wellorderedness,Wellorderedness,0,10,8,614,10,8,632,0.0,,0.25683087373374114,0.6123057947522406,0.7501053574024433,False
cider,wellorderedness,Wellorderedness,0,16,8,608,16,8,632,0.0,,0.4129318741447831,0.5204851404793112,0.740781719303381,False
mrr,wellorderedness,Wellorderedness,0,13,8,611,13,8,632,0.0,,0.33469100074151126,0.5629098258805294,0.740781719303381,False
distinct,wellorderedness,Wellorderedness,0,16,8,608,16,8,632,0.0,,0.4129318741447831,0.5204851404793112,0.740781719303381,False
attack success rate asr,wellorderedness,Wellorderedness,0,14,8,610,14,8,632,0.0,,0.36072880305171195,0.5481017553228509,0.740781719303381,False
perplexity,wellorderedness,Wellorderedness,0,29,8,595,29,8,632,0.0,,0.7564678228957934,0.3844361738750143,0.740781719303381,False
alignscore,wellorderedness,Wellorderedness,0,11,8,613,11,8,632,0.0,,0.2827421729966932,0.5949095064239955,0.7493729251029531,False
chair,wellorderedness,Wellorderedness,0,10,8,614,10,8,632,0.0,,0.25683087373374114,0.6123057947522406,0.7501053574024433,False
chrf,wellorderedness,Wellorderedness,0,13,8,611,13,8,632,0.0,,0.33469100074151126,0.5629098258805294,0.740781719303381,False
comet,wellorderedness,Wellorderedness,0,27,8,597,27,8,632,0.0,,0.7031336500309078,0.40173274152901406,0.740781719303381,False
cosine similarity,wellorderedness,Wellorderedness,0,13,8,611,13,8,632,0.0,,0.33469100074151126,0.5629098258805294,0.740781719303381,False
auroc,wellorderedness,Wellorderedness,0,10,8,614,10,8,632,0.0,,0.25683087373374114,0.6123057947522406,0.7501053574024433,False
rouge,non-ai likeness,Non-AI Likeness,2,163,3,464,165,5,632,1.8868686868686868,0.07412652835023968,0.4610124568803844,0.49715117991088653,0.740781719303381,False
bleu,non-ai likeness,Non-AI Likeness,4,145,1,482,149,5,632,12.966442953020133,0.2413385880001278,7.164032659176576,0.007437979040888326,0.1448738964949285,False
accuracy,non-ai likeness,Non-AI Likeness,1,126,4,501,127,5,632,0.9940944881889764,-0.0007343287280027599,2.8322774776842405e-05,0.995753746568493,0.9973897056263822,False
exact match,non-ai likeness,Non-AI Likeness,0,37,5,590,37,5,632,0.0,,0.6057531903686316,0.4363913044969553,0.740781719303381,False
moverscore,non-ai likeness,Non-AI Likeness,0,19,5,608,19,5,632,0.0,,0.30647726100916445,0.5798499669499663,0.7452885379841802,False
meteor,non-ai likeness,Non-AI Likeness,0,60,5,567,60,5,632,0.0,,1.001676536727241,0.31690517483423214,0.740781719303381,False
unieval,non-ai likeness,Non-AI Likeness,0,21,5,606,21,5,632,0.0,,0.3392912562648257,0.5602386081634817,0.740781719303381,False
g eval,non-ai likeness,Non-AI Likeness,0,23,5,604,23,5,632,0.0,,0.3722132825471127,0.5418003044105368,0.740781719303381,False
bertscore,non-ai likeness,Non-AI Likeness,1,132,4,495,133,5,632,0.9379699248120301,-0.00789246696573716,0.003348851366508171,0.9538527682577186,0.9651883075388716,False
bartscore,non-ai likeness,Non-AI Likeness,0,34,5,593,34,5,632,0.0,,0.5552477342921056,0.45618136513471197,0.740781719303381,False
questeval,non-ai likeness,Non-AI Likeness,0,10,5,617,10,5,632,0.0,,0.16013237965463775,0.6890346673261034,0.7784091454845232,False
ndcg,non-ai likeness,Non-AI Likeness,0,10,5,617,10,5,632,0.0,,0.16013237965463775,0.6890346673261034,0.7784091454845232,False
recall,non-ai likeness,Non-AI Likeness,0,57,5,570,57,5,632,0.0,,0.9491366755914823,0.3299391464926426,0.740781719303381,False
f1,non-ai likeness,Non-AI Likeness,0,93,5,534,93,5,632,0.0,,1.598602817534329,0.20610132427947078,0.740781719303381,False
win rate,non-ai likeness,Non-AI Likeness,0,22,5,605,22,5,632,0.0,,0.3557387210878638,0.5508824185266696,0.740781719303381,False
precision,non-ai likeness,Non-AI Likeness,0,36,5,591,36,5,632,0.0,,0.5888896800562659,0.44284879400237764,0.740781719303381,False
spearman correlation,non-ai likeness,Non-AI Likeness,2,19,3,608,21,5,632,19.396825396825395,0.4322772167724897,7.262026764963217,0.007042776570875686,0.14155206975968823,False
pearson correlation,non-ai likeness,Non-AI Likeness,0,15,5,612,15,5,632,0.0,,0.24117054378376804,0.6233619617801589,0.7539882696414163,False
bleurt,non-ai likeness,Non-AI Likeness,0,32,5,595,32,5,632,0.0,,0.5217185878690392,0.4701095006571393,0.740781719303381,False
qafacteval,non-ai likeness,Non-AI Likeness,0,10,5,617,10,5,632,0.0,,0.16013237965463775,0.6890346673261034,0.7784091454845232,False
cider,non-ai likeness,Non-AI Likeness,0,16,5,611,16,5,632,0.0,,0.25745728233837684,0.6118724420728849,0.7501053574024433,False
mrr,non-ai likeness,Non-AI Likeness,0,13,5,614,13,5,632,0.0,,0.20867642910608494,0.6478067889615741,0.7608548217795242,False
distinct,non-ai likeness,Non-AI Likeness,1,15,4,612,16,5,632,9.625,0.3204990244287492,2.6039296557474882,0.10659910604165267,0.6131803250382504,False
attack success rate asr,non-ai likeness,Non-AI Likeness,0,14,5,613,14,5,632,0.0,,0.22491028803456273,0.6353237276938251,0.7539882696414163,False
perplexity,non-ai likeness,Non-AI Likeness,0,29,5,598,29,5,632,0.0,,0.4716347199151113,0.4922360807210754,0.740781719303381,False
alignscore,non-ai likeness,Non-AI Likeness,0,11,5,616,11,5,632,0.0,,0.176287559860989,0.6745832581898776,0.7745215186624521,False
chair,non-ai likeness,Non-AI Likeness,0,10,5,617,10,5,632,0.0,,0.16013237965463775,0.6890346673261034,0.7784091454845232,False
chrf,non-ai likeness,Non-AI Likeness,0,13,5,614,13,5,632,0.0,,0.20867642910608494,0.6478067889615741,0.7608548217795242,False
comet,non-ai likeness,Non-AI Likeness,0,27,5,600,27,5,632,0.0,,0.43838429000282264,0.5079033223832954,0.740781719303381,False
cosine similarity,non-ai likeness,Non-AI Likeness,1,12,4,615,13,5,632,11.903846153846153,0.3526967180295579,2.9953461319623154,0.08350406643340828,0.5604546200958308,False
auroc,non-ai likeness,Non-AI Likeness,0,10,5,617,10,5,632,0.0,,0.16013237965463775,0.6890346673261034,0.7784091454845232,False
rouge,effect on user behaviour,User-Behaviour Effect,4,161,4,463,165,8,632,2.83030303030303,0.12835250211546406,2.104104146531065,0.14690435731517287,0.6871817635024327,False
bleu,effect on user behaviour,User-Behaviour Effect,4,145,4,479,149,8,632,3.241610738255033,0.14850010769910385,2.6600506091143705,0.10289746051269857,0.6131803250382504,False
accuracy,effect on user behaviour,User-Behaviour Effect,0,127,8,497,127,8,632,0.0,,3.6150068485176203,0.0572604859891866,0.4668166391393362,False
exact match,effect on user behaviour,User-Behaviour Effect,0,37,8,587,37,8,632,0.0,,0.9716003554680023,0.3242813789508709,0.740781719303381,False
moverscore,effect on user behaviour,User-Behaviour Effect,0,19,8,605,19,8,632,0.0,,0.49155723610498275,0.48323347826604246,0.740781719303381,False
meteor,effect on user behaviour,User-Behaviour Effect,1,59,7,565,60,8,632,1.361904761904762,0.04265901823259833,0.07835286769132055,0.7795420876792453,0.8446578663301775,False
unieval,effect on user behaviour,User-Behaviour Effect,0,21,8,603,21,8,632,0.0,,0.544189621878237,0.4607015790017417,0.740781719303381,False
g eval,effect on user behaviour,User-Behaviour Effect,0,23,8,601,23,8,632,0.0,,0.5969957172469001,0.43972659730273733,0.740781719303381,False
bertscore,effect on user behaviour,User-Behaviour Effect,2,131,6,493,133,8,632,1.25062656641604,0.02992592413166316,0.07316478047313779,0.7867833939302525,0.8477889946254791,False
bartscore,effect on user behaviour,User-Behaviour Effect,0,34,8,590,34,8,632,0.0,,0.8905862933493787,0.3453184774316126,0.740781719303381,False
questeval,effect on user behaviour,User-Behaviour Effect,0,10,8,614,10,8,632,0.0,,0.25683087373374114,0.6123057947522406,0.7501053574024433,False
ndcg,effect on user behaviour,User-Behaviour Effect,0,10,8,614,10,8,632,0.0,,0.25683087373374114,0.6123057947522406,0.7501053574024433,False
recall,effect on user behaviour,User-Behaviour Effect,0,57,8,567,57,8,632,0.0,,1.522437986899809,0.21725092564755172,0.740781719303381,False
f1,effect on user behaviour,User-Behaviour Effect,0,93,8,531,93,8,632,0.0,,2.5644155956220924,0.10929293929057936,0.6131803250382504,False
win rate,effect on user behaviour,User-Behaviour Effect,1,21,7,603,22,8,632,3.961038961038961,0.19823652120146645,1.2084978419073122,0.2716298246346732,0.740781719303381,False
precision,effect on user behaviour,User-Behaviour Effect,0,36,8,588,36,8,632,0.0,,0.9445500634704299,0.3311104223685344,0.740781719303381,False
spearman correlation,effect on user behaviour,User-Behaviour Effect,0,21,8,603,21,8,632,0.0,,0.544189621878237,0.4607015790017417,0.740781719303381,False
pearson correlation,effect on user behaviour,User-Behaviour Effect,0,15,8,609,15,8,632,0.0,,0.3868090479881258,0.5339814886389167,0.740781719303381,False
bleurt,effect on user behaviour,User-Behaviour Effect,0,32,8,592,32,8,632,0.0,,0.8368039198691952,0.36031245405761614,0.740781719303381,False
qafacteval,effect on user behaviour,User-Behaviour Effect,0,10,8,614,10,8,632,0.0,,0.25683087373374114,0.6123057947522406,0.7501053574024433,False
cider,effect on user behaviour,User-Behaviour Effect,0,16,8,608,16,8,632,0.0,,0.4129318741447831,0.5204851404793112,0.740781719303381,False
mrr,effect on user behaviour,User-Behaviour Effect,0,13,8,611,13,8,632,0.0,,0.33469100074151126,0.5629098258805294,0.740781719303381,False
distinct,effect on user behaviour,User-Behaviour Effect,1,15,7,609,16,8,632,5.5,0.24761769548669604,1.725269815230498,0.18901611488009804,0.740781719303381,False
attack success rate asr,effect on user behaviour,User-Behaviour Effect,0,14,8,610,14,8,632,0.0,,0.36072880305171195,0.5481017553228509,0.740781719303381,False
perplexity,effect on user behaviour,User-Behaviour Effect,0,29,8,595,29,8,632,0.0,,0.7564678228957934,0.3844361738750143,0.740781719303381,False
alignscore,effect on user behaviour,User-Behaviour Effect,0,11,8,613,11,8,632,0.0,,0.2827421729966932,0.5949095064239955,0.7493729251029531,False
chair,effect on user behaviour,User-Behaviour Effect,0,10,8,614,10,8,632,0.0,,0.25683087373374114,0.6123057947522406,0.7501053574024433,False
chrf,effect on user behaviour,User-Behaviour Effect,0,13,8,611,13,8,632,0.0,,0.33469100074151126,0.5629098258805294,0.740781719303381,False
comet,effect on user behaviour,User-Behaviour Effect,0,27,8,597,27,8,632,0.0,,0.7031336500309078,0.40173274152901406,0.740781719303381,False
cosine similarity,effect on user behaviour,User-Behaviour Effect,0,13,8,611,13,8,632,0.0,,0.33469100074151126,0.5629098258805294,0.740781719303381,False
auroc,effect on user behaviour,User-Behaviour Effect,0,10,8,614,10,8,632,0.0,,0.25683087373374114,0.6123057947522406,0.7501053574024433,False
rouge,appropriateness (content/meaning),Appropriateness (content),2,163,4,463,165,6,632,1.415151515151515,0.042450065084812486,0.1556440616822269,0.6931990059747326,0.7821474287031376,False
bleu,appropriateness (content/meaning),Appropriateness (content),3,146,3,480,149,6,632,3.2416107382550337,0.14051532150953547,1.9874701021465109,0.15860565396486764,0.7109267813487051,False
accuracy,appropriateness (content/meaning),Appropriateness (content),1,126,5,500,127,6,632,0.7952755905511811,-0.029006104789076653,0.04640052327730115,0.8294493838390032,0.8779299323157043,False
exact match,appropriateness (content/meaning),Appropriateness (content),0,37,6,589,37,6,632,0.0,,0.7275013265740076,0.3936943067015122,0.740781719303381,False
moverscore,appropriateness (content/meaning),Appropriateness (content),0,19,6,607,19,6,632,0.0,,0.3680704727401177,0.5440579088970432,0.740781719303381,False
meteor,appropriateness (content/meaning),Appropriateness (content),2,58,4,568,60,6,632,4.766666666666667,0.21820514134422367,2.6163268502383104,0.10576902223415381,0.6131803250382504,False
unieval,appropriateness (content/meaning),Appropriateness (content),1,20,5,606,21,6,632,5.819047619047618,0.25005972170324625,1.7722026440043404,0.1831097192573829,0.740781719303381,False
g eval,appropriateness (content/meaning),Appropriateness (content),1,22,5,604,23,6,632,5.295652173913043,0.2359531410742941,1.6189101275356497,0.20324382171456304,0.740781719303381,False
bertscore,appropriateness (content/meaning),Appropriateness (content),2,131,4,495,133,6,632,1.8759398496240602,0.07990767483840665,0.4914915194696916,0.4832627251560603,0.740781719303381,False
bartscore,appropriateness (content/meaning),Appropriateness (content),1,33,5,593,34,6,632,3.5176470588235293,0.17534327714303025,1.0057939471443555,0.31591259200550253,0.740781719303381,False
questeval,appropriateness (content/meaning),Appropriateness (content),0,10,6,616,10,6,632,0.0,,0.19231329006149162,0.6609982200814528,0.7646842153883474,False
ndcg,appropriateness (content/meaning),Appropriateness (content),0,10,6,616,10,6,632,0.0,,0.19231329006149162,0.6609982200814528,0.7646842153883474,False
recall,appropriateness (content/meaning),Appropriateness (content),0,57,6,569,57,6,632,0.0,,1.1399167031158879,0.2856699292544672,0.740781719303381,False
f1,appropriateness (content/meaning),Appropriateness (content),0,93,6,533,93,6,632,0.0,,1.9199823051957712,0.16585861102021768,0.7240544380980183,False
win rate,appropriateness (content/meaning),Appropriateness (content),0,22,6,604,22,6,632,0.0,,0.4272329453854844,0.5133498326727222,0.740781719303381,False
precision,appropriateness (content/meaning),Appropriateness (content),0,36,6,590,36,6,632,0.0,,0.7072479841304238,0.40035893108936293,0.740781719303381,False
spearman correlation,appropriateness (content/meaning),Appropriateness (content),0,21,6,605,21,6,632,0.0,,0.40747969393313554,0.5232514929332894,0.740781719303381,False
pearson correlation,appropriateness (content/meaning),Appropriateness (content),0,15,6,611,15,6,632,0.0,,0.2896381927453796,0.5904524781752398,0.7472265214368077,False
bleurt,appropriateness (content/meaning),Appropriateness (content),0,32,6,594,32,6,632,0.0,,0.6265747277509348,0.42861451691895813,0.740781719303381,False
qafacteval,appropriateness (content/meaning),Appropriateness (content),0,10,6,616,10,6,632,0.0,,0.19231329006149162,0.6609982200814528,0.7646842153883474,False
cider,appropriateness (content/meaning),Appropriateness (content),0,16,6,610,16,6,632,0.0,,0.3091982551835671,0.5781725851532722,0.7441785068580822,False
mrr,appropriateness (content/meaning),Appropriateness (content),0,13,6,613,13,6,632,0.0,,0.250613458569681,0.6166434533160029,0.7510007930142059,False
distinct,appropriateness (content/meaning),Appropriateness (content),0,16,6,610,16,6,632,0.0,,0.3091982551835671,0.5781725851532722,0.7441785068580822,False
attack success rate asr,appropriateness (content/meaning),Appropriateness (content),0,14,6,612,14,6,632,0.0,,0.27010996168572915,0.6032580186164481,0.7501053574024433,False
perplexity,appropriateness (content/meaning),Appropriateness (content),1,28,5,598,29,6,632,4.158620689655172,0.200008717175861,1.245491980474821,0.2644152344585901,0.740781719303381,False
alignscore,appropriateness (content/meaning),Appropriateness (content),0,11,6,615,11,6,632,0.0,,0.21171522494067535,0.6454263372541353,0.7606216306944675,False
chair,appropriateness (content/meaning),Appropriateness (content),0,10,6,616,10,6,632,0.0,,0.19231329006149162,0.6609982200814528,0.7646842153883474,False
chrf,appropriateness (content/meaning),Appropriateness (content),0,13,6,613,13,6,632,0.0,,0.250613458569681,0.6166434533160029,0.7510007930142059,False
comet,appropriateness (content/meaning),Appropriateness (content),0,27,6,599,27,6,632,0.0,,0.5264899092946609,0.46808632435567066,0.740781719303381,False
cosine similarity,appropriateness (content/meaning),Appropriateness (content),0,13,6,613,13,6,632,0.0,,0.250613458569681,0.6166434533160029,0.7510007930142059,False
auroc,appropriateness (content/meaning),Appropriateness (content),0,10,6,616,10,6,632,0.0,,0.19231329006149162,0.6609982200814528,0.7646842153883474,False
rouge,similarity to target outputs (outputs as a whole),Target Similarity,2,163,4,463,165,6,632,1.415151515151515,0.042450065084812486,0.1556440616822269,0.6931990059747326,0.7821474287031376,False
bleu,similarity to target outputs (outputs as a whole),Target Similarity,2,147,4,479,149,6,632,1.6208053691275166,0.06017135352513626,0.295625797239913,0.5866377377641707,0.7472265214368077,False
accuracy,similarity to target outputs (outputs as a whole),Target Similarity,3,124,3,502,127,6,632,3.9763779527559056,0.17037531125161304,2.6885783295347183,0.10106995426901903,0.6102152194048444,False
exact match,similarity to target outputs (outputs as a whole),Target Similarity,1,36,5,590,37,6,632,3.2162162162162167,0.1622313468772067,0.8847540534993446,0.3469028801742934,0.740781719303381,False
moverscore,similarity to target outputs (outputs as a whole),Target Similarity,0,19,6,607,19,6,632,0.0,,0.3680704727401177,0.5440579088970432,0.740781719303381,False
meteor,similarity to target outputs (outputs as a whole),Target Similarity,0,60,6,566,60,6,632,0.0,,1.2030199718187322,0.2727189176582183,0.740781719303381,False
unieval,similarity to target outputs (outputs as a whole),Target Similarity,0,21,6,605,21,6,632,0.0,,0.40747969393313554,0.5232514929332894,0.740781719303381,False
g eval,similarity to target outputs (outputs as a whole),Target Similarity,0,23,6,603,23,6,632,0.0,,0.4470187666356336,0.5037541050616319,0.740781719303381,False
bertscore,similarity to target outputs (outputs as a whole),Target Similarity,4,129,2,497,133,6,632,7.503759398496241,0.22776365683895244,5.847694163125048,0.015597475295377092,0.2300627606068121,False
bartscore,similarity to target outputs (outputs as a whole),Target Similarity,0,34,6,592,34,6,632,0.0,,0.6668435620116278,0.41415425420565277,0.740781719303381,False
questeval,similarity to target outputs (outputs as a whole),Target Similarity,0,10,6,616,10,6,632,0.0,,0.19231329006149162,0.6609982200814528,0.7646842153883474,False
ndcg,similarity to target outputs (outputs as a whole),Target Similarity,0,10,6,616,10,6,632,0.0,,0.19231329006149162,0.6609982200814528,0.7646842153883474,False
recall,similarity to target outputs (outputs as a whole),Target Similarity,0,57,6,569,57,6,632,0.0,,1.1399167031158879,0.2856699292544672,0.740781719303381,False
f1,similarity to target outputs (outputs as a whole),Target Similarity,1,92,5,534,93,6,632,1.1591397849462366,0.01931036867814366,0.01775809801575362,0.89398814528245,0.924041973493134,False
win rate,similarity to target outputs (outputs as a whole),Target Similarity,0,22,6,604,22,6,632,0.0,,0.4272329453854844,0.5133498326727222,0.740781719303381,False
precision,similarity to target outputs (outputs as a whole),Target Similarity,0,36,6,590,36,6,632,0.0,,0.7072479841304238,0.40035893108936293,0.740781719303381,False
spearman correlation,similarity to target outputs (outputs as a whole),Target Similarity,0,21,6,605,21,6,632,0.0,,0.40747969393313554,0.5232514929332894,0.740781719303381,False
pearson correlation,similarity to target outputs (outputs as a whole),Target Similarity,0,15,6,611,15,6,632,0.0,,0.2896381927453796,0.5904524781752398,0.7472265214368077,False
bleurt,similarity to target outputs (outputs as a whole),Target Similarity,0,32,6,594,32,6,632,0.0,,0.6265747277509348,0.42861451691895813,0.740781719303381,False
qafacteval,similarity to target outputs (outputs as a whole),Target Similarity,0,10,6,616,10,6,632,0.0,,0.19231329006149162,0.6609982200814528,0.7646842153883474,False
cider,similarity to target outputs (outputs as a whole),Target Similarity,0,16,6,610,16,6,632,0.0,,0.3091982551835671,0.5781725851532722,0.7441785068580822,False
mrr,similarity to target outputs (outputs as a whole),Target Similarity,0,13,6,613,13,6,632,0.0,,0.250613458569681,0.6166434533160029,0.7510007930142059,False
distinct,similarity to target outputs (outputs as a whole),Target Similarity,1,15,5,611,16,6,632,7.700000000000001,0.29222724836767533,2.2496870336952126,0.1336414286875686,0.6606220893771971,False
attack success rate asr,similarity to target outputs (outputs as a whole),Target Similarity,0,14,6,612,14,6,632,0.0,,0.27010996168572915,0.6032580186164481,0.7501053574024433,False
perplexity,similarity to target outputs (outputs as a whole),Target Similarity,1,28,5,598,29,6,632,4.158620689655172,0.200008717175861,1.245491980474821,0.2644152344585901,0.740781719303381,False
alignscore,similarity to target outputs (outputs as a whole),Target Similarity,0,11,6,615,11,6,632,0.0,,0.21171522494067535,0.6454263372541353,0.7606216306944675,False
chair,similarity to target outputs (outputs as a whole),Target Similarity,0,10,6,616,10,6,632,0.0,,0.19231329006149162,0.6609982200814528,0.7646842153883474,False
chrf,similarity to target outputs (outputs as a whole),Target Similarity,0,13,6,613,13,6,632,0.0,,0.250613458569681,0.6166434533160029,0.7510007930142059,False
comet,similarity to target outputs (outputs as a whole),Target Similarity,1,26,5,600,27,6,632,4.481481481481481,0.21108953429252647,1.3577763328495005,0.24392323454637102,0.740781719303381,False
cosine similarity,similarity to target outputs (outputs as a whole),Target Similarity,0,13,6,613,13,6,632,0.0,,0.250613458569681,0.6166434533160029,0.7510007930142059,False
auroc,similarity to target outputs (outputs as a whole),Target Similarity,0,10,6,616,10,6,632,0.0,,0.19231329006149162,0.6609982200814528,0.7646842153883474,False
rouge,control over sentiment,Sentiment Control,2,163,6,461,165,8,632,0.9434343434343434,-0.0075316856219309804,0.005200218653879429,0.9425123454702549,0.9566343395477781,False
bleu,control over sentiment,Sentiment Control,2,147,6,477,149,8,632,1.080536912751678,0.010189602818392776,0.008998382975126284,0.9244261819092312,0.9445673110122814,False
accuracy,control over sentiment,Sentiment Control,1,126,7,498,127,8,632,0.5680539932508436,-0.07361565767005594,0.325395636210317,0.5683829657749147,0.740781719303381,False
exact match,control over sentiment,Sentiment Control,0,37,8,587,37,8,632,0.0,,0.9716003554680023,0.3242813789508709,0.740781719303381,False
moverscore,control over sentiment,Sentiment Control,0,19,8,605,19,8,632,0.0,,0.49155723610498275,0.48323347826604246,0.740781719303381,False
meteor,control over sentiment,Sentiment Control,0,60,8,564,60,8,632,0.0,,1.606724027903783,0.20495291486934739,0.740781719303381,False
unieval,control over sentiment,Sentiment Control,1,20,7,604,21,8,632,4.156462585034014,0.20545016882226694,1.2807074518220465,0.2577675380390519,0.740781719303381,False
g eval,control over sentiment,Sentiment Control,1,22,7,602,23,8,632,3.782608695652174,0.19134358819331482,1.1406599926698795,0.2855129109454542,0.740781719303381,False
bertscore,control over sentiment,Sentiment Control,2,131,6,493,133,8,632,1.25062656641604,0.02992592413166316,0.07316478047313779,0.7867833939302525,0.8477889946254791,False
bartscore,control over sentiment,Sentiment Control,1,33,7,591,34,8,632,2.5126050420168067,0.13073372426205093,0.6011861284203122,0.43812582189818383,0.740781719303381,False
questeval,control over sentiment,Sentiment Control,0,10,8,614,10,8,632,0.0,,0.25683087373374114,0.6123057947522406,0.7501053574024433,False
ndcg,control over sentiment,Sentiment Control,0,10,8,614,10,8,632,0.0,,0.25683087373374114,0.6123057947522406,0.7501053574024433,False
recall,control over sentiment,Sentiment Control,0,57,8,567,57,8,632,0.0,,1.522437986899809,0.21725092564755172,0.740781719303381,False
f1,control over sentiment,Sentiment Control,0,93,8,531,93,8,632,0.0,,2.5644155956220924,0.10929293929057936,0.6131803250382504,False
win rate,control over sentiment,Sentiment Control,0,22,8,602,22,8,632,0.0,,0.5705708842272623,0.4500321513542903,0.740781719303381,False
precision,control over sentiment,Sentiment Control,0,36,8,588,36,8,632,0.0,,0.9445500634704299,0.3311104223685344,0.740781719303381,False
spearman correlation,control over sentiment,Sentiment Control,0,21,8,603,21,8,632,0.0,,0.544189621878237,0.4607015790017417,0.740781719303381,False
pearson correlation,control over sentiment,Sentiment Control,0,15,8,609,15,8,632,0.0,,0.3868090479881258,0.5339814886389167,0.740781719303381,False
bleurt,control over sentiment,Sentiment Control,0,32,8,592,32,8,632,0.0,,0.8368039198691952,0.36031245405761614,0.740781719303381,False
qafacteval,control over sentiment,Sentiment Control,0,10,8,614,10,8,632,0.0,,0.25683087373374114,0.6123057947522406,0.7501053574024433,False
cider,control over sentiment,Sentiment Control,0,16,8,608,16,8,632,0.0,,0.4129318741447831,0.5204851404793112,0.740781719303381,False
mrr,control over sentiment,Sentiment Control,0,13,8,611,13,8,632,0.0,,0.33469100074151126,0.5629098258805294,0.740781719303381,False
distinct,control over sentiment,Sentiment Control,0,16,8,608,16,8,632,0.0,,0.4129318741447831,0.5204851404793112,0.740781719303381,False
attack success rate asr,control over sentiment,Sentiment Control,0,14,8,610,14,8,632,0.0,,0.36072880305171195,0.5481017553228509,0.740781719303381,False
perplexity,control over sentiment,Sentiment Control,0,29,8,595,29,8,632,0.0,,0.7564678228957934,0.3844361738750143,0.740781719303381,False
alignscore,control over sentiment,Sentiment Control,0,11,8,613,11,8,632,0.0,,0.2827421729966932,0.5949095064239955,0.7493729251029531,False
chair,control over sentiment,Sentiment Control,0,10,8,614,10,8,632,0.0,,0.25683087373374114,0.6123057947522406,0.7501053574024433,False
chrf,control over sentiment,Sentiment Control,0,13,8,611,13,8,632,0.0,,0.33469100074151126,0.5629098258805294,0.740781719303381,False
comet,control over sentiment,Sentiment Control,1,26,7,598,27,8,632,3.201058201058201,0.16647998141154713,0.9061486169999766,0.3411383733358979,0.740781719303381,False
cosine similarity,control over sentiment,Sentiment Control,1,12,7,612,13,8,632,6.802197802197803,0.2798153890875046,2.0872744089481294,0.14853085780846928,0.6894998450042901,False
auroc,control over sentiment,Sentiment Control,0,10,8,614,10,8,632,0.0,,0.25683087373374114,0.6123057947522406,0.7501053574024433,False
rouge,refusal appropriateness,Refusal Appropriateness,1,164,11,456,165,12,632,0.25730027548209367,-0.17707897588973875,2.496075393265259,0.11413039385164629,0.6235929066191409,False
bleu,refusal appropriateness,Refusal Appropriateness,0,149,12,471,149,12,632,0.0,,6.524278568177888,0.010641170285183892,0.17533964370812016,False
accuracy,refusal appropriateness,Refusal Appropriateness,3,124,9,496,127,12,632,1.325459317585302,0.04082180086424368,0.17361201482780042,0.67692144569157,0.7762315512036875,False
exact match,refusal appropriateness,Refusal Appropriateness,0,37,12,583,37,12,632,0.0,,1.462228118472374,0.22657593630571957,0.740781719303381,False
moverscore,refusal appropriateness,Refusal Appropriateness,0,19,12,601,19,12,632,0.0,,0.7397412866218716,0.38974376583367065,0.740781719303381,False
meteor,refusal appropriateness,Refusal Appropriateness,0,60,12,560,60,12,632,0.0,,2.4182330713071805,0.11993013651346257,0.6285163887768569,False
unieval,refusal appropriateness,Refusal Appropriateness,0,21,12,599,21,12,632,0.0,,0.8189518677165762,0.36548679337500267,0.740781719303381,False
g eval,refusal appropriateness,Refusal Appropriateness,0,23,12,597,23,12,632,0.0,,0.8984247532099454,0.3432044441194596,0.740781719303381,False
bertscore,refusal appropriateness,Refusal Appropriateness,0,133,12,487,133,12,632,0.0,,5.732413755524425,0.016654575816651144,0.23431707052811493,False
bartscore,refusal appropriateness,Refusal Appropriateness,0,34,12,586,34,12,632,0.0,,1.3402930924008833,0.2469822873983688,0.740781719303381,False
questeval,refusal appropriateness,Refusal Appropriateness,0,10,12,610,10,12,632,0.0,,0.38649380973384284,0.5341481860637087,0.740781719303381,False
ndcg,refusal appropriateness,Refusal Appropriateness,0,10,12,610,10,12,632,0.0,,0.38649380973384284,0.5341481860637087,0.740781719303381,False
recall,refusal appropriateness,Refusal Appropriateness,0,57,12,563,57,12,632,0.0,,2.291355801436061,0.13009623632310607,0.6465924354210897,False
f1,refusal appropriateness,Refusal Appropriateness,2,91,10,529,93,12,632,1.1591397849462366,0.02163585983256543,0.035872346049170556,0.8497793533311029,0.8922643499816203,False
win rate,refusal appropriateness,Refusal Appropriateness,0,22,12,598,22,12,632,0.0,,0.8586554138775983,0.35411523815521007,0.740781719303381,False
precision,refusal appropriateness,Refusal Appropriateness,0,36,12,584,36,12,632,0.0,,1.4215142345698988,0.23315432823734064,0.740781719303381,False
spearman correlation,refusal appropriateness,Refusal Appropriateness,0,21,12,599,21,12,632,0.0,,0.8189518677165762,0.36548679337500267,0.740781719303381,False
pearson correlation,refusal appropriateness,Refusal Appropriateness,0,15,12,605,15,12,632,0.0,,0.5821001511671188,0.4454903041462347,0.740781719303381,False
bleurt,refusal appropriateness,Refusal Appropriateness,0,32,12,588,32,12,632,0.0,,1.2593459025070914,0.26177493863202295,0.740781719303381,False
qafacteval,refusal appropriateness,Refusal Appropriateness,0,10,12,610,10,12,632,0.0,,0.38649380973384284,0.5341481860637087,0.740781719303381,False
cider,refusal appropriateness,Refusal Appropriateness,0,16,12,604,16,12,632,0.0,,0.6214134650576334,0.43052251805184993,0.740781719303381,False
mrr,refusal appropriateness,Refusal Appropriateness,0,13,12,607,13,12,632,0.0,,0.5036661957985271,0.47789364180878724,0.740781719303381,False
distinct,refusal appropriateness,Refusal Appropriateness,1,15,11,605,16,12,632,3.5,0.18474406200863192,1.0648199051648175,0.3021184449457799,0.740781719303381,False
attack success rate asr,refusal appropriateness,Refusal Appropriateness,2,12,10,608,14,12,632,8.82857142857143,0.350619002800319,5.107649839144316,0.023820566508817562,0.2927359582223289,False
perplexity,refusal appropriateness,Refusal Appropriateness,2,27,10,593,29,12,632,4.158620689655172,0.22409518131085976,2.531023003641366,0.11162782446488496,0.6224612528849836,False
alignscore,refusal appropriateness,Refusal Appropriateness,0,11,12,609,11,12,632,0.0,,0.4254877423716362,0.5142113915302742,0.740781719303381,False
chair,refusal appropriateness,Refusal Appropriateness,0,10,12,610,10,12,632,0.0,,0.38649380973384284,0.5341481860637087,0.740781719303381,False
chrf,refusal appropriateness,Refusal Appropriateness,0,13,12,607,13,12,632,0.0,,0.5036661957985271,0.47789364180878724,0.740781719303381,False
comet,refusal appropriateness,Refusal Appropriateness,0,27,12,593,27,12,632,0.0,,1.0581644270819124,0.30363421018429354,0.740781719303381,False
cosine similarity,refusal appropriateness,Refusal Appropriateness,0,13,12,607,13,12,632,0.0,,0.5036661957985271,0.47789364180878724,0.740781719303381,False
auroc,refusal appropriateness,Refusal Appropriateness,0,10,12,610,10,12,632,0.0,,0.38649380973384284,0.5341481860637087,0.740781719303381,False
rouge,similarity to target outputs (content/meaning),Target Similarity (content),3,162,8,459,165,11,632,1.0613636363636363,0.008160499962012591,0.007805238500189993,0.9296006770497747,0.9477366991772787,False
bleu,similarity to target outputs (content/meaning),Target Similarity (content),3,146,8,475,149,11,632,1.2156040268456374,0.02722477755815298,0.0821436091803237,0.7744132049098199,0.8426523043285506,False
accuracy,similarity to target outputs (content/meaning),Target Similarity (content),3,124,8,497,127,11,632,1.4911417322834646,0.05708476730023057,0.33281351907151824,0.5640070638366865,0.740781719303381,False
exact match,similarity to target outputs (content/meaning),Target Similarity (content),1,36,10,585,37,11,632,1.6081081081081083,0.06824061971099778,0.1842229937040748,0.6677689061664793,0.7700815443748364,False
moverscore,similarity to target outputs (content/meaning),Target Similarity (content),1,18,10,603,19,11,632,3.2263157894736842,0.17158848207047528,0.9424261696917304,0.33165467298847523,0.740781719303381,False
meteor,similarity to target outputs (content/meaning),Target Similarity (content),2,58,9,563,60,11,632,2.1185185185185182,0.11289538613324826,0.7998224565098047,0.37114645740571883,0.740781719303381,False
unieval,similarity to target outputs (content/meaning),Target Similarity (content),1,20,10,601,21,11,632,2.909523809523809,0.15606899453703735,0.8029720599698709,0.3702062553822263,0.740781719303381,False
g eval,similarity to target outputs (content/meaning),Target Similarity (content),0,23,11,598,23,11,632,0.0,,0.8228820945482959,0.3643388545196824,0.740781719303381,False
bertscore,similarity to target outputs (content/meaning),Target Similarity (content),3,130,8,491,133,11,632,1.406954887218045,0.04845679516848955,0.245371783237599,0.6203529678813459,0.7524042296120567,False
bartscore,similarity to target outputs (content/meaning),Target Similarity (content),1,33,10,588,34,11,632,1.7588235294117647,0.08135254997682136,0.25432868528253183,0.614043475311602,0.7510007930142059,False
questeval,similarity to target outputs (content/meaning),Target Similarity (content),0,10,11,611,10,11,632,0.0,,0.35399918039741074,0.5518579746517651,0.740781719303381,False
ndcg,similarity to target outputs (content/meaning),Target Similarity (content),0,10,11,611,10,11,632,0.0,,0.35399918039741074,0.5518579746517651,0.740781719303381,False
recall,similarity to target outputs (content/meaning),Target Similarity (content),1,56,10,565,57,11,632,1.0087719298245614,0.0012316622333678178,7.040628723953626e-05,0.993305152529349,0.9960280284957124,False
f1,similarity to target outputs (content/meaning),Target Similarity (content),2,91,9,530,93,11,632,1.2879330943847074,0.03675317637676928,0.10109151157443375,0.7505236886510632,0.8237669564955289,False
win rate,similarity to target outputs (content/meaning),Target Similarity (content),0,22,11,599,22,11,632,0.0,,0.7864572383800817,0.37517353318896385,0.740781719303381,False
precision,similarity to target outputs (content/meaning),Target Similarity (content),1,35,10,586,36,11,632,1.6555555555555554,0.07248925424533825,0.20591527634483386,0.6499879827212229,0.7610934829687047,False
spearman correlation,similarity to target outputs (content/meaning),Target Similarity (content),0,21,11,600,21,11,632,0.0,,0.7500925919332619,0.38644691720216706,0.740781719303381,False
pearson correlation,similarity to target outputs (content/meaning),Target Similarity (content),0,15,11,606,15,11,632,0.0,,0.5331580570077463,0.46528216451692594,0.740781719303381,False
bleurt,similarity to target outputs (content/meaning),Target Similarity (content),2,30,9,591,32,11,632,4.166666666666667,0.22210956496469256,2.5076169881540196,0.11329713878203691,0.6235929066191409,False
qafacteval,similarity to target outputs (content/meaning),Target Similarity (content),0,10,11,611,10,11,632,0.0,,0.35399918039741074,0.5518579746517651,0.740781719303381,False
cider,similarity to target outputs (content/meaning),Target Similarity (content),3,13,8,608,16,11,632,14.437499999999998,0.44427935991254003,10.090274417458778,0.0014905390735095018,0.05048511047127553,False
mrr,similarity to target outputs (content/meaning),Target Similarity (content),0,13,11,608,13,11,632,0.0,,0.46131932757619304,0.4970080283785083,0.740781719303381,False
distinct,similarity to target outputs (content/meaning),Target Similarity (content),0,16,11,605,16,11,632,0.0,,0.5691655842690561,0.45059068158267346,0.740781719303381,False
attack success rate asr,similarity to target outputs (content/meaning),Target Similarity (content),0,14,11,607,14,11,632,0.0,,0.49720936877219224,0.480728874387336,0.740781719303381,False
perplexity,similarity to target outputs (content/meaning),Target Similarity (content),1,28,10,593,29,11,632,2.079310344827586,0.10601799000965208,0.4097086874766557,0.5221174011139331,0.740781719303381,False
alignscore,similarity to target outputs (content/meaning),Target Similarity (content),0,11,11,610,11,11,632,0.0,,0.3897144230420339,0.5324495512931746,0.740781719303381,False
chair,similarity to target outputs (content/meaning),Target Similarity (content),0,10,11,611,10,11,632,0.0,,0.35399918039741074,0.5518579746517651,0.740781719303381,False
chrf,similarity to target outputs (content/meaning),Target Similarity (content),1,12,10,609,13,11,632,4.7615384615384615,0.23043421480227502,1.53039508660042,0.21605315897349792,0.740781719303381,False
comet,similarity to target outputs (content/meaning),Target Similarity (content),1,26,10,595,27,11,632,2.2407407407407405,0.11709880712631758,0.488463893428424,0.48461332768776966,0.740781719303381,False
cosine similarity,similarity to target outputs (content/meaning),Target Similarity (content),0,13,11,608,13,11,632,0.0,,0.46131932757619304,0.4970080283785083,0.740781719303381,False
auroc,similarity to target outputs (content/meaning),Target Similarity (content),1,9,10,612,10,11,632,6.220000000000001,0.2711178501435197,1.9821752582827326,0.15916143528921692,0.7109267813487051,False
rouge,appropriateness (form),Appropriateness (form),2,163,5,462,165,7,632,1.132121212121212,0.01566799700272003,0.021849563521869786,0.8824879987885487,0.9165647642159316,False
bleu,appropriateness (form),Appropriateness (form),1,148,6,477,149,7,632,0.540268456375839,-0.07768268770566956,0.3784823166116673,0.5384165960028995,0.740781719303381,False
accuracy,appropriateness (form),Appropriateness (form),3,124,4,501,127,7,632,2.982283464566929,0.14156359238392932,1.8875265938073862,0.16948116130839144,0.7321932381586483,False
exact match,appropriateness (form),Appropriateness (form),0,37,7,588,37,7,632,0.0,,0.8494501606116247,0.3567079311950673,0.740781719303381,False
moverscore,appropriateness (form),Appropriateness (form),0,19,7,606,19,7,632,0.0,,0.4297636893398893,0.5121049250571573,0.740781719303381,False
meteor,appropriateness (form),Appropriateness (form),0,60,7,565,60,7,632,0.0,,1.4047020881152703,0.23593787165069724,0.740781719303381,False
unieval,appropriateness (form),Appropriateness (form),0,21,7,604,21,7,632,0.0,,0.4757790286928533,0.49034048974890276,0.740781719303381,False
g eval,appropriateness (form),Appropriateness (form),0,23,7,602,23,7,632,0.0,,0.5219461122919291,0.4700127044954183,0.740781719303381,False
bertscore,appropriateness (form),Appropriateness (form),0,133,7,492,133,7,632,0.0,,3.328805499541442,0.06807629904847046,0.5092920873510547,False
bartscore,appropriateness (form),Appropriateness (form),0,34,7,591,34,7,632,0.0,,0.7786228801784072,0.37756264312017507,0.740781719303381,False
questeval,appropriateness (form),Appropriateness (form),0,10,7,615,10,7,632,0.0,,0.22454606560366053,0.6355976635792313,0.7539882696414163,False
ndcg,appropriateness (form),Appropriateness (form),0,10,7,615,10,7,632,0.0,,0.22454606560366053,0.6355976635792313,0.7539882696414163,False
recall,appropriateness (form),Appropriateness (form),0,57,7,568,57,7,632,0.0,,1.3310167814008367,0.2486244118649423,0.740781719303381,False
f1,appropriateness (form),Appropriateness (form),2,91,5,534,93,7,632,2.318279569892473,0.11528086350565223,0.8931528200827952,0.3446243513172885,0.740781719303381,False
win rate,appropriateness (form),Appropriateness (form),0,22,7,603,22,7,632,0.0,,0.4988435399360528,0.4800087018791025,0.740781719303381,False
precision,appropriateness (form),Appropriateness (form),0,36,7,589,36,7,632,0.0,,0.8258012307982369,0.3634894636437309,0.740781719303381,False
spearman correlation,appropriateness (form),Appropriateness (form),0,21,7,604,21,7,632,0.0,,0.4757790286928533,0.49034048974890276,0.740781719303381,False
pearson correlation,appropriateness (form),Appropriateness (form),0,15,7,610,15,7,632,0.0,,0.3381842760527674,0.5608791718660135,0.740781719303381,False
bleurt,appropriateness (form),Appropriateness (form),0,32,7,593,32,7,632,0.0,,0.7316029830525088,0.39236409227268587,0.740781719303381,False
qafacteval,appropriateness (form),Appropriateness (form),0,10,7,615,10,7,632,0.0,,0.22454606560366053,0.6355976635792313,0.7539882696414163,False
cider,appropriateness (form),Appropriateness (form),0,16,7,609,16,7,632,0.0,,0.3610230284840795,0.5479386199543832,0.740781719303381,False
mrr,appropriateness (form),Appropriateness (form),1,12,6,613,13,7,632,7.935897435897436,0.3005214959011396,2.335163750265475,0.12648168945992222,0.640817202277556,False
distinct,appropriateness (form),Appropriateness (form),0,16,7,609,16,7,632,0.0,,0.3610230284840795,0.5479386199543832,0.740781719303381,False
attack success rate asr,appropriateness (form),Appropriateness (form),0,14,7,611,14,7,632,0.0,,0.31538272110976673,0.5743957635228131,0.7414042706303636,False
perplexity,appropriateness (form),Appropriateness (form),0,29,7,596,29,7,632,0.0,,0.6613679200372614,0.41607743108801476,0.740781719303381,False
alignscore,appropriateness (form),Appropriateness (form),0,11,7,614,11,7,632,0.0,,0.24720003443625876,0.6190535563078535,0.7523248867023682,False
chair,appropriateness (form),Appropriateness (form),0,10,7,615,10,7,632,0.0,,0.22454606560366053,0.6355976635792313,0.7539882696414163,False
chrf,appropriateness (form),Appropriateness (form),0,13,7,612,13,7,632,0.0,,0.29261824268317305,0.5885475635956433,0.7472265214368077,False
comet,appropriateness (form),Appropriateness (form),1,26,6,599,27,7,632,3.7345679012345676,0.18718608822518215,1.1077931129615217,0.29256218036279985,0.740781719303381,False
cosine similarity,appropriateness (form),Appropriateness (form),1,12,6,613,13,7,632,7.935897435897436,0.3005214959011396,2.335163750265475,0.12648168945992222,0.640817202277556,False
auroc,appropriateness (form),Appropriateness (form),0,10,7,615,10,7,632,0.0,,0.22454606560366053,0.6355976635792313,0.7539882696414163,False
rouge,nonredundancy (output as a whole),Nonredundancy,6,159,2,465,165,8,632,8.49090909090909,0.22659059652773045,8.455962615014508,0.0036384862585253485,0.09441610482345315,False
bleu,nonredundancy (output as a whole),Nonredundancy,3,146,5,478,149,8,632,1.94496644295302,0.08674575653556595,0.7844298665885527,0.3757897438841581,0.740781719303381,False
accuracy,nonredundancy (output as a whole),Nonredundancy,1,126,7,498,127,8,632,0.5680539932508436,-0.07361565767005594,0.325395636210317,0.5683829657749147,0.740781719303381,False
exact match,nonredundancy (output as a whole),Nonredundancy,0,37,8,587,37,8,632,0.0,,0.9716003554680023,0.3242813789508709,0.740781719303381,False
moverscore,nonredundancy (output as a whole),Nonredundancy,2,17,6,607,19,8,632,10.75438596491228,0.36800745677254987,5.562285540703314,0.018351440826054718,0.24822954950995454,False
meteor,nonredundancy (output as a whole),Nonredundancy,1,59,7,565,60,8,632,1.361904761904762,0.04265901823259833,0.07835286769132055,0.7795420876792453,0.8446578663301775,False
unieval,nonredundancy (output as a whole),Nonredundancy,0,21,8,603,21,8,632,0.0,,0.544189621878237,0.4607015790017417,0.740781719303381,False
g eval,nonredundancy (output as a whole),Nonredundancy,1,22,7,602,23,8,632,3.782608695652174,0.19134358819331482,1.1406599926698795,0.2855129109454542,0.740781719303381,False
bertscore,nonredundancy (output as a whole),Nonredundancy,3,130,5,494,133,8,632,2.251127819548872,0.10797777414590252,1.1458190991710078,0.2844260718959424,0.740781719303381,False
bartscore,nonredundancy (output as a whole),Nonredundancy,2,32,6,592,34,8,632,5.862745098039215,0.266904675609758,3.435068245671817,0.0638259481760175,0.4980044328651322,False
questeval,nonredundancy (output as a whole),Nonredundancy,0,10,8,614,10,8,632,0.0,,0.25683087373374114,0.6123057947522406,0.7501053574024433,False
ndcg,nonredundancy (output as a whole),Nonredundancy,1,9,7,615,10,8,632,8.885714285714286,0.3204990244287492,2.5684664631278853,0.10901336512525894,0.6131803250382504,False
recall,nonredundancy (output as a whole),Nonredundancy,1,56,7,568,57,8,632,1.4411027568922306,0.050612836518597354,0.1081414759518241,0.7422700413166308,0.816363142253829,False
f1,nonredundancy (output as a whole),Nonredundancy,1,92,7,532,93,8,632,0.8279569892473119,-0.02529918420283565,0.0330915666076077,0.8556526695263871,0.8963280255233459,False
win rate,nonredundancy (output as a whole),Nonredundancy,0,22,8,602,22,8,632,0.0,,0.5705708842272623,0.4500321513542903,0.740781719303381,False
precision,nonredundancy (output as a whole),Nonredundancy,0,36,8,588,36,8,632,0.0,,0.9445500634704299,0.3311104223685344,0.740781719303381,False
spearman correlation,nonredundancy (output as a whole),Nonredundancy,0,21,8,603,21,8,632,0.0,,0.544189621878237,0.4607015790017417,0.740781719303381,False
pearson correlation,nonredundancy (output as a whole),Nonredundancy,0,15,8,609,15,8,632,0.0,,0.3868090479881258,0.5339814886389167,0.740781719303381,False
bleurt,nonredundancy (output as a whole),Nonredundancy,2,30,6,594,32,8,632,6.25,0.2774375694689245,3.64496242667457,0.05623907282706807,0.4668166391393362,False
qafacteval,nonredundancy (output as a whole),Nonredundancy,0,10,8,614,10,8,632,0.0,,0.25683087373374114,0.6123057947522406,0.7501053574024433,False
cider,nonredundancy (output as a whole),Nonredundancy,0,16,8,608,16,8,632,0.0,,0.4129318741447831,0.5204851404793112,0.740781719303381,False
mrr,nonredundancy (output as a whole),Nonredundancy,1,12,7,612,13,8,632,6.802197802197803,0.2798153890875046,2.0872744089481294,0.14853085780846928,0.6894998450042901,False
distinct,nonredundancy (output as a whole),Nonredundancy,0,16,8,608,16,8,632,0.0,,0.4129318741447831,0.5204851404793112,0.740781719303381,False
attack success rate asr,nonredundancy (output as a whole),Nonredundancy,0,14,8,610,14,8,632,0.0,,0.36072880305171195,0.5481017553228509,0.740781719303381,False
perplexity,nonredundancy (output as a whole),Nonredundancy,0,29,8,595,29,8,632,0.0,,0.7564678228957934,0.3844361738750143,0.740781719303381,False
alignscore,nonredundancy (output as a whole),Nonredundancy,1,10,7,614,11,8,632,8.064935064935066,0.30571970756050987,2.390785758106281,0.1220522670221112,0.6341863533620494,False
chair,nonredundancy (output as a whole),Nonredundancy,0,10,8,614,10,8,632,0.0,,0.25683087373374114,0.6123057947522406,0.7501053574024433,False
chrf,nonredundancy (output as a whole),Nonredundancy,0,13,8,611,13,8,632,0.0,,0.33469100074151126,0.5629098258805294,0.740781719303381,False
comet,nonredundancy (output as a whole),Nonredundancy,0,27,8,597,27,8,632,0.0,,0.7031336500309078,0.40173274152901406,0.740781719303381,False
cosine similarity,nonredundancy (output as a whole),Nonredundancy,0,13,8,611,13,8,632,0.0,,0.33469100074151126,0.5629098258805294,0.740781719303381,False
auroc,nonredundancy (output as a whole),Nonredundancy,0,10,8,614,10,8,632,0.0,,0.25683087373374114,0.6123057947522406,0.7501053574024433,False
rouge,similarity/dissimilarity to non-target reference (content/meaning),Reference Similarity (content),2,163,5,462,165,7,632,1.132121212121212,0.01566799700272003,0.021849563521869786,0.8824879987885487,0.9165647642159316,False
bleu,similarity/dissimilarity to non-target reference (content/meaning),Reference Similarity (content),1,148,6,477,149,7,632,0.540268456375839,-0.07768268770566956,0.3784823166116673,0.5384165960028995,0.740781719303381,False
accuracy,similarity/dissimilarity to non-target reference (content/meaning),Reference Similarity (content),2,125,5,500,127,7,632,1.5905511811023623,0.06114577862123773,0.28985701010372167,0.5903121761212511,0.7472265214368077,False
exact match,similarity/dissimilarity to non-target reference (content/meaning),Reference Similarity (content),1,36,6,589,37,7,632,2.68018018018018,0.13832790080986232,0.6684133505250471,0.41360533271329014,0.740781719303381,False
moverscore,similarity/dissimilarity to non-target reference (content/meaning),Reference Similarity (content),0,19,7,606,19,7,632,0.0,,0.4297636893398893,0.5121049250571573,0.740781719303381,False
meteor,similarity/dissimilarity to non-target reference (content/meaning),Reference Similarity (content),1,59,6,566,60,7,632,1.5888888888888888,0.06336512504623329,0.1665648768251745,0.6831829310152338,0.7784091454845232,False
unieval,similarity/dissimilarity to non-target reference (content/meaning),Reference Similarity (content),0,21,7,604,21,7,632,0.0,,0.4757790286928533,0.49034048974890276,0.740781719303381,False
g eval,similarity/dissimilarity to non-target reference (content/meaning),Reference Similarity (content),1,22,6,603,23,7,632,4.413043478260869,0.21204969500694978,1.355626772444259,0.24429684037708674,0.740781719303381,False
bertscore,similarity/dissimilarity to non-target reference (content/meaning),Reference Similarity (content),1,132,6,493,133,7,632,0.62531328320802,-0.060067689094155406,0.21300507698037607,0.6444221825985514,0.7604181754662906,False
bartscore,similarity/dissimilarity to non-target reference (content/meaning),Reference Similarity (content),0,34,7,591,34,7,632,0.0,,0.7786228801784072,0.37756264312017507,0.740781719303381,False
questeval,similarity/dissimilarity to non-target reference (content/meaning),Reference Similarity (content),0,10,7,615,10,7,632,0.0,,0.22454606560366053,0.6355976635792313,0.7539882696414163,False
ndcg,similarity/dissimilarity to non-target reference (content/meaning),Reference Similarity (content),0,10,7,615,10,7,632,0.0,,0.22454606560366053,0.6355976635792313,0.7539882696414163,False
recall,similarity/dissimilarity to non-target reference (content/meaning),Reference Similarity (content),1,56,6,569,57,7,632,1.6812865497076022,0.07131894333223235,0.20693552309784313,0.6491799863769655,0.7610934829687047,False
f1,similarity/dissimilarity to non-target reference (content/meaning),Reference Similarity (content),2,91,5,534,93,7,632,2.318279569892473,0.11528086350565223,0.8931528200827952,0.3446243513172885,0.740781719303381,False
win rate,similarity/dissimilarity to non-target reference (content/meaning),Reference Similarity (content),0,22,7,603,22,7,632,0.0,,0.4988435399360528,0.4800087018791025,0.740781719303381,False
precision,similarity/dissimilarity to non-target reference (content/meaning),Reference Similarity (content),1,35,6,590,36,7,632,2.759259259259259,0.14257653534420284,0.7037227103331607,0.40153562980003965,0.740781719303381,False
spearman correlation,similarity/dissimilarity to non-target reference (content/meaning),Reference Similarity (content),0,21,7,604,21,7,632,0.0,,0.4757790286928533,0.49034048974890276,0.740781719303381,False
pearson correlation,similarity/dissimilarity to non-target reference (content/meaning),Reference Similarity (content),0,15,7,610,15,7,632,0.0,,0.3381842760527674,0.5608791718660135,0.740781719303381,False
bleurt,similarity/dissimilarity to non-target reference (content/meaning),Reference Similarity (content),1,31,6,594,32,7,632,3.125,0.16084061594128762,0.8621576174312517,0.353135601304975,0.740781719303381,False
qafacteval,similarity/dissimilarity to non-target reference (content/meaning),Reference Similarity (content),0,10,7,615,10,7,632,0.0,,0.22454606560366053,0.6355976635792313,0.7539882696414163,False
cider,similarity/dissimilarity to non-target reference (content/meaning),Reference Similarity (content),1,15,6,610,16,7,632,6.416666666666667,0.26832380230033104,1.963339167360409,0.16115665031950593,0.713695180418376,False
mrr,similarity/dissimilarity to non-target reference (content/meaning),Reference Similarity (content),0,13,7,612,13,7,632,0.0,,0.29261824268317305,0.5885475635956433,0.7472265214368077,False
distinct,similarity/dissimilarity to non-target reference (content/meaning),Reference Similarity (content),0,16,7,609,16,7,632,0.0,,0.3610230284840795,0.5479386199543832,0.740781719303381,False
attack success rate asr,similarity/dissimilarity to non-target reference (content/meaning),Reference Similarity (content),0,14,7,611,14,7,632,0.0,,0.31538272110976673,0.5743957635228131,0.7414042706303636,False
perplexity,similarity/dissimilarity to non-target reference (content/meaning),Reference Similarity (content),0,29,7,596,29,7,632,0.0,,0.6613679200372614,0.41607743108801476,0.740781719303381,False
alignscore,similarity/dissimilarity to non-target reference (content/meaning),Reference Similarity (content),1,10,6,615,11,7,632,9.40909090909091,0.32642581437414486,2.6451950740411867,0.10386340697839803,0.6131803250382504,False
chair,similarity/dissimilarity to non-target reference (content/meaning),Reference Similarity (content),0,10,7,615,10,7,632,0.0,,0.22454606560366053,0.6355976635792313,0.7539882696414163,False
chrf,similarity/dissimilarity to non-target reference (content/meaning),Reference Similarity (content),0,13,7,612,13,7,632,0.0,,0.29261824268317305,0.5885475635956433,0.7472265214368077,False
comet,similarity/dissimilarity to non-target reference (content/meaning),Reference Similarity (content),0,27,7,598,27,7,632,0.0,,0.614739538763189,0.4330088504227372,0.740781719303381,False
cosine similarity,similarity/dissimilarity to non-target reference (content/meaning),Reference Similarity (content),0,13,7,612,13,7,632,0.0,,0.29261824268317305,0.5885475635956433,0.7472265214368077,False
auroc,similarity/dissimilarity to non-target reference (content/meaning),Reference Similarity (content),0,10,7,615,10,7,632,0.0,,0.22454606560366053,0.6355976635792313,0.7539882696414163,False
