metric,criterion,criterion_short,k11,k12,k21,k22,n_metric,n_criterion,n_total,lr,g2,p_value,q_value,reject_q05
bleu,cohesiveness,Cohesiveness,7,735,9,960,742,16,1711,1.0157232704402517,0.0009667598983133,0.9751955613325262,0.981328866749712,False
comet,cohesiveness,Cohesiveness,3,67,13,1628,70,16,1711,5.40989010989011,4.905241763348901,0.0267753032839995,0.4591392091143937,False
rouge,cohesiveness,Cohesiveness,4,661,12,1034,665,16,1711,0.524310776942356,1.3883729977750896,0.2386800535818365,0.8397045836745559,False
roc auc,cohesiveness,Cohesiveness,0,11,16,1684,11,16,1711,0.0,0.2073660311666123,0.6488397616095898,0.8397045836745559,False
bertscore,cohesiveness,Cohesiveness,2,360,14,1335,362,16,1711,0.5323599052880821,0.8188942889963644,0.3655036481760875,0.8397045836745559,False
distinct,cohesiveness,Cohesiveness,1,124,15,1571,125,16,1711,0.8458666666666668,0.0278405909039638,0.8674841417638852,0.8973030542370052,False
f1,cohesiveness,Cohesiveness,5,230,11,1465,235,16,1711,2.8549323017408126,3.2672831772746047,0.0706745766048132,0.7003402152984511,False
recall,cohesiveness,Cohesiveness,2,110,14,1585,112,16,1711,2.0395408163265305,0.7530561958761846,0.385510342780985,0.8397045836745559,False
meteor,cohesiveness,Cohesiveness,2,256,14,1439,258,16,1711,0.8045404208194906,0.0881667681373283,0.7665207961669658,0.8397045836745559,False
knowledge f1,cohesiveness,Cohesiveness,0,13,16,1682,13,16,1711,0.0,0.2452137455029331,0.6204655744830949,0.8397045836745559,False
acc,cohesiveness,Cohesiveness,0,11,16,1684,11,16,1711,0.0,0.2073660311666123,0.6488397616095898,0.8397045836745559,False
dae,cohesiveness,Cohesiveness,0,17,16,1678,17,16,1711,0.0,0.3210437326245412,0.5709810740349235,0.8397045836745559,False
mauve,cohesiveness,Cohesiveness,1,9,15,1686,10,16,1711,11.340000000000002,3.065101440993798,0.0799901698163747,0.7338958237698162,False
factcc,cohesiveness,Cohesiveness,0,33,16,1662,33,16,1711,0.0,0.6261735054069766,0.4287623810625888,0.8397045836745559,False
comet qe,cohesiveness,Cohesiveness,0,10,16,1685,10,16,1711,0.0,0.1884589474149465,0.6642023289309149,0.8397045836745559,False
unieval,cohesiveness,Cohesiveness,0,22,16,1673,22,16,1711,0.0,0.4160846129239681,0.5188972403132373,0.8397045836745559,False
chrf,cohesiveness,Cohesiveness,0,60,16,1635,60,16,1711,0.0,1.1477707570235876,0.2840162948763448,0.8397045836745559,False
questeval,cohesiveness,Cohesiveness,0,27,16,1668,27,16,1711,0.0,0.5114086104640917,0.4745297143801499,0.8397045836745559,False
qafacteval,cohesiveness,Cohesiveness,0,12,16,1683,12,16,1711,0.0,0.226284292787336,0.6342927622238596,0.8397045836745559,False
spearman correlation,cohesiveness,Cohesiveness,0,25,16,1670,25,16,1711,0.0,0.4732449294418805,0.4914981247988452,0.8397045836745559,False
pearson correlation,cohesiveness,Cohesiveness,0,33,16,1662,33,16,1711,0.0,0.6261735054069766,0.4287623810625888,0.8397045836745559,False
moverscore,cohesiveness,Cohesiveness,0,55,16,1640,55,16,1711,0.0,1.0505350330810852,0.3053838961257525,0.8397045836745559,False
g eval,cohesiveness,Cohesiveness,0,19,16,1676,19,16,1711,0.0,0.3590262183237863,0.5490475468665074,0.8397045836745559,False
usr,cohesiveness,Cohesiveness,0,12,16,1683,12,16,1711,0.0,0.226284292787336,0.6342927622238596,0.8397045836745559,False
bartscore,cohesiveness,Cohesiveness,0,64,16,1631,64,16,1711,0.0,1.2257726323595877,0.2682307384245605,0.8397045836745559,False
qags,cohesiveness,Cohesiveness,0,10,16,1685,10,16,1711,0.0,0.1884589474149465,0.6642023289309149,0.8397045836745559,False
perplexity,cohesiveness,Cohesiveness,4,162,12,1533,166,16,1711,3.1024096385542173,3.157863926455944,0.0755619937398186,0.7163356050869737,False
ndcg,cohesiveness,Cohesiveness,0,21,16,1674,21,16,1711,0.0,0.3970538413567302,0.5286147115806495,0.8397045836745559,False
map,cohesiveness,Cohesiveness,0,12,16,1683,12,16,1711,0.0,0.226284292787336,0.6342927622238596,0.8397045836745559,False
precision,cohesiveness,Cohesiveness,2,77,14,1618,79,16,1711,2.951175406871609,1.5899251459864598,0.2073368286944342,0.8397045836745559,False
bleurt,cohesiveness,Cohesiveness,0,110,16,1585,110,16,1711,0.0,2.1367326793568586,0.1438078907657908,0.8397045836745559,False
ter,cohesiveness,Cohesiveness,2,48,14,1647,50,16,1711,4.7457142857142856,2.9543585016783265,0.085646288477042,0.7597436777465535,False
feqa,cohesiveness,Cohesiveness,0,10,16,1685,10,16,1711,0.0,0.1884589474149465,0.6642023289309149,0.8397045836745559,False
sari,cohesiveness,Cohesiveness,0,25,16,1670,25,16,1711,0.0,0.4732449294418805,0.4914981247988452,0.8397045836745559,False
cosine similarity,cohesiveness,Cohesiveness,1,23,15,1672,24,16,1711,4.686111111111111,1.5019505227941945,0.220371485888329,0.8397045836745559,False
accuracy,cohesiveness,Cohesiveness,0,186,16,1509,186,16,1711,0.0,3.701045072516054,0.0543783984166387,0.6327228130856793,False
summac,cohesiveness,Cohesiveness,0,15,16,1680,15,16,1711,0.0,0.2831062772331043,0.594672443005476,0.8397045836745559,False
clip,cohesiveness,Cohesiveness,0,13,16,1682,13,16,1711,0.0,0.2452137455029331,0.6204655744830949,0.8397045836745559,False
cider,cohesiveness,Cohesiveness,1,75,15,1620,76,16,1711,1.4342105263157894,0.1110872761827989,0.7389096666781758,0.8397045836745559,False
exact match,cohesiveness,Cohesiveness,0,67,16,1628,67,16,1711,0.0,1.284399069392919,0.2570827022723883,0.8397045836745559,False
chrf++,cohesiveness,Cohesiveness,0,23,16,1672,23,16,1711,0.0,0.4351267091321195,0.5094840129149709,0.8397045836745559,False
blanc,cohesiveness,Cohesiveness,0,13,16,1682,13,16,1711,0.0,0.2452137455029331,0.6204655744830949,0.8397045836745559,False
diversity,cohesiveness,Cohesiveness,0,10,16,1685,10,16,1711,0.0,0.1884589474149465,0.6642023289309149,0.8397045836745559,False
coherence,cohesiveness,Cohesiveness,0,10,16,1685,10,16,1711,0.0,0.1884589474149465,0.6642023289309149,0.8397045836745559,False
clipscore,cohesiveness,Cohesiveness,0,15,16,1680,15,16,1711,0.0,0.2831062772331043,0.594672443005476,0.8397045836745559,False
hits,cohesiveness,Cohesiveness,0,16,16,1679,16,16,1711,0.0,0.3020693828147452,0.5825880026995404,0.8397045836745559,False
win rate,cohesiveness,Cohesiveness,0,14,16,1681,14,16,1711,0.0,0.2641544025610714,0.6072802828016451,0.8397045836745559,False
balanced accuracy,cohesiveness,Cohesiveness,0,10,16,1685,10,16,1711,0.0,0.1884589474149465,0.6642023289309149,0.8397045836745559,False
ibleu,cohesiveness,Cohesiveness,0,12,16,1683,12,16,1711,0.0,0.226284292787336,0.6342927622238596,0.8397045836745559,False
self bleu,cohesiveness,Cohesiveness,2,28,14,1667,30,16,1711,8.004761904761905,4.716427169016916,0.0298757567154246,0.4886772346784259,False
spearman,cohesiveness,Cohesiveness,0,12,16,1683,12,16,1711,0.0,0.226284292787336,0.6342927622238596,0.8397045836745559,False
kendall,cohesiveness,Cohesiveness,0,11,16,1684,11,16,1711,0.0,0.2073660311666123,0.6488397616095898,0.8397045836745559,False
coverage,cohesiveness,Cohesiveness,1,21,15,1674,22,16,1711,5.118181818181819,1.644170982482289,0.1997541520109516,0.8397045836745559,False
density,cohesiveness,Cohesiveness,0,10,16,1685,10,16,1711,0.0,0.1884589474149465,0.6642023289309149,0.8397045836745559,False
ppl,cohesiveness,Cohesiveness,0,19,16,1676,19,16,1711,0.0,0.3590262183237863,0.5490475468665074,0.8397045836745559,False
kendall s tau,cohesiveness,Cohesiveness,0,11,16,1684,11,16,1711,0.0,0.2073660311666123,0.6488397616095898,0.8397045836745559,False
success rate,cohesiveness,Cohesiveness,0,25,16,1670,25,16,1711,0.0,0.4732449294418805,0.4914981247988452,0.8397045836745559,False
supert,cohesiveness,Cohesiveness,0,10,16,1685,10,16,1711,0.0,0.1884589474149465,0.6642023289309149,0.8397045836745559,False
summaqa,cohesiveness,Cohesiveness,0,10,16,1685,10,16,1711,0.0,0.1884589474149465,0.6642023289309149,0.8397045836745559,False
spice,cohesiveness,Cohesiveness,0,24,16,1671,24,16,1711,0.0,0.4541801434681374,0.5003565263783444,0.8397045836745559,False
length,cohesiveness,Cohesiveness,0,16,16,1679,16,16,1711,0.0,0.3020693828147452,0.5825880026995404,0.8397045836745559,False
parent,cohesiveness,Cohesiveness,0,17,16,1678,17,16,1711,0.0,0.3210437326245412,0.5709810740349235,0.8397045836745559,False
consistency,cohesiveness,Cohesiveness,0,14,16,1681,14,16,1711,0.0,0.2641544025610714,0.6072802828016451,0.8397045836745559,False
mrr,cohesiveness,Cohesiveness,0,26,16,1669,26,16,1711,0.0,0.4923210805875659,0.4828937465208786,0.8397045836745559,False
embedding,cohesiveness,Cohesiveness,1,25,15,1670,26,16,1711,4.32051282051282,1.374318157143068,0.2410713479010941,0.8397045836745559,False
vector extrema,cohesiveness,Cohesiveness,1,15,15,1680,16,16,1711,7.0625,2.191906014162816,0.1387375403805265,0.8397045836745559,False
greedy matching,cohesiveness,Cohesiveness,1,13,15,1682,14,16,1711,8.08095238095238,2.4327824216148253,0.118821823955864,0.8397045836745559,False
dist,cohesiveness,Cohesiveness,0,23,16,1672,23,16,1711,0.0,0.4351267091321195,0.5094840129149709,0.8397045836745559,False
ruber,cohesiveness,Cohesiveness,0,11,16,1684,11,16,1711,0.0,0.2073660311666123,0.6488397616095898,0.8397045836745559,False
bert,cohesiveness,Cohesiveness,0,10,16,1685,10,16,1711,0.0,0.1884589474149465,0.6642023289309149,0.8397045836745559,False
xcomet,cohesiveness,Cohesiveness,0,13,16,1682,13,16,1711,0.0,0.2452137455029331,0.6204655744830949,0.8397045836745559,False
auroc,cohesiveness,Cohesiveness,0,10,16,1685,10,16,1711,0.0,0.1884589474149465,0.6642023289309149,0.8397045836745559,False
entailment,cohesiveness,Cohesiveness,0,11,16,1684,11,16,1711,0.0,0.2073660311666123,0.6488397616095898,0.8397045836745559,False
sacrebleu,cohesiveness,Cohesiveness,0,18,16,1677,18,16,1711,0.0,0.3400293400056861,0.559812286800734,0.8397045836745559,False
gleu,cohesiveness,Cohesiveness,0,14,16,1681,14,16,1711,0.0,0.2641544025610714,0.6072802828016451,0.8397045836745559,False
entropy,cohesiveness,Cohesiveness,0,18,16,1677,18,16,1711,0.0,0.3400293400056861,0.559812286800734,0.8397045836745559,False
maude,cohesiveness,Cohesiveness,0,10,16,1685,10,16,1711,0.0,0.1884589474149465,0.6642023289309149,0.8397045836745559,False
nist,cohesiveness,Cohesiveness,0,16,16,1679,16,16,1711,0.0,0.3020693828147452,0.5825880026995404,0.8397045836745559,False
auc,cohesiveness,Cohesiveness,0,12,16,1683,12,16,1711,0.0,0.226284292787336,0.6342927622238596,0.8397045836745559,False
prism,cohesiveness,Cohesiveness,0,11,16,1684,11,16,1711,0.0,0.2073660311666123,0.6488397616095898,0.8397045836745559,False
bleu,grammaticality,Grammaticality,78,664,69,900,742,147,1711,1.4762686042423532,6.093721910659504,0.0135663018128864,0.3271872790166735,False
comet,grammaticality,Grammaticality,13,57,134,1507,70,147,1711,2.2743070362473348,7.2468955585471235,0.0071023697008451,0.2317987325250938,False
rouge,grammaticality,Grammaticality,64,601,83,963,665,147,1711,1.212863484011233,1.459742900167857,0.226971032447164,0.8397045836745559,False
roc auc,grammaticality,Grammaticality,0,11,147,1553,11,147,1711,0.0,1.982966591020571,0.1590782311304374,0.8397045836745559,False
bertscore,grammaticality,Grammaticality,36,326,111,1238,362,147,1711,1.2086008660594294,1.036425263267974,0.3086543209614735,0.8397045836745559,False
distinct,grammaticality,Grammaticality,3,122,144,1442,125,147,1711,0.2643333333333333,8.812503030923045,0.0029917334039291,0.1317165847635903,False
f1,grammaticality,Grammaticality,19,216,128,1348,235,147,1711,0.932313829787234,0.0903133480856634,0.7637791757831491,0.8397045836745559,False
recall,grammaticality,Grammaticality,10,102,137,1462,112,147,1711,1.0421011470281545,0.0171544282195791,0.89579515179011,0.9189079274031464,False
meteor,grammaticality,Grammaticality,38,220,109,1344,258,147,1711,1.9633738709906836,12.672936905655217,0.0003709863393061,0.031200902382671,True
knowledge f1,grammaticality,Grammaticality,0,13,147,1551,13,147,1711,0.0,2.344948320557663,0.1256897298673273,0.8397045836745559,False
acc,grammaticality,Grammaticality,0,11,147,1553,11,147,1711,0.0,1.982966591020571,0.1590782311304374,0.8397045836745559,False
dae,grammaticality,Grammaticality,2,15,145,1549,17,147,1711,1.3744421906693711,0.1995742814610559,0.6550646933889321,0.8397045836745559,False
mauve,grammaticality,Grammaticality,0,10,147,1554,10,147,1711,0.0,1.8021428340804484,0.1794536524194804,0.8397045836745559,False
factcc,grammaticality,Grammaticality,5,28,142,1536,33,147,1711,1.7904396073410158,1.5386205716985817,0.2148232471257431,0.8397045836745559,False
comet qe,grammaticality,Grammaticality,1,9,146,1555,10,147,1711,1.165068493150685,0.0242548166496068,0.8762382978034654,0.9049312395451408,False
unieval,grammaticality,Grammaticality,1,21,146,1543,22,147,1711,0.525840597758406,0.5517549203133265,0.4576015199737063,0.8397045836745559,False
chrf,grammaticality,Grammaticality,8,52,139,1512,60,147,1711,1.5836930455635492,1.5547486278412883,0.21243578169284,0.8397045836745559,False
questeval,grammaticality,Grammaticality,3,24,144,1540,27,147,1711,1.2993827160493827,0.2048803928461691,0.6508100406472888,0.8397045836745559,False
qafacteval,grammaticality,Grammaticality,0,12,147,1552,12,147,1711,0.0,2.16390170740024,0.1412855365756908,0.8397045836745559,False
spearman correlation,grammaticality,Grammaticality,1,24,146,1540,25,147,1711,0.4619178082191781,0.8334263062675951,0.361283644307301,0.8397045836745559,False
pearson correlation,grammaticality,Grammaticality,2,31,145,1533,33,147,1711,0.7013584117032393,0.3027269322550783,0.5821779080894174,0.8397045836745559,False
moverscore,grammaticality,Grammaticality,9,46,138,1518,55,147,1711,1.9636363636363636,3.56389814036849,0.0590489174925924,0.6483557651616368,False
g eval,grammaticality,Grammaticality,0,19,147,1545,19,147,1711,0.0,3.433577154933046,0.0638835902910711,0.6635381484623435,False
usr,grammaticality,Grammaticality,1,11,146,1553,12,147,1711,0.9697488584474886,0.0010347329788655,0.9743386608964936,0.9809222765079608,False
bartscore,grammaticality,Grammaticality,6,58,141,1506,64,147,1711,1.0950797872340423,0.0506595743099207,0.8219195143292033,0.8587023433667103,False
qags,grammaticality,Grammaticality,2,8,145,1556,10,147,1711,2.346206896551724,1.2566221750809414,0.2622914364982094,0.8397045836745559,False
perplexity,grammaticality,Grammaticality,11,155,136,1409,166,147,1711,0.7527905740609497,0.9671164563372256,0.3254003807256648,0.8397045836745559,False
ndcg,grammaticality,Grammaticality,2,19,145,1545,21,147,1711,1.110016420361248,0.0228106525838301,0.8799505055686132,0.90650912130154,False
map,grammaticality,Grammaticality,1,11,146,1553,12,147,1711,0.9697488584474886,0.0010347329788655,0.9743386608964936,0.9809222765079608,False
precision,grammaticality,Grammaticality,4,75,143,1489,79,147,1711,0.5778525272196159,1.510974395317155,0.2189904624847043,0.8397045836745559,False
bleurt,grammaticality,Grammaticality,10,100,137,1464,110,147,1711,1.0623755806237558,0.0367463317292662,0.847982433106192,0.8808811973359651,False
ter,grammaticality,Grammaticality,10,40,137,1524,50,147,1711,2.4248175182481755,6.486798796228626,0.0108678508870097,0.2829091342015236,False
feqa,grammaticality,Grammaticality,4,6,143,1558,10,147,1711,4.758041958041958,7.327280670363092,0.0067915729260798,0.2250137292680986,False
sari,grammaticality,Grammaticality,5,20,142,1544,25,147,1711,2.3746478873239436,3.178945525972262,0.074592853035519,0.7149997016226993,False
cosine similarity,grammaticality,Grammaticality,0,24,147,1540,24,147,1711,0.0,4.343859387385392,0.0371426386566703,0.5349119920704362,False
accuracy,grammaticality,Grammaticality,8,178,139,1386,186,147,1711,0.4718805600680746,5.780863578745041,0.0162015793196284,0.3590620281647387,False
summac,grammaticality,Grammaticality,2,13,145,1551,15,147,1711,1.5595402298850574,0.3767879221894696,0.5393273190383884,0.8397045836745559,False
clip,grammaticality,Grammaticality,0,13,147,1551,13,147,1711,0.0,2.344948320557663,0.1256897298673273,0.8397045836745559,False
cider,grammaticality,Grammaticality,9,67,138,1497,76,147,1711,1.4030320366132722,0.9717867580438052,0.3242349705354764,0.8397045836745559,False
exact match,grammaticality,Grammaticality,4,63,143,1501,67,147,1711,0.6863584177017013,0.6742771369648484,0.4115643649772612,0.8397045836745559,False
chrf++,grammaticality,Grammaticality,8,15,139,1549,23,147,1711,4.223959962464811,12.522435991563032,0.0004020943055434,0.0329717330545604,True
blanc,grammaticality,Grammaticality,0,13,147,1551,13,147,1711,0.0,2.344948320557663,0.1256897298673273,0.8397045836745559,False
diversity,grammaticality,Grammaticality,2,8,145,1556,10,147,1711,2.346206896551724,1.2566221750809414,0.2622914364982094,0.8397045836745559,False
coherence,grammaticality,Grammaticality,0,10,147,1554,10,147,1711,0.0,1.8021428340804484,0.1794536524194804,0.8397045836745559,False
clipscore,grammaticality,Grammaticality,0,15,147,1549,15,147,1711,0.0,2.7073765878336165,0.0998851309274462,0.8129050488084864,False
hits,grammaticality,Grammaticality,2,14,145,1550,16,147,1711,1.4612068965517242,0.279177230536177,0.5972409966626426,0.8397045836745559,False
win rate,grammaticality,Grammaticality,0,14,147,1550,14,147,1711,0.0,2.526106568086015,0.1119762040954159,0.8397045836745559,False
balanced accuracy,grammaticality,Grammaticality,0,10,147,1554,10,147,1711,0.0,1.8021428340804484,0.1794536524194804,0.8397045836745559,False
ibleu,grammaticality,Grammaticality,1,11,146,1553,12,147,1711,0.9697488584474886,0.0010347329788655,0.9743386608964936,0.9809222765079608,False
self bleu,grammaticality,Grammaticality,2,28,145,1536,30,147,1711,0.7728735632183908,0.1548796132190939,0.6939151685183474,0.8397045836745559,False
spearman,grammaticality,Grammaticality,1,11,146,1553,12,147,1711,0.9697488584474886,0.0010347329788655,0.9743386608964936,0.9809222765079608,False
kendall,grammaticality,Grammaticality,1,10,146,1554,11,147,1711,1.0585305105853051,0.0034568983595815,0.95311507714458,0.9641379963097062,False
coverage,grammaticality,Grammaticality,3,19,144,1545,22,147,1711,1.599431818181818,0.623790858006136,0.4296420579351044,0.8397045836745559,False
density,grammaticality,Grammaticality,1,9,146,1555,10,147,1711,1.165068493150685,0.0242548166496068,0.8762382978034654,0.9049312395451408,False
ppl,grammaticality,Grammaticality,0,19,147,1545,19,147,1711,0.0,3.433577154933046,0.0638835902910711,0.6635381484623435,False
kendall s tau,grammaticality,Grammaticality,3,8,144,1556,11,147,1711,3.2196969696969697,3.304513199164626,0.0690898132887822,0.6983500387895398,False
success rate,grammaticality,Grammaticality,2,23,145,1541,25,147,1711,0.9302068965517242,0.011541468637334,0.9144468819127264,0.9335568188739752,False
supert,grammaticality,Grammaticality,1,9,146,1555,10,147,1711,1.165068493150685,0.0242548166496068,0.8762382978034654,0.9049312395451408,False
summaqa,grammaticality,Grammaticality,0,10,147,1554,10,147,1711,0.0,1.8021428340804484,0.1794536524194804,0.8397045836745559,False
spice,grammaticality,Grammaticality,2,22,145,1542,24,147,1711,0.9695402298850574,0.0020840502490637,0.9635881012081762,0.9733812663883024,False
length,grammaticality,Grammaticality,2,14,145,1550,16,147,1711,1.4612068965517242,0.279177230536177,0.5972409966626426,0.8397045836745559,False
parent,grammaticality,Grammaticality,5,12,142,1552,17,147,1711,3.5086992543496276,6.197712797521571,0.0127915506865387,0.3145696866229079,False
consistency,grammaticality,Grammaticality,0,14,147,1550,14,147,1711,0.0,2.526106568086015,0.1119762040954159,0.8397045836745559,False
mrr,grammaticality,Grammaticality,1,25,146,1539,26,147,1711,0.4438883034773446,0.9346140997158514,0.3336668173703968,0.8397045836745559,False
embedding,grammaticality,Grammaticality,0,26,147,1538,26,147,1711,0.0,4.708763453219498,0.0300092295021907,0.4886772346784259,False
vector extrema,grammaticality,Grammaticality,1,15,146,1549,16,147,1711,0.7255993150684932,0.1234624292558224,0.7253091288682456,0.8397045836745559,False
greedy matching,grammaticality,Grammaticality,1,13,146,1551,14,147,1711,0.8302348336594911,0.0398031011619637,0.8418660542963686,0.876053508277947,False
dist,grammaticality,Grammaticality,1,22,146,1542,23,147,1711,0.5026801667659321,0.6416866726078923,0.4231006877811319,0.8397045836745559,False
ruber,grammaticality,Grammaticality,2,9,145,1555,11,147,1711,2.1316614420062696,1.0118563404146654,0.3144585277046479,0.8397045836745559,False
bert,grammaticality,Grammaticality,0,10,147,1554,10,147,1711,0.0,1.8021428340804484,0.1794536524194804,0.8397045836745559,False
xcomet,grammaticality,Grammaticality,2,11,145,1553,13,147,1711,1.8015915119363397,0.6373530655783499,0.4246709188661819,0.8397045836745559,False
auroc,grammaticality,Grammaticality,1,9,146,1555,10,147,1711,1.165068493150685,0.0242548166496068,0.8762382978034654,0.9049312395451408,False
entailment,grammaticality,Grammaticality,1,10,146,1554,11,147,1711,1.0585305105853051,0.0034568983595815,0.95311507714458,0.9641379963097062,False
sacrebleu,grammaticality,Grammaticality,3,15,144,1549,18,147,1711,1.9594907407407407,1.217079996259367,0.2699344660430976,0.8397045836745559,False
gleu,grammaticality,Grammaticality,3,11,144,1553,14,147,1711,2.525297619047619,2.1787848059870525,0.1399249049927077,0.8397045836745559,False
entropy,grammaticality,Grammaticality,0,18,147,1546,18,147,1711,0.0,3.2518586627072583,0.0713425152359106,0.7007812876122272,False
maude,grammaticality,Grammaticality,1,9,146,1555,10,147,1711,1.165068493150685,0.0242548166496068,0.8762382978034654,0.9049312395451408,False
nist,grammaticality,Grammaticality,1,15,146,1549,16,147,1711,0.7255993150684932,0.1234624292558224,0.7253091288682456,0.8397045836745559,False
auc,grammaticality,Grammaticality,2,10,145,1554,12,147,1711,1.952873563218391,0.8078124998042315,0.3687677771016331,0.8397045836745559,False
prism,grammaticality,Grammaticality,2,9,145,1555,11,147,1711,2.1316614420062696,1.0118563404146654,0.3144585277046479,0.8397045836745559,False
bleu,clarity,Clarity,21,721,33,936,742,54,1711,0.8310463121783878,0.4593871459377716,0.4979105306634211,0.8397045836745559,False
comet,clarity,Clarity,2,68,52,1589,70,54,1711,0.9016483516483516,0.0219902462687973,0.88211304970787,0.9078540329594644,False
rouge,clarity,Clarity,19,646,35,1011,665,54,1711,0.8538775510204081,0.3218811101032406,0.5704793537346964,0.8397045836745559,False
roc auc,clarity,Clarity,0,11,54,1646,11,54,1711,0.0,0.7078383890653366,0.4001623496399821,0.8397045836745559,False
bertscore,clarity,Clarity,9,353,45,1304,362,54,1711,0.7453038674033148,0.7123281394680712,0.3986720077990167,0.8397045836745559,False
distinct,clarity,Clarity,0,125,54,1532,125,54,1711,0.0,8.330523066416335,0.0038984431307619,0.1568943983914001,False
f1,clarity,Clarity,10,225,44,1432,235,54,1711,1.4274661508704063,0.9904875328560632,0.3196232463960999,0.8397045836745559,False
recall,clarity,Clarity,5,107,49,1550,112,54,1711,1.4568148688046647,0.6016613106645927,0.4379448619323328,0.8397045836745559,False
meteor,clarity,Clarity,11,247,43,1410,258,54,1711,1.440688660537227,1.1229456787927514,0.2892850561523043,0.8397045836745559,False
knowledge f1,clarity,Clarity,0,13,54,1644,13,54,1711,0.0,0.8370362383664602,0.3602457861265448,0.8397045836745559,False
acc,clarity,Clarity,2,9,52,1648,11,54,1711,5.944055944055944,4.022685880264579,0.0448921671548213,0.5831536961101547,False
dae,clarity,Clarity,0,17,54,1640,17,54,1711,0.0,1.0958965730425885,0.2951684018874505,0.8397045836745559,False
mauve,clarity,Clarity,0,10,54,1647,10,54,1711,0.0,0.6432973818820722,0.4225192836461066,0.8397045836745559,False
factcc,clarity,Clarity,0,33,54,1624,33,54,1711,0.0,2.1375879481686426,0.1437277200624518,0.8397045836745559,False
comet qe,clarity,Clarity,0,10,54,1647,10,54,1711,0.0,0.6432973818820722,0.4225192836461066,0.8397045836745559,False
unieval,clarity,Clarity,1,21,53,1636,22,54,1711,1.448542024013722,0.1244949312380725,0.724209599456398,0.8397045836745559,False
chrf,clarity,Clarity,1,59,53,1598,60,54,1711,0.5191823899371069,0.5396801435988503,0.4625653155367666,0.8397045836745559,False
questeval,clarity,Clarity,0,27,54,1630,27,54,1711,0.0,1.7457752040384362,0.1864087307784181,0.8397045836745559,False
qafacteval,clarity,Clarity,0,12,54,1645,12,54,1711,0.0,0.7724179924954392,0.3794700648948492,0.8397045836745559,False
spearman correlation,clarity,Clarity,1,24,53,1633,25,54,1711,1.272452830188679,0.0546803394778596,0.815110533007973,0.8533554255557457,False
pearson correlation,clarity,Clarity,0,33,54,1624,33,54,1711,0.0,2.1375879481686426,0.1437277200624518,0.8397045836745559,False
moverscore,clarity,Clarity,1,54,53,1603,55,54,1711,0.5680960548885077,0.3894538961178149,0.5325865968360313,0.8397045836745559,False
g eval,clarity,Clarity,0,19,54,1638,19,54,1711,0.0,1.2255598021783134,0.2682722918792647,0.8397045836745559,False
usr,clarity,Clarity,0,12,54,1645,12,54,1711,0.0,0.7724179924954392,0.3794700648948492,0.8397045836745559,False
bartscore,clarity,Clarity,2,62,52,1595,64,54,1711,0.989783653846154,0.0002103520638874,0.9884282717896302,0.9899373225862556,False
qags,clarity,Clarity,0,10,54,1647,10,54,1711,0.0,0.6432973818820722,0.4225192836461066,0.8397045836745559,False
perplexity,clarity,Clarity,1,165,53,1492,166,54,1711,0.1756080927483519,5.646918731354681,0.0174860713817062,0.3736437402735919,False
ndcg,clarity,Clarity,3,18,51,1639,21,54,1711,4.733893557422969,4.771986010693751,0.0289264385456888,0.4878083209761404,False
map,clarity,Clarity,0,12,54,1645,12,54,1711,0.0,0.7724179924954392,0.3794700648948492,0.8397045836745559,False
precision,clarity,Clarity,6,73,48,1584,79,54,1711,2.5822784810126582,3.939866205786191,0.0471545277200468,0.5957148082124986,False
bleurt,clarity,Clarity,4,106,50,1551,110,54,1711,1.1643636363636365,0.0849625458582559,0.7706816727670309,0.8397045836745559,False
ter,clarity,Clarity,2,48,52,1609,50,54,1711,1.2776923076923077,0.1111473236895439,0.7388416860153579,0.8397045836745559,False
feqa,clarity,Clarity,0,10,54,1647,10,54,1711,0.0,0.6432973818820722,0.4225192836461066,0.8397045836745559,False
sari,clarity,Clarity,0,25,54,1632,25,54,1711,0.0,1.6154862275709214,0.2037223190997258,0.8397045836745559,False
cosine similarity,clarity,Clarity,2,22,52,1635,24,54,1711,2.7035256410256405,1.496488007717509,0.2212125310281761,0.8397045836745559,False
accuracy,clarity,Clarity,9,177,45,1480,186,54,1711,1.639784946236559,1.7017956872647968,0.1920533077314083,0.8397045836745559,False
summac,clarity,Clarity,0,15,54,1642,15,54,1711,0.0,0.9663888426216384,0.3255824453636053,0.8397045836745559,False
clip,clarity,Clarity,0,13,54,1644,13,54,1711,0.0,0.8370362383664602,0.3602457861265448,0.8397045836745559,False
cider,clarity,Clarity,3,73,51,1584,76,54,1711,1.265479876160991,0.1517562210291339,0.6968626685635558,0.8397045836745559,False
exact match,clarity,Clarity,1,66,53,1591,67,54,1711,0.4629681779780343,0.7750078091570178,0.3786722910268838,0.8397045836745559,False
chrf++,clarity,Clarity,0,23,54,1634,23,54,1711,0.0,1.4853542535207132,0.2229386750153008,0.8397045836745559,False
blanc,clarity,Clarity,0,13,54,1644,13,54,1711,0.0,0.8370362383664602,0.3602457861265448,0.8397045836745559,False
diversity,clarity,Clarity,0,10,54,1647,10,54,1711,0.0,0.6432973818820722,0.4225192836461066,0.8397045836745559,False
coherence,clarity,Clarity,1,9,53,1648,10,54,1711,3.2094339622641512,0.9963322236872664,0.31819963291149,0.8397045836745559,False
clipscore,clarity,Clarity,1,14,53,1643,15,54,1711,2.1333333333333333,0.4671033161940219,0.4943228055304,0.8397045836745559,False
hits,clarity,Clarity,0,16,54,1641,16,54,1711,0.0,1.0311232938079111,0.3098949842294601,0.8397045836745559,False
win rate,clarity,Clarity,0,14,54,1643,14,54,1711,0.0,0.9016931729555492,0.342328114632947,0.8397045836745559,False
balanced accuracy,clarity,Clarity,1,9,53,1648,10,54,1711,3.2094339622641512,0.9963322236872664,0.31819963291149,0.8397045836745559,False
ibleu,clarity,Clarity,0,12,54,1645,12,54,1711,0.0,0.7724179924954392,0.3794700648948492,0.8397045836745559,False
self bleu,clarity,Clarity,0,30,54,1627,30,54,1711,0.0,1.941503878439836,0.1635053383383589,0.8397045836745559,False
spearman,clarity,Clarity,0,12,54,1645,12,54,1711,0.0,0.7724179924954392,0.3794700648948492,0.8397045836745559,False
kendall,clarity,Clarity,0,11,54,1646,11,54,1711,0.0,0.7078383890653366,0.4001623496399821,0.8397045836745559,False
coverage,clarity,Clarity,1,21,53,1636,22,54,1711,1.448542024013722,0.1244949312380725,0.724209599456398,0.8397045836745559,False
density,clarity,Clarity,0,10,54,1647,10,54,1711,0.0,0.6432973818820722,0.4225192836461066,0.8397045836745559,False
ppl,clarity,Clarity,0,19,54,1638,19,54,1711,0.0,1.2255598021783134,0.2682722918792647,0.8397045836745559,False
kendall s tau,clarity,Clarity,1,10,53,1647,11,54,1711,2.9159519725557463,0.8593242278583546,0.3539278707055757,0.8397045836745559,False
success rate,clarity,Clarity,0,25,54,1632,25,54,1711,0.0,1.6154862275709214,0.2037223190997258,0.8397045836745559,False
supert,clarity,Clarity,0,10,54,1647,10,54,1711,0.0,0.6432973818820722,0.4225192836461066,0.8397045836745559,False
summaqa,clarity,Clarity,0,10,54,1647,10,54,1711,0.0,0.6432973818820722,0.4225192836461066,0.8397045836745559,False
spice,clarity,Clarity,1,23,53,1634,24,54,1711,1.32625786163522,0.074176953373015,0.785349483091,0.8414530350982423,False
length,clarity,Clarity,1,15,53,1642,16,54,1711,1.9988207547169812,0.3971874657413583,0.5285453528886312,0.8397045836745559,False
parent,clarity,Clarity,1,16,53,1641,17,54,1711,1.8801331853496113,0.3356604682249117,0.5623448567938295,0.8397045836745559,False
consistency,clarity,Clarity,1,13,53,1644,14,54,1711,2.2870619946091644,0.5466038006681202,0.4597087093495792,0.8397045836745559,False
mrr,clarity,Clarity,2,24,52,1633,26,54,1711,2.492603550295858,1.28807926396976,0.2564022197687113,0.8397045836745559,False
embedding,clarity,Clarity,0,26,54,1631,26,54,1711,0.0,1.6806110668267635,0.1948432758982786,0.8397045836745559,False
vector extrema,clarity,Clarity,0,16,54,1641,16,54,1711,0.0,1.0311232938079111,0.3098949842294601,0.8397045836745559,False
greedy matching,clarity,Clarity,0,14,54,1643,14,54,1711,0.0,0.9016931729555492,0.342328114632947,0.8397045836745559,False
dist,clarity,Clarity,1,22,53,1635,23,54,1711,1.384741591468417,0.0973384972653444,0.7550472253085817,0.8397045836745559,False
ruber,clarity,Clarity,0,11,54,1646,11,54,1711,0.0,0.7078383890653366,0.4001623496399821,0.8397045836745559,False
bert,clarity,Clarity,1,9,53,1648,10,54,1711,3.2094339622641512,0.9963322236872664,0.31819963291149,0.8397045836745559,False
xcomet,clarity,Clarity,0,13,54,1644,13,54,1711,0.0,0.8370362383664602,0.3602457861265448,0.8397045836745559,False
auroc,clarity,Clarity,0,10,54,1647,10,54,1711,0.0,0.6432973818820722,0.4225192836461066,0.8397045836745559,False
entailment,clarity,Clarity,2,9,52,1648,11,54,1711,5.944055944055944,4.022685880264579,0.0448921671548213,0.5831536961101547,False
sacrebleu,clarity,Clarity,1,17,53,1640,18,54,1711,1.7746331236897277,0.2815381097338396,0.5956948528629511,0.8397045836745559,False
gleu,clarity,Clarity,0,14,54,1643,14,54,1711,0.0,0.9016931729555492,0.342328114632947,0.8397045836745559,False
entropy,clarity,Clarity,0,18,54,1639,18,54,1711,0.0,1.160708726934198,0.2813186051992431,0.8397045836745559,False
maude,clarity,Clarity,0,10,54,1647,10,54,1711,0.0,0.6432973818820722,0.4225192836461066,0.8397045836745559,False
nist,clarity,Clarity,0,16,54,1641,16,54,1711,0.0,1.0311232938079111,0.3098949842294601,0.8397045836745559,False
auc,clarity,Clarity,0,12,54,1645,12,54,1711,0.0,0.7724179924954392,0.3794700648948492,0.8397045836745559,False
prism,clarity,Clarity,0,11,54,1646,11,54,1711,0.0,0.7078383890653366,0.4001623496399821,0.8397045836745559,False
bleu,specificity/non-specificity (relative to input),Specificity,13,729,28,941,742,41,1711,0.6063246053138237,2.397340844680226,0.121541695131768,0.8397045836745559,False
comet,specificity/non-specificity (relative to input),Specificity,1,69,40,1601,70,41,1711,0.5860714285714286,0.338877851687108,0.5604776644086158,0.8397045836745559,False
rouge,specificity/non-specificity (relative to input),Specificity,15,650,26,1020,665,41,1711,0.907460960092539,0.0926476642851434,0.7608378025789286,0.8397045836745559,False
roc auc,specificity/non-specificity (relative to input),Specificity,0,11,41,1659,11,41,1711,0.0,0.5353398882608906,0.4643704706893475,0.8397045836745559,False
bertscore,specificity/non-specificity (relative to input),Specificity,9,353,32,1317,362,41,1711,1.0480835635359116,0.0157370648187537,0.9001693184629086,0.9225294062047618,False
distinct,specificity/non-specificity (relative to input),Specificity,5,120,36,1550,125,41,1711,1.762222222222222,1.257871321876359,0.2620544052232772,0.8397045836745559,False
f1,specificity/non-specificity (relative to input),Specificity,4,231,37,1439,235,41,1711,0.6790109258194365,0.6137019434950872,0.4333973580323614,0.8397045836745559,False
recall,specificity/non-specificity (relative to input),Specificity,0,112,41,1558,112,41,1711,0.0,5.6213391020669,0.0177430870874983,0.375466617077384,False
meteor,specificity/non-specificity (relative to input),Specificity,4,254,37,1416,258,41,1711,0.608841399539074,1.0377023188894263,0.3083564544736619,0.8397045836745559,False
knowledge f1,specificity/non-specificity (relative to input),Specificity,0,13,41,1657,13,41,1711,0.0,0.6330510437312228,0.426238374750378,0.8397045836745559,False
acc,specificity/non-specificity (relative to input),Specificity,0,11,41,1659,11,41,1711,0.0,0.5353398882608906,0.4643704706893475,0.8397045836745559,False
dae,specificity/non-specificity (relative to input),Specificity,0,17,41,1653,17,41,1711,0.0,0.8288233650625582,0.3626129860465304,0.8397045836745559,False
mauve,specificity/non-specificity (relative to input),Specificity,0,10,41,1660,10,41,1711,0.0,0.4865279402449057,0.4854802123768643,0.8397045836745559,False
factcc,specificity/non-specificity (relative to input),Specificity,0,33,41,1637,33,41,1711,0.0,1.6166206369864915,0.203563636061903,0.8397045836745559,False
comet qe,specificity/non-specificity (relative to input),Specificity,0,10,41,1660,10,41,1711,0.0,0.4865279402449057,0.4854802123768643,0.8397045836745559,False
unieval,specificity/non-specificity (relative to input),Specificity,1,21,40,1649,22,41,1711,1.919318181818182,0.3509613077996035,0.5535694608697965,0.8397045836745559,False
chrf,specificity/non-specificity (relative to input),Specificity,0,60,41,1610,60,41,1711,0.0,2.963436053546445,0.0851667778537307,0.7597436777465535,False
questeval,specificity/non-specificity (relative to input),Specificity,0,27,41,1643,27,41,1711,0.0,1.3203089634223444,0.250536608945381,0.8397045836745559,False
qafacteval,specificity/non-specificity (relative to input),Specificity,1,11,40,1659,12,41,1711,3.5395833333333333,1.124901863695133,0.2888653989476477,0.8397045836745559,False
spearman correlation,specificity/non-specificity (relative to input),Specificity,1,24,40,1646,25,41,1711,1.686,0.2336144615261972,0.628856615173431,0.8397045836745559,False
pearson correlation,specificity/non-specificity (relative to input),Specificity,1,32,40,1638,33,41,1711,1.2712121212121212,0.053518122683941,0.8170507962825732,0.8548410244997895,False
moverscore,specificity/non-specificity (relative to input),Specificity,0,55,41,1615,55,41,1711,0.0,2.7123510198176004,0.0995741450817803,0.8123252329268631,False
g eval,specificity/non-specificity (relative to input),Specificity,1,18,40,1652,19,41,1711,2.226315789473684,0.5079124833670305,0.4760439250413809,0.8397045836745559,False
usr,specificity/non-specificity (relative to input),Specificity,2,10,39,1660,12,41,1711,7.26068376068376,4.671491745309229,0.0306672790336853,0.491642485251565,False
bartscore,specificity/non-specificity (relative to input),Specificity,3,61,38,1609,64,41,1711,2.0316611842105265,1.1843601639198988,0.2764701370958367,0.8397045836745559,False
qags,specificity/non-specificity (relative to input),Specificity,0,10,41,1660,10,41,1711,0.0,0.4865279402449057,0.4854802123768643,0.8397045836745559,False
perplexity,specificity/non-specificity (relative to input),Specificity,4,162,37,1508,166,41,1711,1.0061869098013676,0.0001404681966875,0.990543751038471,0.991753206167944,False
ndcg,specificity/non-specificity (relative to input),Specificity,0,21,41,1649,21,41,1711,0.0,1.02506422870564,0.3113207643649398,0.8397045836745559,False
map,specificity/non-specificity (relative to input),Specificity,0,12,41,1658,12,41,1711,0.0,0.5841809112032529,0.4446781876131919,0.8397045836745559,False
precision,specificity/non-specificity (relative to input),Specificity,0,79,41,1591,79,41,1711,0.0,3.9246334073425793,0.0475835637869351,0.5957148082124986,False
bleurt,specificity/non-specificity (relative to input),Specificity,4,106,37,1564,110,41,1711,1.5734643734643734,0.6760578210779729,0.4109475135297704,0.8397045836745559,False
ter,specificity/non-specificity (relative to input),Specificity,0,50,41,1620,50,41,1711,0.0,2.462032505278183,0.1166277804638152,0.8397045836745559,False
feqa,specificity/non-specificity (relative to input),Specificity,0,10,41,1660,10,41,1711,0.0,0.4865279402449057,0.4854802123768643,0.8397045836745559,False
sari,specificity/non-specificity (relative to input),Specificity,0,25,41,1645,25,41,1711,0.0,1.221775882883107,0.2690124156655055,0.8397045836745559,False
cosine similarity,specificity/non-specificity (relative to input),Specificity,1,23,40,1647,24,41,1711,1.7572916666666667,0.2689648174627018,0.6040270281746692,0.8397045836745559,False
accuracy,specificity/non-specificity (relative to input),Specificity,2,184,39,1486,186,41,1711,0.4204576785221947,1.907516965132709,0.1672393392248966,0.8397045836745559,False
summac,specificity/non-specificity (relative to input),Specificity,1,14,40,1656,15,41,1711,2.826666666666666,0.8041415155831635,0.3698580019281746,0.8397045836745559,False
clip,specificity/non-specificity (relative to input),Specificity,1,12,40,1658,13,41,1711,3.2653846153846153,1.005705617792192,0.3159338427596646,0.8397045836745559,False
cider,specificity/non-specificity (relative to input),Specificity,3,73,38,1597,76,41,1711,1.6984072022160666,0.6926911778381344,0.4052505170457413,0.8397045836745559,False
exact match,specificity/non-specificity (relative to input),Specificity,1,66,40,1604,67,41,1711,0.6134328358208955,0.2792016417350522,0.5972249669968295,0.8397045836745559,False
chrf++,specificity/non-specificity (relative to input),Specificity,0,23,41,1647,23,41,1711,0.0,1.1233610658321234,0.2891958789541867,0.8397045836745559,False
blanc,specificity/non-specificity (relative to input),Specificity,0,13,41,1657,13,41,1711,0.0,0.6330510437312228,0.426238374750378,0.8397045836745559,False
diversity,specificity/non-specificity (relative to input),Specificity,1,9,40,1661,10,41,1711,4.2525,1.412063383187729,0.2347141617192579,0.8397045836745559,False
coherence,specificity/non-specificity (relative to input),Specificity,1,9,40,1661,10,41,1711,4.2525,1.412063383187729,0.2347141617192579,0.8397045836745559,False
clipscore,specificity/non-specificity (relative to input),Specificity,0,15,41,1655,15,41,1711,0.0,0.7308787764921497,0.3925984910661458,0.8397045836745559,False
hits,specificity/non-specificity (relative to input),Specificity,1,15,40,1655,16,41,1711,2.6484375,0.7184584513903043,0.3966500310028333,0.8397045836745559,False
win rate,specificity/non-specificity (relative to input),Specificity,2,12,39,1658,14,41,1711,6.216117216117215,4.094648163747803,0.0430191826581289,0.573589102108386,False
balanced accuracy,specificity/non-specificity (relative to input),Specificity,0,10,41,1660,10,41,1711,0.0,0.4865279402449057,0.4854802123768643,0.8397045836745559,False
ibleu,specificity/non-specificity (relative to input),Specificity,0,12,41,1658,12,41,1711,0.0,0.5841809112032529,0.4446781876131919,0.8397045836745559,False
self bleu,specificity/non-specificity (relative to input),Specificity,1,29,40,1641,30,41,1711,1.4008333333333334,0.1026057237720292,0.7487247916231914,0.8397045836745559,False
spearman,specificity/non-specificity (relative to input),Specificity,0,12,41,1658,12,41,1711,0.0,0.5841809112032529,0.4446781876131919,0.8397045836745559,False
kendall,specificity/non-specificity (relative to input),Specificity,0,11,41,1659,11,41,1711,0.0,0.5353398882608906,0.4643704706893475,0.8397045836745559,False
coverage,specificity/non-specificity (relative to input),Specificity,0,22,41,1648,22,41,1711,0.0,1.074197917461067,0.2999991571557698,0.8397045836745559,False
density,specificity/non-specificity (relative to input),Specificity,0,10,41,1660,10,41,1711,0.0,0.4865279402449057,0.4854802123768643,0.8397045836745559,False
ppl,specificity/non-specificity (relative to input),Specificity,1,18,40,1652,19,41,1711,2.226315789473684,0.5079124833670305,0.4760439250413809,0.8397045836745559,False
kendall s tau,specificity/non-specificity (relative to input),Specificity,0,11,41,1659,11,41,1711,0.0,0.5353398882608906,0.4643704706893475,0.8397045836745559,False
success rate,specificity/non-specificity (relative to input),Specificity,0,25,41,1645,25,41,1711,0.0,1.221775882883107,0.2690124156655055,0.8397045836745559,False
supert,specificity/non-specificity (relative to input),Specificity,0,10,41,1660,10,41,1711,0.0,0.4865279402449057,0.4854802123768643,0.8397045836745559,False
summaqa,specificity/non-specificity (relative to input),Specificity,0,10,41,1660,10,41,1711,0.0,0.4865279402449057,0.4854802123768643,0.8397045836745559,False
spice,specificity/non-specificity (relative to input),Specificity,0,24,41,1646,24,41,1711,0.0,1.172553709168056,0.2788771427198122,0.8397045836745559,False
length,specificity/non-specificity (relative to input),Specificity,0,16,41,1654,16,41,1711,0.0,0.7798364463549473,0.3771911649681677,0.8397045836745559,False
parent,specificity/non-specificity (relative to input),Specificity,0,17,41,1653,17,41,1711,0.0,0.8288233650625582,0.3626129860465304,0.8397045836745559,False
consistency,specificity/non-specificity (relative to input),Specificity,1,13,40,1657,14,41,1711,3.0303571428571425,0.8993996578115533,0.3429427359546809,0.8397045836745559,False
mrr,specificity/non-specificity (relative to input),Specificity,0,26,41,1644,26,41,1711,0.0,1.2710276224537298,0.2595739871345111,0.8397045836745559,False
embedding,specificity/non-specificity (relative to input),Specificity,1,25,40,1645,26,41,1711,1.6201923076923077,0.2016290485527716,0.6534091257217136,0.8397045836745559,False
vector extrema,specificity/non-specificity (relative to input),Specificity,1,15,40,1655,16,41,1711,2.6484375,0.7184584513903043,0.3966500310028333,0.8397045836745559,False
greedy matching,specificity/non-specificity (relative to input),Specificity,1,13,40,1657,14,41,1711,3.0303571428571425,0.8993996578115533,0.3429427359546809,0.8397045836745559,False
dist,specificity/non-specificity (relative to input),Specificity,1,22,40,1648,23,41,1711,1.834782608695652,0.3079704422701349,0.5789282815317929,0.8397045836745559,False
ruber,specificity/non-specificity (relative to input),Specificity,0,11,41,1659,11,41,1711,0.0,0.5353398882608906,0.4643704706893475,0.8397045836745559,False
bert,specificity/non-specificity (relative to input),Specificity,0,10,41,1660,10,41,1711,0.0,0.4865279402449057,0.4854802123768643,0.8397045836745559,False
xcomet,specificity/non-specificity (relative to input),Specificity,1,12,40,1658,13,41,1711,3.2653846153846153,1.005705617792192,0.3159338427596646,0.8397045836745559,False
auroc,specificity/non-specificity (relative to input),Specificity,0,10,41,1660,10,41,1711,0.0,0.4865279402449057,0.4854802123768643,0.8397045836745559,False
entailment,specificity/non-specificity (relative to input),Specificity,1,10,40,1660,11,41,1711,3.863636363636364,1.2593358379998738,0.2617768448323382,0.8397045836745559,False
sacrebleu,specificity/non-specificity (relative to input),Specificity,0,18,41,1652,18,41,1711,0.0,0.8778395675862647,0.3487940879050822,0.8397045836745559,False
gleu,specificity/non-specificity (relative to input),Specificity,0,14,41,1656,14,41,1711,0.0,0.6819503205663057,0.4089159462403415,0.8397045836745559,False
entropy,specificity/non-specificity (relative to input),Specificity,0,18,41,1652,18,41,1711,0.0,0.8778395675862647,0.3487940879050822,0.8397045836745559,False
maude,specificity/non-specificity (relative to input),Specificity,1,9,40,1661,10,41,1711,4.2525,1.412063383187729,0.2347141617192579,0.8397045836745559,False
nist,specificity/non-specificity (relative to input),Specificity,0,16,41,1654,16,41,1711,0.0,0.7798364463549473,0.3771911649681677,0.8397045836745559,False
auc,specificity/non-specificity (relative to input),Specificity,1,11,40,1659,12,41,1711,3.5395833333333333,1.124901863695133,0.2888653989476477,0.8397045836745559,False
prism,specificity/non-specificity (relative to input),Specificity,0,11,41,1659,11,41,1711,0.0,0.5353398882608906,0.4643704706893475,0.8397045836745559,False
bleu,consistency with input,Input Consistency,96,646,134,835,742,230,1711,0.9355915838596772,0.2872691252176702,0.5919758772250809,0.8397045836745559,False
comet,consistency with input,Input Consistency,10,60,220,1421,70,230,1711,1.0655844155844156,0.0438762221395103,0.834084070418189,0.8696108553628925,False
rouge,consistency with input,Input Consistency,107,558,123,923,665,230,1711,1.368323247142246,6.448307571956825,0.0111058085595087,0.2833384801111728,False
roc auc,consistency with input,Input Consistency,0,11,230,1470,11,230,1711,0.0,3.1869637791997767,0.0742277584882331,0.7149997016226993,False
bertscore,consistency with input,Input Consistency,79,283,151,1198,362,230,1711,1.9496359445318503,25.087071063027253,5.479904335189599e-07,0.0001892009075728,True
distinct,consistency with input,Input Consistency,8,117,222,1364,125,230,1711,0.4572252252252252,6.844893331076655,0.008889500708161,0.2553261212402749,False
f1,consistency with input,Input Consistency,26,209,204,1272,235,230,1711,0.8005006257822277,1.385933680508204,0.2390930057087625,0.8397045836745559,False
recall,consistency with input,Input Consistency,18,94,212,1387,112,230,1711,1.2121799191374665,0.6787452454082974,0.4100191294345727,0.8397045836745559,False
meteor,consistency with input,Input Consistency,37,221,193,1260,258,230,1711,1.0796682331204563,0.207713524924503,0.6485654528014329,0.8397045836745559,False
knowledge f1,consistency with input,Input Consistency,2,11,228,1470,13,230,1711,1.145748987854251,0.0408701632946788,0.8397887470948897,0.8744466953876947,False
acc,consistency with input,Input Consistency,1,10,229,1471,11,230,1711,0.6748709805478365,0.1998806381384917,0.6548172087220114,0.8397045836745559,False
dae,consistency with input,Input Consistency,8,9,222,1472,17,230,1711,3.590885002649709,11.365284093541892,0.0007482963062983,0.0527830512829773,False
mauve,consistency with input,Input Consistency,2,8,228,1473,10,230,1711,1.4921052631578948,0.3309091938446733,0.565124211621411,0.8397045836745559,False
factcc,consistency with input,Input Consistency,8,25,222,1456,33,230,1711,1.8323778323778324,2.8367929741776816,0.0921279210599949,0.7900119766713288,False
comet qe,consistency with input,Input Consistency,1,9,229,1472,10,230,1711,0.7427947598253275,0.1109352287778914,0.7390818931151324,0.8397045836745559,False
unieval,consistency with input,Input Consistency,4,18,226,1463,22,230,1711,1.3588093322606596,0.3944175978596393,0.5299864169361221,0.8397045836745559,False
chrf,consistency with input,Input Consistency,6,54,224,1427,60,230,1711,0.7370535714285714,0.6841701719086064,0.4081544284817724,0.8397045836745559,False
questeval,consistency with input,Input Consistency,8,19,222,1462,27,230,1711,2.247580914247581,4.876338127036776,0.0272273229193718,0.4627234154173035,False
qafacteval,consistency with input,Input Consistency,5,7,225,1474,12,230,1711,3.1462962962962964,5.84621892504637,0.0156105567722927,0.3507029192679457,False
spearman correlation,consistency with input,Input Consistency,6,19,224,1462,25,230,1711,1.8064285714285715,2.048377155145821,0.1523685278994395,0.8397045836745559,False
pearson correlation,consistency with input,Input Consistency,3,30,227,1451,33,230,1711,0.672006407689227,0.6067118114957917,0.4360285642110043,0.8397045836745559,False
moverscore,consistency with input,Input Consistency,5,50,225,1431,55,230,1711,0.6690909090909092,1.0232533288126566,0.3117485514765893,0.8397045836745559,False
g eval,consistency with input,Input Consistency,5,14,225,1467,19,230,1711,1.9789473684210528,2.239416579622911,0.1345317317111499,0.8397045836745559,False
usr,consistency with input,Input Consistency,0,12,230,1469,12,230,1711,0.0,3.47778755549256,0.0621978452146702,0.6635381484623435,False
bartscore,consistency with input,Input Consistency,15,49,215,1432,64,230,1711,1.7954215116279069,4.868096059786145,0.0273576680696849,0.4637372158582247,False
qags,consistency with input,Input Consistency,1,9,229,1472,10,230,1711,0.7427947598253275,0.1109352287778914,0.7390818931151324,0.8397045836745559,False
perplexity,consistency with input,Input Consistency,13,153,217,1328,166,230,1711,0.5575759258231081,5.649303776688097,0.017462303890352,0.3736437402735919,False
ndcg,consistency with input,Input Consistency,1,20,229,1461,21,230,1711,0.3514244125597837,1.7641358544948598,0.1841094814512375,0.8397045836745559,False
map,consistency with input,Input Consistency,0,12,230,1469,12,230,1711,0.0,3.47778755549256,0.0621978452146702,0.6635381484623435,False
precision,consistency with input,Input Consistency,13,66,217,1415,79,230,1711,1.2375896867526104,0.6114658498144125,0.4342364250429235,0.8397045836745559,False
bleurt,consistency with input,Input Consistency,11,99,219,1382,110,230,1711,0.7310502283105024,1.2902997527530546,0.2559927173977235,0.8397045836745559,False
ter,consistency with input,Input Consistency,7,43,223,1438,50,230,1711,1.042780269058296,0.0136088187825588,0.9071319917868732,0.928504582013089,False
feqa,consistency with input,Input Consistency,5,5,225,1476,10,230,1711,3.78,7.71603257681791,0.0054732545240523,0.1951334221618668,False
sari,consistency with input,Input Consistency,8,17,222,1464,25,230,1711,2.4302702702702703,5.783204293715272,0.0161800184834581,0.3590620281647387,False
cosine similarity,consistency with input,Input Consistency,3,21,227,1460,24,230,1711,0.9289647577092512,0.0189559103027294,0.8904929594238853,0.914718935850344,False
accuracy,consistency with input,Input Consistency,13,173,217,1308,186,230,1711,0.4911798226054209,8.673073278913517,0.0032294610722175,0.1384657819199173,False
summac,consistency with input,Input Consistency,6,9,224,1472,15,230,1711,3.028571428571429,6.570002554797458,0.0103711801959435,0.2736281021990974,False
clip,consistency with input,Input Consistency,1,12,229,1469,13,230,1711,0.5703728585824657,0.4300609258917931,0.5119590543532877,0.8397045836745559,False
cider,consistency with input,Input Consistency,9,67,221,1414,76,230,1711,0.8761014527268397,0.1810223164685767,0.6704961460386389,0.8397045836745559,False
exact match,consistency with input,Input Consistency,6,61,224,1420,67,230,1711,0.6572494669509594,1.3390096505959583,0.2472086938417458,0.8397045836745559,False
chrf++,consistency with input,Input Consistency,5,18,225,1463,23,230,1711,1.6309178743961352,1.1981288196040945,0.2736959879350442,0.8397045836745559,False
blanc,consistency with input,Input Consistency,1,12,229,1469,13,230,1711,0.5703728585824657,0.4300609258917931,0.5119590543532877,0.8397045836745559,False
diversity,consistency with input,Input Consistency,2,8,228,1473,10,230,1711,1.4921052631578948,0.3309091938446733,0.565124211621411,0.8397045836745559,False
coherence,consistency with input,Input Consistency,0,10,230,1471,10,230,1711,0.0,2.896324076573583,0.0887818020649234,0.7714021477429107,False
clipscore,consistency with input,Input Consistency,2,13,228,1468,15,230,1711,0.991812865497076,0.0001551503423843,0.9900618579363069,0.9914220406139784,False
hits,consistency with input,Input Consistency,2,14,228,1467,16,230,1711,0.9292763157894736,0.0125788363972569,0.9107001822626256,0.931720710487028,False
win rate,consistency with input,Input Consistency,1,13,229,1468,14,230,1711,0.5293200249532127,0.565892917063521,0.4518955930416362,0.8397045836745559,False
balanced accuracy,consistency with input,Input Consistency,2,8,228,1473,10,230,1711,1.4921052631578948,0.3309091938446733,0.565124211621411,0.8397045836745559,False
ibleu,consistency with input,Input Consistency,5,7,225,1474,12,230,1711,3.1462962962962964,5.84621892504637,0.0156105567722927,0.3507029192679457,False
self bleu,consistency with input,Input Consistency,10,20,220,1461,30,230,1711,2.546969696969697,7.9020742063245795,0.0049378143230675,0.181977876175974,False
spearman,consistency with input,Input Consistency,1,11,229,1470,12,230,1711,0.6182678311499271,0.3072744184440712,0.5793575469438652,0.8397045836745559,False
kendall,consistency with input,Input Consistency,0,11,230,1470,11,230,1711,0.0,3.1869637791997767,0.0742277584882331,0.7149997016226993,False
coverage,consistency with input,Input Consistency,6,16,224,1465,22,230,1711,2.0564123376623376,2.965954194070645,0.0850342751623022,0.7597436777465535,False
density,consistency with input,Input Consistency,4,6,226,1475,10,230,1711,3.010619469026549,4.361877176427146,0.0367517862062228,0.5345714357268784,False
ppl,consistency with input,Input Consistency,0,19,230,1462,19,230,1711,0.0,5.518727741184177,0.0188139368966198,0.3844841932767178,False
kendall s tau,consistency with input,Input Consistency,2,9,228,1472,11,230,1711,1.3556618819776711,0.1958141647938711,0.658120960179124,0.8397045836745559,False
success rate,consistency with input,Input Consistency,4,21,226,1460,25,230,1711,1.1936283185840708,0.135762694765823,0.7125303434699299,0.8397045836745559,False
supert,consistency with input,Input Consistency,1,9,229,1472,10,230,1711,0.7427947598253275,0.1109352287778914,0.7390818931151324,0.8397045836745559,False
summaqa,consistency with input,Input Consistency,1,9,229,1472,10,230,1711,0.7427947598253275,0.1109352287778914,0.7390818931151324,0.8397045836745559,False
spice,consistency with input,Input Consistency,3,21,227,1460,24,230,1711,0.9289647577092512,0.0189559103027294,0.8904929594238853,0.914718935850344,False
length,consistency with input,Input Consistency,2,14,228,1467,16,230,1711,0.9292763157894736,0.0125788363972569,0.9107001822626256,0.931720710487028,False
parent,consistency with input,Input Consistency,9,8,221,1473,17,230,1711,4.058025019962736,15.153874405714582,9.909475854802474e-05,0.0102647218354271,True
consistency,consistency with input,Input Consistency,0,14,230,1467,14,230,1711,0.0,4.059988264410088,0.04391080458397,0.5784234499414532,False
mrr,consistency with input,Input Consistency,6,20,224,1461,26,230,1711,1.7359203296703298,1.7969560652001189,0.1800809277985216,0.8397045836745559,False
embedding,consistency with input,Input Consistency,0,26,230,1455,26,230,1711,0.0,7.56877985976432,0.0059387974116907,0.2029089115661017,False
vector extrema,consistency with input,Input Consistency,0,16,230,1465,16,230,1711,0.0,4.642928078460929,0.0311817568129679,0.491642485251565,False
greedy matching,consistency with input,Input Consistency,0,14,230,1467,14,230,1711,0.0,4.059988264410088,0.04391080458397,0.5784234499414532,False
dist,consistency with input,Input Consistency,2,21,228,1460,23,230,1711,0.6437833714721586,0.506012874932888,0.4768699646734665,0.8397045836745559,False
ruber,consistency with input,Input Consistency,1,10,229,1471,11,230,1711,0.6748709805478365,0.1998806381384917,0.6548172087220114,0.8397045836745559,False
bert,consistency with input,Input Consistency,1,9,229,1472,10,230,1711,0.7427947598253275,0.1109352287778914,0.7390818931151324,0.8397045836745559,False
xcomet,consistency with input,Input Consistency,2,11,228,1470,13,230,1711,1.145748987854251,0.0408701632946788,0.8397887470948897,0.8744466953876947,False
auroc,consistency with input,Input Consistency,1,9,229,1472,10,230,1711,0.7427947598253275,0.1109352287778914,0.7390818931151324,0.8397045836745559,False
entailment,consistency with input,Input Consistency,6,5,224,1476,11,230,1711,4.139610389610389,10.47037836067554,0.0012130387198287,0.0716215841372713,False
sacrebleu,consistency with input,Input Consistency,4,14,226,1467,18,230,1711,1.6647000983284168,1.0394049669063254,0.307959901242674,0.8397045836745559,False
gleu,consistency with input,Input Consistency,2,12,228,1469,14,230,1711,1.06328320802005,0.0084805782330495,0.9266264898231508,0.9434533250411096,False
entropy,consistency with input,Input Consistency,2,16,228,1465,18,230,1711,0.8250487329434697,0.0894885951974061,0.7648283103199907,0.8397045836745559,False
maude,consistency with input,Input Consistency,2,8,228,1473,10,230,1711,1.4921052631578948,0.3309091938446733,0.565124211621411,0.8397045836745559,False
nist,consistency with input,Input Consistency,3,13,227,1468,16,230,1711,1.400055066079295,0.355074108979178,0.5512547589792839,0.8397045836745559,False
auc,consistency with input,Input Consistency,2,10,228,1471,12,230,1711,1.2419590643274854,0.1015136518339965,0.7500206987584397,0.8397045836745559,False
prism,consistency with input,Input Consistency,1,10,229,1471,11,230,1711,0.6748709805478365,0.1998806381384917,0.6548172087220114,0.8397045836745559,False
bleu,internal consistency of outputs,Internal Consistency,80,662,87,882,742,167,1711,1.2008550980574404,1.542308211869761,0.2142745592069462,0.8397045836745559,False
comet,internal consistency of outputs,Internal Consistency,4,66,163,1478,70,167,1711,0.575284837861525,1.5619773792161906,0.211375928666358,0.8397045836745559,False
rouge,internal consistency of outputs,Internal Consistency,82,583,85,961,665,167,1711,1.5174170720919946,7.987400719027452,0.0047103992428621,0.176564414369084,False
roc auc,internal consistency of outputs,Internal Consistency,1,10,166,1534,11,167,1711,0.9309967141292445,0.0057518609679172,0.9395455774163728,0.9530569024047326,False
bertscore,internal consistency of outputs,Internal Consistency,54,308,113,1236,362,167,1711,1.780814550432699,12.630350005135156,0.0003795341090059,0.0315157437351735,True
distinct,internal consistency of outputs,Internal Consistency,17,108,150,1436,125,167,1711,1.437973333333333,2.053687639092397,0.1518380317660675,0.8397045836745559,False
f1,internal consistency of outputs,Internal Consistency,28,207,139,1337,235,167,1711,1.265207408541252,1.3645785475644558,0.2427455527524053,0.8397045836745559,False
recall,internal consistency of outputs,Internal Consistency,10,102,157,1442,112,167,1711,0.9093494085532302,0.0964643670994933,0.7561145102361253,0.8397045836745559,False
meteor,internal consistency of outputs,Internal Consistency,30,228,137,1316,258,167,1711,1.2332371414021388,1.1518435733446548,0.2831635574838844,0.8397045836745559,False
knowledge f1,internal consistency of outputs,Internal Consistency,1,12,166,1532,13,167,1711,0.7868396663577387,0.0680753274888095,0.794159992672343,0.8442212853557884,False
acc,internal consistency of outputs,Internal Consistency,2,9,165,1535,11,167,1711,1.8732782369146008,0.730661480927592,0.3926688607854798,0.8397045836745559,False
dae,internal consistency of outputs,Internal Consistency,4,13,163,1531,17,167,1711,2.4453265968964275,2.771618099895149,0.0959491240143458,0.8010858284512915,False
mauve,internal consistency of outputs,Internal Consistency,3,7,164,1537,10,167,1711,3.1115853658536583,3.209014458430902,0.0732335825371141,0.7098049943874851,False
factcc,internal consistency of outputs,Internal Consistency,6,27,161,1517,33,167,1711,1.8949745906267648,2.2272852097761495,0.1355919056033708,0.8397045836745559,False
comet qe,internal consistency of outputs,Internal Consistency,2,8,165,1536,10,167,1711,2.061818181818182,0.9495453617770052,0.3298350485556947,0.8397045836745559,False
unieval,internal consistency of outputs,Internal Consistency,7,15,160,1529,22,167,1711,3.3588068181818183,8.294883667493139,0.0039756927010123,0.1590277080404927,False
chrf,internal consistency of outputs,Internal Consistency,5,55,162,1489,60,167,1711,0.8492798353909464,0.1502800235388801,0.6982679013175541,0.8397045836745559,False
questeval,internal consistency of outputs,Internal Consistency,7,20,160,1524,27,167,1711,2.7287037037037036,5.910124991353557,0.0150541036914767,0.3428990285280826,False
qafacteval,internal consistency of outputs,Internal Consistency,2,10,165,1534,12,167,1711,1.7161616161616162,0.5525163520992928,0.4572913330490824,0.8397045836745559,False
spearman correlation,internal consistency of outputs,Internal Consistency,3,22,164,1522,25,167,1711,1.2336585365853658,0.1357683540248688,0.7125246182288365,0.8397045836745559,False
pearson correlation,internal consistency of outputs,Internal Consistency,6,27,161,1517,33,167,1711,1.8949745906267648,2.2272852097761495,0.1355919056033708,0.8397045836745559,False
moverscore,internal consistency of outputs,Internal Consistency,14,41,153,1503,55,167,1711,2.755080213903743,11.692064394686062,0.000627672201004,0.0457503293176268,True
g eval,internal consistency of outputs,Internal Consistency,5,14,162,1530,19,167,1711,2.7485380116959064,4.310113727123464,0.0378864287481072,0.5374496876862642,False
usr,internal consistency of outputs,Internal Consistency,6,6,161,1538,12,167,1711,5.27639751552795,12.676145218355485,0.0003703503071576,0.031200902382671,True
bartscore,internal consistency of outputs,Internal Consistency,20,44,147,1500,64,167,1711,3.501275510204082,23.950886501903785,9.88247767533958e-07,0.0002818654502183,True
qags,internal consistency of outputs,Internal Consistency,3,7,164,1537,10,167,1711,3.1115853658536583,3.209014458430902,0.0732335825371141,0.7098049943874851,False
perplexity,internal consistency of outputs,Internal Consistency,22,144,145,1400,166,167,1711,1.4121312837557127,2.3410323134941144,0.126006026500453,0.8397045836745559,False
ndcg,internal consistency of outputs,Internal Consistency,1,20,166,1524,21,167,1711,0.4847963281698221,0.7284774781667092,0.3933771426515536,0.8397045836745559,False
map,internal consistency of outputs,Internal Consistency,1,11,166,1533,12,167,1711,0.8529116465863453,0.0292451870513332,0.8642141393562149,0.8950496927970902,False
precision,internal consistency of outputs,Internal Consistency,8,71,159,1473,79,167,1711,1.039407690470504,0.0124796376603157,0.9110515274946724,0.9319348230726728,False
bleurt,internal consistency of outputs,Internal Consistency,17,93,150,1451,110,167,1711,1.6495151515151514,3.783713899664953,0.0517536685559947,0.6196991870521323,False
ter,internal consistency of outputs,Internal Consistency,5,45,162,1499,50,167,1711,1.0253086419753088,0.0033343186399139,0.953952896260548,0.9648367251725556,False
feqa,internal consistency of outputs,Internal Consistency,3,7,164,1537,10,167,1711,3.1115853658536583,3.209014458430902,0.0732335825371141,0.7098049943874851,False
sari,internal consistency of outputs,Internal Consistency,1,24,166,1520,25,167,1711,0.4062650602409638,1.200075058120711,0.2733066771096121,0.8397045836745559,False
cosine similarity,internal consistency of outputs,Internal Consistency,3,21,164,1523,24,167,1711,1.2858231707317074,0.1924468608635823,0.6608878714988302,0.8397045836745559,False
accuracy,internal consistency of outputs,Internal Consistency,19,167,148,1377,186,167,1711,1.0525646614356292,0.0484007567620401,0.8258698152273193,0.862554686815987,False
summac,internal consistency of outputs,Internal Consistency,3,12,164,1532,15,167,1711,2.0682926829268293,1.4296377418361952,0.231823568297541,0.8397045836745559,False
clip,internal consistency of outputs,Internal Consistency,1,12,166,1532,13,167,1711,0.7868396663577387,0.0680753274888095,0.794159992672343,0.8442212853557884,False
cider,internal consistency of outputs,Internal Consistency,5,71,162,1473,76,167,1711,0.6639863547758283,1.0158828276300715,0.313497608678878,0.8397045836745559,False
exact match,internal consistency of outputs,Internal Consistency,4,63,163,1481,67,167,1711,0.6021426609284863,1.2959579805773096,0.2549528670159166,0.8397045836745559,False
chrf++,internal consistency of outputs,Internal Consistency,2,21,165,1523,23,167,1711,0.8895915678524374,0.0310230196805176,0.8601890411394751,0.8920076051019534,False
blanc,internal consistency of outputs,Internal Consistency,9,4,158,1540,13,167,1711,7.440116845180136,27.061770250531207,1.9705670207998497e-07,8.617946437631342e-05,True
diversity,internal consistency of outputs,Internal Consistency,2,8,165,1536,10,167,1711,2.061818181818182,0.9495453617770052,0.3298350485556947,0.8397045836745559,False
coherence,internal consistency of outputs,Internal Consistency,2,8,165,1536,10,167,1711,2.061818181818182,0.9495453617770052,0.3298350485556947,0.8397045836745559,False
clipscore,internal consistency of outputs,Internal Consistency,2,13,165,1531,15,167,1711,1.3705050505050504,0.1992886749928084,0.6552956206938967,0.8397045836745559,False
hits,internal consistency of outputs,Internal Consistency,3,13,164,1531,16,167,1711,1.9378810975609757,1.202688439443548,0.2727850072464006,0.8397045836745559,False
win rate,internal consistency of outputs,Internal Consistency,1,13,166,1531,14,167,1711,0.7302065404475043,0.1198949642787204,0.7291484371608529,0.8397045836745559,False
balanced accuracy,internal consistency of outputs,Internal Consistency,1,9,166,1535,10,167,1711,1.024698795180723,0.00065106747462,0.97964336744098,0.9835415504151868,False
ibleu,internal consistency of outputs,Internal Consistency,0,12,167,1532,12,167,1711,0.0,2.473985093085049,0.1157441333897621,0.8397045836745559,False
self bleu,internal consistency of outputs,Internal Consistency,2,28,165,1516,30,167,1711,0.6791919191919191,0.3686508514426567,0.543740589622532,0.8397045836745559,False
spearman,internal consistency of outputs,Internal Consistency,1,11,166,1533,12,167,1711,0.8529116465863453,0.0292451870513332,0.8642141393562149,0.8950496927970902,False
kendall,internal consistency of outputs,Internal Consistency,0,11,167,1533,11,167,1711,0.0,2.2671176838029132,0.1321454667260237,0.8397045836745559,False
coverage,internal consistency of outputs,Internal Consistency,2,20,165,1524,22,167,1711,0.9305785123966942,0.011577072957738,0.9143155296333952,0.9335568188739752,False
density,internal consistency of outputs,Internal Consistency,0,10,167,1534,10,167,1711,0.0,2.0603784353985164,0.1511726226669563,0.8397045836745559,False
ppl,internal consistency of outputs,Internal Consistency,4,15,163,1529,19,167,1711,2.1853406522441072,2.169950851732996,0.1407307316533187,0.8397045836745559,False
kendall s tau,internal consistency of outputs,Internal Consistency,2,9,165,1535,11,167,1711,1.8732782369146008,0.730661480927592,0.3926688607854798,0.8397045836745559,False
success rate,internal consistency of outputs,Internal Consistency,1,24,166,1520,25,167,1711,0.4062650602409638,1.200075058120711,0.2733066771096121,0.8397045836745559,False
supert,internal consistency of outputs,Internal Consistency,5,5,162,1539,10,167,1711,5.25,10.541333495711992,0.0011673416578688,0.0709051969964757,False
summaqa,internal consistency of outputs,Internal Consistency,6,4,161,1540,10,167,1711,6.339130434782608,15.453462575998412,8.456187587196073e-05,0.0094021339952552,True
spice,internal consistency of outputs,Internal Consistency,4,20,163,1524,24,167,1711,1.7249488752556237,1.114384873205898,0.2911307567905681,0.8397045836745559,False
length,internal consistency of outputs,Internal Consistency,1,15,166,1529,16,167,1711,0.6381777108433735,0.2555030817814341,0.6132265686684804,0.8397045836745559,False
parent,internal consistency of outputs,Internal Consistency,1,16,166,1528,17,167,1711,0.6002834868887315,0.3366232802283815,0.5617848437881061,0.8397045836745559,False
consistency,internal consistency of outputs,Internal Consistency,7,7,160,1537,14,167,1711,5.303125,14.81997111809551,0.000118276316359,0.0115804870942621,True
mrr,internal consistency of outputs,Internal Consistency,3,23,164,1521,26,167,1711,1.1855065666041278,0.090136742631202,0.7640033876318171,0.8397045836745559,False
embedding,internal consistency of outputs,Internal Consistency,4,22,163,1522,26,167,1711,1.5903728173666825,0.823232953950388,0.3642366186198366,0.8397045836745559,False
vector extrema,internal consistency of outputs,Internal Consistency,3,13,164,1531,16,167,1711,1.9378810975609757,1.202688439443548,0.2727850072464006,0.8397045836745559,False
greedy matching,internal consistency of outputs,Internal Consistency,2,12,165,1532,14,167,1711,1.469264069264069,0.2916264572658846,0.5891801385901347,0.8397045836745559,False
dist,internal consistency of outputs,Internal Consistency,4,19,163,1525,23,167,1711,1.801013603627634,1.284461744102129,0.2570710948287001,0.8397045836745559,False
ruber,internal consistency of outputs,Internal Consistency,4,7,163,1537,11,167,1711,3.792526491912995,5.689433790442622,0.0170673605759466,0.3707347197953981,False
bert,internal consistency of outputs,Internal Consistency,0,10,167,1534,10,167,1711,0.0,2.0603784353985164,0.1511726226669563,0.8397045836745559,False
xcomet,internal consistency of outputs,Internal Consistency,0,13,167,1531,13,167,1711,0.0,2.6809808223838094,0.101553163199918,0.8137353392580267,False
auroc,internal consistency of outputs,Internal Consistency,0,10,167,1534,10,167,1711,0.0,2.0603784353985164,0.1511726226669563,0.8397045836745559,False
entailment,internal consistency of outputs,Internal Consistency,1,10,166,1534,11,167,1711,0.9309967141292445,0.0057518609679172,0.9395455774163728,0.9530569024047326,False
sacrebleu,internal consistency of outputs,Internal Consistency,1,17,166,1527,18,167,1711,0.5665997322623828,0.4252382491990525,0.5143347652002319,0.8397045836745559,False
gleu,internal consistency of outputs,Internal Consistency,1,13,166,1531,14,167,1711,0.7302065404475043,0.1198949642787204,0.7291484371608529,0.8397045836745559,False
entropy,internal consistency of outputs,Internal Consistency,1,17,166,1527,18,167,1711,0.5665997322623828,0.4252382491990525,0.5143347652002319,0.8397045836745559,False
maude,internal consistency of outputs,Internal Consistency,6,4,161,1540,10,167,1711,6.339130434782608,15.453462575998412,8.456187587196073e-05,0.0094021339952552,True
nist,internal consistency of outputs,Internal Consistency,1,15,166,1529,16,167,1711,0.6381777108433735,0.2555030817814341,0.6132265686684804,0.8397045836745559,False
auc,internal consistency of outputs,Internal Consistency,1,11,166,1533,12,167,1711,0.8529116465863453,0.0292451870513332,0.8642141393562149,0.8950496927970902,False
prism,internal consistency of outputs,Internal Consistency,3,8,164,1536,11,167,1711,2.827050997782705,2.738173349084525,0.0979767048429913,0.8016006112360292,False
bleu,naturalness (outputs as a whole),Naturalness,53,689,44,925,742,97,1711,1.5730519480519478,5.26305517797406,0.0217827482590482,0.4190464181212794,False
comet,naturalness (outputs as a whole),Naturalness,3,67,94,1547,70,97,1711,0.7481762917933131,0.2831020321686506,0.5946752057832074,0.8397045836745559,False
rouge,naturalness (outputs as a whole),Naturalness,32,633,65,981,665,97,1711,0.7743666859456333,1.524707746406298,0.2169084586436316,0.8397045836745559,False
roc auc,naturalness (outputs as a whole),Naturalness,0,11,97,1603,11,97,1711,0.0,1.288242351769335,0.25637211564893,0.8397045836745559,False
bertscore,naturalness (outputs as a whole),Naturalness,17,345,80,1269,362,97,1711,0.7918853591160221,0.8482920526347275,0.3570359571964193,0.8397045836745559,False
distinct,naturalness (outputs as a whole),Naturalness,3,122,94,1492,125,97,1711,0.4049361702127659,3.3496888316549303,0.0672177186789477,0.685992326577204,False
f1,naturalness (outputs as a whole),Naturalness,11,224,86,1390,235,97,1711,0.8033646709549728,0.5227493402186694,0.4696712422516218,0.8397045836745559,False
recall,naturalness (outputs as a whole),Naturalness,5,107,92,1507,112,97,1711,0.7759122670807453,0.347983129914327,0.555257057691548,0.8397045836745559,False
meteor,naturalness (outputs as a whole),Naturalness,23,235,74,1379,258,97,1711,1.7504190236748378,5.299383580373949,0.0213329726319564,0.415447701238251,False
knowledge f1,naturalness (outputs as a whole),Naturalness,1,12,96,1602,13,97,1711,1.3605769230769231,0.0907814954462693,0.763185987091098,0.8397045836745559,False
acc,naturalness (outputs as a whole),Naturalness,1,10,96,1604,11,97,1711,1.6098484848484849,0.2070591481104218,0.6490822434945385,0.8397045836745559,False
dae,naturalness (outputs as a whole),Naturalness,0,17,97,1597,17,97,1711,0.0,1.9945434166827305,0.1578666348531645,0.8397045836745559,False
mauve,naturalness (outputs as a whole),Naturalness,1,9,96,1605,10,97,1711,1.771875,0.2911735306183262,0.5894694839384548,0.8397045836745559,False
factcc,naturalness (outputs as a whole),Naturalness,1,32,96,1582,33,97,1711,0.5296717171717172,0.5214653361544872,0.4702172798096201,0.8397045836745559,False
comet qe,naturalness (outputs as a whole),Naturalness,1,9,96,1605,10,97,1711,1.771875,0.2911735306183262,0.5894694839384548,0.8397045836745559,False
unieval,naturalness (outputs as a whole),Naturalness,6,16,91,1598,22,97,1711,5.061938061938061,10.781225149092846,0.0010253479291549,0.0640598325262492,False
chrf,naturalness (outputs as a whole),Naturalness,3,57,94,1557,60,97,1711,0.8781914893617022,0.0540445385956674,0.8161692478393507,0.8542911537865218,False
questeval,naturalness (outputs as a whole),Naturalness,0,27,97,1587,27,97,1711,0.0,3.177458092958005,0.0746607920139556,0.7149997016226993,False
qafacteval,naturalness (outputs as a whole),Naturalness,0,12,97,1602,12,97,1711,0.0,1.4057807160505051,0.2357580831177297,0.8397045836745559,False
spearman correlation,naturalness (outputs as a whole),Naturalness,5,20,92,1594,25,97,1711,3.665217391304348,6.159662784564206,0.0130696122288703,0.3175431711903324,False
pearson correlation,naturalness (outputs as a whole),Naturalness,4,29,93,1585,33,97,1711,2.1870316063864452,2.0208898483813496,0.1551481986886926,0.8397045836745559,False
moverscore,naturalness (outputs as a whole),Naturalness,4,51,93,1563,55,97,1711,1.2950146627565982,0.2526737433229402,0.6151986732638326,0.8397045836745559,False
g eval,naturalness (outputs as a whole),Naturalness,3,16,94,1598,19,97,1711,2.8421052631578947,2.555283924934185,0.1099260644916391,0.8397045836745559,False
usr,naturalness (outputs as a whole),Naturalness,7,5,90,1609,12,97,1711,11.012037037037038,24.913609262446503,5.995766552422215e-07,0.0001966611429194,True
bartscore,naturalness (outputs as a whole),Naturalness,9,55,88,1559,64,97,1711,2.631924715909091,6.435417369281682,0.0111866869434136,0.2833384801111728,False
qags,naturalness (outputs as a whole),Naturalness,2,8,95,1606,10,97,1711,3.5810526315789475,2.42892216469164,0.1191147744801675,0.8397045836745559,False
perplexity,naturalness (outputs as a whole),Naturalness,11,155,86,1459,166,97,1711,1.1904595124684787,0.3013184283783405,0.5830570627963405,0.8397045836745559,False
ndcg,naturalness (outputs as a whole),Naturalness,1,20,96,1594,21,97,1711,0.8382936507936508,0.034491574580579,0.8526650693740268,0.8853249216672389,False
map,naturalness (outputs as a whole),Naturalness,0,12,97,1602,12,97,1711,0.0,1.4057807160505051,0.2357580831177297,0.8397045836745559,False
precision,naturalness (outputs as a whole),Naturalness,3,76,94,1538,79,97,1711,0.6593051440883383,0.6071308902797168,0.4358701302624538,0.8397045836745559,False
bleurt,naturalness (outputs as a whole),Naturalness,5,105,92,1509,110,97,1711,0.79100790513834,0.2954753125319556,0.5867329973223374,0.8397045836745559,False
ter,naturalness (outputs as a whole),Naturalness,3,47,94,1567,50,97,1711,1.0602127659574467,0.0103576316354795,0.9189372935752428,0.9372246029001234,False
feqa,naturalness (outputs as a whole),Naturalness,0,10,97,1604,10,97,1711,0.0,1.1707751775490751,0.2792420196453756,0.8397045836745559,False
sari,naturalness (outputs as a whole),Naturalness,0,25,97,1589,25,97,1711,0.0,2.9402972594789714,0.086394832283604,0.7615845443177774,False
cosine similarity,naturalness (outputs as a whole),Naturalness,3,21,94,1593,24,97,1711,2.243351063829787,1.616939596300988,0.2035190457474186,0.8397045836745559,False
accuracy,naturalness (outputs as a whole),Naturalness,6,180,91,1434,186,97,1711,0.5405884438142503,2.6889540315223073,0.1010461245520743,0.8134039803883839,False
summac,naturalness (outputs as a whole),Naturalness,0,15,97,1599,15,97,1711,0.0,1.7588238137038277,0.1847712902538921,0.8397045836745559,False
clip,naturalness (outputs as a whole),Naturalness,0,13,97,1601,13,97,1711,0.0,1.5233903567583835,0.2171071513024768,0.8397045836745559,False
cider,naturalness (outputs as a whole),Naturalness,6,70,91,1544,76,97,1711,1.41844997108155,0.6640949388158699,0.4151179874345958,0.8397045836745559,False
exact match,naturalness (outputs as a whole),Naturalness,2,65,95,1549,67,97,1711,0.5165750196386488,1.1182926065570542,0.2902863971409355,0.8397045836745559,False
chrf++,naturalness (outputs as a whole),Naturalness,2,21,95,1593,23,97,1711,1.5450800915331808,0.3468880316050926,0.5558800483316484,0.8397045836745559,False
blanc,naturalness (outputs as a whole),Naturalness,0,13,97,1601,13,97,1711,0.0,1.5233903567583835,0.2171071513024768,0.8397045836745559,False
diversity,naturalness (outputs as a whole),Naturalness,0,10,97,1604,10,97,1711,0.0,1.1707751775490751,0.2792420196453756,0.8397045836745559,False
coherence,naturalness (outputs as a whole),Naturalness,1,9,96,1605,10,97,1711,1.771875,0.2911735306183262,0.5894694839384548,0.8397045836745559,False
clipscore,naturalness (outputs as a whole),Naturalness,0,15,97,1599,15,97,1711,0.0,1.7588238137038277,0.1847712902538921,0.8397045836745559,False
hits,naturalness (outputs as a whole),Naturalness,0,16,97,1598,16,97,1711,0.0,1.8766478034603329,0.170715636361817,0.8397045836745559,False
win rate,naturalness (outputs as a whole),Naturalness,2,12,95,1602,14,97,1711,2.55187969924812,1.4140286146827168,0.2343887698775696,0.8397045836745559,False
balanced accuracy,naturalness (outputs as a whole),Naturalness,0,10,97,1604,10,97,1711,0.0,1.1707751775490751,0.2792420196453756,0.8397045836745559,False
ibleu,naturalness (outputs as a whole),Naturalness,0,12,97,1602,12,97,1711,0.0,1.4057807160505051,0.2357580831177297,0.8397045836745559,False
self bleu,naturalness (outputs as a whole),Naturalness,1,29,96,1585,30,97,1711,0.5836805555555555,0.3620304951544359,0.5473807074128654,0.8397045836745559,False
spearman,naturalness (outputs as a whole),Naturalness,0,12,97,1602,12,97,1711,0.0,1.4057807160505051,0.2357580831177297,0.8397045836745559,False
kendall,naturalness (outputs as a whole),Naturalness,0,11,97,1603,11,97,1711,0.0,1.288242351769335,0.25637211564893,0.8397045836745559,False
coverage,naturalness (outputs as a whole),Naturalness,0,22,97,1592,22,97,1711,0.0,2.585098890820703,0.1078736708855138,0.8397045836745559,False
density,naturalness (outputs as a whole),Naturalness,0,10,97,1604,10,97,1711,0.0,1.1707751775490751,0.2792420196453756,0.8397045836745559,False
ppl,naturalness (outputs as a whole),Naturalness,1,18,96,1596,19,97,1711,0.9276315789473684,0.0060597291140156,0.9379519373270776,0.952029198339104,False
kendall s tau,naturalness (outputs as a whole),Naturalness,0,11,97,1603,11,97,1711,0.0,1.288242351769335,0.25637211564893,0.8397045836745559,False
success rate,naturalness (outputs as a whole),Naturalness,4,21,93,1593,25,97,1711,2.9006451612903223,3.503321305991971,0.0612458854992204,0.6620161758961304,False
supert,naturalness (outputs as a whole),Naturalness,0,10,97,1604,10,97,1711,0.0,1.1707751775490751,0.2792420196453756,0.8397045836745559,False
summaqa,naturalness (outputs as a whole),Naturalness,0,10,97,1604,10,97,1711,0.0,1.1707751775490751,0.2792420196453756,0.8397045836745559,False
spice,naturalness (outputs as a whole),Naturalness,2,22,95,1592,24,97,1711,1.4798245614035086,0.2848497452231535,0.5935399976163886,0.8397045836745559,False
length,naturalness (outputs as a whole),Naturalness,1,15,96,1599,16,97,1711,1.103515625,0.0098795614082898,0.920823872185905,0.9387108937901378,False
parent,naturalness (outputs as a whole),Naturalness,1,16,96,1598,17,97,1711,1.0379901960784312,0.001442102462245,0.9697075954693248,0.9783577093630836,False
consistency,naturalness (outputs as a whole),Naturalness,1,13,96,1601,14,97,1711,1.262648809523809,0.0532150436454422,0.8175604125882392,0.8549651373471783,False
mrr,naturalness (outputs as a whole),Naturalness,3,23,94,1591,26,97,1711,2.068330605564648,1.3347661413849572,0.2479590829839789,0.8397045836745559,False
embedding,naturalness (outputs as a whole),Naturalness,2,24,95,1590,26,97,1711,1.3643724696356276,0.1831140034828273,0.6687106610865672,0.8397045836745559,False
vector extrema,naturalness (outputs as a whole),Naturalness,2,14,95,1600,16,97,1711,2.2302631578947367,1.071216808294409,0.300670759325888,0.8397045836745559,False
greedy matching,naturalness (outputs as a whole),Naturalness,1,13,96,1601,14,97,1711,1.262648809523809,0.0532150436454422,0.8175604125882392,0.8549651373471783,False
dist,naturalness (outputs as a whole),Naturalness,2,21,95,1593,23,97,1711,1.5450800915331808,0.3468880316050926,0.5558800483316484,0.8397045836745559,False
ruber,naturalness (outputs as a whole),Naturalness,1,10,96,1604,11,97,1711,1.6098484848484849,0.2070591481104218,0.6490822434945385,0.8397045836745559,False
bert,naturalness (outputs as a whole),Naturalness,0,10,97,1604,10,97,1711,0.0,1.1707751775490751,0.2792420196453756,0.8397045836745559,False
xcomet,naturalness (outputs as a whole),Naturalness,1,12,96,1602,13,97,1711,1.3605769230769231,0.0907814954462693,0.763185987091098,0.8397045836745559,False
auroc,naturalness (outputs as a whole),Naturalness,1,9,96,1605,10,97,1711,1.771875,0.2911735306183262,0.5894694839384548,0.8397045836745559,False
entailment,naturalness (outputs as a whole),Naturalness,0,11,97,1603,11,97,1711,0.0,1.288242351769335,0.25637211564893,0.8397045836745559,False
sacrebleu,naturalness (outputs as a whole),Naturalness,1,17,96,1597,18,97,1711,0.9797453703703703,0.0004420779593949,0.9832251944272916,0.9859304915076478,False
gleu,naturalness (outputs as a whole),Naturalness,1,13,96,1601,14,97,1711,1.262648809523809,0.0532150436454422,0.8175604125882392,0.8549651373471783,False
entropy,naturalness (outputs as a whole),Naturalness,1,17,96,1597,18,97,1711,0.9797453703703703,0.0004420779593949,0.9832251944272916,0.9859304915076478,False
maude,naturalness (outputs as a whole),Naturalness,1,9,96,1605,10,97,1711,1.771875,0.2911735306183262,0.5894694839384548,0.8397045836745559,False
nist,naturalness (outputs as a whole),Naturalness,2,14,95,1600,16,97,1711,2.2302631578947367,1.071216808294409,0.300670759325888,0.8397045836745559,False
auc,naturalness (outputs as a whole),Naturalness,1,11,96,1603,12,97,1711,1.4748263888888888,0.1412804000098508,0.7070114248914147,0.8397045836745559,False
prism,naturalness (outputs as a whole),Naturalness,2,9,95,1605,11,97,1711,3.2535885167464116,2.1208799335296606,0.1453030416771958,0.8397045836745559,False
bleu,relevance to input,Relevance,203,539,184,785,742,387,1711,1.440781378178835,16.701538554756894,4.37455066118408e-05,0.0057394104674735,True
comet,relevance to input,Relevance,18,52,369,1272,70,387,1711,1.1435540069686412,0.3882155659245887,0.5332388704256636,0.8397045836745559,False
rouge,relevance to input,Relevance,187,478,200,846,665,387,1711,1.4706917293233084,18.524922020983695,1.676971357450012e-05,0.0028668323267656,True
roc auc,relevance to input,Relevance,1,10,386,1314,11,387,1711,0.4003768252472915,1.4066686337157788,0.2356102071462033,0.8397045836745559,False
bertscore,relevance to input,Relevance,109,253,278,1071,362,387,1711,1.4611172940100958,14.02856693286924,0.0001800543137356,0.0166360041986707,True
distinct,relevance to input,Relevance,39,86,348,1238,125,387,1711,1.4219310344827587,5.288818032876982,0.0214627823885601,0.415447701238251,False
f1,relevance to input,Relevance,44,191,343,1133,235,387,1711,0.8057068420073197,2.4507852727105828,0.1174660898349592,0.8397045836745559,False
recall,relevance to input,Relevance,28,84,359,1240,112,387,1711,1.1135097493036212,0.3799268328123224,0.5376423967858708,0.8397045836745559,False
meteor,relevance to input,Relevance,90,168,297,1156,258,387,1711,1.7066008926474043,24.033534468181713,9.467238392399666e-07,0.0002818654502183,True
knowledge f1,relevance to input,Relevance,2,11,385,1313,13,387,1711,0.6785214785214786,0.427461465732913,0.5132372044461379,0.8397045836745559,False
acc,relevance to input,Relevance,3,8,384,1316,11,387,1711,1.2073863636363635,0.1311037261642267,0.7172903916212257,0.8397045836745559,False
dae,relevance to input,Relevance,2,15,385,1309,17,387,1711,0.5176470588235295,1.3345610029536372,0.2479954286541313,0.8397045836745559,False
mauve,relevance to input,Relevance,1,9,386,1315,10,387,1711,0.4406735751295337,1.0920713676054636,0.2960127161065896,0.8397045836745559,False
factcc,relevance to input,Relevance,6,27,381,1297,33,387,1711,0.8007635409210213,0.3977090485663126,0.528274777501865,0.8397045836745559,False
comet qe,relevance to input,Relevance,3,7,384,1317,10,387,1711,1.32890625,0.29288401745862,0.5883782840638636,0.8397045836745559,False
unieval,relevance to input,Relevance,8,14,379,1310,22,387,1711,1.6205325017989929,2.152105465588222,0.1423745287153786,0.8397045836745559,False
chrf,relevance to input,Relevance,23,37,364,1287,60,387,1711,1.7386904761904762,7.778754779578069,0.0052864223468471,0.1899022710009359,False
questeval,relevance to input,Relevance,5,22,382,1302,27,387,1711,0.8163661043242194,0.2758002885582176,0.5994671623353804,0.8397045836745559,False
qafacteval,relevance to input,Relevance,2,10,385,1314,12,387,1711,0.7354978354978354,0.2622906467722787,0.6085507993222496,0.8397045836745559,False
spearman correlation,relevance to input,Relevance,8,17,379,1307,25,387,1711,1.4235356200527705,1.1760313672838016,0.2781654136865458,0.8397045836745559,False
pearson correlation,relevance to input,Relevance,10,23,377,1301,33,387,1711,1.3487661763523833,1.0603849081546546,0.3031274127578287,0.8397045836745559,False
moverscore,relevance to input,Relevance,23,32,364,1292,55,387,1711,1.9024975024975024,10.40622458862402,0.0012559124902519,0.07227005207064,False
g eval,relevance to input,Relevance,8,11,379,1313,19,387,1711,1.8797389251492849,3.6062655195263966,0.0575622424641616,0.6452795683107804,False
usr,relevance to input,Relevance,8,4,379,1320,12,387,1711,2.9885664028144237,10.65182571458014,0.0010996230515348,0.0674161422249416,False
bartscore,relevance to input,Relevance,30,34,357,1290,64,387,1711,2.1625525210084033,18.992894676959217,1.3120613016538623e-05,0.0023908672607914,True
qags,relevance to input,Relevance,3,7,384,1317,10,387,1711,1.32890625,0.29288401745862,0.5883782840638636,0.8397045836745559,False
perplexity,relevance to input,Relevance,51,115,336,1209,166,387,1711,1.4127043889845097,6.466608183596378,0.0109920123460164,0.2833384801111728,False
ndcg,relevance to input,Relevance,9,12,378,1312,21,387,1711,1.9160997732426304,4.288537319814341,0.0383701618257988,0.539179324671988,False
map,relevance to input,Relevance,3,9,384,1315,12,387,1711,1.1061197916666667,0.0382524146047112,0.8449371582291637,0.8786917815445964,False
precision,relevance to input,Relevance,11,68,376,1256,79,387,1711,0.6043630487476435,3.972607439219093,0.0462461085681114,0.5932779641970509,False
bleurt,relevance to input,Relevance,32,78,355,1246,110,387,1711,1.3119590268886043,2.6614991643106656,0.1028037990053257,0.8174459654241661,False
ter,relevance to input,Relevance,21,29,366,1295,50,387,1711,1.9060655737704917,9.597383511444072,0.0019485482497062,0.0980048701485536,False
feqa,relevance to input,Relevance,3,7,384,1317,10,387,1711,1.32890625,0.29288401745862,0.5883782840638636,0.8397045836745559,False
sari,relevance to input,Relevance,8,17,379,1307,25,387,1711,1.4235356200527705,1.1760313672838016,0.2781654136865458,0.8397045836745559,False
cosine similarity,relevance to input,Relevance,4,20,383,1304,24,387,1711,0.7341166231505657,0.5280561918455824,0.4674252250926891,0.8397045836745559,False
accuracy,relevance to input,Relevance,22,164,365,1160,186,387,1711,0.494181764619237,15.781293914453483,7.110202709415132e-05,0.0084805326861387,True
summac,relevance to input,Relevance,6,9,381,1315,15,387,1711,1.7805774278215225,2.2850597101053385,0.1306251146817754,0.8397045836745559,False
clip,relevance to input,Relevance,6,7,381,1317,13,387,1711,2.0569351907934585,3.5135213770515348,0.0608699492272475,0.6600113502987507,False
cider,relevance to input,Relevance,22,54,365,1270,76,387,1711,1.2966834895457824,1.7211732946767755,0.1895420862190446,0.8397045836745559,False
exact match,relevance to input,Relevance,11,56,376,1268,67,387,1711,0.7178469355350905,1.6441845318207982,0.1997522992255892,0.8397045836745559,False
chrf++,relevance to input,Relevance,7,16,380,1308,23,387,1711,1.3519450800915334,0.7589763738584536,0.3836490537675433,0.8397045836745559,False
blanc,relevance to input,Relevance,10,3,377,1321,13,387,1711,3.464599061416038,17.389818896865684,3.0445241326162572e-05,0.0044382396244361,True
diversity,relevance to input,Relevance,2,8,385,1316,10,387,1711,0.8836363636363637,0.0405446922212944,0.8404193370052224,0.8748255872348872,False
coherence,relevance to input,Relevance,5,5,382,1319,10,387,1711,2.2264397905759163,3.59057351188049,0.058108186092481,0.6460842385875857,False
clipscore,relevance to input,Relevance,3,12,384,1312,15,387,1711,0.8833333333333334,0.0609912044468639,0.8049361051975154,0.8482552722877735,False
hits,relevance to input,Relevance,2,14,385,1310,16,387,1711,0.5503246753246753,1.0775901115801323,0.2992372906447473,0.8397045836745559,False
win rate,relevance to input,Relevance,0,14,387,1310,14,387,1711,0.0,7.213469241605781,0.0072358498087012,0.2338284470201007,False
balanced accuracy,relevance to input,Relevance,1,9,386,1315,10,387,1711,0.4406735751295337,1.0920713676054636,0.2960127161065896,0.8397045836745559,False
ibleu,relevance to input,Relevance,1,11,386,1313,12,387,1711,0.3667962003454231,1.739876721521393,0.1871544476965101,0.8397045836745559,False
self bleu,relevance to input,Relevance,7,23,380,1301,30,387,1711,1.0321929824561404,0.0088543671885379,0.9250315894372044,0.9422682029049784,False
spearman,relevance to input,Relevance,4,8,383,1316,12,387,1711,1.4786771105308962,0.7232213241874659,0.3950892850027363,0.8397045836745559,False
kendall,relevance to input,Relevance,5,6,382,1318,11,387,1711,2.02284626368396,2.8041690930186407,0.0940195435581059,0.7978890113081175,False
coverage,relevance to input,Relevance,3,19,384,1305,22,387,1711,0.5997869318181818,1.1501115785268792,0.283525793547437,0.8397045836745559,False
density,relevance to input,Relevance,1,9,386,1315,10,387,1711,0.4406735751295337,1.0920713676054636,0.2960127161065896,0.8397045836745559,False
ppl,relevance to input,Relevance,8,11,379,1313,19,387,1711,1.8797389251492849,3.6062655195263966,0.0575622424641616,0.6452795683107804,False
kendall s tau,relevance to input,Relevance,3,8,384,1316,11,387,1711,1.2073863636363635,0.1311037261642267,0.7172903916212257,0.8397045836745559,False
success rate,relevance to input,Relevance,4,21,383,1303,25,387,1711,0.7043342036553525,0.6867051093636536,0.4072873613047416,0.8397045836745559,False
supert,relevance to input,Relevance,7,3,380,1321,10,387,1711,3.133421052631579,10.20658585379362,0.0013994000250168,0.0779004791028354,False
summaqa,relevance to input,Relevance,7,3,380,1321,10,387,1711,3.133421052631579,10.20658585379362,0.0013994000250168,0.0779004791028354,False
spice,relevance to input,Relevance,10,14,377,1310,24,387,1711,1.864500442086649,4.377653099628734,0.0364131018194762,0.5340560987263996,False
length,relevance to input,Relevance,7,9,380,1315,16,387,1711,1.9514802631578947,3.533849202661523,0.0601280459683024,0.6541293226402392,False
parent,relevance to input,Relevance,6,11,381,1313,17,387,1711,1.569245020842983,1.4193930919255289,0.2335033229850329,0.8397045836745559,False
consistency,relevance to input,Relevance,6,8,381,1316,14,387,1711,1.90888638920135,2.8452818020821393,0.0916425246423581,0.7876956425248298,False
mrr,relevance to input,Relevance,8,18,379,1306,26,387,1711,1.3679723969961437,0.9323531388412798,0.3342522090186168,0.8397045836745559,False
embedding,relevance to input,Relevance,15,11,372,1313,26,387,1711,2.6132133995037217,15.091283975602046,0.0001024351627367,0.0103380718085134,True
vector extrema,relevance to input,Relevance,9,7,378,1317,16,387,1711,2.522321428571429,8.5131170861397,0.0035259556707904,0.1448839339930042,False
greedy matching,relevance to input,Relevance,8,6,379,1318,14,387,1711,2.5586128910667165,7.817047830628871,0.0051755668894722,0.1886206599718764,False
dist,relevance to input,Relevance,10,13,377,1311,23,387,1711,1.9467189482181984,4.980902269136454,0.0256286135046256,0.4519454424471624,False
ruber,relevance to input,Relevance,7,4,380,1320,11,387,1711,2.8468899521531097,8.509096633454046,0.0035337544876342,0.1448839339930042,False
bert,relevance to input,Relevance,2,8,385,1316,10,387,1711,0.8836363636363637,0.0405446922212944,0.8404193370052224,0.8748255872348872,False
xcomet,relevance to input,Relevance,2,11,385,1313,13,387,1711,0.6785214785214786,0.427461465732913,0.5132372044461379,0.8397045836745559,False
auroc,relevance to input,Relevance,0,10,387,1314,10,387,1711,0.0,5.145570773524212,0.023305747653161,0.433103979050244,False
entailment,relevance to input,Relevance,4,7,383,1317,11,387,1711,1.6140517446000475,1.0682475378034146,0.3013416212265069,0.8397045836745559,False
sacrebleu,relevance to input,Relevance,8,10,379,1314,18,387,1711,1.985341542069774,4.232546491374008,0.0396559007813813,0.5471942706118337,False
gleu,relevance to input,Relevance,2,12,385,1312,14,387,1711,0.6296846011131726,0.6210488732425148,0.4306577850133699,0.8397045836745559,False
entropy,relevance to input,Relevance,5,13,382,1311,18,387,1711,1.2310936591041304,0.2636112452288195,0.6076499652167568,0.8397045836745559,False
maude,relevance to input,Relevance,3,7,384,1317,10,387,1711,1.32890625,0.29288401745862,0.5883782840638636,0.8397045836745559,False
nist,relevance to input,Relevance,7,9,380,1315,16,387,1711,1.9514802631578947,3.533849202661523,0.0601280459683024,0.6541293226402392,False
auc,relevance to input,Relevance,2,10,385,1314,12,387,1711,0.7354978354978354,0.2622906467722787,0.6085507993222496,0.8397045836745559,False
prism,relevance to input,Relevance,7,4,380,1320,11,387,1711,2.8468899521531097,8.509096633454046,0.0035337544876342,0.1448839339930042,False
bleu,usefulness (nonspecific),Helpfulness,16,726,54,915,742,70,1711,0.386942198262953,13.3953108302224,0.0002522541347039,0.022668316762441,True
comet,usefulness (nonspecific),Helpfulness,0,70,70,1571,70,70,1711,0.0,5.973780742891317,0.0145201169154428,0.3392048180945764,False
rouge,usefulness (nonspecific),Helpfulness,26,639,44,1002,665,70,1711,0.92946001367054,0.0917166596001948,0.7620060177953141,0.8397045836745559,False
roc auc,usefulness (nonspecific),Helpfulness,1,10,69,1631,11,70,1711,2.2397891963109355,0.5306715063380645,0.4663246810524337,0.8397045836745559,False
bertscore,usefulness (nonspecific),Helpfulness,16,346,54,1295,362,70,1711,1.1041538776345408,0.124166490796493,0.7245588037032309,0.8397045836745559,False
distinct,usefulness (nonspecific),Helpfulness,4,121,66,1520,125,70,1711,0.768969696969697,0.2926372724754253,0.5885354396761685,0.8397045836745559,False
f1,usefulness (nonspecific),Helpfulness,11,224,59,1417,235,70,1711,1.1710061305445365,0.2327124300744696,0.6295198555442402,0.8397045836745559,False
recall,usefulness (nonspecific),Helpfulness,6,106,64,1535,112,70,1711,1.3384486607142856,0.4504801193266767,0.5021070415052495,0.8397045836745559,False
meteor,usefulness (nonspecific),Helpfulness,8,250,62,1391,258,70,1711,0.7266816704176043,0.8148615343111745,0.3666868289215906,0.8397045836745559,False
knowledge f1,usefulness (nonspecific),Helpfulness,0,13,70,1628,13,70,1711,0.0,1.090312013951307,0.2964020870128805,0.8397045836745559,False
acc,usefulness (nonspecific),Helpfulness,0,11,70,1630,11,70,1711,0.0,0.922017941396203,0.3369456840174464,0.8397045836745559,False
dae,usefulness (nonspecific),Helpfulness,0,17,70,1624,17,70,1711,0.0,1.4275083869850116,0.2321715018077549,0.8397045836745559,False
mauve,usefulness (nonspecific),Helpfulness,2,8,68,1633,10,70,1711,5.002941176470588,3.483858158501476,0.0619700995273575,0.6635381484623435,False
factcc,usefulness (nonspecific),Helpfulness,0,33,70,1608,33,70,1711,0.0,2.7844757986271147,0.0951818334321151,0.8010858284512915,False
comet qe,usefulness (nonspecific),Helpfulness,0,10,70,1631,10,70,1711,0.0,0.8379467204334742,0.3599846708216174,0.8397045836745559,False
unieval,usefulness (nonspecific),Helpfulness,0,22,70,1619,22,70,1711,0.0,1.8501493328416987,0.1737660270658356,0.8397045836745559,False
chrf,usefulness (nonspecific),Helpfulness,0,60,70,1581,60,70,1711,0.0,5.104615733495628,0.0238622642115442,0.4384531037494035,False
questeval,usefulness (nonspecific),Helpfulness,2,25,68,1616,27,70,1711,1.8344226579520695,0.6273341357354503,0.4283348598237344,0.8397045836745559,False
qafacteval,usefulness (nonspecific),Helpfulness,1,11,69,1630,12,70,1711,2.0519323671497585,0.4314968049803488,0.5112554014177928,0.8397045836745559,False
spearman correlation,usefulness (nonspecific),Helpfulness,2,23,68,1618,25,70,1711,1.9835294117647055,0.7829043928885224,0.3762543424968589,0.8397045836745559,False
pearson correlation,usefulness (nonspecific),Helpfulness,2,31,68,1610,33,70,1711,1.49554367201426,0.2919584896566938,0.5889682090154205,0.8397045836745559,False
moverscore,usefulness (nonspecific),Helpfulness,1,54,69,1587,55,70,1711,0.4363636363636363,0.9316103145925868,0.3344448351468569,0.8397045836745559,False
g eval,usefulness (nonspecific),Helpfulness,0,19,70,1622,19,70,1711,0.0,1.596411665955512,0.2064124721654596,0.8397045836745559,False
usr,usefulness (nonspecific),Helpfulness,0,12,70,1629,12,70,1711,0.0,1.006139685645583,0.315829430361179,0.8397045836745559,False
bartscore,usefulness (nonspecific),Helpfulness,1,63,69,1578,64,70,1711,0.3729619565217391,1.3941321358334888,0.2377085184538943,0.8397045836745559,False
qags,usefulness (nonspecific),Helpfulness,0,10,70,1631,10,70,1711,0.0,0.8379467204334742,0.3599846708216174,0.8397045836745559,False
perplexity,usefulness (nonspecific),Helpfulness,2,164,68,1477,166,70,1711,0.2737420269312544,5.205319194944819,0.0225178800306059,0.4222166574244494,False
ndcg,usefulness (nonspecific),Helpfulness,3,18,67,1623,21,70,1711,3.603411513859275,3.526751437274026,0.0603859934648951,0.65584787604257,False
map,usefulness (nonspecific),Helpfulness,1,11,69,1630,12,70,1711,2.0519323671497585,0.4314968049803488,0.5112554014177928,0.8397045836745559,False
precision,usefulness (nonspecific),Helpfulness,3,76,67,1565,79,70,1711,0.9249952767806536,0.0186205375355657,0.891459944039075,0.9154629356443852,False
bleurt,usefulness (nonspecific),Helpfulness,0,110,70,1531,110,70,1711,0.0,9.505436789755237,0.0020486398695148,0.099548722548278,False
ter,usefulness (nonspecific),Helpfulness,1,49,69,1592,50,70,1711,0.4814492753623188,0.6991312169618378,0.4030757719908611,0.8397045836745559,False
feqa,usefulness (nonspecific),Helpfulness,0,10,70,1631,10,70,1711,0.0,0.8379467204334742,0.3599846708216174,0.8397045836745559,False
sari,usefulness (nonspecific),Helpfulness,1,24,69,1617,25,70,1711,0.977391304347826,0.0005413041818888,0.9814381365642064,0.9845366330453476,False
cosine similarity,usefulness (nonspecific),Helpfulness,0,24,70,1617,24,70,1711,0.0,2.0195636636740133,0.1552837573831692,0.8397045836745559,False
accuracy,usefulness (nonspecific),Helpfulness,11,175,59,1466,186,70,1711,1.5286130854747586,1.5862508056657916,0.2078626079581993,0.8397045836745559,False
summac,usefulness (nonspecific),Helpfulness,0,15,70,1626,15,70,1711,0.0,1.2588086663605949,0.2618767142959567,0.8397045836745559,False
clip,usefulness (nonspecific),Helpfulness,0,13,70,1628,13,70,1711,0.0,1.090312013951307,0.2964020870128805,0.8397045836745559,False
cider,usefulness (nonspecific),Helpfulness,2,74,68,1567,76,70,1711,0.6327399380804953,0.4894701616247854,0.4841637484307214,0.8397045836745559,False
exact match,usefulness (nonspecific),Helpfulness,5,62,65,1579,67,70,1711,1.8874856486796785,1.6533277659711851,0.1985066088784255,0.8397045836745559,False
chrf++,usefulness (nonspecific),Helpfulness,0,23,70,1618,23,70,1711,0.0,1.9348308683433229,0.1642308912363325,0.8397045836745559,False
blanc,usefulness (nonspecific),Helpfulness,0,13,70,1628,13,70,1711,0.0,1.090312013951307,0.2964020870128805,0.8397045836745559,False
diversity,usefulness (nonspecific),Helpfulness,0,10,70,1631,10,70,1711,0.0,0.8379467204334742,0.3599846708216174,0.8397045836745559,False
coherence,usefulness (nonspecific),Helpfulness,2,8,68,1633,10,70,1711,5.002941176470588,3.483858158501476,0.0619700995273575,0.6635381484623435,False
clipscore,usefulness (nonspecific),Helpfulness,1,14,69,1627,15,70,1711,1.6386473429951691,0.2166430703597003,0.6416097213256636,0.8397045836745559,False
hits,usefulness (nonspecific),Helpfulness,0,16,70,1625,16,70,1711,0.0,1.3431331125541437,0.2464821924005042,0.8397045836745559,False
win rate,usefulness (nonspecific),Helpfulness,4,10,66,1631,14,70,1711,7.346320346320346,9.833849426381589,0.0017132941742733,0.0892000776447087,False
balanced accuracy,usefulness (nonspecific),Helpfulness,0,10,70,1631,10,70,1711,0.0,0.8379467204334742,0.3599846708216174,0.8397045836745559,False
ibleu,usefulness (nonspecific),Helpfulness,0,12,70,1629,12,70,1711,0.0,1.006139685645583,0.315829430361179,0.8397045836745559,False
self bleu,usefulness (nonspecific),Helpfulness,1,29,69,1612,30,70,1711,0.8120772946859902,0.0475607352731418,0.8273634773686239,0.8639771428745898,False
spearman,usefulness (nonspecific),Helpfulness,0,12,70,1629,12,70,1711,0.0,1.006139685645583,0.315829430361179,0.8397045836745559,False
kendall,usefulness (nonspecific),Helpfulness,0,11,70,1630,11,70,1711,0.0,0.922017941396203,0.3369456840174464,0.8397045836745559,False
coverage,usefulness (nonspecific),Helpfulness,0,22,70,1619,22,70,1711,0.0,1.8501493328416987,0.1737660270658356,0.8397045836745559,False
density,usefulness (nonspecific),Helpfulness,0,10,70,1631,10,70,1711,0.0,0.8379467204334742,0.3599846708216174,0.8397045836745559,False
ppl,usefulness (nonspecific),Helpfulness,0,19,70,1622,19,70,1711,0.0,1.596411665955512,0.2064124721654596,0.8397045836745559,False
kendall s tau,usefulness (nonspecific),Helpfulness,0,11,70,1630,11,70,1711,0.0,0.922017941396203,0.3369456840174464,0.8397045836745559,False
success rate,usefulness (nonspecific),Helpfulness,1,24,69,1617,25,70,1711,0.977391304347826,0.0005413041818888,0.9814381365642064,0.9845366330453476,False
supert,usefulness (nonspecific),Helpfulness,0,10,70,1631,10,70,1711,0.0,0.8379467204334742,0.3599846708216174,0.8397045836745559,False
summaqa,usefulness (nonspecific),Helpfulness,0,10,70,1631,10,70,1711,0.0,0.8379467204334742,0.3599846708216174,0.8397045836745559,False
spice,usefulness (nonspecific),Helpfulness,1,23,69,1618,24,70,1711,1.018719806763285,0.0003515081237235,0.9850416978220476,0.987299241820112,False
length,usefulness (nonspecific),Helpfulness,2,14,68,1627,16,70,1711,3.1158088235294117,1.92571487766428,0.1652280222495359,0.8397045836745559,False
parent,usefulness (nonspecific),Helpfulness,0,17,70,1624,17,70,1711,0.0,1.4275083869850116,0.2321715018077549,0.8397045836745559,False
consistency,usefulness (nonspecific),Helpfulness,0,14,70,1627,14,70,1711,0.0,1.1745349871929371,0.2784713783539589,0.8397045836745559,False
mrr,usefulness (nonspecific),Helpfulness,1,25,69,1616,26,70,1711,0.9392419175027872,0.0041178347586606,0.9488345801640584,0.9608715626381684,False
embedding,usefulness (nonspecific),Helpfulness,0,26,70,1615,26,70,1711,0.0,2.1891832823553528,0.1389829933183475,0.8397045836745559,False
vector extrema,usefulness (nonspecific),Helpfulness,1,15,69,1626,16,70,1711,1.5353260869565215,0.1663052294080895,0.6834165621925319,0.8397045836745559,False
greedy matching,usefulness (nonspecific),Helpfulness,0,14,70,1627,14,70,1711,0.0,1.1745349871929371,0.2784713783539589,0.8397045836745559,False
dist,usefulness (nonspecific),Helpfulness,0,23,70,1618,23,70,1711,0.0,1.9348308683433229,0.1642308912363325,0.8397045836745559,False
ruber,usefulness (nonspecific),Helpfulness,0,11,70,1630,11,70,1711,0.0,0.922017941396203,0.3369456840174464,0.8397045836745559,False
bert,usefulness (nonspecific),Helpfulness,0,10,70,1631,10,70,1711,0.0,0.8379467204334742,0.3599846708216174,0.8397045836745559,False
xcomet,usefulness (nonspecific),Helpfulness,0,13,70,1628,13,70,1711,0.0,1.090312013951307,0.2964020870128805,0.8397045836745559,False
auroc,usefulness (nonspecific),Helpfulness,0,10,70,1631,10,70,1711,0.0,0.8379467204334742,0.3599846708216174,0.8397045836745559,False
entailment,usefulness (nonspecific),Helpfulness,1,10,69,1631,11,70,1711,2.2397891963109355,0.5306715063380645,0.4663246810524337,0.8397045836745559,False
sacrebleu,usefulness (nonspecific),Helpfulness,0,18,70,1623,18,70,1711,0.0,1.511934550974594,0.2188441282224461,0.8397045836745559,False
gleu,usefulness (nonspecific),Helpfulness,0,14,70,1627,14,70,1711,0.0,1.1745349871929371,0.2784713783539589,0.8397045836745559,False
entropy,usefulness (nonspecific),Helpfulness,1,17,69,1624,18,70,1711,1.3631239935587762,0.0898478636047512,0.7643706546784427,0.8397045836745559,False
maude,usefulness (nonspecific),Helpfulness,0,10,70,1631,10,70,1711,0.0,0.8379467204334742,0.3599846708216174,0.8397045836745559,False
nist,usefulness (nonspecific),Helpfulness,0,16,70,1625,16,70,1711,0.0,1.3431331125541437,0.2464821924005042,0.8397045836745559,False
auc,usefulness (nonspecific),Helpfulness,1,11,69,1630,12,70,1711,2.0519323671497585,0.4314968049803488,0.5112554014177928,0.8397045836745559,False
prism,usefulness (nonspecific),Helpfulness,0,11,70,1630,11,70,1711,0.0,0.922017941396203,0.3369456840174464,0.8397045836745559,False
bleu,engagingness/interestingness,Engagingness,57,685,48,921,742,105,1711,1.5507917789757413,5.3729466475859695,0.0204514002643163,0.4053208028214957,False
comet,engagingness/interestingness,Engagingness,1,69,104,1537,70,105,1711,0.2254120879120879,3.95259801934576,0.0467990627131603,0.5957148082124986,False
rouge,engagingness/interestingness,Engagingness,39,626,66,980,665,105,1711,0.92946001367054,0.1405553685275355,0.7077295239201393,0.8397045836745559,False
roc auc,engagingness/interestingness,Engagingness,0,11,105,1595,11,105,1711,0.0,1.3979345013322184,0.2370697087405819,0.8397045836745559,False
bertscore,engagingness/interestingness,Engagingness,22,340,83,1266,362,105,1711,0.98775211342608,0.0028200238573371,0.9576491266235848,0.9679781618876296,False
distinct,engagingness/interestingness,Engagingness,18,107,87,1499,125,105,1711,2.625103448275862,12.193308299598836,0.0004796124999795,0.0370147999984188,True
f1,engagingness/interestingness,Engagingness,19,216,86,1390,235,105,1711,1.3876298861949532,1.66664659941301,0.1967082974979114,0.8397045836745559,False
recall,engagingness/interestingness,Engagingness,8,104,97,1502,112,105,1711,1.1774668630338734,0.2013535768518735,0.6536304890315351,0.8397045836745559,False
meteor,engagingness/interestingness,Engagingness,21,237,84,1369,258,105,1711,1.4079457364341086,1.9639815435523733,0.1610881389114736,0.8397045836745559,False
knowledge f1,engagingness/interestingness,Engagingness,1,12,104,1594,13,105,1711,1.2559171597633136,0.0511936061827479,0.8209991751300101,0.8580016448129686,False
acc,engagingness/interestingness,Engagingness,1,10,104,1596,11,105,1711,1.486013986013986,0.1474587066753753,0.700975835378747,0.8397045836745559,False
dae,engagingness/interestingness,Engagingness,0,17,105,1589,17,105,1711,0.0,2.1643861389716026,0.1412410159195731,0.8397045836745559,False
mauve,engagingness/interestingness,Engagingness,0,10,105,1596,10,105,1711,0.0,1.270464179956765,0.2596796181237575,0.8397045836745559,False
factcc,engagingness/interestingness,Engagingness,2,31,103,1575,33,105,1711,0.9873492203589292,0.0003400943395026,0.9852865286812283,0.9873937714862294,False
comet qe,engagingness/interestingness,Engagingness,0,10,105,1596,10,105,1711,0.0,1.270464179956765,0.2596796181237575,0.8397045836745559,False
unieval,engagingness/interestingness,Engagingness,5,17,100,1589,22,105,1711,3.8386363636363634,6.618220919502827,0.0100940616089271,0.2722567902872213,False
chrf,engagingness/interestingness,Engagingness,1,59,104,1547,60,105,1711,0.2645833333333333,2.9579443548953073,0.0854565221173437,0.7597436777465535,False
questeval,engagingness/interestingness,Engagingness,1,26,104,1580,27,105,1711,0.5997150997150997,0.3252469370997042,0.5684713591221535,0.8397045836745559,False
qafacteval,engagingness/interestingness,Engagingness,0,12,105,1594,12,105,1711,0.0,1.525482270629637,0.2167917437019451,0.8397045836745559,False
spearman correlation,engagingness/interestingness,Engagingness,6,19,99,1587,25,105,1711,4.087272727272727,8.551250213193478,0.0034528500715223,0.1448839339930042,False
pearson correlation,engagingness/interestingness,Engagingness,3,30,102,1576,33,105,1711,1.4955436720142603,0.4489995492674008,0.5028104357128826,0.8397045836745559,False
moverscore,engagingness/interestingness,Engagingness,4,51,101,1555,55,105,1711,1.1924392439243925,0.1208032326178019,0.7281649466254854,0.8397045836745559,False
g eval,engagingness/interestingness,Engagingness,3,16,102,1590,19,105,1711,2.6191950464396285,2.232376974898388,0.1351457965180529,0.8397045836745559,False
usr,engagingness/interestingness,Engagingness,9,3,96,1603,12,105,1711,13.2734375,37.835371686438094,7.697339881843775e-10,4.590413602263197e-07,True
bartscore,engagingness/interestingness,Engagingness,8,56,97,1550,64,105,1711,2.122422680412371,3.697559285354851,0.0544921239187062,0.6327228130856793,False
qags,engagingness/interestingness,Engagingness,2,8,103,1598,10,105,1711,3.3029126213592237,2.18844208288222,0.139049896418237,0.8397045836745559,False
perplexity,engagingness/interestingness,Engagingness,23,143,82,1463,166,105,1711,2.610564208051719,14.84743592398339,0.0001165664273181,0.0115804870942621,True
ndcg,engagingness/interestingness,Engagingness,1,20,104,1586,21,105,1711,0.7738095238095237,0.0752051516663113,0.7839035892640575,0.8414530350982423,False
map,engagingness/interestingness,Engagingness,1,11,104,1595,12,105,1711,1.361378205128205,0.0916831057306083,0.7620482414589781,0.8397045836745559,False
precision,engagingness/interestingness,Engagingness,4,75,101,1531,79,105,1711,0.8181476375485649,0.1751317553349718,0.6755907521125406,0.8397045836745559,False
bleurt,engagingness/interestingness,Engagingness,5,105,100,1501,110,105,1711,0.7277272727272728,0.5617334993434033,0.4535626313985462,0.8397045836745559,False
ter,engagingness/interestingness,Engagingness,1,49,104,1557,50,105,1711,0.3194230769230769,2.0287452196010767,0.1543479940754514,0.8397045836745559,False
feqa,engagingness/interestingness,Engagingness,0,10,105,1596,10,105,1711,0.0,1.270464179956765,0.2596796181237575,0.8397045836745559,False
sari,engagingness/interestingness,Engagingness,0,25,105,1581,25,105,1711,0.0,3.190694129501542,0.0740585591026372,0.7149997016226993,False
cosine similarity,engagingness/interestingness,Engagingness,2,22,103,1584,24,105,1711,1.3648867313915858,0.1848097309835108,0.6672720058844512,0.8397045836745559,False
accuracy,engagingness/interestingness,Engagingness,12,174,93,1432,186,105,1711,1.057925771765522,0.0354231195872534,0.8507117932116336,0.8835765299981501,False
summac,engagingness/interestingness,Engagingness,0,15,105,1591,15,105,1711,0.0,1.908591208911448,0.1671198334460049,0.8397045836745559,False
clip,engagingness/interestingness,Engagingness,1,12,104,1594,13,105,1711,1.2559171597633136,0.0511936061827479,0.8209991751300101,0.8580016448129686,False
cider,engagingness/interestingness,Engagingness,4,72,101,1534,76,105,1711,0.8520062532569046,0.1101813352740355,0.7399377825794258,0.8397045836745559,False
exact match,engagingness/interestingness,Engagingness,3,64,102,1542,67,105,1711,0.7216856892010535,0.364556174471502,0.5459866769734257,0.8397045836745559,False
chrf++,engagingness/interestingness,Engagingness,1,22,104,1584,23,105,1711,0.705685618729097,0.1431995625751582,0.705120707197231,0.8397045836745559,False
blanc,engagingness/interestingness,Engagingness,2,11,103,1595,13,105,1711,2.536221060492905,1.4092142290972296,0.2351868794689146,0.8397045836745559,False
diversity,engagingness/interestingness,Engagingness,0,10,105,1596,10,105,1711,0.0,1.270464179956765,0.2596796181237575,0.8397045836745559,False
coherence,engagingness/interestingness,Engagingness,0,10,105,1596,10,105,1711,0.0,1.270464179956765,0.2596796181237575,0.8397045836745559,False
clipscore,engagingness/interestingness,Engagingness,1,14,104,1592,15,105,1711,1.087179487179487,0.0071883539418323,0.9324329859549388,0.9479517631729862,False
hits,engagingness/interestingness,Engagingness,1,15,104,1591,16,105,1711,1.0186298076923077,0.0003575127727702,0.984914491091934,0.987299241820112,False
win rate,engagingness/interestingness,Engagingness,3,11,102,1595,14,105,1711,3.565126050420168,3.637483328270268,0.0564922675381759,0.6446794247354397,False
balanced accuracy,engagingness/interestingness,Engagingness,0,10,105,1596,10,105,1711,0.0,1.270464179956765,0.2596796181237575,0.8397045836745559,False
ibleu,engagingness/interestingness,Engagingness,0,12,105,1594,12,105,1711,0.0,1.525482270629637,0.2167917437019451,0.8397045836745559,False
self bleu,engagingness/interestingness,Engagingness,3,27,102,1579,30,105,1711,1.6480392156862746,0.6740745765200313,0.4116346208583584,0.8397045836745559,False
spearman,engagingness/interestingness,Engagingness,2,10,103,1596,12,105,1711,2.7491909385113265,1.6330270988872724,0.2012848689887894,0.8397045836745559,False
kendall,engagingness/interestingness,Engagingness,1,10,104,1596,11,105,1711,1.486013986013986,0.1474587066753753,0.700975835378747,0.8397045836745559,False
coverage,engagingness/interestingness,Engagingness,0,22,105,1584,22,105,1711,0.0,2.805240408802142,0.093956759395433,0.7978890113081175,False
density,engagingness/interestingness,Engagingness,0,10,105,1596,10,105,1711,0.0,1.270464179956765,0.2596796181237575,0.8397045836745559,False
ppl,engagingness/interestingness,Engagingness,2,17,103,1589,19,105,1711,1.7291773122125702,0.5370746889637277,0.4636476050659964,0.8397045836745559,False
kendall s tau,engagingness/interestingness,Engagingness,0,11,105,1595,11,105,1711,0.0,1.3979345013322184,0.2370697087405819,0.8397045836745559,False
success rate,engagingness/interestingness,Engagingness,0,25,105,1581,25,105,1711,0.0,3.190694129501542,0.0740585591026372,0.7149997016226993,False
supert,engagingness/interestingness,Engagingness,2,8,103,1598,10,105,1711,3.3029126213592237,2.18844208288222,0.139049896418237,0.8397045836745559,False
summaqa,engagingness/interestingness,Engagingness,1,9,104,1597,10,105,1711,1.635576923076923,0.221576192067978,0.6378415546441429,0.8397045836745559,False
spice,engagingness/interestingness,Engagingness,3,21,102,1585,24,105,1711,2.0674019607843137,1.3442998371266013,0.2462771043815957,0.8397045836745559,False
length,engagingness/interestingness,Engagingness,4,12,101,1594,16,105,1711,4.195544554455446,5.946364781580125,0.0147476681708285,0.3418540749139047,False
parent,engagingness/interestingness,Engagingness,1,16,104,1590,17,105,1711,0.9581447963800904,0.0019545687769061,0.9647366082417688,0.9742414024116384,False
consistency,engagingness/interestingness,Engagingness,2,12,103,1594,14,105,1711,2.3536754507628292,1.2135486370399169,0.270630460481659,0.8397045836745559,False
mrr,engagingness/interestingness,Engagingness,3,23,102,1583,26,105,1711,1.906108597285068,1.0822775609943407,0.2981886082631655,0.8397045836745559,False
embedding,engagingness/interestingness,Engagingness,3,23,102,1583,26,105,1711,1.906108597285068,1.0822775609943407,0.2981886082631655,0.8397045836745559,False
vector extrema,engagingness/interestingness,Engagingness,3,13,102,1593,16,105,1711,3.1158088235294117,2.9913405968782794,0.0837108405765241,0.7563954740798876,False
greedy matching,engagingness/interestingness,Engagingness,2,12,103,1594,14,105,1711,2.3536754507628292,1.2135486370399169,0.270630460481659,0.8397045836745559,False
dist,engagingness/interestingness,Engagingness,5,18,100,1588,23,105,1711,3.669565217391304,6.237585296906456,0.0125066882718435,0.3095995285407312,False
ruber,engagingness/interestingness,Engagingness,4,7,101,1599,11,105,1711,6.120612061206121,8.90706143890728,0.002840700159605,0.1267686601837362,False
bert,engagingness/interestingness,Engagingness,1,9,104,1597,10,105,1711,1.635576923076923,0.221576192067978,0.6378415546441429,0.8397045836745559,False
xcomet,engagingness/interestingness,Engagingness,0,13,105,1593,13,105,1711,0.0,1.6531075820482282,0.1985364997786811,0.8397045836745559,False
auroc,engagingness/interestingness,Engagingness,0,10,105,1596,10,105,1711,0.0,1.270464179956765,0.2596796181237575,0.8397045836745559,False
entailment,engagingness/interestingness,Engagingness,0,11,105,1595,11,105,1711,0.0,1.3979345013322184,0.2370697087405819,0.8397045836745559,False
sacrebleu,engagingness/interestingness,Engagingness,1,17,104,1589,18,105,1711,0.904380341880342,0.0109953564055765,0.9164878951471852,0.9353081195030392,False
gleu,engagingness/interestingness,Engagingness,1,13,104,1593,14,105,1711,1.165521978021978,0.0236428250922494,0.8777972112920617,0.90595025664662,False
entropy,engagingness/interestingness,Engagingness,1,17,104,1589,18,105,1711,0.904380341880342,0.0109953564055765,0.9164878951471852,0.9353081195030392,False
maude,engagingness/interestingness,Engagingness,6,4,99,1602,10,105,1711,10.309090909090909,20.837885147292877,4.998438816955984e-06,0.001092991954641,True
nist,engagingness/interestingness,Engagingness,0,16,105,1590,16,105,1711,0.0,2.036449713617971,0.1535677036211385,0.8397045836745559,False
auc,engagingness/interestingness,Engagingness,0,12,105,1594,12,105,1711,0.0,1.525482270629637,0.2167917437019451,0.8397045836745559,False
prism,engagingness/interestingness,Engagingness,1,10,104,1596,11,105,1711,1.486013986013986,0.1474587066753753,0.700975835378747,0.8397045836745559,False
bleu,overall quality / preference,Overall Quality,112,630,137,832,742,249,1711,1.067621539732819,0.3081886486586986,0.5787938356573794,0.8397045836745559,False
comet,overall quality / preference,Overall Quality,15,55,234,1407,70,249,1711,1.5027472527472527,2.4943828253742133,0.1142531572387886,0.8397045836745559,False
rouge,overall quality / preference,Overall Quality,103,562,146,900,665,249,1711,1.1096714388711506,0.7614783049265892,0.382866286521906,0.8397045836745559,False
roc auc,overall quality / preference,Overall Quality,0,11,249,1451,11,249,1711,0.0,3.4720987127214147,0.0624120780811147,0.6635381484623435,False
bertscore,overall quality / preference,Overall Quality,59,303,190,1159,362,249,1711,1.1571823204419889,1.0993419457274245,0.2944105650635137,0.8397045836745559,False
distinct,overall quality / preference,Overall Quality,20,105,229,1357,125,249,1711,1.108122270742358,0.221625361486057,0.6378042554457328,0.8397045836745559,False
f1,overall quality / preference,Overall Quality,28,207,221,1255,235,249,1711,0.7957639356888419,1.595754155611857,0.2065059481262302,0.8397045836745559,False
recall,overall quality / preference,Overall Quality,13,99,236,1363,112,249,1711,0.7864331113801454,0.8850681384271661,0.3468173043006048,0.8397045836745559,False
meteor,overall quality / preference,Overall Quality,46,212,203,1250,258,249,1711,1.2761675640585024,2.503016568994873,0.1136284634241771,0.8397045836745559,False
knowledge f1,overall quality / preference,Overall Quality,2,11,247,1451,13,249,1711,1.0576144503270009,0.0071762530572938,0.9324897450846464,0.9479517631729862,False
acc,overall quality / preference,Overall Quality,2,9,247,1453,11,249,1711,1.25138019874862,0.1101181455744326,0.7400096688428764,0.8397045836745559,False
dae,overall quality / preference,Overall Quality,1,16,248,1446,17,249,1711,0.4018026565464896,1.291367509876194,0.2557960888968741,0.8397045836745559,False
mauve,overall quality / preference,Overall Quality,0,10,249,1452,10,249,1711,0.0,3.1554490600212293,0.0756738680373891,0.7163356050869737,False
factcc,overall quality / preference,Overall Quality,1,32,248,1430,33,249,1711,0.2050342130987292,5.0268050174402195,0.0249578986477931,0.4443409476828813,False
comet qe,overall quality / preference,Overall Quality,1,9,248,1453,10,249,1711,0.6858870967741936,0.1849881885519845,0.6671210578304285,0.8397045836745559,False
unieval,overall quality / preference,Overall Quality,4,18,245,1444,22,249,1711,1.2534322820037107,0.2217655492563359,0.6376979388042969,0.8397045836745559,False
chrf,overall quality / preference,Overall Quality,13,47,236,1415,60,249,1711,1.5157485875706214,2.2659056088146254,0.1322488841804485,0.8397045836745559,False
questeval,overall quality / preference,Overall Quality,2,25,247,1437,27,249,1711,0.5050232418653471,1.33207854673156,0.2484357785626807,0.8397045836745559,False
qafacteval,overall quality / preference,Overall Quality,0,12,249,1450,12,249,1711,0.0,3.78895025462716,0.0515919952027915,0.6196991870521323,False
spearman correlation,overall quality / preference,Overall Quality,8,17,241,1445,25,249,1711,2.238672199170124,4.933077966990436,0.0263473484118285,0.4572634138598881,False
pearson correlation,overall quality / preference,Overall Quality,8,25,241,1437,33,249,1711,1.687916509493273,2.196253078021594,0.1383466618667744,0.8397045836745559,False
moverscore,overall quality / preference,Overall Quality,12,43,237,1419,55,249,1711,1.5245109321058687,2.1547930627501213,0.1421255905781353,0.8397045836745559,False
g eval,overall quality / preference,Overall Quality,4,15,245,1447,19,249,1711,1.453920515574651,0.5876603838454448,0.4433252624978289,0.8397045836745559,False
usr,overall quality / preference,Overall Quality,5,7,244,1455,12,249,1711,2.90129781420765,5.22527332436577,0.0222609476412172,0.4222166574244494,False
bartscore,overall quality / preference,Overall Quality,10,54,239,1408,64,249,1711,1.0767520920502092,0.0602967887818561,0.8060274672396737,0.8482552722877735,False
qags,overall quality / preference,Overall Quality,1,9,248,1453,10,249,1711,0.6858870967741936,0.1849881885519845,0.6671210578304285,0.8397045836745559,False
perplexity,overall quality / preference,Overall Quality,35,131,214,1331,166,249,1711,1.5222103366737982,5.73841376435351,0.0165977755284715,0.3641518644373692,False
ndcg,overall quality / preference,Overall Quality,2,19,247,1443,21,249,1711,0.6516290726817042,0.4825102559596481,0.4872874686645301,0.8397045836745559,False
map,overall quality / preference,Overall Quality,2,10,247,1452,12,249,1711,1.1464237516869096,0.0418097915225339,0.8379827736902271,0.8729818954117659,False
precision,overall quality / preference,Overall Quality,10,69,239,1393,79,249,1711,0.8643609978285048,0.2478901818367087,0.61856459878101,0.8397045836745559,False
bleurt,overall quality / preference,Overall Quality,18,92,231,1370,110,249,1711,1.134120425029516,0.3006343593187219,0.5834850075328664,0.8397045836745559,False
ter,overall quality / preference,Overall Quality,5,45,244,1417,50,249,1711,0.6807377049180328,0.945068305989877,0.3309778025727733,0.8397045836745559,False
feqa,overall quality / preference,Overall Quality,0,10,249,1452,10,249,1711,0.0,3.1554490600212293,0.0756738680373891,0.7163356050869737,False
sari,overall quality / preference,Overall Quality,2,23,247,1439,25,249,1711,0.5460728744939272,1.018371451273147,0.3129056171670637,0.8397045836745559,False
cosine similarity,overall quality / preference,Overall Quality,6,18,243,1444,24,249,1711,1.7355967078189305,1.8283451453397523,0.1763231337706851,0.8397045836745559,False
accuracy,overall quality / preference,Overall Quality,13,173,236,1289,186,249,1711,0.451635684344815,11.304004895651476,0.0007734008764086,0.0534627740995383,False
summac,overall quality / preference,Overall Quality,1,14,248,1448,15,249,1711,0.4559139784946237,0.917120033187878,0.3382322954633451,0.8397045836745559,False
clip,overall quality / preference,Overall Quality,1,12,248,1450,13,249,1711,0.5266749379652605,0.5821437602608346,0.4454732600506637,0.8397045836745559,False
cider,overall quality / preference,Overall Quality,18,58,231,1404,76,249,1711,1.6763499658236498,4.661444622499298,0.0308472272914667,0.491642485251565,False
exact match,overall quality / preference,Overall Quality,3,64,246,1398,67,249,1711,0.2992355296687294,7.416265141929761,0.0064636848023049,0.216335572975105,False
chrf++,overall quality / preference,Overall Quality,3,20,246,1442,23,249,1711,0.8950159066808059,0.043992312528139,0.8338679157947155,0.8696108553628925,False
blanc,overall quality / preference,Overall Quality,3,10,246,1452,13,249,1711,1.5928705440900564,0.670250033020392,0.4129644477363686,0.8397045836745559,False
diversity,overall quality / preference,Overall Quality,0,10,249,1452,10,249,1711,0.0,3.1554490600212293,0.0756738680373891,0.7163356050869737,False
coherence,overall quality / preference,Overall Quality,2,8,247,1454,10,249,1711,1.3773279352226722,0.2192387825601556,0.6396205409209075,0.8397045836745559,False
clipscore,overall quality / preference,Overall Quality,6,9,243,1453,15,249,1711,2.7917695473251034,5.838505277030661,0.0156791408372812,0.3510415149916899,False
hits,overall quality / preference,Overall Quality,4,12,245,1450,16,249,1711,1.7295918367346936,1.2121426242151307,0.2709081954373512,0.8397045836745559,False
win rate,overall quality / preference,Overall Quality,4,10,245,1452,14,249,1711,1.979008746355685,1.8312404328831788,0.1759811019836652,0.8397045836745559,False
balanced accuracy,overall quality / preference,Overall Quality,1,9,248,1453,10,249,1711,0.6858870967741936,0.1849881885519845,0.6671210578304285,0.8397045836745559,False
ibleu,overall quality / preference,Overall Quality,2,10,247,1452,12,249,1711,1.1464237516869096,0.0418097915225339,0.8379827736902271,0.8729818954117659,False
self bleu,overall quality / preference,Overall Quality,2,28,247,1434,30,249,1711,0.4537112010796221,1.8476934064405557,0.1740519033307235,0.8397045836745559,False
spearman,overall quality / preference,Overall Quality,2,10,247,1452,12,249,1711,1.1464237516869096,0.0418097915225339,0.8379827736902271,0.8729818954117659,False
kendall,overall quality / preference,Overall Quality,2,9,247,1453,11,249,1711,1.25138019874862,0.1101181455744326,0.7400096688428764,0.8397045836745559,False
coverage,overall quality / preference,Overall Quality,2,20,247,1442,22,249,1711,0.6216415163783584,0.603304252810235,0.4373200739083527,0.8397045836745559,False
density,overall quality / preference,Overall Quality,1,9,248,1453,10,249,1711,0.6858870967741936,0.1849881885519845,0.6671210578304285,0.8397045836745559,False
ppl,overall quality / preference,Overall Quality,3,16,246,1446,19,249,1711,1.086007702182285,0.0231006083034148,0.8791957356543166,0.9062734170163916,False
kendall s tau,overall quality / preference,Overall Quality,1,10,248,1452,11,249,1711,0.6231671554252199,0.2999257568209146,0.5839289683130937,0.8397045836745559,False
success rate,overall quality / preference,Overall Quality,6,19,243,1443,25,249,1711,1.665185185185185,1.5776050041861112,0.2091060108490242,0.8397045836745559,False
supert,overall quality / preference,Overall Quality,2,8,247,1454,10,249,1711,1.3773279352226722,0.2192387825601556,0.6396205409209075,0.8397045836745559,False
summaqa,overall quality / preference,Overall Quality,1,9,248,1453,10,249,1711,0.6858870967741936,0.1849881885519845,0.6671210578304285,0.8397045836745559,False
spice,overall quality / preference,Overall Quality,9,15,240,1447,24,249,1711,2.6359375000000003,7.801480688019257,0.0052203439060035,0.1892014144938285,False
length,overall quality / preference,Overall Quality,2,14,247,1448,16,249,1711,0.8577935222672064,0.0570217673536976,0.8112666334298377,0.8502037753126763,False
parent,overall quality / preference,Overall Quality,0,17,249,1445,17,249,1711,0.0,5.376245354677616,0.020412763363114,0.4053208028214957,False
consistency,overall quality / preference,Overall Quality,0,14,249,1448,14,249,1711,0.0,4.423260039125837,0.0354522414819863,0.5279148823750486,False
mrr,overall quality / preference,Overall Quality,4,22,245,1440,26,249,1711,1.0580847723704867,0.0144649919090151,0.9042688761980022,0.9258629355172304,False
embedding,overall quality / preference,Overall Quality,3,23,246,1439,26,249,1711,0.7903377110694184,0.2051401518514808,0.6506034667338019,0.8397045836745559,False
vector extrema,overall quality / preference,Overall Quality,4,12,245,1450,16,249,1711,1.7295918367346936,1.2121426242151307,0.2709081954373512,0.8397045836745559,False
greedy matching,overall quality / preference,Overall Quality,2,12,247,1450,14,249,1711,0.9814921920185078,0.0008144336088785,0.9772328348633502,0.9814662416323852,False
dist,overall quality / preference,Overall Quality,7,16,242,1446,23,249,1711,2.122888968738771,3.8127286157545193,0.0508645255835233,0.6163004984629831,False
ruber,overall quality / preference,Overall Quality,3,8,246,1454,11,249,1711,1.88470066518847,1.198962215223685,0.2735291967186556,0.8397045836745559,False
bert,overall quality / preference,Overall Quality,1,9,248,1453,10,249,1711,0.6858870967741936,0.1849881885519845,0.6671210578304285,0.8397045836745559,False
xcomet,overall quality / preference,Overall Quality,3,10,246,1452,13,249,1711,1.5928705440900564,0.670250033020392,0.4129644477363686,0.8397045836745559,False
auroc,overall quality / preference,Overall Quality,1,9,248,1453,10,249,1711,0.6858870967741936,0.1849881885519845,0.6671210578304285,0.8397045836745559,False
entailment,overall quality / preference,Overall Quality,1,10,248,1452,11,249,1711,0.6231671554252199,0.2999257568209146,0.5839289683130937,0.8397045836745559,False
sacrebleu,overall quality / preference,Overall Quality,3,15,246,1447,18,249,1711,1.147018970189702,0.0629456822830091,0.8018993252521164,0.8481585867982425,False
gleu,overall quality / preference,Overall Quality,7,7,242,1455,14,249,1711,3.5061983471074383,9.894381405498622,0.0016578417078207,0.0877051742201938,False
entropy,overall quality / preference,Overall Quality,3,15,246,1447,18,249,1711,1.147018970189702,0.0629456822830091,0.8018993252521164,0.8481585867982425,False
maude,overall quality / preference,Overall Quality,3,7,246,1455,10,249,1711,2.074390243902439,1.5601135132077468,0.2116486005285516,0.8397045836745559,False
nist,overall quality / preference,Overall Quality,4,12,245,1450,16,249,1711,1.7295918367346936,1.2121426242151307,0.2709081954373512,0.8397045836745559,False
auc,overall quality / preference,Overall Quality,1,11,248,1451,12,249,1711,0.5709005376344085,0.4333294872009556,0.5103597257097205,0.8397045836745559,False
prism,overall quality / preference,Overall Quality,5,6,244,1456,11,249,1711,3.1669150521609537,6.05773923929039,0.0138454818399556,0.3290810176453236,False
bleu,relative factual accuracy,Faithfulness,4,738,24,945,742,28,1711,0.217654986522911,11.168921157455628,0.0008317898148614,0.0562530019122785,False
comet,relative factual accuracy,Faithfulness,0,70,28,1613,70,28,1711,0.0,2.3590086870786795,0.1245613208952081,0.8397045836745559,False
rouge,relative factual accuracy,Faithfulness,13,652,15,1031,665,28,1711,1.363208020050125,0.6722945379047576,0.4122527687606524,0.8397045836745559,False
roc auc,relative factual accuracy,Faithfulness,2,9,26,1674,11,28,1711,11.888111888111888,6.440180495681412,0.0111567309770603,0.2833384801111728,False
bertscore,relative factual accuracy,Faithfulness,6,356,22,1327,362,28,1711,1.0163234555499747,0.0012526954653546,0.971766017018766,0.9798317048329396,False
distinct,relative factual accuracy,Faithfulness,1,124,27,1559,125,28,1711,0.4699259259259259,0.7109397119917942,0.3991320267091397,0.8397045836745559,False
f1,relative factual accuracy,Faithfulness,5,230,23,1453,235,28,1711,1.3654024051803886,0.378973658707372,0.538153029246659,0.8397045836745559,False
recall,relative factual accuracy,Faithfulness,2,110,26,1573,112,28,1711,1.0982142857142856,0.0161424249651336,0.898898574571184,0.921599898754082,False
meteor,relative factual accuracy,Faithfulness,0,258,28,1425,258,28,1711,0.0,9.235407480431007,0.0023737957060845,0.112841303129817,False
knowledge f1,relative factual accuracy,Faithfulness,0,13,28,1670,13,28,1711,0.0,0.4306537899982196,0.51166831773867,0.8397045836745559,False
acc,relative factual accuracy,Faithfulness,1,10,27,1673,11,28,1711,5.723905723905725,1.878077016840186,0.1705528683571952,0.8397045836745559,False
dae,relative factual accuracy,Faithfulness,2,15,26,1668,17,28,1711,7.665158371040724,4.741363476035383,0.0294457253233949,0.4886772346784259,False
mauve,relative factual accuracy,Faithfulness,0,10,28,1673,10,28,1711,0.0,0.3309777840243079,0.5650838998743138,0.8397045836745559,False
factcc,relative factual accuracy,Faithfulness,1,32,27,1651,33,28,1711,1.8832772166105496,0.32673749079239,0.5675865163197993,0.8397045836745559,False
comet qe,relative factual accuracy,Faithfulness,0,10,28,1673,10,28,1711,0.0,0.3309777840243079,0.5650838998743138,0.8397045836745559,False
unieval,relative factual accuracy,Faithfulness,1,21,27,1662,22,28,1711,2.843434343434343,0.797515547892309,0.3718372194562021,0.8397045836745559,False
chrf,relative factual accuracy,Faithfulness,0,60,28,1623,60,28,1711,0.0,2.0158619409332506,0.1556628485621829,0.8397045836745559,False
questeval,relative factual accuracy,Faithfulness,4,23,24,1660,27,28,1711,10.39506172839506,11.496134947092576,0.0006974106028608,0.0502748742282141,False
qafacteval,relative factual accuracy,Faithfulness,1,11,27,1672,12,28,1711,5.243827160493827,1.7280367203816074,0.1886618208074243,0.8397045836745559,False
spearman correlation,relative factual accuracy,Faithfulness,0,25,28,1658,25,28,1711,0.0,0.8311415478578459,0.3619426461374857,0.8397045836745559,False
pearson correlation,relative factual accuracy,Faithfulness,2,31,26,1652,33,28,1711,3.911421911421911,2.464142783920318,0.1164712289409123,0.8397045836745559,False
moverscore,relative factual accuracy,Faithfulness,0,55,28,1628,55,28,1711,0.0,1.8450738817673795,0.1743574197567589,0.8397045836745559,False
g eval,relative factual accuracy,Faithfulness,0,19,28,1664,19,28,1711,0.0,0.6305396469988566,0.4271574369344031,0.8397045836745559,False
usr,relative factual accuracy,Faithfulness,0,12,28,1671,12,28,1711,0.0,0.3974087374138732,0.528430536083426,0.8397045836745559,False
bartscore,relative factual accuracy,Faithfulness,0,64,28,1619,64,28,1711,0.0,2.152868415868567,0.1423038108005712,0.8397045836745559,False
qags,relative factual accuracy,Faithfulness,0,10,28,1673,10,28,1711,0.0,0.3309777840243079,0.5650838998743138,0.8397045836745559,False
perplexity,relative factual accuracy,Faithfulness,0,166,28,1517,166,28,1711,0.0,5.764833920876279,0.0163500301805806,0.3608657380618594,False
ndcg,relative factual accuracy,Faithfulness,1,20,27,1663,21,28,1711,2.980599647266314,0.8605694008460043,0.3535793978660803,0.8397045836745559,False
map,relative factual accuracy,Faithfulness,0,12,28,1671,12,28,1711,0.0,0.3974087374138732,0.528430536083426,0.8397045836745559,False
precision,relative factual accuracy,Faithfulness,2,77,26,1606,79,28,1711,1.5890944498539437,0.3565952230926084,0.5504032690119065,0.8397045836745559,False
bleurt,relative factual accuracy,Faithfulness,0,110,28,1573,110,28,1711,0.0,3.75301761869475,0.0527122665168713,0.6241741305968879,False
ter,relative factual accuracy,Faithfulness,0,50,28,1633,50,28,1711,0.0,1.6748051190065472,0.1956161625517473,0.8397045836745559,False
feqa,relative factual accuracy,Faithfulness,0,10,28,1673,10,28,1711,0.0,0.3309777840243079,0.5650838998743138,0.8397045836745559,False
sari,relative factual accuracy,Faithfulness,0,25,28,1658,25,28,1711,0.0,0.8311415478578459,0.3619426461374857,0.8397045836745559,False
cosine similarity,relative factual accuracy,Faithfulness,0,24,28,1659,24,28,1711,0.0,0.7976579546306696,0.3717945263377736,0.8397045836745559,False
accuracy,relative factual accuracy,Faithfulness,6,180,22,1503,186,28,1711,2.2360703812316713,2.6500923415183264,0.1035438812523155,0.8193580953138603,False
summac,relative factual accuracy,Faithfulness,0,15,28,1668,15,28,1711,0.0,0.4972031641202589,0.4807316121274775,0.8397045836745559,False
clip,relative factual accuracy,Faithfulness,1,12,27,1671,13,28,1711,4.837606837606838,1.5932247790634158,0.2068660072637691,0.8397045836745559,False
cider,relative factual accuracy,Faithfulness,0,76,28,1607,76,28,1711,0.0,2.565910599671729,0.1091896686486789,0.8397045836745559,False
exact match,relative factual accuracy,Faithfulness,2,65,26,1618,67,28,1711,1.8874856486796785,0.6408450978641729,0.4234049405995543,0.8397045836745559,False
chrf++,relative factual accuracy,Faithfulness,0,23,28,1660,23,28,1711,0.0,0.7641943704620028,0.3820190842510041,0.8397045836745559,False
blanc,relative factual accuracy,Faithfulness,0,13,28,1670,13,28,1711,0.0,0.4306537899982196,0.51166831773867,0.8397045836745559,False
diversity,relative factual accuracy,Faithfulness,0,10,28,1673,10,28,1711,0.0,0.3309777840243079,0.5650838998743138,0.8397045836745559,False
coherence,relative factual accuracy,Faithfulness,0,10,28,1673,10,28,1711,0.0,0.3309777840243079,0.5650838998743138,0.8397045836745559,False
clipscore,relative factual accuracy,Faithfulness,1,14,27,1669,15,28,1711,4.187654320987654,1.3604011211520213,0.2434679758997293,0.8397045836745559,False
hits,relative factual accuracy,Faithfulness,0,16,28,1667,16,28,1711,0.0,0.5305075326535503,0.4663935603705762,0.8397045836745559,False
win rate,relative factual accuracy,Faithfulness,0,14,28,1669,14,28,1711,0.0,0.4639185910744944,0.4957982862061939,0.8397045836745559,False
balanced accuracy,relative factual accuracy,Faithfulness,0,10,28,1673,10,28,1711,0.0,0.3309777840243079,0.5650838998743138,0.8397045836745559,False
ibleu,relative factual accuracy,Faithfulness,0,12,28,1671,12,28,1711,0.0,0.3974087374138732,0.528430536083426,0.8397045836745559,False
self bleu,relative factual accuracy,Faithfulness,0,30,28,1653,30,28,1711,0.0,0.9988604893731636,0.3175863932620646,0.8397045836745559,False
spearman,relative factual accuracy,Faithfulness,0,12,28,1671,12,28,1711,0.0,0.3974087374138732,0.528430536083426,0.8397045836745559,False
kendall,relative factual accuracy,Faithfulness,0,11,28,1672,11,28,1711,0.0,0.3641834098871751,0.5461920066157906,0.8397045836745559,False
coverage,relative factual accuracy,Faithfulness,3,19,25,1664,22,28,1711,9.212727272727273,8.042042258730897,0.0045703980852627,0.1753322306393195,False
density,relative factual accuracy,Faithfulness,2,8,26,1675,10,28,1711,13.084615384615384,6.832381486862323,0.0089519829093389,0.2553261212402749,False
ppl,relative factual accuracy,Faithfulness,0,19,28,1664,19,28,1711,0.0,0.6305396469988566,0.4271574369344031,0.8397045836745559,False
kendall s tau,relative factual accuracy,Faithfulness,0,11,28,1672,11,28,1711,0.0,0.3641834098871751,0.5461920066157906,0.8397045836745559,False
success rate,relative factual accuracy,Faithfulness,0,25,28,1658,25,28,1711,0.0,0.8311415478578459,0.3619426461374857,0.8397045836745559,False
supert,relative factual accuracy,Faithfulness,0,10,28,1673,10,28,1711,0.0,0.3309777840243079,0.5650838998743138,0.8397045836745559,False
summaqa,relative factual accuracy,Faithfulness,0,10,28,1673,10,28,1711,0.0,0.3309777840243079,0.5650838998743138,0.8397045836745559,False
spice,relative factual accuracy,Faithfulness,0,24,28,1659,24,28,1711,0.0,0.7976579546306696,0.3717945263377736,0.8397045836745559,False
length,relative factual accuracy,Faithfulness,1,15,27,1668,16,28,1711,3.923611111111111,1.259074174078997,0.2618264095684528,0.8397045836745559,False
parent,relative factual accuracy,Faithfulness,0,17,28,1666,17,28,1711,0.0,0.5638317202356775,0.4527204909511747,0.8397045836745559,False
consistency,relative factual accuracy,Faithfulness,0,14,28,1669,14,28,1711,0.0,0.4639185910744944,0.4957982862061939,0.8397045836745559,False
mrr,relative factual accuracy,Faithfulness,1,25,27,1658,26,28,1711,2.4002849002849005,0.5852860485876237,0.4442477857260659,0.8397045836745559,False
embedding,relative factual accuracy,Faithfulness,0,26,28,1657,26,28,1711,0.0,0.8646451740853109,0.3524420291520865,0.8397045836745559,False
vector extrema,relative factual accuracy,Faithfulness,0,16,28,1667,16,28,1711,0.0,0.5305075326535503,0.4663935603705762,0.8397045836745559,False
greedy matching,relative factual accuracy,Faithfulness,0,14,28,1669,14,28,1711,0.0,0.4639185910744944,0.4957982862061939,0.8397045836745559,False
dist,relative factual accuracy,Faithfulness,0,23,28,1660,23,28,1711,0.0,0.7641943704620028,0.3820190842510041,0.8397045836745559,False
ruber,relative factual accuracy,Faithfulness,0,11,28,1672,11,28,1711,0.0,0.3641834098871751,0.5461920066157906,0.8397045836745559,False
bert,relative factual accuracy,Faithfulness,2,8,26,1675,10,28,1711,13.084615384615384,6.832381486862323,0.0089519829093389,0.2553261212402749,False
xcomet,relative factual accuracy,Faithfulness,0,13,28,1670,13,28,1711,0.0,0.4306537899982196,0.51166831773867,0.8397045836745559,False
auroc,relative factual accuracy,Faithfulness,0,10,28,1673,10,28,1711,0.0,0.3309777840243079,0.5650838998743138,0.8397045836745559,False
entailment,relative factual accuracy,Faithfulness,0,11,28,1672,11,28,1711,0.0,0.3641834098871751,0.5461920066157906,0.8397045836745559,False
sacrebleu,relative factual accuracy,Faithfulness,0,18,28,1665,18,28,1711,0.0,0.5971757504689379,0.4396576386362312,0.8397045836745559,False
gleu,relative factual accuracy,Faithfulness,0,14,28,1669,14,28,1711,0.0,0.4639185910744944,0.4957982862061939,0.8397045836745559,False
entropy,relative factual accuracy,Faithfulness,0,18,28,1665,18,28,1711,0.0,0.5971757504689379,0.4396576386362312,0.8397045836745559,False
maude,relative factual accuracy,Faithfulness,0,10,28,1673,10,28,1711,0.0,0.3309777840243079,0.5650838998743138,0.8397045836745559,False
nist,relative factual accuracy,Faithfulness,0,16,28,1667,16,28,1711,0.0,0.5305075326535503,0.4663935603705762,0.8397045836745559,False
auc,relative factual accuracy,Faithfulness,0,12,28,1671,12,28,1711,0.0,0.3974087374138732,0.528430536083426,0.8397045836745559,False
prism,relative factual accuracy,Faithfulness,0,11,28,1672,11,28,1711,0.0,0.3641834098871751,0.5461920066157906,0.8397045836745559,False
bleu,factual truth,Factuality,105,637,220,749,742,325,1711,0.6232847341337907,20.442190209328785,6.1459839130598315e-06,0.0012599267021772,True
comet,factual truth,Factuality,8,62,317,1324,70,325,1711,0.591617845876521,3.054496928185418,0.0805139250528145,0.7372785529828927,False
rouge,factual truth,Factuality,141,524,184,862,665,325,1711,1.205344883949003,3.4148835300756524,0.0646109727784596,0.6674771361050322,False
roc auc,factual truth,Factuality,5,6,320,1380,11,325,1711,2.414772727272727,4.01221208651006,0.0451718473869854,0.5844720293069512,False
bertscore,factual truth,Factuality,82,280,243,1106,362,325,1711,1.2575085828615602,3.8623276234204624,0.0493817759645997,0.6072601845234104,False
distinct,factual truth,Factuality,11,114,314,1272,125,325,1711,0.444484076433121,10.758712258380804,0.0010378957380886,0.0642320381307692,False
f1,factual truth,Factuality,48,187,277,1199,235,325,1711,1.0883785236961363,0.3568175314060715,0.5502790315604416,0.8397045836745559,False
recall,factual truth,Factuality,23,89,302,1297,112,325,1711,1.0873048722800378,0.1815420214280574,0.6700513872013809,0.8397045836745559,False
meteor,factual truth,Factuality,47,211,278,1175,258,325,1711,0.9521359656460876,0.1204668819292082,0.7285286691227565,0.8397045836745559,False
knowledge f1,factual truth,Factuality,5,8,320,1378,13,325,1711,2.0408653846153846,2.681900925352023,0.1014945095685022,0.8137353392580267,False
acc,factual truth,Factuality,2,9,323,1377,11,325,1711,0.9569377990430622,0.0048077408102767,0.9447206789490596,0.958027808389898,False
dae,factual truth,Factuality,8,9,317,1377,17,325,1711,2.514752273149007,6.947450757850694,0.0083938761842807,0.2480352602201881,False
mauve,factual truth,Factuality,1,9,324,1377,10,325,1711,0.525,0.6152554117710407,0.4328158886795297,0.8397045836745559,False
factcc,factual truth,Factuality,20,13,305,1373,33,325,1711,3.334326875310482,28.4043947637976,9.844158595373557e-08,4.612691456117895e-05,True
comet qe,factual truth,Factuality,3,7,322,1379,10,325,1711,1.584782608695652,0.7025793908828244,0.4019183365222788,0.8397045836745559,False
unieval,factual truth,Factuality,11,11,314,1375,22,325,1711,2.6894904458598723,10.858154484020828,0.0009836166925198,0.0626072279336439,False
chrf,factual truth,Factuality,9,51,316,1335,60,325,1711,0.7837025316455696,0.6825472318379191,0.4087109716437543,0.8397045836745559,False
questeval,factual truth,Factuality,9,18,316,1368,27,325,1711,1.7763713080168777,3.168022910441336,0.0750932979033786,0.7163356050869737,False
qafacteval,factual truth,Factuality,7,5,318,1381,12,325,1711,3.1166142557651995,9.145599817811837,0.0024931689553801,0.1151773827274229,False
spearman correlation,factual truth,Factuality,5,20,320,1366,25,325,1711,1.05375,0.0164470160583919,0.8979543609782626,0.9208348613439744,False
pearson correlation,factual truth,Factuality,5,28,320,1358,33,325,1711,0.7945075757575758,0.3413784106652344,0.5590346557582349,0.8397045836745559,False
moverscore,factual truth,Factuality,10,45,315,1341,55,325,1711,0.9558441558441558,0.0246701249062031,0.8751918381478121,0.904562542657893,False
g eval,factual truth,Factuality,6,13,319,1373,19,325,1711,1.6749711268767529,1.7322720878533575,0.1881209908593008,0.8397045836745559,False
usr,factual truth,Factuality,6,6,319,1380,12,325,1711,2.6630094043887147,5.877547977694886,0.0153351635400467,0.3480922935041746,False
bartscore,factual truth,Factuality,21,43,304,1343,64,325,1711,1.7777035361842106,7.185741253420662,0.0073485187760711,0.2340110833544991,False
qags,factual truth,Factuality,7,3,318,1383,10,325,1711,3.7443396226415095,12.40056593927107,0.000429203749027,0.0347602048594773,True
perplexity,factual truth,Factuality,17,149,308,1237,166,325,1711,0.513710686903458,10.452408188795758,0.0012248965882389,0.0716215841372713,False
ndcg,factual truth,Factuality,4,17,321,1369,21,325,1711,1.0028185729120307,3.861004382012603e-05,0.9950422181404558,0.9953456771883792,False
map,factual truth,Factuality,0,12,325,1374,12,325,1711,0.0,5.075584757026555,0.0242650861079517,0.4421637913004545,False
precision,factual truth,Factuality,17,62,308,1324,79,325,1711,1.140226861745849,0.3326498370373509,0.5641029182785107,0.8397045836745559,False
bleurt,factual truth,Factuality,23,87,302,1299,110,325,1711,1.1084587597832631,0.2736313716423009,0.6009061543255123,0.8397045836745559,False
ter,factual truth,Factuality,5,45,320,1341,50,325,1711,0.5190625,3.139687273142112,0.0764084569681934,0.722247086039408,False
feqa,factual truth,Factuality,6,4,319,1382,10,325,1711,3.199373040752351,8.22156534552925,0.0041395477584735,0.16260738500351,False
sari,factual truth,Factuality,5,20,320,1366,25,325,1711,1.05375,0.0164470160583919,0.8979543609782626,0.9208348613439744,False
cosine similarity,factual truth,Factuality,3,21,322,1365,24,325,1711,0.6548913043478262,0.7379853584036717,0.3903070048950723,0.8397045836745559,False
accuracy,factual truth,Factuality,49,137,276,1249,186,325,1711,1.4556062022752063,6.800157341561704,0.0091149839516476,0.2583768699693904,False
summac,factual truth,Factuality,6,9,319,1377,15,325,1711,2.1266457680250785,3.5716944778754476,0.0587723099358037,0.6483557651616368,False
clip,factual truth,Factuality,4,9,321,1377,13,325,1711,1.627606038820992,1.04056711846341,0.3076896118428956,0.8397045836745559,False
cider,factual truth,Factuality,13,63,312,1323,76,325,1711,0.8963815789473684,0.1892565217500466,0.6635361296067213,0.8397045836745559,False
exact match,factual truth,Factuality,17,50,308,1336,67,325,1711,1.35433223492925,1.7150795525062232,0.1903276486476807,0.8397045836745559,False
chrf++,factual truth,Factuality,2,21,323,1365,23,325,1711,0.4544353210391708,1.9229489276028469,0.1655319365569672,0.8397045836745559,False
blanc,factual truth,Factuality,2,11,323,1375,13,325,1711,0.8087639914265302,0.1169105917542324,0.7324096613868202,0.8397045836745559,False
diversity,factual truth,Factuality,1,9,324,1377,10,325,1711,0.525,0.6152554117710407,0.4328158886795297,0.8397045836745559,False
coherence,factual truth,Factuality,2,8,323,1378,10,325,1711,1.053250773993808,0.0065200153799285,0.935643466648725,0.9502742129146364,False
clipscore,factual truth,Factuality,2,13,323,1373,15,325,1711,0.7001031991744066,0.3436184365646302,0.5577480011934457,0.8397045836745559,False
hits,factual truth,Factuality,3,13,322,1373,16,325,1711,0.9869953416149068,0.0006307906331446,0.9799628004605891,0.9835611950767236,False
win rate,factual truth,Factuality,3,11,322,1375,14,325,1711,1.1293256433007983,0.0526918850038519,0.818443693722104,0.855616036783586,False
balanced accuracy,factual truth,Factuality,6,4,319,1382,10,325,1711,3.199373040752351,8.22156534552925,0.0041395477584735,0.16260738500351,False
ibleu,factual truth,Factuality,0,12,325,1374,12,325,1711,0.0,5.075584757026555,0.0242650861079517,0.4421637913004545,False
self bleu,factual truth,Factuality,3,27,322,1359,30,325,1711,0.5220496894409937,1.8645905483315095,0.1720959187835309,0.8397045836745559,False
spearman,factual truth,Factuality,3,9,322,1377,12,325,1711,1.3190993788819876,0.263802395414437,0.6075198102010584,0.8397045836745559,False
kendall,factual truth,Factuality,1,10,324,1376,11,325,1711,0.4769921436588104,0.8376773128086747,0.360061906522322,0.8397045836745559,False
coverage,factual truth,Factuality,3,19,322,1367,22,325,1711,0.7152738565782043,0.4508094278724739,0.5019508204243828,0.8397045836745559,False
density,factual truth,Factuality,3,7,322,1379,10,325,1711,1.584782608695652,0.7025793908828244,0.4019183365222788,0.8397045836745559,False
ppl,factual truth,Factuality,1,18,324,1368,19,325,1711,0.2748538011695906,3.096429492537185,0.0784642098628735,0.7338958237698162,False
kendall s tau,factual truth,Factuality,4,7,321,1379,11,325,1711,1.9258000566411784,1.8306273050969453,0.1760534693057308,0.8397045836745559,False
success rate,factual truth,Factuality,2,23,323,1363,25,325,1711,0.4175851393188854,2.4248042659388966,0.1194281583277521,0.8397045836745559,False
supert,factual truth,Factuality,2,8,323,1378,10,325,1711,1.053250773993808,0.0065200153799285,0.935643466648725,0.9502742129146364,False
summaqa,factual truth,Factuality,2,8,323,1378,10,325,1711,1.053250773993808,0.0065200153799285,0.935643466648725,0.9502742129146364,False
spice,factual truth,Factuality,1,23,324,1363,24,325,1711,0.2169495884773662,4.7469990822965915,0.029349434606714,0.4886772346784259,False
length,factual truth,Factuality,2,14,323,1372,16,325,1711,0.6559597523219813,0.4898948847991304,0.4839741976718856,0.8397045836745559,False
parent,factual truth,Factuality,4,13,321,1373,17,325,1711,1.241707898112516,0.2171890332878436,0.6411901316898861,0.8397045836745559,False
consistency,factual truth,Factuality,4,10,321,1376,14,325,1711,1.5104583889630616,0.7565297358265499,0.3844167195713728,0.8397045836745559,False
mrr,factual truth,Factuality,6,20,319,1366,26,325,1711,1.2189534603327707,0.2720740974779754,0.6019438315961809,0.8397045836745559,False
embedding,factual truth,Factuality,2,24,323,1362,26,325,1711,0.4012860204810669,2.6869074880219967,0.1011760054552484,0.8134039803883839,False
vector extrema,factual truth,Factuality,3,13,322,1373,16,325,1711,0.9869953416149068,0.0006307906331446,0.9799628004605891,0.9835611950767236,False
greedy matching,factual truth,Factuality,2,12,323,1374,14,325,1711,0.7505528527200354,0.2181853687188499,0.6404260683758871,0.8397045836745559,False
dist,factual truth,Factuality,0,23,325,1363,23,325,1711,0.0,9.763412470927284,0.0017801916903466,0.0919532085722363,False
ruber,factual truth,Factuality,1,10,324,1376,11,325,1711,0.4769921436588104,0.8376773128086747,0.360061906522322,0.8397045836745559,False
bert,factual truth,Factuality,2,8,323,1378,10,325,1711,1.053250773993808,0.0065200153799285,0.935643466648725,0.9502742129146364,False
xcomet,factual truth,Factuality,1,12,324,1374,13,325,1711,0.4031339031339032,1.3350923233541168,0.2479013046923374,0.8397045836745559,False
auroc,factual truth,Factuality,3,7,322,1379,10,325,1711,1.584782608695652,0.7025793908828244,0.4019183365222788,0.8397045836745559,False
entailment,factual truth,Factuality,4,7,321,1379,11,325,1711,1.9258000566411784,1.8306273050969453,0.1760534693057308,0.8397045836745559,False
sacrebleu,factual truth,Factuality,0,18,325,1368,18,325,1711,0.0,7.628373717017787,0.0057457088360974,0.2015606949989273,False
gleu,factual truth,Factuality,1,13,324,1373,14,325,1711,0.3741181657848324,1.6046828102630637,0.2052408487096975,0.8397045836745559,False
entropy,factual truth,Factuality,0,18,325,1368,18,325,1711,0.0,7.628373717017787,0.0057457088360974,0.2015606949989273,False
maude,factual truth,Factuality,0,10,325,1376,10,325,1711,0.0,4.226886555315581,0.0397883638844275,0.5471942706118337,False
nist,factual truth,Factuality,0,16,325,1370,16,325,1711,0.0,6.7763253939269354,0.0092374869091046,0.2589654449731897,False
auc,factual truth,Factuality,4,8,321,1378,12,325,1711,1.7642782969885773,1.3935625841984765,0.237804384641694,0.8397045836745559,False
prism,factual truth,Factuality,3,8,322,1378,11,325,1711,1.439864483342744,0.4487605923044568,0.5029241176669438,0.8397045836745559,False
bleu,classification accuracy,Classification Accuracy,8,734,27,942,742,35,1711,0.386942198262953,6.567428936338429,0.0103861886353011,0.2736281021990974,False
comet,classification accuracy,Classification Accuracy,2,68,33,1608,70,35,1711,1.4207792207792207,0.214960100677467,0.6429071971690024,0.8397045836745559,False
rouge,classification accuracy,Classification Accuracy,8,657,27,1019,665,35,1711,0.4660540239487608,4.1450377022402165,0.0417567253981938,0.5639112905887259,False
roc auc,classification accuracy,Classification Accuracy,1,10,34,1666,11,35,1711,4.545454545454546,1.5080976091761598,0.2194296039678346,0.8397045836745559,False
bertscore,classification accuracy,Classification Accuracy,7,355,28,1321,362,35,1711,0.9316298342541436,0.0290712236789874,0.864614689006982,0.8953231823024155,False
distinct,classification accuracy,Classification Accuracy,2,123,33,1553,125,35,1711,0.768969696969697,0.1434807149529171,0.7048449403473016,0.8397045836745559,False
f1,classification accuracy,Classification Accuracy,6,229,29,1447,235,35,1711,1.2994864269992663,0.3291082899483761,0.5661846315997379,0.8397045836745559,False
recall,classification accuracy,Classification Accuracy,6,106,29,1570,112,35,1711,2.9538177339901477,4.708096605562558,0.0300208728011289,0.4886772346784259,False
meteor,classification accuracy,Classification Accuracy,2,256,33,1420,258,35,1711,0.3413201785294808,3.072639790384807,0.0796200854338699,0.7338958237698162,False
knowledge f1,classification accuracy,Classification Accuracy,0,13,35,1663,13,35,1711,0.0,0.5394411069748221,0.4626644421550633,0.8397045836745559,False
acc,classification accuracy,Classification Accuracy,1,10,34,1666,11,35,1711,4.545454545454546,1.5080976091761598,0.2194296039678346,0.8397045836745559,False
dae,classification accuracy,Classification Accuracy,0,17,35,1659,17,35,1711,0.0,0.7062628398470239,0.4006872571768596,0.8397045836745559,False
mauve,classification accuracy,Classification Accuracy,1,9,34,1667,10,35,1711,5.002941176470588,1.668038868443844,0.1965214178778467,0.8397045836745559,False
factcc,classification accuracy,Classification Accuracy,1,32,34,1644,33,35,1711,1.49554367201426,0.1424710609411148,0.7058366971000333,0.8397045836745559,False
comet qe,classification accuracy,Classification Accuracy,0,10,35,1666,10,35,1711,0.0,0.4145852011431761,0.5196513650294491,0.8397045836745559,False
unieval,classification accuracy,Classification Accuracy,1,21,34,1655,22,35,1711,2.2580213903743314,0.520084690666861,0.4708055576021278,0.8397045836745559,False
chrf,classification accuracy,Classification Accuracy,2,58,33,1618,60,35,1711,1.6676767676767676,0.436240506707227,0.5089426065585562,0.8397045836745559,False
questeval,classification accuracy,Classification Accuracy,0,27,35,1649,27,35,1711,0.0,1.1250649137121982,0.2888304550921174,0.8397045836745559,False
qafacteval,classification accuracy,Classification Accuracy,0,12,35,1664,12,35,1711,0.0,0.4977977214622698,0.4804693858225095,0.8397045836745559,False
spearman correlation,classification accuracy,Classification Accuracy,0,25,35,1651,25,35,1711,0.0,1.0411038000774913,0.3075648961216797,0.8397045836745559,False
pearson correlation,classification accuracy,Classification Accuracy,0,33,35,1643,33,35,1711,0.0,1.3775542135493228,0.2405181934038159,0.8397045836745559,False
moverscore,classification accuracy,Classification Accuracy,2,53,33,1623,55,35,1711,1.824793388429752,0.5888959557726992,0.442846363596548,0.8397045836745559,False
g eval,classification accuracy,Classification Accuracy,1,18,34,1658,19,35,1711,2.619195046439628,0.6988078948867156,0.4031845489683932,0.8397045836745559,False
usr,classification accuracy,Classification Accuracy,1,11,34,1665,12,35,1711,4.16421568627451,1.3664455817062091,0.2424235219295501,0.8397045836745559,False
bartscore,classification accuracy,Classification Accuracy,2,62,33,1614,64,35,1711,1.559659090909091,0.3355485742800645,0.5624100087043696,0.8397045836745559,False
qags,classification accuracy,Classification Accuracy,1,9,34,1667,10,35,1711,5.002941176470588,1.668038868443844,0.1965214178778467,0.8397045836745559,False
perplexity,classification accuracy,Classification Accuracy,2,164,33,1512,166,35,1711,0.5640744797371304,0.7479078177192338,0.3871394375296576,0.8397045836745559,False
ndcg,classification accuracy,Classification Accuracy,2,19,33,1657,21,35,1711,4.8773448773448775,3.2085864966832904,0.0732527410366352,0.7098049943874851,False
map,classification accuracy,Classification Accuracy,1,11,34,1665,12,35,1711,4.16421568627451,1.3664455817062091,0.2424235219295501,0.8397045836745559,False
precision,classification accuracy,Classification Accuracy,7,72,28,1604,79,35,1711,5.1645569620253164,11.076149328632654,0.00087445202279,0.0579434875707349,False
bleurt,classification accuracy,Classification Accuracy,2,108,33,1568,110,35,1711,0.8820936639118457,0.0314263048624597,0.859292654410043,0.8912189427557126,False
ter,classification accuracy,Classification Accuracy,0,50,35,1626,50,35,1711,0.0,2.097926501263433,0.1474990453438159,0.8397045836745559,False
feqa,classification accuracy,Classification Accuracy,0,10,35,1666,10,35,1711,0.0,0.4145852011431761,0.5196513650294491,0.8397045836745559,False
sari,classification accuracy,Classification Accuracy,1,24,34,1652,25,35,1711,1.9835294117647055,0.3809262421169411,0.5371079436852166,0.8397045836745559,False
cosine similarity,classification accuracy,Classification Accuracy,0,24,35,1652,24,35,1711,0.0,0.9991609794808164,0.3175136114698739,0.8397045836745559,False
accuracy,classification accuracy,Classification Accuracy,9,177,26,1499,186,35,1711,2.8380893300248133,6.192217715918082,0.0128313289071999,0.3145696866229079,False
summac,classification accuracy,Classification Accuracy,0,15,35,1661,15,35,1711,0.0,0.6228022761027838,0.4300078449441615,0.8397045836745559,False
clip,classification accuracy,Classification Accuracy,0,13,35,1663,13,35,1711,0.0,0.5394411069748221,0.4626644421550633,0.8397045836745559,False
cider,classification accuracy,Classification Accuracy,2,74,33,1602,76,35,1711,1.303827751196172,0.1256391792308443,0.7229970428178774,0.8397045836745559,False
exact match,classification accuracy,Classification Accuracy,1,66,34,1610,67,35,1711,0.7216856892010536,0.1169135899238396,0.7324063618771047,0.8397045836745559,False
chrf++,classification accuracy,Classification Accuracy,0,23,35,1653,23,35,1711,0.0,0.9572432761864124,0.3278824110211603,0.8397045836745559,False
blanc,classification accuracy,Classification Accuracy,0,13,35,1663,13,35,1711,0.0,0.5394411069748221,0.4626644421550633,0.8397045836745559,False
diversity,classification accuracy,Classification Accuracy,0,10,35,1666,10,35,1711,0.0,0.4145852011431761,0.5196513650294491,0.8397045836745559,False
coherence,classification accuracy,Classification Accuracy,0,10,35,1666,10,35,1711,0.0,0.4145852011431761,0.5196513650294491,0.8397045836745559,False
clipscore,classification accuracy,Classification Accuracy,0,15,35,1661,15,35,1711,0.0,0.6228022761027838,0.4300078449441615,0.8397045836745559,False
hits,classification accuracy,Classification Accuracy,0,16,35,1660,16,35,1711,0.0,0.6645201188356182,0.4149686922541068,0.8397045836745559,False
win rate,classification accuracy,Classification Accuracy,0,14,35,1662,14,35,1711,0.0,0.5811092820105819,0.4458778460028471,0.8397045836745559,False
balanced accuracy,classification accuracy,Classification Accuracy,0,10,35,1666,10,35,1711,0.0,0.4145852011431761,0.5196513650294491,0.8397045836745559,False
ibleu,classification accuracy,Classification Accuracy,0,12,35,1664,12,35,1711,0.0,0.4977977214622698,0.4804693858225095,0.8397045836745559,False
self bleu,classification accuracy,Classification Accuracy,0,30,35,1646,30,35,1711,0.0,1.2511957186951992,0.2633242243328506,0.8397045836745559,False
spearman,classification accuracy,Classification Accuracy,0,12,35,1664,12,35,1711,0.0,0.4977977214622698,0.4804693858225095,0.8397045836745559,False
kendall,classification accuracy,Classification Accuracy,0,11,35,1665,11,35,1711,0.0,0.4561790959939263,0.4994151127043713,0.8397045836745559,False
coverage,classification accuracy,Classification Accuracy,0,22,35,1654,22,35,1711,0.0,0.915350660128068,0.3386987056997313,0.8397045836745559,False
density,classification accuracy,Classification Accuracy,0,10,35,1666,10,35,1711,0.0,0.4145852011431761,0.5196513650294491,0.8397045836745559,False
ppl,classification accuracy,Classification Accuracy,0,19,35,1657,19,35,1711,0.0,0.7898230355221822,0.3741536410291969,0.8397045836745559,False
kendall s tau,classification accuracy,Classification Accuracy,0,11,35,1665,11,35,1711,0.0,0.4561790959939263,0.4994151127043713,0.8397045836745559,False
success rate,classification accuracy,Classification Accuracy,0,25,35,1651,25,35,1711,0.0,1.0411038000774913,0.3075648961216797,0.8397045836745559,False
supert,classification accuracy,Classification Accuracy,0,10,35,1666,10,35,1711,0.0,0.4145852011431761,0.5196513650294491,0.8397045836745559,False
summaqa,classification accuracy,Classification Accuracy,0,10,35,1666,10,35,1711,0.0,0.4145852011431761,0.5196513650294491,0.8397045836745559,False
spice,classification accuracy,Classification Accuracy,1,23,34,1653,24,35,1711,2.0674019607843133,0.4235515380953136,0.5151701946922964,0.8397045836745559,False
length,classification accuracy,Classification Accuracy,0,16,35,1660,16,35,1711,0.0,0.6645201188356182,0.4149686922541068,0.8397045836745559,False
parent,classification accuracy,Classification Accuracy,0,17,35,1659,17,35,1711,0.0,0.7062628398470239,0.4006872571768596,0.8397045836745559,False
consistency,classification accuracy,Classification Accuracy,2,12,33,1664,14,35,1711,7.346320346320346,4.658500798176597,0.0309001607307756,0.491642485251565,False
mrr,classification accuracy,Classification Accuracy,2,24,33,1652,26,35,1711,3.927738927738928,2.512904653553788,0.1129176327496832,0.8397045836745559,False
embedding,classification accuracy,Classification Accuracy,0,26,35,1650,26,35,1711,0.0,1.0830717680965525,0.2980113954807852,0.8397045836745559,False
vector extrema,classification accuracy,Classification Accuracy,0,16,35,1660,16,35,1711,0.0,0.6645201188356182,0.4149686922541068,0.8397045836745559,False
greedy matching,classification accuracy,Classification Accuracy,0,14,35,1662,14,35,1711,0.0,0.5811092820105819,0.4458778460028471,0.8397045836745559,False
dist,classification accuracy,Classification Accuracy,0,23,35,1653,23,35,1711,0.0,0.9572432761864124,0.3278824110211603,0.8397045836745559,False
ruber,classification accuracy,Classification Accuracy,0,11,35,1665,11,35,1711,0.0,0.4561790959939263,0.4994151127043713,0.8397045836745559,False
bert,classification accuracy,Classification Accuracy,0,10,35,1666,10,35,1711,0.0,0.4145852011431761,0.5196513650294491,0.8397045836745559,False
xcomet,classification accuracy,Classification Accuracy,1,12,34,1664,13,35,1711,3.841628959276018,1.2400269383297988,0.2654658622139708,0.8397045836745559,False
auroc,classification accuracy,Classification Accuracy,0,10,35,1666,10,35,1711,0.0,0.4145852011431761,0.5196513650294491,0.8397045836745559,False
entailment,classification accuracy,Classification Accuracy,0,11,35,1665,11,35,1711,0.0,0.4561790959939263,0.4994151127043713,0.8397045836745559,False
sacrebleu,classification accuracy,Classification Accuracy,0,18,35,1658,18,35,1711,0.0,0.7480304688277024,0.3871005132784015,0.8397045836745559,False
gleu,classification accuracy,Classification Accuracy,1,13,34,1663,14,35,1711,3.5651260504201674,1.1264942313328492,0.2885243629004646,0.8397045836745559,False
entropy,classification accuracy,Classification Accuracy,2,16,33,1660,18,35,1711,5.7003367003367,3.741090689545341,0.0530897799185019,0.6269895210196594,False
maude,classification accuracy,Classification Accuracy,0,10,35,1666,10,35,1711,0.0,0.4145852011431761,0.5196513650294491,0.8397045836745559,False
nist,classification accuracy,Classification Accuracy,0,16,35,1660,16,35,1711,0.0,0.6645201188356182,0.4149686922541068,0.8397045836745559,False
auc,classification accuracy,Classification Accuracy,0,12,35,1664,12,35,1711,0.0,0.4977977214622698,0.4804693858225095,0.8397045836745559,False
prism,classification accuracy,Classification Accuracy,1,10,34,1666,11,35,1711,4.545454545454546,1.5080976091761598,0.2194296039678346,0.8397045836745559,False
bleu,functional correctness,Functional Correctness,6,736,10,959,742,16,1711,0.7835579514824799,0.2292741573469099,0.6320625528893697,0.8397045836745559,False
comet,functional correctness,Functional Correctness,0,70,16,1625,70,16,1711,0.0,1.3431331125541437,0.2464821924005042,0.8397045836745559,False
rouge,functional correctness,Functional Correctness,3,662,13,1033,665,16,1711,0.3629843840370156,3.048222636356937,0.0808255513260062,0.7384618616972161,False
roc auc,functional correctness,Functional Correctness,0,11,16,1684,11,16,1711,0.0,0.2073660311666123,0.6488397616095898,0.8397045836745559,False
bertscore,functional correctness,Functional Correctness,4,358,12,1337,362,16,1711,1.2421731123388582,0.1372714830714212,0.7110087368978628,0.8397045836745559,False
distinct,functional correctness,Functional Correctness,3,122,13,1573,125,16,1711,2.928,2.2584138508918405,0.1328901100740514,0.8397045836745559,False
f1,functional correctness,Functional Correctness,5,230,11,1465,235,16,1711,2.8549323017408126,3.2672831772746047,0.0706745766048132,0.7003402152984511,False
recall,functional correctness,Functional Correctness,2,110,14,1585,112,16,1711,2.0395408163265305,0.7530561958761846,0.385510342780985,0.8397045836745559,False
meteor,functional correctness,Functional Correctness,0,258,16,1437,258,16,1711,0.0,5.257072343635119,0.0218577572714425,0.4192599055574953,False
knowledge f1,functional correctness,Functional Correctness,2,11,14,1684,13,16,1711,18.65934065934066,7.966913834260468,0.004764009351117,0.176564414369084,False
acc,functional correctness,Functional Correctness,0,11,16,1684,11,16,1711,0.0,0.2073660311666123,0.6488397616095898,0.8397045836745559,False
dae,functional correctness,Functional Correctness,0,17,16,1678,17,16,1711,0.0,0.3210437326245412,0.5709810740349235,0.8397045836745559,False
mauve,functional correctness,Functional Correctness,0,10,16,1685,10,16,1711,0.0,0.1884589474149465,0.6642023289309149,0.8397045836745559,False
factcc,functional correctness,Functional Correctness,0,33,16,1662,33,16,1711,0.0,0.6261735054069766,0.4287623810625888,0.8397045836745559,False
comet qe,functional correctness,Functional Correctness,0,10,16,1685,10,16,1711,0.0,0.1884589474149465,0.6642023289309149,0.8397045836745559,False
unieval,functional correctness,Functional Correctness,0,22,16,1673,22,16,1711,0.0,0.4160846129239681,0.5188972403132373,0.8397045836745559,False
chrf,functional correctness,Functional Correctness,0,60,16,1635,60,16,1711,0.0,1.1477707570235876,0.2840162948763448,0.8397045836745559,False
questeval,functional correctness,Functional Correctness,0,27,16,1668,27,16,1711,0.0,0.5114086104640917,0.4745297143801499,0.8397045836745559,False
qafacteval,functional correctness,Functional Correctness,0,12,16,1683,12,16,1711,0.0,0.226284292787336,0.6342927622238596,0.8397045836745559,False
spearman correlation,functional correctness,Functional Correctness,0,25,16,1670,25,16,1711,0.0,0.4732449294418805,0.4914981247988452,0.8397045836745559,False
pearson correlation,functional correctness,Functional Correctness,0,33,16,1662,33,16,1711,0.0,0.6261735054069766,0.4287623810625888,0.8397045836745559,False
moverscore,functional correctness,Functional Correctness,0,55,16,1640,55,16,1711,0.0,1.0505350330810852,0.3053838961257525,0.8397045836745559,False
g eval,functional correctness,Functional Correctness,0,19,16,1676,19,16,1711,0.0,0.3590262183237863,0.5490475468665074,0.8397045836745559,False
usr,functional correctness,Functional Correctness,0,12,16,1683,12,16,1711,0.0,0.226284292787336,0.6342927622238596,0.8397045836745559,False
bartscore,functional correctness,Functional Correctness,1,63,15,1632,64,16,1711,1.7156249999999995,0.23689060980753,0.626460955547758,0.8397045836745559,False
qags,functional correctness,Functional Correctness,0,10,16,1685,10,16,1711,0.0,0.1884589474149465,0.6642023289309149,0.8397045836745559,False
perplexity,functional correctness,Functional Correctness,3,163,13,1532,166,16,1711,2.1478220574606115,1.222148016167666,0.2689395145661324,0.8397045836745559,False
ndcg,functional correctness,Functional Correctness,0,21,16,1674,21,16,1711,0.0,0.3970538413567302,0.5286147115806495,0.8397045836745559,False
map,functional correctness,Functional Correctness,0,12,16,1683,12,16,1711,0.0,0.226284292787336,0.6342927622238596,0.8397045836745559,False
precision,functional correctness,Functional Correctness,2,77,14,1618,79,16,1711,2.951175406871609,1.5899251459864598,0.2073368286944342,0.8397045836745559,False
bleurt,functional correctness,Functional Correctness,0,110,16,1585,110,16,1711,0.0,2.1367326793568586,0.1438078907657908,0.8397045836745559,False
ter,functional correctness,Functional Correctness,0,50,16,1645,50,16,1711,0.0,0.9535938786576882,0.3288061904245975,0.8397045836745559,False
feqa,functional correctness,Functional Correctness,0,10,16,1685,10,16,1711,0.0,0.1884589474149465,0.6642023289309149,0.8397045836745559,False
sari,functional correctness,Functional Correctness,0,25,16,1670,25,16,1711,0.0,0.4732449294418805,0.4914981247988452,0.8397045836745559,False
cosine similarity,functional correctness,Functional Correctness,0,24,16,1671,24,16,1711,0.0,0.4541801434681374,0.5003565263783444,0.8397045836745559,False
accuracy,functional correctness,Functional Correctness,3,183,13,1512,186,16,1711,1.8920595533498756,0.873907324315093,0.3498758624672037,0.8397045836745559,False
summac,functional correctness,Functional Correctness,0,15,16,1680,15,16,1711,0.0,0.2831062772331043,0.594672443005476,0.8397045836745559,False
clip,functional correctness,Functional Correctness,0,13,16,1682,13,16,1711,0.0,0.2452137455029331,0.6204655744830949,0.8397045836745559,False
cider,functional correctness,Functional Correctness,0,76,16,1619,76,16,1711,0.0,1.4609256024151525,0.2267829051471928,0.8397045836745559,False
exact match,functional correctness,Functional Correctness,1,66,15,1629,67,16,1711,1.635820895522388,0.1995101578949822,0.6551165232795222,0.8397045836745559,False
chrf++,functional correctness,Functional Correctness,0,23,16,1672,23,16,1711,0.0,0.4351267091321195,0.5094840129149709,0.8397045836745559,False
blanc,functional correctness,Functional Correctness,0,13,16,1682,13,16,1711,0.0,0.2452137455029331,0.6204655744830949,0.8397045836745559,False
diversity,functional correctness,Functional Correctness,0,10,16,1685,10,16,1711,0.0,0.1884589474149465,0.6642023289309149,0.8397045836745559,False
coherence,functional correctness,Functional Correctness,1,9,15,1686,10,16,1711,11.340000000000002,3.065101440993798,0.0799901698163747,0.7338958237698162,False
clipscore,functional correctness,Functional Correctness,0,15,16,1680,15,16,1711,0.0,0.2831062772331043,0.594672443005476,0.8397045836745559,False
hits,functional correctness,Functional Correctness,2,14,14,1681,16,16,1711,15.133928571428571,7.122386393546719,0.0076127308579968,0.2379505061281946,False
win rate,functional correctness,Functional Correctness,0,14,16,1681,14,16,1711,0.0,0.2641544025610714,0.6072802828016451,0.8397045836745559,False
balanced accuracy,functional correctness,Functional Correctness,0,10,16,1685,10,16,1711,0.0,0.1884589474149465,0.6642023289309149,0.8397045836745559,False
ibleu,functional correctness,Functional Correctness,0,12,16,1683,12,16,1711,0.0,0.226284292787336,0.6342927622238596,0.8397045836745559,False
self bleu,functional correctness,Functional Correctness,0,30,16,1665,30,16,1711,0.0,0.568739608426082,0.450760197513926,0.8397045836745559,False
spearman,functional correctness,Functional Correctness,0,12,16,1683,12,16,1711,0.0,0.226284292787336,0.6342927622238596,0.8397045836745559,False
kendall,functional correctness,Functional Correctness,0,11,16,1684,11,16,1711,0.0,0.2073660311666123,0.6488397616095898,0.8397045836745559,False
coverage,functional correctness,Functional Correctness,0,22,16,1673,22,16,1711,0.0,0.4160846129239681,0.5188972403132373,0.8397045836745559,False
density,functional correctness,Functional Correctness,0,10,16,1685,10,16,1711,0.0,0.1884589474149465,0.6642023289309149,0.8397045836745559,False
ppl,functional correctness,Functional Correctness,0,19,16,1676,19,16,1711,0.0,0.3590262183237863,0.5490475468665074,0.8397045836745559,False
kendall s tau,functional correctness,Functional Correctness,0,11,16,1684,11,16,1711,0.0,0.2073660311666123,0.6488397616095898,0.8397045836745559,False
success rate,functional correctness,Functional Correctness,4,21,12,1674,25,16,1711,22.48,16.778875883999095,4.199823834247193e-05,0.0056226212964615,True
supert,functional correctness,Functional Correctness,0,10,16,1685,10,16,1711,0.0,0.1884589474149465,0.6642023289309149,0.8397045836745559,False
summaqa,functional correctness,Functional Correctness,0,10,16,1685,10,16,1711,0.0,0.1884589474149465,0.6642023289309149,0.8397045836745559,False
spice,functional correctness,Functional Correctness,0,24,16,1671,24,16,1711,0.0,0.4541801434681374,0.5003565263783444,0.8397045836745559,False
length,functional correctness,Functional Correctness,0,16,16,1679,16,16,1711,0.0,0.3020693828147452,0.5825880026995404,0.8397045836745559,False
parent,functional correctness,Functional Correctness,0,17,16,1678,17,16,1711,0.0,0.3210437326245412,0.5709810740349235,0.8397045836745559,False
consistency,functional correctness,Functional Correctness,1,13,15,1682,14,16,1711,8.08095238095238,2.4327824216148253,0.118821823955864,0.8397045836745559,False
mrr,functional correctness,Functional Correctness,0,26,16,1669,26,16,1711,0.0,0.4923210805875659,0.4828937465208786,0.8397045836745559,False
embedding,functional correctness,Functional Correctness,0,26,16,1669,26,16,1711,0.0,0.4923210805875659,0.4828937465208786,0.8397045836745559,False
vector extrema,functional correctness,Functional Correctness,0,16,16,1679,16,16,1711,0.0,0.3020693828147452,0.5825880026995404,0.8397045836745559,False
greedy matching,functional correctness,Functional Correctness,0,14,16,1681,14,16,1711,0.0,0.2641544025610714,0.6072802828016451,0.8397045836745559,False
dist,functional correctness,Functional Correctness,1,22,15,1673,23,16,1711,4.892753623188406,1.5710771997642698,0.2100506471424681,0.8397045836745559,False
ruber,functional correctness,Functional Correctness,0,11,16,1684,11,16,1711,0.0,0.2073660311666123,0.6488397616095898,0.8397045836745559,False
bert,functional correctness,Functional Correctness,1,9,15,1686,10,16,1711,11.340000000000002,3.065101440993798,0.0799901698163747,0.7338958237698162,False
xcomet,functional correctness,Functional Correctness,0,13,16,1682,13,16,1711,0.0,0.2452137455029331,0.6204655744830949,0.8397045836745559,False
auroc,functional correctness,Functional Correctness,0,10,16,1685,10,16,1711,0.0,0.1884589474149465,0.6642023289309149,0.8397045836745559,False
entailment,functional correctness,Functional Correctness,0,11,16,1684,11,16,1711,0.0,0.2073660311666123,0.6488397616095898,0.8397045836745559,False
sacrebleu,functional correctness,Functional Correctness,0,18,16,1677,18,16,1711,0.0,0.3400293400056861,0.559812286800734,0.8397045836745559,False
gleu,functional correctness,Functional Correctness,0,14,16,1681,14,16,1711,0.0,0.2641544025610714,0.6072802828016451,0.8397045836745559,False
entropy,functional correctness,Functional Correctness,0,18,16,1677,18,16,1711,0.0,0.3400293400056861,0.559812286800734,0.8397045836745559,False
maude,functional correctness,Functional Correctness,0,10,16,1685,10,16,1711,0.0,0.1884589474149465,0.6642023289309149,0.8397045836745559,False
nist,functional correctness,Functional Correctness,0,16,16,1679,16,16,1711,0.0,0.3020693828147452,0.5825880026995404,0.8397045836745559,False
auc,functional correctness,Functional Correctness,0,12,16,1683,12,16,1711,0.0,0.226284292787336,0.6342927622238596,0.8397045836745559,False
prism,functional correctness,Functional Correctness,0,11,16,1684,11,16,1711,0.0,0.2073660311666123,0.6488397616095898,0.8397045836745559,False
bleu,coherence,Coherence,164,578,172,797,742,336,1711,1.2451889926659565,5.0149298093044905,0.0251296481082849,0.4443409476828813,False
comet,coherence,Coherence,6,64,330,1311,70,336,1711,0.4262337662337662,6.795709815520027,0.0091377185720882,0.2583768699693904,False
rouge,coherence,Coherence,165,500,171,875,665,336,1711,1.5177417227278722,18.13173961857359,2.0613664744025982e-05,0.0032981863590441,True
roc auc,coherence,Coherence,1,10,335,1365,11,336,1711,0.4613297150610583,0.9309478174657224,0.3346167563643402,0.8397045836745559,False
bertscore,coherence,Coherence,99,263,237,1112,362,336,1711,1.5566473179942653,16.28417670540083,5.4517305913706666e-05,0.006747802392338,True
distinct,coherence,Coherence,62,63,274,1312,125,336,1711,2.8710072992700733,61.891389449679515,3.629330970554046e-15,5.952102791708636e-12,True
f1,coherence,Coherence,49,186,287,1189,235,336,1711,1.0723404255319149,0.2509491185117207,0.6164075654615011,0.8397045836745559,False
recall,coherence,Coherence,18,94,318,1281,112,336,1711,0.8081199460916443,1.0114324325274031,0.31455991693876,0.8397045836745559,False
meteor,coherence,Coherence,62,196,274,1179,258,336,1711,1.2743450461155437,3.5627557639061855,0.0590895641530894,0.6483557651616368,False
knowledge f1,coherence,Coherence,8,5,328,1370,13,336,1711,3.1857410881801127,11.017743262020298,0.0009024387168543,0.0591999798256461,False
acc,coherence,Coherence,2,9,334,1366,11,336,1711,0.925421883505716,0.0151558946529055,0.9020205633500205,0.9239935814453676,False
dae,coherence,Coherence,3,14,333,1361,17,336,1711,0.8977212506624271,0.0442655763018855,0.8333602844677538,0.8695472349464712,False
mauve,coherence,Coherence,5,5,331,1370,10,336,1711,2.569486404833837,4.634941117408235,0.0313272193346271,0.491642485251565,False
factcc,coherence,Coherence,6,27,330,1348,33,336,1711,0.924517906336088,0.0460522151676072,0.8300809104079878,0.8664010775300557,False
comet qe,coherence,Coherence,2,8,334,1367,10,336,1711,1.0185628742514972,0.0008330971943945,0.976973517578701,0.9814662416323852,False
unieval,coherence,Coherence,8,14,328,1361,22,336,1711,1.8725055432372504,3.374777275844985,0.0662015271850979,0.678565653647254,False
chrf,coherence,Coherence,9,51,327,1324,60,336,1711,0.7573394495412844,0.9032356367208196,0.3419155970974968,0.8397045836745559,False
questeval,coherence,Coherence,7,20,329,1355,27,336,1711,1.3270291568163908,0.6407834416301119,0.4234272439404792,0.8397045836745559,False
qafacteval,coherence,Coherence,1,11,335,1364,12,336,1711,0.422636815920398,1.1879704396825348,0.2757393252214707,0.8397045836745559,False
spearman correlation,coherence,Coherence,11,14,325,1361,25,336,1711,2.2825846153846157,7.774946475574774,0.00529757859652,0.1899022710009359,False
pearson correlation,coherence,Coherence,10,23,326,1352,33,336,1711,1.5597694738799035,2.17300036504,0.140451969833292,0.8397045836745559,False
moverscore,coherence,Coherence,21,34,315,1341,55,336,1711,2.0072727272727273,10.487835752768476,0.0012016304499104,0.0716215841372713,False
g eval,coherence,Coherence,9,10,327,1365,19,336,1711,2.4509898599710285,7.488930675097405,0.0062079409520521,0.2099180033271226,False
usr,coherence,Coherence,6,6,330,1369,12,336,1711,2.574242424242424,5.57027179602208,0.0182679249293087,0.3816483679498907,False
bartscore,coherence,Coherence,27,37,309,1338,64,336,1711,2.248634708737864,17.731831616046794,2.543348967991639e-05,0.0038800858674477,True
qags,coherence,Coherence,3,7,333,1368,10,336,1711,1.5324324324324323,0.6137895694301323,0.4333645276997485,0.8397045836745559,False
perplexity,coherence,Coherence,49,117,287,1258,166,336,1711,1.589039083161916,10.360775167859618,0.0012872114275546,0.0734270170848571,False
ndcg,coherence,Coherence,0,21,336,1354,21,336,1711,0.0,9.245786725148776,0.0023603786806112,0.112841303129817,False
map,coherence,Coherence,3,9,333,1366,12,336,1711,1.2755255255255256,0.2070710390338397,0.6490728439115256,0.8397045836745559,False
precision,coherence,Coherence,9,70,327,1305,79,336,1711,0.5685750783881082,4.036915957667187,0.0445151015478345,0.5831536961101547,False
bleurt,coherence,Coherence,26,84,310,1291,110,336,1711,1.2207038123167155,1.1398362830770985,0.2856869243812958,0.8397045836745559,False
ter,coherence,Coherence,12,38,324,1337,50,336,1711,1.2303703703703703,0.5909624469286792,0.4420471876159312,0.8397045836745559,False
feqa,coherence,Coherence,2,8,334,1367,10,336,1711,1.0185628742514972,0.0008330971943945,0.976973517578701,0.9814662416323852,False
sari,coherence,Coherence,5,20,331,1355,25,336,1711,1.0187311178247735,0.0021013596812005,0.9634373067474246,0.973378828317127,False
cosine similarity,coherence,Coherence,1,23,335,1352,24,336,1711,0.2098258706467661,5.0499497299697635,0.0246266528050473,0.4438209956074458,False
accuracy,coherence,Coherence,29,157,307,1218,186,336,1711,0.774491261251795,2.2763618115026976,0.1313596963584229,0.8397045836745559,False
summac,coherence,Coherence,5,10,331,1365,15,336,1711,1.7079556898288015,1.570074172301167,0.210196242421837,0.8397045836745559,False
clip,coherence,Coherence,1,12,335,1363,13,336,1711,0.3898966704936855,1.4604915205101956,0.2268519308965337,0.8397045836745559,False
cider,coherence,Coherence,14,62,322,1313,76,336,1711,0.9353546910755148,0.07573999447702,0.7831556717450481,0.8414530350982423,False
exact match,coherence,Coherence,6,61,330,1314,67,336,1711,0.4461329715061058,6.000094455676891,0.0143051125442024,0.3387781165702818,False
chrf++,coherence,Coherence,6,17,330,1358,23,336,1711,1.3343873517786562,0.5717928507237371,0.4495473635515684,0.8397045836745559,False
blanc,coherence,Coherence,10,3,326,1372,13,336,1711,4.006606890042473,20.029022977358117,7.627565609211607e-06,0.0015162675877705,True
diversity,coherence,Coherence,2,8,334,1367,10,336,1711,1.0185628742514972,0.0008330971943945,0.976973517578701,0.9814662416323852,False
coherence,coherence,Coherence,5,5,331,1370,10,336,1711,2.569486404833837,4.634941117408235,0.0313272193346271,0.491642485251565,False
clipscore,coherence,Coherence,4,11,332,1364,15,336,1711,1.3622489959839357,0.4382123039964591,0.5079865644823818,0.8397045836745559,False
hits,coherence,Coherence,5,11,331,1364,16,336,1711,1.6002643504531722,1.2251144939823,0.2683592608594561,0.8397045836745559,False
win rate,coherence,Coherence,3,11,333,1364,14,336,1711,1.092020592020592,0.0280657778182241,0.8669542727639923,0.8968963932079781,False
balanced accuracy,coherence,Coherence,1,9,335,1366,10,336,1711,0.5077611940298508,0.692479148378651,0.405322408409973,0.8397045836745559,False
ibleu,coherence,Coherence,1,11,335,1364,12,336,1711,0.422636815920398,1.1879704396825348,0.2757393252214707,0.8397045836745559,False
self bleu,coherence,Coherence,5,25,331,1350,30,336,1711,0.8464249748237663,0.1777543025203356,0.6733103029785943,0.8397045836745559,False
spearman,coherence,Coherence,2,10,334,1365,12,336,1711,0.8478043912175648,0.0703786414192768,0.7907862746007109,0.8414530350982423,False
kendall,coherence,Coherence,2,9,334,1366,11,336,1711,0.925421883505716,0.0151558946529055,0.9020205633500205,0.9239935814453676,False
coverage,coherence,Coherence,1,21,335,1354,22,336,1711,0.2291723202170963,4.342993772402038,0.0371615253311925,0.5349119920704362,False
density,coherence,Coherence,2,8,334,1367,10,336,1711,1.0185628742514972,0.0008330971943945,0.976973517578701,0.9814662416323852,False
ppl,coherence,Coherence,8,11,328,1364,19,336,1711,2.17201540436457,5.057835789261833,0.0245148330208825,0.4438209956074458,False
kendall s tau,coherence,Coherence,2,9,334,1366,11,336,1711,0.925421883505716,0.0151558946529055,0.9020205633500205,0.9239935814453676,False
success rate,coherence,Coherence,9,16,327,1359,25,336,1711,1.856146788990826,3.6871504465004743,0.0548332200751729,0.6332850769245332,False
supert,coherence,Coherence,5,5,331,1370,10,336,1711,2.569486404833837,4.634941117408235,0.0313272193346271,0.491642485251565,False
summaqa,coherence,Coherence,7,3,329,1372,10,336,1711,3.619148936170213,11.977416555080026,0.000538491877486,0.0401973161504731,True
spice,coherence,Coherence,4,20,332,1355,24,336,1711,0.8468875502008032,0.1417180922357179,0.7065789351527382,0.8397045836745559,False
length,coherence,Coherence,6,10,330,1365,16,336,1711,1.926136363636364,2.765728938565397,0.0963028102509025,0.8010858284512915,False
parent,coherence,Coherence,5,12,331,1363,17,336,1711,1.5052425804158522,0.9374290944163944,0.3329398909719537,0.8397045836745559,False
consistency,coherence,Coherence,2,12,334,1363,14,336,1711,0.7258340461933276,0.2767089831100511,0.598866423859536,0.8397045836745559,False
mrr,coherence,Coherence,4,22,332,1353,26,336,1711,0.7808155699721966,0.3210418468969851,0.5709822048562672,0.8397045836745559,False
embedding,coherence,Coherence,6,20,330,1355,26,336,1711,1.1783216783216786,0.1900296167162356,0.6628919689275703,0.8397045836745559,False
vector extrema,coherence,Coherence,6,10,330,1365,16,336,1711,1.926136363636364,2.765728938565397,0.0963028102509025,0.8010858284512915,False
greedy matching,coherence,Coherence,4,10,332,1365,14,336,1711,1.4604130808950089,0.648560462196643,0.4206278224812402,0.8397045836745559,False
dist,coherence,Coherence,7,16,329,1359,23,336,1711,1.561517113783534,1.540127592768954,0.2145988142330873,0.8397045836745559,False
ruber,coherence,Coherence,7,4,329,1371,11,336,1711,3.2882011605415857,10.204138173970428,0.0014012586180083,0.0779004791028354,False
bert,coherence,Coherence,0,10,336,1365,10,336,1711,0.0,4.386829951551438,0.0362175937925619,0.5327072091462024,False
xcomet,coherence,Coherence,0,13,336,1362,13,336,1711,0.0,5.708505383891765,0.0168829075733645,0.3691729122709059,False
auroc,coherence,Coherence,0,10,336,1365,10,336,1711,0.0,4.386829951551438,0.0362175937925619,0.5327072091462024,False
entailment,coherence,Coherence,3,8,333,1367,11,336,1711,1.392301392301392,0.3759941638961108,0.5397549277097697,0.8397045836745559,False
sacrebleu,coherence,Coherence,4,14,332,1361,18,336,1711,1.1331994645247656,0.0746434959328937,0.7846920862513734,0.8414530350982423,False
gleu,coherence,Coherence,1,13,335,1362,14,336,1711,0.3618336886993603,1.746163966131567,0.1863597028927663,0.8397045836745559,False
entropy,coherence,Coherence,7,11,329,1364,18,336,1711,2.001182033096927,3.585960056356221,0.0582697379596936,0.6467842318368702,False
maude,coherence,Coherence,7,3,329,1372,10,336,1711,3.619148936170213,11.977416555080026,0.000538491877486,0.0401973161504731,True
nist,coherence,Coherence,2,14,334,1361,16,336,1711,0.6343562874251497,0.5805941811600812,0.4460795150998445,0.8397045836745559,False
auc,coherence,Coherence,3,9,333,1366,12,336,1711,1.2755255255255256,0.2070710390338397,0.6490728439115256,0.8397045836745559,False
prism,coherence,Coherence,4,7,332,1368,11,336,1711,1.861993428258489,1.6745527983465496,0.1956498327118538,0.8397045836745559,False
bleu,informativeness,Informativeness,120,622,138,831,742,258,1711,1.135591234032579,1.2187141879655616,0.2696131408078691,0.8397045836745559,False
comet,informativeness,Informativeness,1,69,257,1384,70,258,1711,0.0912173429683157,16.286870469903544,5.4439857531339976e-05,0.006747802392338,True
rouge,informativeness,Informativeness,155,510,103,943,665,258,1711,2.3670340900795677,56.01439757649021,7.194224598012938e-14,7.865685560494146e-11,True
roc auc,informativeness,Informativeness,0,11,258,1442,11,258,1711,0.0,3.608463437874247,0.0574862102910634,0.6452795683107804,False
bertscore,informativeness,Informativeness,63,299,195,1154,362,258,1711,1.2039524011899705,1.8821997797781904,0.1700843389250571,0.8397045836745559,False
distinct,informativeness,Informativeness,54,71,204,1382,125,258,1711,3.3585882352941177,62.91408603560717,2.1592248601649748e-15,4.721505027560746e-12,True
f1,informativeness,Informativeness,36,199,222,1254,235,258,1711,1.0185163887291546,0.0122343351693834,0.9119264666384206,0.9325799272980466,False
recall,informativeness,Informativeness,16,96,242,1357,112,258,1711,0.9439197166469891,0.0596944163710708,0.8069795812887511,0.8482552722877735,False
meteor,informativeness,Informativeness,48,210,210,1243,258,258,1711,1.2872646733111848,2.8110832949515547,0.0936151402931383,0.7975523640558277,False
knowledge f1,informativeness,Informativeness,6,7,252,1446,13,258,1711,3.10989010989011,7.1213064011571054,0.0076173180315428,0.2379505061281946,False
acc,informativeness,Informativeness,2,9,256,1444,11,258,1711,1.2073863636363638,0.0790222195116909,0.778626867107802,0.8414530350982423,False
dae,informativeness,Informativeness,2,15,256,1438,17,258,1711,0.7784926470588236,0.1572266130979613,0.6917228491245587,0.8397045836745559,False
mauve,informativeness,Informativeness,4,6,254,1447,10,258,1711,2.678740157480315,3.664716950313607,0.0555760824350523,0.6384922955760832,False
factcc,informativeness,Informativeness,11,22,247,1431,33,258,1711,2.264507422402159,6.972980518494245,0.0082749553855344,0.2456276349733291,False
comet qe,informativeness,Informativeness,1,9,257,1444,10,258,1711,0.6618677042801556,0.2253285214858484,0.6350095044101621,0.8397045836745559,False
unieval,informativeness,Informativeness,4,18,254,1435,22,258,1711,1.2090193271295633,0.1591299143932683,0.6899588497697658,0.8397045836745559,False
chrf,informativeness,Informativeness,3,57,255,1396,60,258,1711,0.3237254901960785,6.334283145230668,0.0118425971757481,0.295739221530044,False
questeval,informativeness,Informativeness,4,23,254,1430,27,258,1711,0.9822105570137064,0.001501219425263,0.9690932386878842,0.9778882703880204,False
qafacteval,informativeness,Informativeness,2,10,256,1443,12,258,1711,1.1061197916666667,0.0231448452003364,0.8790810116726506,0.9062734170163916,False
spearman correlation,informativeness,Informativeness,2,23,256,1430,25,258,1711,0.526875,1.1620953653091273,0.2810314036485177,0.8397045836745559,False
pearson correlation,informativeness,Informativeness,2,31,256,1422,33,258,1711,0.3972537878787879,2.652630031137411,0.1033787313128057,0.8193580953138603,False
moverscore,informativeness,Informativeness,12,43,246,1410,55,258,1711,1.4687361419068736,1.8208377231225432,0.1772135926310784,0.8397045836745559,False
g eval,informativeness,Informativeness,6,13,252,1440,19,258,1711,2.1203007518796992,3.2987536058777547,0.069332472709292,0.6997246476507012,False
usr,informativeness,Informativeness,2,10,256,1443,12,258,1711,1.1061197916666667,0.0231448452003364,0.8790810116726506,0.9062734170163916,False
bartscore,informativeness,Informativeness,12,52,246,1401,64,258,1711,1.2553353658536586,0.6598340715009536,0.4166185283825661,0.8397045836745559,False
qags,informativeness,Informativeness,1,9,257,1444,10,258,1711,0.6618677042801556,0.2253285214858484,0.6350095044101621,0.8397045836745559,False
perplexity,informativeness,Informativeness,35,131,223,1322,166,258,1711,1.4607758387811336,4.758909357040789,0.0291470114786006,0.4886772346784259,False
ndcg,informativeness,Informativeness,2,19,256,1434,21,258,1711,0.628720238095238,0.5761121497777273,0.447840281841671,0.8397045836745559,False
map,informativeness,Informativeness,4,8,254,1445,12,258,1711,2.2296587926509184,2.4959188488844046,0.1141417420422358,0.8397045836745559,False
precision,informativeness,Informativeness,11,68,247,1385,79,258,1711,0.920002049915441,0.0880582451142184,0.7666603622227242,0.8397045836745559,False
bleurt,informativeness,Informativeness,11,99,247,1354,110,258,1711,0.6481781376518219,2.616886239683801,0.1057317344794234,0.8280462237579947,False
ter,informativeness,Informativeness,4,46,254,1407,50,258,1711,0.5231496062992126,2.3539061573721565,0.1249695160663705,0.8397045836745559,False
feqa,informativeness,Informativeness,0,10,258,1443,10,258,1711,0.0,3.279374214513714,0.0701556740950183,0.7003402152984511,False
sari,informativeness,Informativeness,1,24,257,1429,25,258,1711,0.2624124513618677,3.2674526468923384,0.0706672752581526,0.7003402152984511,False
cosine similarity,informativeness,Informativeness,3,21,255,1432,24,258,1711,0.8269607843137255,0.1328461836531738,0.7154990802352054,0.8397045836745559,False
accuracy,informativeness,Informativeness,12,174,246,1279,186,258,1711,0.3999475478625754,14.590248745337046,0.0001336041104753,0.0127973362676397,True
summac,informativeness,Informativeness,5,10,253,1443,15,258,1711,2.2345191040843213,3.1268889074918524,0.0770105741110932,0.7237670002417931,False
clip,informativeness,Informativeness,2,11,256,1442,13,258,1711,1.0204326923076923,0.000950877394699,0.9754000910010748,0.9813841406391184,False
cider,informativeness,Informativeness,17,59,241,1394,76,258,1711,1.5175256606245906,2.9652375099900663,0.0850719638389481,0.7597436777465535,False
exact match,informativeness,Informativeness,5,62,253,1391,67,258,1711,0.4849271429414193,3.7394735771558913,0.0531411850132516,0.6269895210196594,False
chrf++,informativeness,Informativeness,2,21,256,1432,23,258,1711,0.5733695652173912,0.8520478243536989,0.3559736630136269,0.8397045836745559,False
blanc,informativeness,Informativeness,3,10,255,1443,13,258,1711,1.536651583710407,0.5798641594579281,0.4463655710108108,0.8397045836745559,False
diversity,informativeness,Informativeness,2,8,256,1445,10,258,1711,1.32890625,0.1757204558189461,0.6750771057404521,0.8397045836745559,False
coherence,informativeness,Informativeness,5,5,253,1448,10,258,1711,3.3616600790513833,6.746466709130516,0.0093933522470543,0.2600016486948377,False
clipscore,informativeness,Informativeness,0,15,258,1438,15,258,1711,0.0,4.926927954507006,0.0264412831423734,0.4572634138598881,False
hits,informativeness,Informativeness,2,14,256,1439,16,258,1711,0.82763671875,0.0881667681373283,0.7665207961669658,0.8397045836745559,False
win rate,informativeness,Informativeness,0,14,258,1439,14,258,1711,0.0,4.596995140724745,0.0320280448586837,0.4978767162866473,False
balanced accuracy,informativeness,Informativeness,1,9,257,1444,10,258,1711,0.6618677042801556,0.2253285214858484,0.6350095044101621,0.8397045836745559,False
ibleu,informativeness,Informativeness,0,12,258,1441,12,258,1711,0.0,3.937763153241537,0.0472135172192658,0.5957148082124986,False
self bleu,informativeness,Informativeness,1,29,257,1424,30,258,1711,0.2180285343709468,4.552487396183928,0.0328709604820935,0.5059269087763109,False
spearman,informativeness,Informativeness,0,12,258,1441,12,258,1711,0.0,3.937763153241537,0.0472135172192658,0.5957148082124986,False
kendall,informativeness,Informativeness,0,11,258,1442,11,258,1711,0.0,3.608463437874247,0.0574862102910634,0.6452795683107804,False
coverage,informativeness,Informativeness,2,20,256,1433,22,258,1711,0.5997869318181819,0.7094235732504846,0.3996352380350032,0.8397045836745559,False
density,informativeness,Informativeness,3,7,255,1446,10,258,1711,2.001176470588235,1.4324604257765192,0.231363315081133,0.8397045836745559,False
ppl,informativeness,Informativeness,5,14,253,1439,19,258,1711,1.7599334304139795,1.615660045188393,0.2036979957548112,0.8397045836745559,False
kendall s tau,informativeness,Informativeness,0,11,258,1442,11,258,1711,0.0,3.608463437874247,0.0574862102910634,0.6452795683107804,False
success rate,informativeness,Informativeness,3,22,255,1431,25,258,1711,0.7934117647058823,0.1994294316214544,0.65518178703901,0.8397045836745559,False
supert,informativeness,Informativeness,3,7,255,1446,10,258,1711,2.001176470588235,1.4324604257765192,0.231363315081133,0.8397045836745559,False
summaqa,informativeness,Informativeness,3,7,255,1446,10,258,1711,2.001176470588235,1.4324604257765192,0.231363315081133,0.8397045836745559,False
spice,informativeness,Informativeness,5,19,253,1434,24,258,1711,1.3891633728590251,0.5750650519166176,0.4482531903543827,0.8397045836745559,False
length,informativeness,Informativeness,4,12,254,1441,16,258,1711,1.6683070866141732,1.0746366211999097,0.299900486464573,0.8397045836745559,False
parent,informativeness,Informativeness,2,15,256,1438,17,258,1711,0.7784926470588236,0.1572266130979613,0.6917228491245587,0.8397045836745559,False
consistency,informativeness,Informativeness,3,11,255,1442,14,258,1711,1.4260504201680673,0.402494099144032,0.5258040031851416,0.8397045836745559,False
mrr,informativeness,Informativeness,2,24,256,1429,26,258,1711,0.5063100961538461,1.3281916128332831,0.2491271866761224,0.8397045836745559,False
embedding,informativeness,Informativeness,9,17,249,1436,26,258,1711,2.3424467099165893,6.189462340845358,0.0128513225632529,0.3145696866229079,False
vector extrema,informativeness,Informativeness,4,12,254,1441,16,258,1711,1.6683070866141732,1.0746366211999097,0.299900486464573,0.8397045836745559,False
greedy matching,informativeness,Informativeness,3,11,255,1442,14,258,1711,1.4260504201680673,0.402494099144032,0.5258040031851416,0.8397045836745559,False
dist,informativeness,Informativeness,12,11,246,1442,23,258,1711,3.5800636267232235,17.499453785096037,2.873902388138268e-05,0.0042847271968606,True
ruber,informativeness,Informativeness,2,9,256,1444,11,258,1711,1.2073863636363638,0.0790222195116909,0.778626867107802,0.8414530350982423,False
bert,informativeness,Informativeness,1,9,257,1444,10,258,1711,0.6618677042801556,0.2253285214858484,0.6350095044101621,0.8397045836745559,False
xcomet,informativeness,Informativeness,0,13,258,1440,13,258,1711,0.0,4.267273630667552,0.0388532218007516,0.5422736480855835,False
auroc,informativeness,Informativeness,0,10,258,1443,10,258,1711,0.0,3.279374214513714,0.0701556740950183,0.7003402152984511,False
entailment,informativeness,Informativeness,1,10,257,1443,11,258,1711,0.6013441811107181,0.3526970694953502,0.5525903408816331,0.8397045836745559,False
sacrebleu,informativeness,Informativeness,1,17,257,1436,18,258,1711,0.365974924340683,1.6303661259484177,0.2016524156718214,0.8397045836745559,False
gleu,informativeness,Informativeness,1,13,257,1440,14,258,1711,0.471650917176209,0.8341372019744973,0.3610789355725821,0.8397045836745559,False
entropy,informativeness,Informativeness,8,10,250,1443,18,258,1711,3.009777777777778,8.93793199650379,0.0027930876320777,0.1254976360714377,False
maude,informativeness,Informativeness,2,8,256,1445,10,258,1711,1.32890625,0.1757204558189461,0.6750771057404521,0.8397045836745559,False
nist,informativeness,Informativeness,11,5,247,1448,16,258,1711,4.717864372469635,23.723873492051787,1.1119461886609571e-06,0.0002969336942039,True
auc,informativeness,Informativeness,2,10,256,1443,12,258,1711,1.1061197916666667,0.0231448452003364,0.8790810116726506,0.9062734170163916,False
prism,informativeness,Informativeness,2,9,256,1444,11,258,1711,1.2073863636363638,0.0790222195116909,0.778626867107802,0.8414530350982423,False
bleu,appropriateness (outputs as a whole),Appropriateness,62,680,64,905,742,126,1711,1.2651196091644206,1.8746744194411669,0.1709406712747423,0.8397045836745559,False
comet,appropriateness (outputs as a whole),Appropriateness,3,67,123,1518,70,126,1711,0.5717770034843206,1.1738547607865597,0.2786106043379489,0.8397045836745559,False
rouge,appropriateness (outputs as a whole),Appropriateness,43,622,83,963,665,126,1711,0.8148926533200471,1.305625807336142,0.2531881565302444,0.8397045836745559,False
roc auc,appropriateness (outputs as a whole),Appropriateness,0,11,126,1574,11,126,1711,0.0,1.6885059220565732,0.1937980386594427,0.8397045836745559,False
bertscore,appropriateness (outputs as a whole),Appropriateness,23,339,103,1246,362,126,1711,0.8321353859357401,0.7102107755602782,0.3993738484011701,0.8397045836745559,False
distinct,appropriateness (outputs as a whole),Appropriateness,13,112,113,1473,125,126,1711,1.4596814159292035,1.645347404774807,0.1995933589695621,0.8397045836745559,False
f1,appropriateness (outputs as a whole),Appropriateness,25,210,101,1375,235,126,1711,1.5546661049083632,3.879854542456528,0.0488687910557234,0.6037274375245679,False
recall,appropriateness (outputs as a whole),Appropriateness,10,102,116,1483,112,126,1711,1.2307573891625616,0.4064031748044638,0.5238007805111293,0.8397045836745559,False
meteor,appropriateness (outputs as a whole),Appropriateness,22,236,104,1349,258,126,1711,1.1913387000596305,0.5801939352238037,0.4462363145586752,0.8397045836745559,False
knowledge f1,appropriateness (outputs as a whole),Appropriateness,5,8,121,1577,13,126,1711,5.397329942784488,10.128685018378832,0.0014597951474229,0.078493903008973,False
acc,appropriateness (outputs as a whole),Appropriateness,0,11,126,1574,11,126,1711,0.0,1.6885059220565732,0.1937980386594427,0.8397045836745559,False
dae,appropriateness (outputs as a whole),Appropriateness,0,17,126,1568,17,126,1711,0.0,2.61430248862069,0.1059040825812435,0.8280462237579947,False
mauve,appropriateness (outputs as a whole),Appropriateness,0,10,126,1575,10,126,1711,0.0,1.5345367894469384,0.2154328285019402,0.8397045836745559,False
factcc,appropriateness (outputs as a whole),Appropriateness,0,33,126,1552,33,126,1711,0.0,5.099859895669139,0.0239277760887631,0.4384531037494035,False
comet qe,appropriateness (outputs as a whole),Appropriateness,0,10,126,1575,10,126,1711,0.0,1.5345367894469384,0.2154328285019402,0.8397045836745559,False
unieval,appropriateness (outputs as a whole),Appropriateness,0,22,126,1563,22,126,1711,0.0,3.388407572795527,0.0656563309533091,0.6750870392691347,False
chrf,appropriateness (outputs as a whole),Appropriateness,1,59,125,1526,60,126,1711,0.2201333333333333,4.174291064887064,0.0410417296242835,0.5585762372101662,False
questeval,appropriateness (outputs as a whole),Appropriateness,0,27,126,1558,27,126,1711,0.0,4.164899115997077,0.0412698706735124,0.5593602306162015,False
qafacteval,appropriateness (outputs as a whole),Appropriateness,0,12,126,1573,12,126,1711,0.0,1.842569232125303,0.1746501158502239,0.8397045836745559,False
spearman correlation,appropriateness (outputs as a whole),Appropriateness,3,22,123,1563,25,126,1711,1.6448780487804875,0.6824886253590856,0.4087310899668229,0.8397045836745559,False
pearson correlation,appropriateness (outputs as a whole),Appropriateness,0,33,126,1552,33,126,1711,0.0,5.099859895669139,0.0239277760887631,0.4384531037494035,False
moverscore,appropriateness (outputs as a whole),Appropriateness,2,53,124,1532,55,126,1711,0.4856304985337243,1.396426535802985,0.2373228024582967,0.8397045836745559,False
g eval,appropriateness (outputs as a whole),Appropriateness,0,19,126,1566,19,126,1711,0.0,2.9236590866378456,0.0872897166143869,0.7645134058616538,False
usr,appropriateness (outputs as a whole),Appropriateness,1,11,125,1574,12,126,1711,1.1326666666666667,0.0160148119313807,0.8992968561050105,0.921779277507636,False
bartscore,appropriateness (outputs as a whole),Appropriateness,4,60,122,1525,64,126,1711,0.84375,0.1268260721880363,0.7217458447891442,0.8397045836745559,False
qags,appropriateness (outputs as a whole),Appropriateness,0,10,126,1575,10,126,1711,0.0,1.5345367894469384,0.2154328285019402,0.8397045836745559,False
perplexity,appropriateness (outputs as a whole),Appropriateness,17,149,109,1436,166,126,1711,1.4515861611583951,2.0303724007342847,0.1541828237280415,0.8397045836745559,False
ndcg,appropriateness (outputs as a whole),Appropriateness,2,19,124,1566,21,126,1711,1.2980030721966207,0.1340755135467202,0.7142432753358702,0.8397045836745559,False
map,appropriateness (outputs as a whole),Appropriateness,2,10,124,1575,12,126,1711,2.283602150537634,1.1613893844288683,0.2811775806165686,0.8397045836745559,False
precision,appropriateness (outputs as a whole),Appropriateness,11,68,115,1517,79,126,1711,1.97600440286186,4.269735232448532,0.0387969752261206,0.5422736480855835,False
bleurt,appropriateness (outputs as a whole),Appropriateness,5,105,121,1480,110,126,1711,0.6014274981217129,1.5568579064117216,0.2121258768587716,0.8397045836745559,False
ter,appropriateness (outputs as a whole),Appropriateness,3,47,123,1538,50,126,1711,0.8102439024390243,0.1490517381769571,0.6994432031627895,0.8397045836745559,False
feqa,appropriateness (outputs as a whole),Appropriateness,0,10,126,1575,10,126,1711,0.0,1.5345367894469384,0.2154328285019402,0.8397045836745559,False
sari,appropriateness (outputs as a whole),Appropriateness,1,24,125,1561,25,126,1711,0.53952,0.4977246578893712,0.4805015974736769,0.8397045836745559,False
cosine similarity,appropriateness (outputs as a whole),Appropriateness,2,22,124,1563,24,126,1711,1.1337365591397848,0.032266571028476,0.8574438507282053,0.8897234515623262,False
accuracy,appropriateness (outputs as a whole),Appropriateness,11,175,115,1410,186,126,1711,0.78424497428705,0.6813324102983165,0.4091282907249249,0.8397045836745559,False
summac,appropriateness (outputs as a whole),Appropriateness,0,15,126,1570,15,126,1711,0.0,2.305325381529432,0.1289312788855443,0.8397045836745559,False
clip,appropriateness (outputs as a whole),Appropriateness,1,12,125,1573,13,126,1711,1.044923076923077,0.0020408531555939,0.963967181149442,0.9736142738014378,False
cider,appropriateness (outputs as a whole),Appropriateness,10,66,116,1519,76,126,1711,1.8545825771324864,3.2586619131905277,0.0710470793314811,0.7007812876122272,False
exact match,appropriateness (outputs as a whole),Appropriateness,3,64,123,1521,67,126,1711,0.5984710593374589,0.9755723524569198,0.3232943711374685,0.8397045836745559,False
chrf++,appropriateness (outputs as a whole),Appropriateness,4,19,122,1566,23,126,1711,2.406272273699216,2.5679242103106716,0.1090507435786577,0.8397045836745559,False
blanc,appropriateness (outputs as a whole),Appropriateness,0,13,126,1572,13,126,1711,0.0,1.996726834991977,0.1576393032357913,0.8397045836745559,False
diversity,appropriateness (outputs as a whole),Appropriateness,0,10,126,1575,10,126,1711,0.0,1.5345367894469384,0.2154328285019402,0.8397045836745559,False
coherence,appropriateness (outputs as a whole),Appropriateness,2,8,124,1577,10,126,1711,2.7435483870967743,1.6638568502224702,0.1970833832591265,0.8397045836745559,False
clipscore,appropriateness (outputs as a whole),Appropriateness,2,13,124,1572,15,126,1711,1.8236559139784947,0.6497493658824729,0.4202023020300045,0.8397045836745559,False
hits,appropriateness (outputs as a whole),Appropriateness,3,13,123,1572,16,126,1711,2.5838414634146343,2.226490342753185,0.1356616955474497,0.8397045836745559,False
win rate,appropriateness (outputs as a whole),Appropriateness,1,13,125,1572,14,126,1711,0.9697142857142858,0.001022363513225,0.9744924506101192,0.9809222765079608,False
balanced accuracy,appropriateness (outputs as a whole),Appropriateness,0,10,126,1575,10,126,1711,0.0,1.5345367894469384,0.2154328285019402,0.8397045836745559,False
ibleu,appropriateness (outputs as a whole),Appropriateness,0,12,126,1573,12,126,1711,0.0,1.842569232125303,0.1746501158502239,0.8397045836745559,False
self bleu,appropriateness (outputs as a whole),Appropriateness,1,29,125,1556,30,126,1711,0.4482666666666667,0.8977592912363792,0.3433832388435417,0.8397045836745559,False
spearman,appropriateness (outputs as a whole),Appropriateness,0,12,126,1573,12,126,1711,0.0,1.842569232125303,0.1746501158502239,0.8397045836745559,False
kendall,appropriateness (outputs as a whole),Appropriateness,1,10,125,1575,11,126,1711,1.2363636363636363,0.0452916016429517,0.831468739165313,0.8677115699848001,False
coverage,appropriateness (outputs as a whole),Appropriateness,0,22,126,1563,22,126,1711,0.0,3.388407572795527,0.0656563309533091,0.6750870392691347,False
density,appropriateness (outputs as a whole),Appropriateness,1,9,125,1576,10,126,1711,1.3608,0.0929269842432015,0.7604885663195095,0.8397045836745559,False
ppl,appropriateness (outputs as a whole),Appropriateness,1,18,125,1567,19,126,1711,0.712421052631579,0.1369531232030885,0.7113290072160474,0.8397045836745559,False
kendall s tau,appropriateness (outputs as a whole),Appropriateness,0,11,126,1574,11,126,1711,0.0,1.6885059220565732,0.1937980386594427,0.8397045836745559,False
success rate,appropriateness (outputs as a whole),Appropriateness,3,22,123,1563,25,126,1711,1.6448780487804875,0.6824886253590856,0.4087310899668229,0.8397045836745559,False
supert,appropriateness (outputs as a whole),Appropriateness,0,10,126,1575,10,126,1711,0.0,1.5345367894469384,0.2154328285019402,0.8397045836745559,False
summaqa,appropriateness (outputs as a whole),Appropriateness,0,10,126,1575,10,126,1711,0.0,1.5345367894469384,0.2154328285019402,0.8397045836745559,False
spice,appropriateness (outputs as a whole),Appropriateness,4,20,122,1565,24,126,1711,2.304644808743169,2.3447697888845846,0.1257041306897577,0.8397045836745559,False
length,appropriateness (outputs as a whole),Appropriateness,0,16,126,1569,16,126,1711,0.0,2.4597665569380975,0.1167961391929027,0.8397045836745559,False
parent,appropriateness (outputs as a whole),Appropriateness,0,17,126,1568,17,126,1711,0.0,2.61430248862069,0.1059040825812435,0.8280462237579947,False
consistency,appropriateness (outputs as a whole),Appropriateness,1,13,125,1572,14,126,1711,0.9697142857142858,0.001022363513225,0.9744924506101192,0.9809222765079608,False
mrr,appropriateness (outputs as a whole),Appropriateness,2,24,124,1561,26,126,1711,1.0452853598014888,0.0041136309103808,0.9488606681051912,0.9608715626381684,False
embedding,appropriateness (outputs as a whole),Appropriateness,4,22,122,1563,26,126,1711,2.1248423707440103,1.9473595819165772,0.1628716652766821,0.8397045836745559,False
vector extrema,appropriateness (outputs as a whole),Appropriateness,2,14,124,1571,16,126,1711,1.7086693548387095,0.5252324379140321,0.4686181673356524,0.8397045836745559,False
greedy matching,appropriateness (outputs as a whole),Appropriateness,2,12,124,1573,14,126,1711,1.955069124423963,0.7949252745875339,0.3726149733373739,0.8397045836745559,False
dist,appropriateness (outputs as a whole),Appropriateness,6,17,120,1568,23,126,1711,3.669565217391305,7.663811492375261,0.0056339359962096,0.1997763250547858,False
ruber,appropriateness (outputs as a whole),Appropriateness,6,5,120,1580,11,126,1711,7.727272727272727,17.144628197194766,3.4638764211442455e-05,0.0048346870899375,True
bert,appropriateness (outputs as a whole),Appropriateness,0,10,126,1575,10,126,1711,0.0,1.5345367894469384,0.2154328285019402,0.8397045836745559,False
xcomet,appropriateness (outputs as a whole),Appropriateness,0,13,126,1572,13,126,1711,0.0,1.996726834991977,0.1576393032357913,0.8397045836745559,False
auroc,appropriateness (outputs as a whole),Appropriateness,0,10,126,1575,10,126,1711,0.0,1.5345367894469384,0.2154328285019402,0.8397045836745559,False
entailment,appropriateness (outputs as a whole),Appropriateness,0,11,126,1574,11,126,1711,0.0,1.6885059220565732,0.1937980386594427,0.8397045836745559,False
sacrebleu,appropriateness (outputs as a whole),Appropriateness,0,18,126,1567,18,126,1711,0.0,2.7689332929812505,0.0961101900509877,0.8010858284512915,False
gleu,appropriateness (outputs as a whole),Appropriateness,0,14,126,1571,14,126,1711,0.0,2.1509788462059554,0.1424790274246689,0.8397045836745559,False
entropy,appropriateness (outputs as a whole),Appropriateness,1,17,125,1568,18,126,1711,0.7524444444444445,0.094671991531702,0.758319645077555,0.8397045836745559,False
maude,appropriateness (outputs as a whole),Appropriateness,3,7,123,1578,10,126,1711,4.148780487804878,4.549335586797848,0.0329315228730921,0.5059269087763109,False
nist,appropriateness (outputs as a whole),Appropriateness,3,13,123,1572,16,126,1711,2.5838414634146343,2.226490342753185,0.1356616955474497,0.8397045836745559,False
auc,appropriateness (outputs as a whole),Appropriateness,0,12,126,1573,12,126,1711,0.0,1.842569232125303,0.1746501158502239,0.8397045836745559,False
prism,appropriateness (outputs as a whole),Appropriateness,0,11,126,1574,11,126,1711,0.0,1.6885059220565732,0.1937980386594427,0.8397045836745559,False
bleu,complete target output matching,Complete Output Match,10,732,20,949,742,30,1711,0.6529649595687332,1.2835141379373525,0.2572466618940087,0.8397045836745559,False
comet,complete target output matching,Complete Output Match,2,68,28,1613,70,30,1711,1.674489795918367,0.4378762229280122,0.5081492972550197,0.8397045836745559,False
rouge,complete target output matching,Complete Output Match,6,659,24,1022,665,30,1711,0.3932330827067669,5.017550614723191,0.0250916385339202,0.4443409476828813,False
roc auc,complete target output matching,Complete Output Match,0,11,30,1670,11,30,1711,0.0,0.3904286607498184,0.5320741655213197,0.8397045836745559,False
bertscore,complete target output matching,Complete Output Match,3,359,27,1322,362,30,1711,0.4140577041129527,2.6905978283882916,0.1009419353368397,0.8134039803883839,False
distinct,complete target output matching,Complete Output Match,2,123,28,1558,125,30,1711,0.9062857142857144,0.018920023838541,0.8905960126945346,0.914718935850344,False
f1,complete target output matching,Complete Output Match,8,227,22,1454,235,30,1711,2.28394584139265,3.5456432452786757,0.0597020144751354,0.6527157366493639,False
recall,complete target output matching,Complete Output Match,4,108,26,1573,112,30,1711,2.196428571428571,1.811137972753706,0.1783717796289032,0.8397045836745559,False
meteor,complete target output matching,Complete Output Match,5,253,25,1428,258,30,1711,1.1263565891472869,0.0584994697276436,0.8088835030917785,0.8484611097349004,False
knowledge f1,complete target output matching,Complete Output Match,2,11,28,1670,13,30,1711,9.32967032967033,5.510820016370953,0.0188991841194663,0.3849245055194154,False
acc,complete target output matching,Complete Output Match,0,11,30,1670,11,30,1711,0.0,0.3904286607498184,0.5320741655213197,0.8397045836745559,False
dae,complete target output matching,Complete Output Match,0,17,30,1664,17,30,1711,0.0,0.6044654775454993,0.4368792984400553,0.8397045836745559,False
mauve,complete target output matching,Complete Output Match,0,10,30,1671,10,30,1711,0.0,0.3548299744045893,0.5513916508527634,0.8397045836745559,False
factcc,complete target output matching,Complete Output Match,0,33,30,1648,33,30,1711,0.0,1.1789915833985452,0.2775613847631851,0.8397045836745559,False
comet qe,complete target output matching,Complete Output Match,1,9,29,1672,10,30,1711,5.865517241379311,1.9274391279555296,0.165038889670132,0.8397045836745559,False
unieval,complete target output matching,Complete Output Match,0,22,30,1659,22,30,1711,0.0,0.7834146144665878,0.3760988595150814,0.8397045836745559,False
chrf,complete target output matching,Complete Output Match,1,59,29,1622,60,30,1711,0.9488505747126436,0.0027563556285696,0.9581294937884556,0.9683145092054026,False
questeval,complete target output matching,Complete Output Match,0,27,30,1654,27,30,1711,0.0,0.9628990759381032,0.3264575369456233,0.8397045836745559,False
qafacteval,complete target output matching,Complete Output Match,0,12,30,1669,12,30,1711,0.0,0.4260484813006051,0.5139342957777726,0.8397045836745559,False
spearman correlation,complete target output matching,Complete Output Match,0,25,30,1656,25,30,1711,0.0,0.8910408474472898,0.3451954039380659,0.8397045836745559,False
pearson correlation,complete target output matching,Complete Output Match,0,33,30,1648,33,30,1711,0.0,1.1789915833985452,0.2775613847631851,0.8397045836745559,False
moverscore,complete target output matching,Complete Output Match,1,54,29,1627,55,30,1711,1.038244514106583,0.0013701844060441,0.9704722467119934,0.9789786157820508,False
g eval,complete target output matching,Complete Output Match,0,19,30,1662,19,30,1711,0.0,0.6759810977741907,0.410974063375546,0.8397045836745559,False
usr,complete target output matching,Complete Output Match,0,12,30,1669,12,30,1711,0.0,0.4260484813006051,0.5139342957777726,0.8397045836745559,False
bartscore,complete target output matching,Complete Output Match,1,63,29,1618,64,30,1711,0.8873922413793103,0.0145695222166671,0.9039252720966476,0.925655601772402,False
qags,complete target output matching,Complete Output Match,0,10,30,1671,10,30,1711,0.0,0.3548299744045893,0.5513916508527634,0.8397045836745559,False
perplexity,complete target output matching,Complete Output Match,0,166,30,1515,166,30,1711,0.0,6.180467072629459,0.0129168175505197,0.314997483759886,False
ndcg,complete target output matching,Complete Output Match,2,19,28,1662,21,30,1711,5.748299319727891,3.731219476488683,0.0534043903710938,0.6283670908302448,False
map,complete target output matching,Complete Output Match,1,11,29,1670,12,30,1711,4.882183908045977,1.6138590163078774,0.2039501906476021,0.8397045836745559,False
precision,complete target output matching,Complete Output Match,4,75,26,1606,79,30,1711,3.1781888997078873,3.594108251360816,0.0579847301792858,0.645806162947564,False
bleurt,complete target output matching,Complete Output Match,2,108,28,1573,110,30,1711,1.0396103896103897,0.002835722003746,0.9575315245850612,0.9679781618876296,False
ter,complete target output matching,Complete Output Match,0,50,30,1631,50,30,1711,0.0,1.7955143537018383,0.1802557350056569,0.8397045836745559,False
feqa,complete target output matching,Complete Output Match,0,10,30,1671,10,30,1711,0.0,0.3548299744045893,0.5513916508527634,0.8397045836745559,False
sari,complete target output matching,Complete Output Match,0,25,30,1656,25,30,1711,0.0,0.8910408474472898,0.3451954039380659,0.8397045836745559,False
cosine similarity,complete target output matching,Complete Output Match,0,24,30,1657,24,30,1711,0.0,0.8551439808524764,0.3551011917375245,0.8397045836745559,False
accuracy,complete target output matching,Complete Output Match,4,182,26,1499,186,30,1711,1.261373035566584,0.1799259152862709,0.6714369154970472,0.8397045836745559,False
summac,complete target output matching,Complete Output Match,0,15,30,1666,15,30,1711,0.0,0.5330349995082749,0.4653336701566236,0.8397045836745559,False
clip,complete target output matching,Complete Output Match,0,13,30,1668,13,30,1711,0.0,0.4616894611673068,0.4968354579996864,0.8397045836745559,False
cider,complete target output matching,Complete Output Match,1,75,29,1606,76,30,1711,0.7418330308529946,0.0963039477467644,0.7563109522981404,0.8397045836745559,False
exact match,complete target output matching,Complete Output Match,5,62,25,1619,67,30,1711,4.907462686567164,7.60080033690696,0.0058342397307997,0.2025005959473355,False
chrf++,complete target output matching,Complete Output Match,0,23,30,1658,23,30,1711,0.0,0.8192685784105171,0.365394103115262,0.8397045836745559,False
blanc,complete target output matching,Complete Output Match,0,13,30,1668,13,30,1711,0.0,0.4616894611673068,0.4968354579996864,0.8397045836745559,False
diversity,complete target output matching,Complete Output Match,0,10,30,1671,10,30,1711,0.0,0.3548299744045893,0.5513916508527634,0.8397045836745559,False
coherence,complete target output matching,Complete Output Match,0,10,30,1671,10,30,1711,0.0,0.3548299744045893,0.5513916508527634,0.8397045836745559,False
clipscore,complete target output matching,Complete Output Match,0,15,30,1666,15,30,1711,0.0,0.5330349995082749,0.4653336701566236,0.8397045836745559,False
hits,complete target output matching,Complete Output Match,0,16,30,1665,16,30,1711,0.0,0.568739608426082,0.450760197513926,0.8397045836745559,False
win rate,complete target output matching,Complete Output Match,0,14,30,1667,14,30,1711,0.0,0.497351625503683,0.480666112052421,0.8397045836745559,False
balanced accuracy,complete target output matching,Complete Output Match,0,10,30,1671,10,30,1711,0.0,0.3548299744045893,0.5513916508527634,0.8397045836745559,False
ibleu,complete target output matching,Complete Output Match,0,12,30,1669,12,30,1711,0.0,0.4260484813006051,0.5139342957777726,0.8397045836745559,False
self bleu,complete target output matching,Complete Output Match,0,30,30,1651,30,30,1711,0.0,1.0708480438176708,0.3007539713529696,0.8397045836745559,False
spearman,complete target output matching,Complete Output Match,0,12,30,1669,12,30,1711,0.0,0.4260484813006051,0.5139342957777726,0.8397045836745559,False
kendall,complete target output matching,Complete Output Match,0,11,30,1670,11,30,1711,0.0,0.3904286607498184,0.5320741655213197,0.8397045836745559,False
coverage,complete target output matching,Complete Output Match,0,22,30,1659,22,30,1711,0.0,0.7834146144665878,0.3760988595150814,0.8397045836745559,False
density,complete target output matching,Complete Output Match,0,10,30,1671,10,30,1711,0.0,0.3548299744045893,0.5513916508527634,0.8397045836745559,False
ppl,complete target output matching,Complete Output Match,0,19,30,1662,19,30,1711,0.0,0.6759810977741907,0.410974063375546,0.8397045836745559,False
kendall s tau,complete target output matching,Complete Output Match,0,11,30,1670,11,30,1711,0.0,0.3904286607498184,0.5320741655213197,0.8397045836745559,False
success rate,complete target output matching,Complete Output Match,1,24,29,1657,25,30,1711,2.3255172413793104,0.5500731133354317,0.4582878216058941,0.8397045836745559,False
supert,complete target output matching,Complete Output Match,0,10,30,1671,10,30,1711,0.0,0.3548299744045893,0.5513916508527634,0.8397045836745559,False
summaqa,complete target output matching,Complete Output Match,0,10,30,1671,10,30,1711,0.0,0.3548299744045893,0.5513916508527634,0.8397045836745559,False
spice,complete target output matching,Complete Output Match,0,24,30,1657,24,30,1711,0.0,0.8551439808524764,0.3551011917375245,0.8397045836745559,False
length,complete target output matching,Complete Output Match,0,16,30,1665,16,30,1711,0.0,0.568739608426082,0.450760197513926,0.8397045836745559,False
parent,complete target output matching,Complete Output Match,0,17,30,1664,17,30,1711,0.0,0.6044654775454993,0.4368792984400553,0.8397045836745559,False
consistency,complete target output matching,Complete Output Match,0,14,30,1667,14,30,1711,0.0,0.497351625503683,0.480666112052421,0.8397045836745559,False
mrr,complete target output matching,Complete Output Match,0,26,30,1655,26,30,1711,0.0,0.9269592038936368,0.3356543225835153,0.8397045836745559,False
embedding,complete target output matching,Complete Output Match,0,26,30,1655,26,30,1711,0.0,0.9269592038936368,0.3356543225835153,0.8397045836745559,False
vector extrema,complete target output matching,Complete Output Match,0,16,30,1665,16,30,1711,0.0,0.568739608426082,0.450760197513926,0.8397045836745559,False
greedy matching,complete target output matching,Complete Output Match,0,14,30,1667,14,30,1711,0.0,0.497351625503683,0.480666112052421,0.8397045836745559,False
dist,complete target output matching,Complete Output Match,1,22,29,1659,23,30,1711,2.530734632683658,0.6510555193996495,0.4197355564666213,0.8397045836745559,False
ruber,complete target output matching,Complete Output Match,0,11,30,1670,11,30,1711,0.0,0.3904286607498184,0.5320741655213197,0.8397045836745559,False
bert,complete target output matching,Complete Output Match,0,10,30,1671,10,30,1711,0.0,0.3548299744045893,0.5513916508527634,0.8397045836745559,False
xcomet,complete target output matching,Complete Output Match,0,13,30,1668,13,30,1711,0.0,0.4616894611673068,0.4968354579996864,0.8397045836745559,False
auroc,complete target output matching,Complete Output Match,0,10,30,1671,10,30,1711,0.0,0.3548299744045893,0.5513916508527634,0.8397045836745559,False
entailment,complete target output matching,Complete Output Match,0,11,30,1670,11,30,1711,0.0,0.3904286607498184,0.5320741655213197,0.8397045836745559,False
sacrebleu,complete target output matching,Complete Output Match,0,18,30,1663,18,30,1711,0.0,0.6402126322015278,0.4236338104627135,0.8397045836745559,False
gleu,complete target output matching,Complete Output Match,1,13,29,1668,14,30,1711,4.179802955665025,1.361906455372365,0.2432073493501621,0.8397045836745559,False
entropy,complete target output matching,Complete Output Match,1,17,29,1664,18,30,1711,3.2432950191570877,0.980756446139656,0.3220121231337128,0.8397045836745559,False
maude,complete target output matching,Complete Output Match,0,10,30,1671,10,30,1711,0.0,0.3548299744045893,0.5513916508527634,0.8397045836745559,False
nist,complete target output matching,Complete Output Match,0,16,30,1665,16,30,1711,0.0,0.568739608426082,0.450760197513926,0.8397045836745559,False
auc,complete target output matching,Complete Output Match,0,12,30,1669,12,30,1711,0.0,0.4260484813006051,0.5139342957777726,0.8397045836745559,False
prism,complete target output matching,Complete Output Match,0,11,30,1670,11,30,1711,0.0,0.3904286607498184,0.5320741655213197,0.8397045836745559,False
bleu,fluency,Fluency,328,414,178,791,742,506,1711,2.4064326599836456,134.88956289658242,3.490538554203956e-31,2.289793291557795e-27,True
comet,fluency,Fluency,24,46,482,1159,70,506,1711,1.1672791938352105,0.7574295569432161,0.3841341352018032,0.8397045836745559,False
rouge,fluency,Fluency,239,426,267,779,665,506,1711,1.4079806257216072,20.937180531125037,4.745931128753311e-06,0.0010735623518835,True
roc auc,fluency,Fluency,1,10,505,1195,11,506,1711,0.306030603060306,2.7608923711057995,0.0965943430342944,0.8010858284512915,False
bertscore,fluency,Fluency,141,221,365,984,362,506,1711,1.4395595247105124,18.684328522670818,1.5424501095529166e-05,0.0027347223563965,True
distinct,fluency,Fluency,73,52,433,1153,125,506,1711,2.1390854503464203,48.583654504790786,3.1649614206155327e-12,2.595268364904736e-09,True
f1,fluency,Fluency,65,170,441,1035,235,506,1711,0.9257490230134608,0.4843110057442921,0.4864760699453258,0.8397045836745559,False
recall,fluency,Fluency,20,92,486,1113,112,506,1711,0.5875220458553791,8.650931938249517,0.003268941120551,0.1392484009793191,False
meteor,fluency,Fluency,107,151,399,1054,258,506,1711,1.5102776320646578,19.63259602333664,9.385429522013105e-06,0.0017590976475544,True
knowledge f1,fluency,Fluency,7,6,499,1199,13,506,1711,1.8322799445043936,3.346695106106925,0.0673400862393095,0.685992326577204,False
acc,fluency,Fluency,6,5,500,1200,11,506,1711,1.8545454545454545,2.9886741491904623,0.0838487948686257,0.7565998546605021,False
dae,fluency,Fluency,4,13,502,1192,17,506,1711,0.7940004687133818,0.3147074375028023,0.5748057776589397,0.8397045836745559,False
mauve,fluency,Fluency,7,3,499,1202,10,506,1711,2.3861723446893786,6.988660138454035,0.0082027735381155,0.2456276349733291,False
factcc,fluency,Fluency,10,23,496,1182,33,506,1711,1.025171065493646,0.0085624370790423,0.9262742257908436,0.94324106196646,False
comet qe,fluency,Fluency,5,5,501,1200,10,506,1711,1.6976047904191618,1.8377934692444071,0.1752097864746718,0.8397045836745559,False
unieval,fluency,Fluency,10,12,496,1193,22,506,1711,1.5478372434017595,2.498636228544866,0.1139449306971396,0.8397045836745559,False
chrf,fluency,Fluency,26,34,480,1171,60,506,1711,1.4904861111111114,5.283182913324605,0.0215323503690556,0.415447701238251,False
questeval,fluency,Fluency,8,19,498,1186,27,506,1711,1.0019336605681988,4.170577605603146e-05,0.9948472965778492,0.99530246538824,False
qafacteval,fluency,Fluency,0,12,506,1193,12,506,1711,0.0,8.44990426482854,0.0036506265678396,0.1478278412656059,False
spearman correlation,fluency,Fluency,5,20,501,1185,25,506,1711,0.6730538922155689,1.203079100322416,0.2727071327470782,0.8397045836745559,False
pearson correlation,fluency,Fluency,9,24,497,1181,33,506,1711,0.920797512346808,0.0868393885745451,0.768234342247135,0.8397045836745559,False
moverscore,fluency,Fluency,27,28,479,1177,55,506,1711,1.6971721389257923,9.52905969181304,0.002022437138522,0.0990088629007788,False
g eval,fluency,Fluency,9,10,497,1195,19,506,1711,1.6126231070634331,2.686852156663594,0.1011795195117258,0.8134039803883839,False
usr,fluency,Fluency,5,7,501,1198,12,506,1711,1.413007318695941,0.7966604297689477,0.3720937255068418,0.8397045836745559,False
bartscore,fluency,Fluency,29,35,477,1170,64,506,1711,1.564563679245283,7.340575170093977,0.0067415265545409,0.2244894121715146,False
qags,fluency,Fluency,3,7,503,1198,10,506,1711,1.0145129224652087,0.0008767162740434,0.976378572449585,0.9814662416323852,False
perplexity,fluency,Fluency,86,80,420,1125,166,506,1711,1.905765920826162,40.03789640485783,2.490833301201244e-10,1.8155407173200178e-07,True
ndcg,fluency,Fluency,1,20,505,1185,21,506,1711,0.1593587930221593,8.49685358661585,0.0035576115740457,0.1449560989176406,False
map,fluency,Fluency,2,10,504,1195,12,506,1711,0.5618386243386243,1.0784608572442855,0.2990421280284067,0.8397045836745559,False
precision,fluency,Fluency,8,71,498,1134,79,506,1711,0.331859081897209,18.166752909010757,2.0238120464102396e-05,0.0032981863590441,True
bleurt,fluency,Fluency,47,63,459,1142,110,506,1711,1.4903347197464845,9.170103946600085,0.0024600059667372,0.1149435204223374,False
ter,fluency,Fluency,32,18,474,1187,50,506,1711,2.242700421940929,26.113135417059212,3.219861023205792e-07,0.0001242487547778,True
feqa,fluency,Fluency,2,8,504,1197,10,506,1711,0.675,0.4772987817520946,0.4896484118275918,0.8397045836745559,False
sari,fluency,Fluency,13,12,493,1193,25,506,1711,1.7783367139959432,5.562440408340686,0.0183498175615096,0.3821422323920733,False
cosine similarity,fluency,Fluency,2,22,504,1183,24,506,1711,0.2789351851851852,6.605201953520453,0.0101681270762757,0.2722567902872213,False
accuracy,fluency,Fluency,28,158,478,1047,186,506,1711,0.4802717415755613,23.690141894657287,1.131607066325904e-06,0.0002969336942039,True
summac,fluency,Fluency,3,12,503,1193,15,506,1711,0.6743538767395626,0.7179037358605815,0.3968323837778361,0.8397045836745559,False
clip,fluency,Fluency,3,10,503,1195,13,506,1711,0.7790181985012999,0.2784566186385488,0.5977145923203181,0.8397045836745559,False
cider,fluency,Fluency,27,49,479,1156,76,506,1711,1.2126414679705528,1.3089931683235676,0.2525770286363455,0.8397045836745559,False
exact match,fluency,Fluency,8,59,498,1146,67,506,1711,0.3941737097644308,12.260775955185585,0.0004625791177776,0.036560470031583,True
chrf++,fluency,Fluency,12,11,494,1194,23,506,1711,1.782784720999824,5.188018539269947,0.0227431326372184,0.4250568378921743,False
blanc,fluency,Fluency,9,4,497,1201,13,506,1711,2.3652685342826185,8.761145929781183,0.0030771564415826,0.1345743083785477,False
diversity,fluency,Fluency,2,8,504,1197,10,506,1711,0.675,0.4772987817520946,0.4896484118275918,0.8397045836745559,False
coherence,fluency,Fluency,3,7,503,1198,10,506,1711,1.0145129224652087,0.0008767162740434,0.976378572449585,0.9814662416323852,False
clipscore,fluency,Fluency,3,12,503,1193,15,506,1711,0.6743538767395626,0.7179037358605815,0.3968323837778361,0.8397045836745559,False
hits,fluency,Fluency,5,11,501,1194,16,506,1711,1.0572604790419162,0.0215713501336183,0.8832331450138795,0.9085791800675944,False
win rate,fluency,Fluency,0,14,506,1191,14,506,1711,0.0,9.865178579785969,0.001684363269699,0.0883953843938041,False
balanced accuracy,fluency,Fluency,1,9,505,1196,10,506,1711,0.3368316831683168,2.256511380373336,0.1330534965026488,0.8397045836745559,False
ibleu,fluency,Fluency,7,5,499,1200,12,506,1711,1.9861389445557784,4.295202859124447,0.0382200362608069,0.539179324671988,False
self bleu,fluency,Fluency,14,16,492,1189,30,506,1711,1.5944444444444446,3.951315542026105,0.0468347404392878,0.5957148082124986,False
spearman,fluency,Fluency,3,9,503,1196,12,506,1711,0.8444333996023857,0.125358819072108,0.7232935631952702,0.8397045836745559,False
kendall,fluency,Fluency,3,8,503,1197,11,506,1711,0.9217422736309416,0.0285777343123996,0.8657577042748341,0.8959410853514611,False
coverage,fluency,Fluency,2,20,504,1185,22,506,1711,0.3046536796536797,5.550757176413798,0.0184726942070067,0.3824115843063687,False
density,fluency,Fluency,1,9,505,1196,10,506,1711,0.3368316831683168,2.256511380373336,0.1330534965026488,0.8397045836745559,False
ppl,fluency,Fluency,11,8,495,1197,19,506,1711,1.9789473684210528,6.630518848104392,0.0100246060452378,0.2722567902872213,False
kendall s tau,fluency,Fluency,1,10,505,1195,11,506,1711,0.306030603060306,2.7608923711057995,0.0965943430342944,0.8010858284512915,False
success rate,fluency,Fluency,7,18,499,1187,25,506,1711,0.9460521042084168,0.0304705221123063,0.8614268927266922,0.892867817394075,False
supert,fluency,Fluency,5,5,501,1200,10,506,1711,1.6976047904191618,1.8377934692444071,0.1752097864746718,0.8397045836745559,False
summaqa,fluency,Fluency,6,4,500,1201,10,506,1711,2.0412,3.9902756489158246,0.0457635769437549,0.5909627258878591,False
spice,fluency,Fluency,11,13,495,1192,24,506,1711,1.562037037037037,2.8572878719830346,0.0909607460730401,0.783074139421448,False
length,fluency,Fluency,7,9,499,1196,16,506,1711,1.4860971943887775,1.4514563666527724,0.2282944098701568,0.8397045836745559,False
parent,fluency,Fluency,9,8,497,1197,17,506,1711,1.804473902236951,4.075564450110301,0.043507727533823,0.5770368803960764,False
consistency,fluency,Fluency,5,9,501,1196,14,506,1711,1.2097234103222128,0.2466459800464882,0.6194467106878998,0.8397045836745559,False
mrr,fluency,Fluency,3,23,503,1182,26,506,1711,0.3865269918947852,4.903233870829919,0.0268064507760385,0.4591392091143937,False
embedding,fluency,Fluency,15,11,491,1194,26,506,1711,1.979868400438665,8.988984581549156,0.0027161188476943,0.1237343030616307,False
vector extrema,fluency,Fluency,8,8,498,1197,16,506,1711,1.7018072289156625,2.9519061346076505,0.0857763322641769,0.7597436777465535,False
greedy matching,fluency,Fluency,8,6,498,1199,14,506,1711,1.9472174411933445,4.620712597466416,0.0315881125876346,0.4945537436154739,False
dist,fluency,Fluency,11,12,495,1193,23,506,1711,1.6309178743961352,3.425821667550502,0.06418429613462,0.6651642695783692,False
ruber,fluency,Fluency,5,6,501,1199,11,506,1711,1.54236980584286,1.2405689073926736,0.265361439665463,0.8397045836745559,False
bert,fluency,Fluency,5,5,501,1200,10,506,1711,1.6976047904191618,1.8377934692444071,0.1752097864746718,0.8397045836745559,False
xcomet,fluency,Fluency,5,8,501,1197,13,506,1711,1.3035467526485491,0.4730782566416986,0.4915744247610606,0.8397045836745559,False
auroc,fluency,Fluency,1,9,505,1196,10,506,1711,0.3368316831683168,2.256511380373336,0.1330534965026488,0.8397045836745559,False
entailment,fluency,Fluency,1,10,505,1195,11,506,1711,0.306030603060306,2.7608923711057995,0.0965943430342944,0.8010858284512915,False
sacrebleu,fluency,Fluency,10,8,496,1197,18,506,1711,1.8962813620071688,5.307033018126652,0.021239498039506,0.415447701238251,False
gleu,fluency,Fluency,5,9,501,1196,14,506,1711,1.2097234103222128,0.2466459800464882,0.6194467106878998,0.8397045836745559,False
entropy,fluency,Fluency,7,11,499,1194,18,506,1711,1.3194166109997774,0.720351681489737,0.3960285754823842,0.8397045836745559,False
maude,fluency,Fluency,7,3,499,1202,10,506,1711,2.3861723446893786,6.988660138454035,0.0082027735381155,0.2456276349733291,False
nist,fluency,Fluency,3,13,503,1192,16,506,1711,0.6318339960238568,0.9913458635605346,0.3194136560213861,0.8397045836745559,False
auc,fluency,Fluency,2,10,504,1195,12,506,1711,0.5618386243386243,1.0784608572442855,0.2990421280284067,0.8397045836745559,False
prism,fluency,Fluency,10,1,496,1204,11,506,1711,3.1158357771260996,18.494037372299353,1.7043667796320015e-05,0.0028668323267656,True
bleu,correctness of outputs (outputs as a whole),Correctness,93,649,150,819,742,243,1711,0.809676549865229,3.021366543283765,0.0821741957233582,0.7497395326081082,False
comet,correctness of outputs (outputs as a whole),Correctness,17,53,226,1415,70,243,1711,1.7634007585335016,5.2391655391495,0.0220838642341533,0.4211341551629239,False
rouge,correctness of outputs (outputs as a whole),Correctness,76,589,167,879,665,243,1711,0.7158254918733961,7.03517857468082,0.0079923903880574,0.2456276349733291,False
roc auc,correctness of outputs (outputs as a whole),Correctness,1,10,242,1458,11,243,1711,0.6386175807663411,0.2666158769179498,0.6056109580541662,0.8397045836745559,False
bertscore,correctness of outputs (outputs as a whole),Correctness,52,310,191,1158,362,243,1711,1.014549767145874,0.0099171682490144,0.9206738187367056,0.938703800266209,False
distinct,correctness of outputs (outputs as a whole),Correctness,2,123,241,1345,125,243,1711,0.1052946058091286,26.240079234929855,3.014997011994355e-07,0.0001236148774917,True
f1,correctness of outputs (outputs as a whole),Correctness,30,205,213,1263,235,243,1711,0.8846269103985615,0.472708774086704,0.491743638185282,0.8397045836745559,False
recall,correctness of outputs (outputs as a whole),Correctness,15,97,228,1371,112,243,1711,0.9392622180451128,0.0654068720891958,0.7981456814645715,0.8459317997315188,False
meteor,correctness of outputs (outputs as a whole),Correctness,40,218,203,1250,258,243,1711,1.1097109252682629,0.413994441555837,0.5199490156948574,0.8397045836745559,False
knowledge f1,correctness of outputs (outputs as a whole),Correctness,1,12,242,1456,13,243,1711,0.5397329942784488,0.5323276645112403,0.4656299016491861,0.8397045836745559,False
acc,correctness of outputs (outputs as a whole),Correctness,1,10,242,1458,11,243,1711,0.6386175807663411,0.2666158769179498,0.6056109580541662,0.8397045836745559,False
dae,correctness of outputs (outputs as a whole),Correctness,2,15,241,1453,17,243,1711,0.8269465462533561,0.0880717762401068,0.766642955411053,0.8397045836745559,False
mauve,correctness of outputs (outputs as a whole),Correctness,2,8,241,1460,10,243,1711,1.4116182572614109,0.2514947313281712,0.6160245522206202,0.8397045836745559,False
factcc,correctness of outputs (outputs as a whole),Correctness,3,30,240,1438,33,243,1711,0.6356060606060606,0.8091596714812224,0.3683688107421878,0.8397045836745559,False
comet qe,correctness of outputs (outputs as a whole),Correctness,4,6,239,1462,10,243,1711,2.8468619246861926,4.024271077349745,0.0448499969939278,0.5831536961101547,False
unieval,correctness of outputs (outputs as a whole),Correctness,1,21,242,1447,22,243,1711,0.3172426746806912,2.2229314505820144,0.1359746624524018,0.8397045836745559,False
chrf,correctness of outputs (outputs as a whole),Correctness,13,47,230,1421,60,243,1711,1.555289855072464,2.526162379823088,0.1119722425536284,0.8397045836745559,False
questeval,correctness of outputs (outputs as a whole),Correctness,2,25,241,1443,27,243,1711,0.5175964346088827,1.223497330613327,0.2686753898989057,0.8397045836745559,False
qafacteval,correctness of outputs (outputs as a whole),Correctness,0,12,243,1456,12,243,1711,0.0,3.6902518209539545,0.0547313524130282,0.6332234071066403,False
spearman correlation,correctness of outputs (outputs as a whole),Correctness,2,23,241,1445,25,243,1711,0.559668049792531,0.92644536251572,0.3357883020323569,0.8397045836745559,False
pearson correlation,correctness of outputs (outputs as a whole),Correctness,3,30,240,1438,33,243,1711,0.6356060606060606,0.8091596714812224,0.3683688107421878,0.8397045836745559,False
moverscore,correctness of outputs (outputs as a whole),Correctness,4,51,239,1417,55,243,1711,0.503917839482693,2.639816478762093,0.1042155818841906,0.8216997802407339,False
g eval,correctness of outputs (outputs as a whole),Correctness,2,17,241,1451,19,243,1711,0.739025988207032,0.2306327612831116,0.6310550419828489,0.8397045836745559,False
usr,correctness of outputs (outputs as a whole),Correctness,1,11,242,1457,12,243,1711,0.5850550964187327,0.3917693374524291,0.5313708261697061,0.8397045836745559,False
bartscore,correctness of outputs (outputs as a whole),Correctness,5,59,238,1409,64,243,1711,0.5406381302521008,2.5823024874958396,0.1080643685515362,0.8397045836745559,False
qags,correctness of outputs (outputs as a whole),Correctness,2,8,241,1460,10,243,1711,1.4116182572614109,0.2514947313281712,0.6160245522206202,0.8397045836745559,False
perplexity,correctness of outputs (outputs as a whole),Correctness,10,156,233,1312,166,243,1711,0.3994518847923884,12.21613835152531,0.0004737789383439,0.0369998789944789,True
ndcg,correctness of outputs (outputs as a whole),Correctness,3,18,240,1450,21,243,1711,1.005952380952381,0.0001214379404654,0.9912075791355728,0.9921150013929444,False
map,correctness of outputs (outputs as a whole),Correctness,1,11,242,1457,12,243,1711,0.5850550964187327,0.3917693374524291,0.5313708261697061,0.8397045836745559,False
precision,correctness of outputs (outputs as a whole),Correctness,13,66,230,1402,79,243,1711,1.1676389653274628,0.3317599003018245,0.5646246280313498,0.8397045836745559,False
bleurt,correctness of outputs (outputs as a whole),Correctness,21,89,222,1379,110,243,1711,1.3767813267813267,2.1306908714737514,0.1443756705220723,0.8397045836745559,False
ter,correctness of outputs (outputs as a whole),Correctness,11,39,232,1429,50,243,1711,1.5750862068965517,2.2714503575876455,0.1317765289929537,0.8397045836745559,False
feqa,correctness of outputs (outputs as a whole),Correctness,1,9,242,1459,10,243,1711,0.702892561983471,0.1599229101361765,0.6892275014360367,0.8397045836745559,False
sari,correctness of outputs (outputs as a whole),Correctness,5,20,238,1448,25,243,1711,1.4168067226890757,0.6349231703186926,0.425555192307309,0.8397045836745559,False
cosine similarity,correctness of outputs (outputs as a whole),Correctness,3,21,240,1447,24,243,1711,0.8786458333333333,0.0599114846263255,0.8066358973664415,0.8482552722877735,False
accuracy,correctness of outputs (outputs as a whole),Correctness,38,148,205,1320,186,243,1711,1.5198006818777867,6.061851213870611,0.0138132812516367,0.3290810176453236,False
summac,correctness of outputs (outputs as a whole),Correctness,1,14,242,1454,15,243,1711,0.4672176308539944,0.8507749856851654,0.3563331905113113,0.8397045836745559,False
clip,correctness of outputs (outputs as a whole),Correctness,3,10,240,1458,13,243,1711,1.6326923076923077,0.7353063165461147,0.3911685933766436,0.8397045836745559,False
cider,correctness of outputs (outputs as a whole),Correctness,17,59,226,1409,76,243,1711,1.6182463903120634,3.8371357226533647,0.0501290882212287,0.611239440020931,False
exact match,correctness of outputs (outputs as a whole),Correctness,14,53,229,1415,67,243,1711,1.500097764452845,2.303050247613397,0.1291202128871863,0.8397045836745559,False
chrf++,correctness of outputs (outputs as a whole),Correctness,4,19,239,1449,23,243,1711,1.2283063489175914,0.1838231661786156,0.6681080520702072,0.8397045836745559,False
blanc,correctness of outputs (outputs as a whole),Correctness,1,12,242,1456,13,243,1711,0.5397329942784488,0.5323276645112403,0.4656299016491861,0.8397045836745559,False
diversity,correctness of outputs (outputs as a whole),Correctness,2,8,241,1460,10,243,1711,1.4116182572614109,0.2514947313281712,0.6160245522206202,0.8397045836745559,False
coherence,correctness of outputs (outputs as a whole),Correctness,1,9,242,1459,10,243,1711,0.702892561983471,0.1599229101361765,0.6892275014360367,0.8397045836745559,False
clipscore,correctness of outputs (outputs as a whole),Correctness,3,12,240,1456,15,243,1711,1.4133333333333336,0.3784712312134901,0.5384225451753646,0.8397045836745559,False
hits,correctness of outputs (outputs as a whole),Correctness,1,15,242,1453,16,243,1711,0.4377582644628099,1.0253492045073695,0.3112535144838461,0.8397045836745559,False
win rate,correctness of outputs (outputs as a whole),Correctness,0,14,243,1454,14,243,1711,0.0,4.308032653699938,0.0379328057010274,0.5374496876862642,False
balanced accuracy,correctness of outputs (outputs as a whole),Correctness,0,10,243,1458,10,243,1711,0.0,3.0732568421947355,0.0795898739662334,0.7338958237698162,False
ibleu,correctness of outputs (outputs as a whole),Correctness,0,12,243,1456,12,243,1711,0.0,3.6902518209539545,0.0547313524130282,0.6332234071066403,False
self bleu,correctness of outputs (outputs as a whole),Correctness,1,29,242,1439,30,243,1711,0.2315426997245179,4.070838260763357,0.0436296177860448,0.5770368803960764,False
spearman,correctness of outputs (outputs as a whole),Correctness,2,10,241,1458,12,243,1711,1.1749654218533885,0.0575821978896502,0.8103590105949019,0.8494655016782608,False
kendall,correctness of outputs (outputs as a whole),Correctness,2,9,241,1459,11,243,1711,1.2825348924933988,0.1341351534287628,0.7141825173713157,0.8397045836745559,False
coverage,correctness of outputs (outputs as a whole),Correctness,5,17,238,1451,22,243,1711,1.612872421695951,1.1606320946347777,0.2813344881463357,0.8397045836745559,False
density,correctness of outputs (outputs as a whole),Correctness,0,10,243,1458,10,243,1711,0.0,3.0732568421947355,0.0795898739662334,0.7338958237698162,False
ppl,correctness of outputs (outputs as a whole),Correctness,1,18,242,1450,19,243,1711,0.3679860809047411,1.5965839752196471,0.2063879838206306,0.8397045836745559,False
kendall s tau,correctness of outputs (outputs as a whole),Correctness,3,8,240,1460,11,243,1711,1.9318181818181817,1.2805020411504078,0.2578057101105174,0.8397045836745559,False
success rate,correctness of outputs (outputs as a whole),Correctness,1,24,242,1444,25,243,1711,0.2786776859504132,2.8904070817021266,0.0891084076262157,0.773215812206317,False
supert,correctness of outputs (outputs as a whole),Correctness,1,9,242,1459,10,243,1711,0.702892561983471,0.1599229101361765,0.6892275014360367,0.8397045836745559,False
summaqa,correctness of outputs (outputs as a whole),Correctness,0,10,243,1458,10,243,1711,0.0,3.0732568421947355,0.0795898739662334,0.7338958237698162,False
spice,correctness of outputs (outputs as a whole),Correctness,13,11,230,1457,24,243,1711,3.973007246376812,21.464377945624292,3.60463007409318e-06,0.000875791603187,True
length,correctness of outputs (outputs as a whole),Correctness,1,15,242,1453,16,243,1711,0.4377582644628099,1.0253492045073695,0.3112535144838461,0.8397045836745559,False
parent,correctness of outputs (outputs as a whole),Correctness,3,14,240,1454,17,243,1711,1.2455882352941177,0.1572766443829225,0.6916763218738433,0.8397045836745559,False
consistency,correctness of outputs (outputs as a whole),Correctness,0,14,243,1454,14,243,1711,0.0,4.308032653699938,0.0379328057010274,0.5374496876862642,False
mrr,correctness of outputs (outputs as a whole),Correctness,4,22,239,1446,26,243,1711,1.0846475700032188,0.0296288143640188,0.863335151259918,0.8947043589676242,False
embedding,correctness of outputs (outputs as a whole),Correctness,2,24,241,1444,26,243,1711,0.5378231726779445,1.071664592908823,0.3005697562089276,0.8397045836745559,False
vector extrema,correctness of outputs (outputs as a whole),Correctness,3,13,240,1455,16,243,1711,1.32421875,0.2533182588025295,0.6147482204427406,0.8397045836745559,False
greedy matching,correctness of outputs (outputs as a whole),Correctness,3,11,240,1457,14,243,1711,1.5151785714285713,0.5372464157266394,0.4635761467029035,0.8397045836745559,False
dist,correctness of outputs (outputs as a whole),Correctness,1,22,242,1446,23,243,1711,0.3032698526769672,2.441378470406427,0.1181723384139079,0.8397045836745559,False
ruber,correctness of outputs (outputs as a whole),Correctness,1,10,242,1458,11,243,1711,0.6386175807663411,0.2666158769179498,0.6056109580541662,0.8397045836745559,False
bert,correctness of outputs (outputs as a whole),Correctness,2,8,241,1460,10,243,1711,1.4116182572614109,0.2514947313281712,0.6160245522206202,0.8397045836745559,False
xcomet,correctness of outputs (outputs as a whole),Correctness,8,5,235,1463,13,243,1711,4.446481178396072,15.621219294309746,7.738135088112851e-05,0.0089056431891263,True
auroc,correctness of outputs (outputs as a whole),Correctness,4,6,239,1462,10,243,1711,2.8468619246861926,4.024271077349745,0.0448499969939278,0.5831536961101547,False
entailment,correctness of outputs (outputs as a whole),Correctness,1,10,242,1458,11,243,1711,0.6386175807663411,0.2666158769179498,0.6056109580541662,0.8397045836745559,False
sacrebleu,correctness of outputs (outputs as a whole),Correctness,4,14,239,1454,18,243,1711,1.5741515574151557,0.8438281495479383,0.3583042083911654,0.8397045836745559,False
gleu,correctness of outputs (outputs as a whole),Correctness,2,12,241,1456,14,243,1711,1.00592768227623,8.062412894308327e-05,0.9928358158004486,0.9934415728570688,False
entropy,correctness of outputs (outputs as a whole),Correctness,1,17,242,1451,18,243,1711,0.3886593204775023,1.3991554999647025,0.2368650186306272,0.8397045836745559,False
maude,correctness of outputs (outputs as a whole),Correctness,1,9,242,1459,10,243,1711,0.702892561983471,0.1599229101361765,0.6892275014360367,0.8397045836745559,False
nist,correctness of outputs (outputs as a whole),Correctness,1,15,242,1453,16,243,1711,0.4377582644628099,1.0253492045073695,0.3112535144838461,0.8397045836745559,False
auc,correctness of outputs (outputs as a whole),Correctness,1,11,242,1457,12,243,1711,0.5850550964187327,0.3917693374524291,0.5313708261697061,0.8397045836745559,False
prism,correctness of outputs (outputs as a whole),Correctness,5,6,238,1462,11,243,1711,3.2467532467532463,6.254919195485437,0.0123848897507169,0.3077457453208465,False
bleu,adherence to style guide,Style-Guide Adherence,10,732,11,958,742,21,1711,1.1872090173976966,0.1555683031160191,0.6932698884604296,0.8397045836745559,False
comet,adherence to style guide,Style-Guide Adherence,1,69,20,1621,70,21,1711,1.1721428571428572,0.0232113138943291,0.8789088424398273,0.9062734170163916,False
rouge,adherence to style guide,Style-Guide Adherence,6,659,15,1031,665,21,1711,0.6291729323308272,0.9880056684079586,0.3202302955249109,0.8397045836745559,False
roc auc,adherence to style guide,Style-Guide Adherence,0,11,21,1679,11,21,1711,0.0,0.272570814959818,0.6016124382626901,0.8397045836745559,False
bertscore,adherence to style guide,Style-Guide Adherence,3,359,18,1331,362,21,1711,0.6210865561694291,0.659347223097678,0.4167904926816349,0.8397045836745559,False
distinct,adherence to style guide,Style-Guide Adherence,2,123,19,1567,125,21,1711,1.3355789473684212,0.142092923328535,0.7062091650757656,0.8397045836745559,False
f1,adherence to style guide,Style-Guide Adherence,5,230,16,1460,235,21,1711,1.9627659574468084,1.5499185051715378,0.2131474721197788,0.8397045836745559,False
recall,adherence to style guide,Style-Guide Adherence,2,110,19,1580,112,21,1711,1.5028195488721805,0.273037933048492,0.6013011430676156,0.8397045836745559,False
meteor,adherence to style guide,Style-Guide Adherence,3,255,18,1435,258,21,1711,0.9386304909560724,0.0105989230917552,0.9180018039317412,0.9365617159863489,False
knowledge f1,adherence to style guide,Style-Guide Adherence,0,13,21,1677,13,21,1711,0.0,0.3223197593560414,0.5702168783294115,0.8397045836745559,False
acc,adherence to style guide,Style-Guide Adherence,0,11,21,1679,11,21,1711,0.0,0.272570814959818,0.6016124382626901,0.8397045836745559,False
dae,adherence to style guide,Style-Guide Adherence,0,17,21,1673,17,21,1711,0.0,0.4219947828812048,0.5159433609849169,0.8397045836745559,False
mauve,adherence to style guide,Style-Guide Adherence,0,10,21,1680,10,21,1711,0.0,0.2477184234448384,0.6186862071872535,0.8397045836745559,False
factcc,adherence to style guide,Style-Guide Adherence,0,33,21,1657,33,21,1711,0.0,0.8230773877323972,0.3642819437052028,0.8397045836745559,False
comet qe,adherence to style guide,Style-Guide Adherence,1,9,20,1681,10,21,1711,8.505,2.559100778214309,0.1096609419116426,0.8397045836745559,False
unieval,adherence to style guide,Style-Guide Adherence,0,22,21,1668,22,21,1711,0.0,0.5469221392315778,0.4595780406083672,0.8397045836745559,False
chrf,adherence to style guide,Style-Guide Adherence,0,60,21,1630,60,21,1711,0.0,1.50871246559488,0.2193356578574088,0.8397045836745559,False
questeval,adherence to style guide,Style-Guide Adherence,0,27,21,1663,27,21,1711,0.0,0.6722222008488391,0.4122779179352693,0.8397045836745559,False
qafacteval,adherence to style guide,Style-Guide Adherence,0,12,21,1678,12,21,1711,0.0,0.2974379211190859,0.5854930901281701,0.8397045836745559,False
spearman correlation,adherence to style guide,Style-Guide Adherence,0,25,21,1665,25,21,1711,0.0,0.6220573092632404,0.4302838029126972,0.8397045836745559,False
pearson correlation,adherence to style guide,Style-Guide Adherence,0,33,21,1657,33,21,1711,0.0,0.8230773877323972,0.3642819437052028,0.8397045836745559,False
moverscore,adherence to style guide,Style-Guide Adherence,0,55,21,1635,55,21,1711,0.0,1.380895654231184,0.2399486437580275,0.8397045836745559,False
g eval,adherence to style guide,Style-Guide Adherence,0,19,21,1671,19,21,1711,0.0,0.4719211427143899,0.4921046782384163,0.8397045836745559,False
usr,adherence to style guide,Style-Guide Adherence,0,12,21,1678,12,21,1711,0.0,0.2974379211190859,0.5854930901281701,0.8397045836745559,False
bartscore,adherence to style guide,Style-Guide Adherence,0,64,21,1626,64,21,1711,0.0,1.6112467244981763,0.2043166395889339,0.8397045836745559,False
qags,adherence to style guide,Style-Guide Adherence,0,10,21,1680,10,21,1711,0.0,0.2477184234448384,0.6186862071872535,0.8397045836745559,False
perplexity,adherence to style guide,Style-Guide Adherence,1,165,20,1525,166,21,1711,0.4653614457831325,0.7144582510263473,0.3979677417241878,0.8397045836745559,False
ndcg,adherence to style guide,Style-Guide Adherence,1,20,20,1670,21,21,1711,4.023809523809524,1.2811629269872875,0.2576829206439889,0.8397045836745559,False
map,adherence to style guide,Style-Guide Adherence,0,12,21,1678,12,21,1711,0.0,0.2974379211190859,0.5854930901281701,0.8397045836745559,False
precision,adherence to style guide,Style-Guide Adherence,1,78,20,1612,79,21,1711,1.0329113924050632,0.0010013469126502,0.9747559013891324,0.9810369305174452,False
bleurt,adherence to style guide,Style-Guide Adherence,2,108,19,1582,110,21,1711,1.5320574162679426,0.2979849229472453,0.5851484594478038,0.8397045836745559,False
ter,adherence to style guide,Style-Guide Adherence,2,48,19,1642,50,21,1711,3.4968421052631578,2.0900348150165846,0.1482626914901628,0.8397045836745559,False
feqa,adherence to style guide,Style-Guide Adherence,0,10,21,1680,10,21,1711,0.0,0.2477184234448384,0.6186862071872535,0.8397045836745559,False
sari,adherence to style guide,Style-Guide Adherence,0,25,21,1665,25,21,1711,0.0,0.6220573092632404,0.4302838029126972,0.8397045836745559,False
cosine similarity,adherence to style guide,Style-Guide Adherence,0,24,21,1666,24,21,1711,0.0,0.5969973147839617,0.4397259853202936,0.8397045836745559,False
accuracy,adherence to style guide,Style-Guide Adherence,1,185,20,1505,186,21,1711,0.4099462365591398,1.0108954588148604,0.314688410347376,0.8397045836745559,False
summac,adherence to style guide,Style-Guide Adherence,0,15,21,1675,15,21,1711,0.0,0.3721277019624928,0.5418467664802036,0.8397045836745559,False
clip,adherence to style guide,Style-Guide Adherence,0,13,21,1677,13,21,1711,0.0,0.3223197593560414,0.5702168783294115,0.8397045836745559,False
cider,adherence to style guide,Style-Guide Adherence,0,76,21,1614,76,21,1711,0.0,1.9203600285947424,0.165816976447342,0.8397045836745559,False
exact match,adherence to style guide,Style-Guide Adherence,0,67,21,1623,67,21,1711,0.0,1.6883120257666486,0.1938236308457938,0.8397045836745559,False
chrf++,adherence to style guide,Style-Guide Adherence,2,21,19,1669,23,21,1711,7.725400457665904,4.6780103539260685,0.0305511136485523,0.491642485251565,False
blanc,adherence to style guide,Style-Guide Adherence,0,13,21,1677,13,21,1711,0.0,0.3223197593560414,0.5702168783294115,0.8397045836745559,False
diversity,adherence to style guide,Style-Guide Adherence,0,10,21,1680,10,21,1711,0.0,0.2477184234448384,0.6186862071872535,0.8397045836745559,False
coherence,adherence to style guide,Style-Guide Adherence,0,10,21,1680,10,21,1711,0.0,0.2477184234448384,0.6186862071872535,0.8397045836745559,False
clipscore,adherence to style guide,Style-Guide Adherence,0,15,21,1675,15,21,1711,0.0,0.3721277019624928,0.5418467664802036,0.8397045836745559,False
hits,adherence to style guide,Style-Guide Adherence,0,16,21,1674,16,21,1711,0.0,0.3970538413567302,0.5286147115806495,0.8397045836745559,False
win rate,adherence to style guide,Style-Guide Adherence,0,14,21,1676,14,21,1711,0.0,0.347216347138288,0.5556931339612946,0.8397045836745559,False
balanced accuracy,adherence to style guide,Style-Guide Adherence,1,9,20,1681,10,21,1711,8.505,2.559100778214309,0.1096609419116426,0.8397045836745559,False
ibleu,adherence to style guide,Style-Guide Adherence,0,12,21,1678,12,21,1711,0.0,0.2974379211190859,0.5854930901281701,0.8397045836745559,False
self bleu,adherence to style guide,Style-Guide Adherence,0,30,21,1660,30,21,1711,0.0,0.7475820634128277,0.3872428451974835,0.8397045836745559,False
spearman,adherence to style guide,Style-Guide Adherence,0,12,21,1678,12,21,1711,0.0,0.2974379211190859,0.5854930901281701,0.8397045836745559,False
kendall,adherence to style guide,Style-Guide Adherence,1,10,20,1680,11,21,1711,7.727272727272728,2.382428019613988,0.122706698296102,0.8397045836745559,False
coverage,adherence to style guide,Style-Guide Adherence,0,22,21,1668,22,21,1711,0.0,0.5469221392315778,0.4595780406083672,0.8397045836745559,False
density,adherence to style guide,Style-Guide Adherence,0,10,21,1680,10,21,1711,0.0,0.2477184234448384,0.6186862071872535,0.8397045836745559,False
ppl,adherence to style guide,Style-Guide Adherence,1,18,20,1672,19,21,1711,4.4526315789473685,1.4389251583210962,0.2303133523908286,0.8397045836745559,False
kendall s tau,adherence to style guide,Style-Guide Adherence,0,11,21,1679,11,21,1711,0.0,0.272570814959818,0.6016124382626901,0.8397045836745559,False
success rate,adherence to style guide,Style-Guide Adherence,0,25,21,1665,25,21,1711,0.0,0.6220573092632404,0.4302838029126972,0.8397045836745559,False
supert,adherence to style guide,Style-Guide Adherence,0,10,21,1680,10,21,1711,0.0,0.2477184234448384,0.6186862071872535,0.8397045836745559,False
summaqa,adherence to style guide,Style-Guide Adherence,0,10,21,1680,10,21,1711,0.0,0.2477184234448384,0.6186862071872535,0.8397045836745559,False
spice,adherence to style guide,Style-Guide Adherence,0,24,21,1666,24,21,1711,0.0,0.5969973147839617,0.4397259853202936,0.8397045836745559,False
length,adherence to style guide,Style-Guide Adherence,0,16,21,1674,16,21,1711,0.0,0.3970538413567302,0.5286147115806495,0.8397045836745559,False
parent,adherence to style guide,Style-Guide Adherence,0,17,21,1673,17,21,1711,0.0,0.4219947828812048,0.5159433609849169,0.8397045836745559,False
consistency,adherence to style guide,Style-Guide Adherence,1,13,20,1677,14,21,1711,6.060714285714285,1.9505700718506531,0.1625254333008436,0.8397045836745559,False
mrr,adherence to style guide,Style-Guide Adherence,2,24,19,1666,26,21,1711,6.821862348178138,4.234345060268668,0.0396139046682107,0.5471942706118337,False
embedding,adherence to style guide,Style-Guide Adherence,0,26,21,1664,26,21,1711,0.0,0.6471322653262239,0.4211398392486325,0.8397045836745559,False
vector extrema,adherence to style guide,Style-Guide Adherence,1,15,20,1675,16,21,1711,5.296875,1.7216090752749995,0.1894860533544692,0.8397045836745559,False
greedy matching,adherence to style guide,Style-Guide Adherence,1,13,20,1677,14,21,1711,6.060714285714285,1.9505700718506531,0.1625254333008436,0.8397045836745559,False
dist,adherence to style guide,Style-Guide Adherence,0,23,21,1667,23,21,1711,0.0,0.5719522640438737,0.4494841799324808,0.8397045836745559,False
ruber,adherence to style guide,Style-Guide Adherence,0,11,21,1679,11,21,1711,0.0,0.272570814959818,0.6016124382626901,0.8397045836745559,False
bert,adherence to style guide,Style-Guide Adherence,1,9,20,1681,10,21,1711,8.505,2.559100778214309,0.1096609419116426,0.8397045836745559,False
xcomet,adherence to style guide,Style-Guide Adherence,2,11,19,1679,13,21,1711,13.748987854251013,6.880091324440375,0.0087161109842815,0.251979725252145,False
auroc,adherence to style guide,Style-Guide Adherence,0,10,21,1680,10,21,1711,0.0,0.2477184234448384,0.6186862071872535,0.8397045836745559,False
entailment,adherence to style guide,Style-Guide Adherence,1,10,20,1680,11,21,1711,7.727272727272728,2.382428019613988,0.122706698296102,0.8397045836745559,False
sacrebleu,adherence to style guide,Style-Guide Adherence,3,15,18,1675,18,21,1711,15.675925925925926,10.946222245326965,0.0009379465395021,0.0609200920706374,False
gleu,adherence to style guide,Style-Guide Adherence,0,14,21,1676,14,21,1711,0.0,0.347216347138288,0.5556931339612946,0.8397045836745559,False
entropy,adherence to style guide,Style-Guide Adherence,0,18,21,1672,18,21,1711,0.0,0.4469505441264918,0.5037866609808794,0.8397045836745559,False
maude,adherence to style guide,Style-Guide Adherence,0,10,21,1680,10,21,1711,0.0,0.2477184234448384,0.6186862071872535,0.8397045836745559,False
nist,adherence to style guide,Style-Guide Adherence,0,16,21,1674,16,21,1711,0.0,0.3970538413567302,0.5286147115806495,0.8397045836745559,False
auc,adherence to style guide,Style-Guide Adherence,0,12,21,1678,12,21,1711,0.0,0.2974379211190859,0.5854930901281701,0.8397045836745559,False
prism,adherence to style guide,Style-Guide Adherence,1,10,20,1680,11,21,1711,7.727272727272728,2.382428019613988,0.122706698296102,0.8397045836745559,False
bleu,absence of omissions (relative to input),Absence of Omissions,79,663,118,851,742,197,1711,0.8743090136598292,0.9719171695343398,0.324202507367859,0.8397045836745559,False
comet,absence of omissions (relative to input),Absence of Omissions,10,60,187,1454,70,197,1711,1.2536287242169597,0.5176349135642955,0.4718523078778045,0.8397045836745559,False
rouge,absence of omissions (relative to input),Absence of Omissions,92,573,105,941,665,197,1711,1.378188327962764,5.653303129578308,0.0174225242703093,0.3736437402735919,False
roc auc,absence of omissions (relative to input),Absence of Omissions,3,8,194,1506,11,197,1711,2.389878163074039,2.053379935292075,0.1518687129987678,0.8397045836745559,False
bertscore,absence of omissions (relative to input),Absence of Omissions,56,306,141,1208,362,197,1711,1.4800360487441715,6.6211278690038675,0.0100775995079673,0.2722567902872213,False
distinct,absence of omissions (relative to input),Absence of Omissions,1,124,196,1390,125,197,1711,0.064734693877551,24.097917219931645,9.155927327471108e-07,0.0002818654502183,True
f1,absence of omissions (relative to input),Absence of Omissions,19,216,178,1298,235,197,1711,0.670427922543629,3.4150716402031804,0.0646036094299761,0.6674771361050322,False
recall,absence of omissions (relative to input),Absence of Omissions,10,102,187,1412,112,197,1711,0.7634644766997708,0.8400862348112774,0.3593721087889615,0.8397045836745559,False
meteor,absence of omissions (relative to input),Absence of Omissions,35,223,162,1291,258,197,1711,1.2167432290171307,1.2070159942077456,0.271923902836056,0.8397045836745559,False
knowledge f1,absence of omissions (relative to input),Absence of Omissions,1,12,196,1502,13,197,1711,0.6664050235478807,0.2095091181110896,0.6471524244866339,0.8397045836745559,False
acc,absence of omissions (relative to input),Absence of Omissions,1,10,196,1504,11,197,1711,0.7884972170686456,0.0681316836771684,0.7940767246087036,0.8442212853557884,False
dae,absence of omissions (relative to input),Absence of Omissions,2,15,195,1499,17,197,1711,1.0220211161387631,0.0010549827982934,0.9740888675760594,0.9809222765079608,False
mauve,absence of omissions (relative to input),Absence of Omissions,0,10,197,1504,10,197,1711,0.0,2.454093349688687,0.1172188341858662,0.8397045836745559,False
factcc,absence of omissions (relative to input),Absence of Omissions,3,30,194,1484,33,197,1711,0.7863167760074977,0.2069000433136927,0.6492080446218365,0.8397045836745559,False
comet qe,absence of omissions (relative to input),Absence of Omissions,2,8,195,1506,10,197,1711,1.744615384615385,0.5997960104197742,0.4386558679306391,0.8397045836745559,False
unieval,absence of omissions (relative to input),Absence of Omissions,3,19,194,1495,22,197,1711,1.187207122774133,0.0938003407124485,0.7594002872649089,0.8397045836745559,False
chrf,absence of omissions (relative to input),Absence of Omissions,13,47,184,1467,60,197,1711,1.94411231884058,5.204630427655065,0.0225268033686825,0.4222166574244494,False
questeval,absence of omissions (relative to input),Absence of Omissions,3,24,194,1490,27,197,1711,0.9644902634593356,0.0044092789289804,0.947057458280266,0.9593417119083608,False
qafacteval,absence of omissions (relative to input),Absence of Omissions,4,8,193,1506,12,197,1711,2.9343696027633848,4.013623409029685,0.0451340543139994,0.5844720293069512,False
spearman correlation,absence of omissions (relative to input),Absence of Omissions,6,19,191,1495,25,197,1711,2.1185340314136125,3.0908204873935317,0.0787350981445239,0.7338958237698162,False
pearson correlation,absence of omissions (relative to input),Absence of Omissions,3,30,194,1484,33,197,1711,0.7863167760074977,0.2069000433136927,0.6492080446218365,0.8397045836745559,False
moverscore,absence of omissions (relative to input),Absence of Omissions,13,42,184,1472,55,197,1711,2.127272727272727,6.58997941431884,0.0102554357331422,0.2723710866777871,False
g eval,absence of omissions (relative to input),Absence of Omissions,6,13,191,1501,19,197,1711,2.7974648663543675,5.505861863772114,0.0189528376955443,0.3849245055194154,False
usr,absence of omissions (relative to input),Absence of Omissions,0,12,197,1502,12,197,1711,0.0,2.9467539752884284,0.0860502366715989,0.7597436777465535,False
bartscore,absence of omissions (relative to input),Absence of Omissions,8,56,189,1458,64,197,1711,1.0892857142857142,0.062026888830718,0.8033205734881781,0.8482552722877735,False
qags,absence of omissions (relative to input),Absence of Omissions,0,10,197,1504,10,197,1711,0.0,2.454093349688687,0.1172188341858662,0.8397045836745559,False
perplexity,absence of omissions (relative to input),Absence of Omissions,6,160,191,1354,166,197,1711,0.2923736832145335,14.529515244580065,0.000137980746839,0.012930767132341,True
ndcg,absence of omissions (relative to input),Absence of Omissions,3,18,194,1496,21,197,1711,1.244477172312224,0.1504839157968214,0.6980733393656424,0.8397045836745559,False
map,absence of omissions (relative to input),Absence of Omissions,1,11,196,1503,12,197,1711,0.7223639455782312,0.1311389734406692,0.7172540230460764,0.8397045836745559,False
precision,absence of omissions (relative to input),Absence of Omissions,4,75,193,1439,79,197,1711,0.428149799960648,4.137240610449442,0.0419494984462344,0.5639112905887259,False
bleurt,absence of omissions (relative to input),Absence of Omissions,20,90,177,1424,110,197,1711,1.6445814072932718,4.5063693711712975,0.0337688470368917,0.5116019320138794,False
ter,absence of omissions (relative to input),Absence of Omissions,8,42,189,1472,50,197,1711,1.406137566137566,0.9240387155447172,0.3364167671746764,0.8397045836745559,False
feqa,absence of omissions (relative to input),Absence of Omissions,0,10,197,1504,10,197,1711,0.0,2.454093349688687,0.1172188341858662,0.8397045836745559,False
sari,absence of omissions (relative to input),Absence of Omissions,5,20,192,1494,25,197,1711,1.75625,1.5153751335502976,0.2183207172221026,0.8397045836745559,False
cosine similarity,absence of omissions (relative to input),Absence of Omissions,2,22,195,1492,24,197,1711,0.7209401709401708,0.2639819341768523,0.6073976157183607,0.8397045836745559,False
accuracy,absence of omissions (relative to input),Absence of Omissions,18,168,179,1346,186,197,1711,0.8244728779960353,0.7213221200139053,0.3957105719928455,0.8397045836745559,False
summac,absence of omissions (relative to input),Absence of Omissions,1,14,196,1500,15,197,1711,0.5768707482993197,0.4034538121675601,0.5253109334069126,0.8397045836745559,False
clip,absence of omissions (relative to input),Absence of Omissions,2,11,195,1503,13,197,1711,1.3396449704142013,0.1766869644063766,0.6742360077998097,0.8397045836745559,False
cider,absence of omissions (relative to input),Absence of Omissions,12,64,185,1450,76,197,1711,1.395448079658606,1.3034720214888311,0.2535799915911415,0.8397045836745559,False
exact match,absence of omissions (relative to input),Absence of Omissions,10,57,187,1457,67,197,1711,1.31215579854737,0.7394347174617932,0.3898420184471048,0.8397045836745559,False
chrf++,absence of omissions (relative to input),Absence of Omissions,5,18,192,1496,23,197,1711,1.911231884057971,1.9672223354053884,0.1607430043009843,0.8397045836745559,False
blanc,absence of omissions (relative to input),Absence of Omissions,2,11,195,1503,13,197,1711,1.3396449704142013,0.1766869644063766,0.6742360077998097,0.8397045836745559,False
diversity,absence of omissions (relative to input),Absence of Omissions,0,10,197,1504,10,197,1711,0.0,2.454093349688687,0.1172188341858662,0.8397045836745559,False
coherence,absence of omissions (relative to input),Absence of Omissions,0,10,197,1504,10,197,1711,0.0,2.454093349688687,0.1172188341858662,0.8397045836745559,False
clipscore,absence of omissions (relative to input),Absence of Omissions,1,14,196,1500,15,197,1711,0.5768707482993197,0.4034538121675601,0.5253109334069126,0.8397045836745559,False
hits,absence of omissions (relative to input),Absence of Omissions,0,16,197,1498,16,197,1711,0.0,3.9339295188357526,0.0473212489490732,0.5957148082124986,False
win rate,absence of omissions (relative to input),Absence of Omissions,2,12,195,1502,14,197,1711,1.2432234432234432,0.0998810165674353,0.7519724655460065,0.8397045836745559,False
balanced accuracy,absence of omissions (relative to input),Absence of Omissions,1,9,196,1505,10,197,1711,0.8678571428571429,0.0235429327793988,0.8780536176462209,0.90595025664662,False
ibleu,absence of omissions (relative to input),Absence of Omissions,0,12,197,1502,12,197,1711,0.0,2.9467539752884284,0.0860502366715989,0.7597436777465535,False
self bleu,absence of omissions (relative to input),Absence of Omissions,3,27,194,1487,30,197,1711,0.8664948453608248,0.071435558029253,0.7892579633512129,0.8414530350982423,False
spearman,absence of omissions (relative to input),Absence of Omissions,0,12,197,1502,12,197,1711,0.0,2.9467539752884284,0.0860502366715989,0.7597436777465535,False
kendall,absence of omissions (relative to input),Absence of Omissions,0,11,197,1503,11,197,1711,0.0,2.7003465617727693,0.1003264362582914,0.8134039803883839,False
coverage,absence of omissions (relative to input),Absence of Omissions,2,20,195,1494,22,197,1711,0.7874125874125875,0.1370932619302047,0.7111879754317274,0.8397045836745559,False
density,absence of omissions (relative to input),Absence of Omissions,1,9,196,1505,10,197,1711,0.8678571428571429,0.0235429327793988,0.8780536176462209,0.90595025664662,False
ppl,absence of omissions (relative to input),Absence of Omissions,0,19,197,1495,19,197,1711,0.0,4.675939808774781,0.0305879621676416,0.491642485251565,False
kendall s tau,absence of omissions (relative to input),Absence of Omissions,0,11,197,1503,11,197,1711,0.0,2.7003465617727693,0.1003264362582914,0.8134039803883839,False
success rate,absence of omissions (relative to input),Absence of Omissions,1,24,196,1490,25,197,1711,0.3440816326530612,1.818032633195371,0.177547636372076,0.8397045836745559,False
supert,absence of omissions (relative to input),Absence of Omissions,2,8,195,1506,10,197,1711,1.744615384615385,0.5997960104197742,0.4386558679306391,0.8397045836745559,False
summaqa,absence of omissions (relative to input),Absence of Omissions,1,9,196,1505,10,197,1711,0.8678571428571429,0.0235429327793988,0.8780536176462209,0.90595025664662,False
spice,absence of omissions (relative to input),Absence of Omissions,4,20,193,1494,24,197,1711,1.4568221070811744,0.5679270637901039,0.4510838237732936,0.8397045836745559,False
length,absence of omissions (relative to input),Absence of Omissions,1,15,196,1499,16,197,1711,0.5404974489795918,0.5157134722263301,0.4726759427089357,0.8397045836745559,False
parent,absence of omissions (relative to input),Absence of Omissions,4,13,193,1501,17,197,1711,2.0652240170679668,1.9474647399404676,0.1628603112903862,0.8397045836745559,False
consistency,absence of omissions (relative to input),Absence of Omissions,0,14,197,1500,14,197,1711,0.0,3.4400321809173535,0.0636344532336706,0.6635381484623435,False
mrr,absence of omissions (relative to input),Absence of Omissions,3,23,194,1491,26,197,1711,1.0021808088818398,1.583448570165527e-05,0.996825020712448,0.996976998913502,False
embedding,absence of omissions (relative to input),Absence of Omissions,2,24,195,1490,26,197,1711,0.6646942800788955,0.4219090832414967,0.5159859827934872,0.8397045836745559,False
vector extrema,absence of omissions (relative to input),Absence of Omissions,2,14,195,1500,16,197,1711,1.0865384615384617,0.0150567714417966,0.9023398834029028,0.9241763677007092,False
greedy matching,absence of omissions (relative to input),Absence of Omissions,2,12,195,1502,14,197,1711,1.2432234432234432,0.0998810165674353,0.7519724655460065,0.8397045836745559,False
dist,absence of omissions (relative to input),Absence of Omissions,1,22,196,1492,23,197,1711,0.3744454303460514,1.49435489816993,0.2215420002538648,0.8397045836745559,False
ruber,absence of omissions (relative to input),Absence of Omissions,1,10,196,1504,11,197,1711,0.7884972170686456,0.0681316836771684,0.7940767246087036,0.8442212853557884,False
bert,absence of omissions (relative to input),Absence of Omissions,1,9,196,1505,10,197,1711,0.8678571428571429,0.0235429327793988,0.8780536176462209,0.90595025664662,False
xcomet,absence of omissions (relative to input),Absence of Omissions,2,11,195,1503,13,197,1711,1.3396449704142013,0.1766869644063766,0.6742360077998097,0.8397045836745559,False
auroc,absence of omissions (relative to input),Absence of Omissions,0,10,197,1504,10,197,1711,0.0,2.454093349688687,0.1172188341858662,0.8397045836745559,False
entailment,absence of omissions (relative to input),Absence of Omissions,2,9,195,1505,11,197,1711,1.5850815850815851,0.4203741149111069,0.5167504272219112,0.8397045836745559,False
sacrebleu,absence of omissions (relative to input),Absence of Omissions,1,17,196,1497,18,197,1711,0.479875283446712,0.7647638737924005,0.3818417800605398,0.8397045836745559,False
gleu,absence of omissions (relative to input),Absence of Omissions,0,14,197,1500,14,197,1711,0.0,3.4400321809173535,0.0636344532336706,0.6635381484623435,False
entropy,absence of omissions (relative to input),Absence of Omissions,2,16,195,1498,18,197,1711,0.9646723646723646,0.0029240541107745,0.9568757897037292,0.9674946332392824,False
maude,absence of omissions (relative to input),Absence of Omissions,1,9,196,1505,10,197,1711,0.8678571428571429,0.0235429327793988,0.8780536176462209,0.90595025664662,False
nist,absence of omissions (relative to input),Absence of Omissions,0,16,197,1498,16,197,1711,0.0,3.9339295188357526,0.0473212489490732,0.5957148082124986,False
auc,absence of omissions (relative to input),Absence of Omissions,0,12,197,1502,12,197,1711,0.0,2.9467539752884284,0.0860502366715989,0.7597436777465535,False
prism,absence of omissions (relative to input),Absence of Omissions,2,9,195,1505,11,197,1711,1.5850815850815851,0.4203741149111069,0.5167504272219112,0.8397045836745559,False
bleu,control over style,Style Control,16,726,22,947,742,38,1711,0.9497672139181572,0.0252279927453411,0.8738002728549131,0.9032665915424252,False
comet,control over style,Style Control,2,68,36,1605,70,38,1711,1.3023809523809524,0.1253811292222835,0.7232699534094245,0.8397045836745559,False
rouge,control over style,Style Control,7,658,31,1015,665,38,1711,0.3551782682512733,7.586161075480367,0.0058818068309404,0.2029089115661017,False
roc auc,control over style,Style Control,1,10,37,1663,11,38,1711,4.176904176904177,1.3772626569895223,0.2405679672354043,0.8397045836745559,False
bertscore,control over style,Style Control,8,354,30,1319,362,38,1711,0.9937384898710864,0.0002551411789921,0.9872558206973926,0.9889140607382646,False
distinct,control over style,Style Control,2,123,36,1550,125,38,1711,0.7048888888888889,0.2629159744088201,0.6081238816840886,0.8397045836745559,False
f1,control over style,Style Control,2,233,36,1440,235,38,1711,0.3489361702127659,2.959914991089006,0.0853524280879421,0.7597436777465535,False
recall,control over style,Style Control,0,112,38,1561,112,38,1711,0.0,5.205201963366141,0.0225193985679211,0.4222166574244494,False
meteor,control over style,Style Control,4,254,34,1419,258,38,1711,0.6625626994984041,0.689693451646531,0.406268668737888,0.8397045836745559,False
knowledge f1,control over style,Style Control,0,13,38,1660,13,38,1711,0.0,0.5862039462187181,0.443890794813637,0.8397045836745559,False
acc,control over style,Style Control,0,11,38,1662,11,38,1711,0.0,0.4957238872957265,0.4813850590711284,0.8397045836745559,False
dae,control over style,Style Control,0,17,38,1656,17,38,1711,0.0,0.7674878774368438,0.3809953211961805,0.8397045836745559,False
mauve,control over style,Style Control,0,10,38,1663,10,38,1711,0.0,0.4505242221289658,0.5020861147206561,0.8397045836745559,False
factcc,control over style,Style Control,0,33,38,1640,33,38,1711,0.0,1.4969791778935513,0.2211367503940418,0.8397045836745559,False
comet qe,control over style,Style Control,1,9,37,1664,10,38,1711,4.597297297297297,1.533600311570172,0.2155729053837745,0.8397045836745559,False
unieval,control over style,Style Control,0,22,38,1651,22,38,1711,0.0,0.9947026046871352,0.3185957266046939,0.8397045836745559,False
chrf,control over style,Style Control,1,59,37,1614,60,38,1711,0.7436936936936938,0.09587026649861,0.7568429177100906,0.8397045836745559,False
questeval,control over style,Style Control,1,26,37,1647,27,38,1711,1.6856856856856857,0.2326194776186227,0.6295882910920872,0.8397045836745559,False
qafacteval,control over style,Style Control,0,12,38,1661,12,38,1711,0.0,0.540950451313797,0.4620390953516738,0.8397045836745559,False
spearman correlation,control over style,Style Control,0,25,38,1648,25,38,1711,0.0,1.131358233979405,0.2874858104903399,0.8397045836745559,False
pearson correlation,control over style,Style Control,0,33,38,1640,33,38,1711,0.0,1.4969791778935513,0.2211367503940418,0.8397045836745559,False
moverscore,control over style,Style Control,0,55,38,1618,55,38,1711,0.0,2.51160231191655,0.1130109741620642,0.8397045836745559,False
g eval,control over style,Style Control,0,19,38,1654,19,38,1711,0.0,0.8582922655283475,0.35421703056274,0.8397045836745559,False
usr,control over style,Style Control,0,12,38,1661,12,38,1711,0.0,0.540950451313797,0.4620390953516738,0.8397045836745559,False
bartscore,control over style,Style Control,1,63,37,1610,64,38,1711,0.6955236486486486,0.1472874945862076,0.7011411204921515,0.8397045836745559,False
qags,control over style,Style Control,0,10,38,1663,10,38,1711,0.0,0.4505242221289658,0.5020861147206561,0.8397045836745559,False
perplexity,control over style,Style Control,7,159,31,1514,166,38,1711,2.101632335794792,2.7559500631878935,0.0968932432651876,0.8016006112360292,False
ndcg,control over style,Style Control,0,21,38,1652,21,38,1711,0.0,0.9492052806811376,0.3299216687911463,0.8397045836745559,False
map,control over style,Style Control,0,12,38,1661,12,38,1711,0.0,0.540950451313797,0.4620390953516738,0.8397045836745559,False
precision,control over style,Style Control,0,79,38,1594,79,38,1711,0.0,3.6341354149773433,0.0566059982694532,0.6446794247354397,False
bleurt,control over style,Style Control,5,105,33,1568,110,38,1711,2.2052341597796143,2.3019798972318792,0.1292092046911532,0.8397045836745559,False
ter,control over style,Style Control,2,48,36,1625,50,38,1711,1.8455555555555556,0.6128042604976169,0.4337339060323634,0.8397045836745559,False
feqa,control over style,Style Control,0,10,38,1663,10,38,1711,0.0,0.4505242221289658,0.5020861147206561,0.8397045836745559,False
sari,control over style,Style Control,1,24,37,1649,25,38,1711,1.8227027027027027,0.3007703380965839,0.5833998905722562,0.8397045836745559,False
cosine similarity,control over style,Style Control,0,24,38,1649,24,38,1711,0.0,1.0857790486332686,0.2974083311003002,0.8397045836745559,False
accuracy,control over style,Style Control,5,181,33,1492,186,38,1711,1.2422613229064845,0.1983787183021275,0.6560326927254083,0.8397045836745559,False
summac,control over style,Style Control,0,15,38,1658,15,38,1711,0.0,0.6767918571204337,0.4106936303579114,0.8397045836745559,False
clip,control over style,Style Control,0,13,38,1660,13,38,1711,0.0,0.5862039462187181,0.443890794813637,0.8397045836745559,False
cider,control over style,Style Control,1,75,37,1598,76,38,1711,0.5814366998577525,0.3484257056370847,0.5550056555841005,0.8397045836745559,False
exact match,control over style,Style Control,0,67,38,1606,67,38,1711,0.0,3.0707962868962855,0.0797104188197402,0.7338958237698162,False
chrf++,control over style,Style Control,2,21,36,1652,23,38,1711,4.077294685990338,2.643385317734946,0.1039817589014866,0.8216997802407339,False
blanc,control over style,Style Control,0,13,38,1660,13,38,1711,0.0,0.5862039462187181,0.443890794813637,0.8397045836745559,False
diversity,control over style,Style Control,1,9,37,1664,10,38,1711,4.597297297297297,1.533600311570172,0.2155729053837745,0.8397045836745559,False
coherence,control over style,Style Control,0,10,38,1663,10,38,1711,0.0,0.4505242221289658,0.5020861147206561,0.8397045836745559,False
clipscore,control over style,Style Control,0,15,38,1658,15,38,1711,0.0,0.6767918571204337,0.4106936303579114,0.8397045836745559,False
hits,control over style,Style Control,1,15,37,1658,16,38,1711,2.863175675675676,0.8183020691238387,0.3656770690345473,0.8397045836745559,False
win rate,control over style,Style Control,0,14,38,1659,14,38,1711,0.0,0.6314844041037536,0.4268113470216362,0.8397045836745559,False
balanced accuracy,control over style,Style Control,0,10,38,1663,10,38,1711,0.0,0.4505242221289658,0.5020861147206561,0.8397045836745559,False
ibleu,control over style,Style Control,0,12,38,1661,12,38,1711,0.0,0.540950451313797,0.4620390953516738,0.8397045836745559,False
self bleu,control over style,Style Control,1,29,37,1644,30,38,1711,1.5144144144144145,0.1515244991802317,0.6970827287095092,0.8397045836745559,False
spearman,control over style,Style Control,0,12,38,1661,12,38,1711,0.0,0.540950451313797,0.4620390953516738,0.8397045836745559,False
kendall,control over style,Style Control,2,9,36,1664,11,38,1711,8.585858585858587,5.286988105369958,0.0214853480812295,0.415447701238251,False
coverage,control over style,Style Control,0,22,38,1651,22,38,1711,0.0,0.9947026046871352,0.3185957266046939,0.8397045836745559,False
density,control over style,Style Control,0,10,38,1663,10,38,1711,0.0,0.4505242221289658,0.5020861147206561,0.8397045836745559,False
ppl,control over style,Style Control,0,19,38,1654,19,38,1711,0.0,0.8582922655283475,0.35421703056274,0.8397045836745559,False
kendall s tau,control over style,Style Control,0,11,38,1662,11,38,1711,0.0,0.4957238872957265,0.4813850590711284,0.8397045836745559,False
success rate,control over style,Style Control,0,25,38,1648,25,38,1711,0.0,1.131358233979405,0.2874858104903399,0.8397045836745559,False
supert,control over style,Style Control,0,10,38,1663,10,38,1711,0.0,0.4505242221289658,0.5020861147206561,0.8397045836745559,False
summaqa,control over style,Style Control,0,10,38,1663,10,38,1711,0.0,0.4505242221289658,0.5020861147206561,0.8397045836745559,False
spice,control over style,Style Control,0,24,38,1649,24,38,1711,0.0,1.0857790486332686,0.2974083311003002,0.8397045836745559,False
length,control over style,Style Control,0,16,38,1657,16,38,1711,0.0,0.7221263374755718,0.3954473164495883,0.8397045836745559,False
parent,control over style,Style Control,0,17,38,1656,17,38,1711,0.0,0.7674878774368438,0.3809953211961805,0.8397045836745559,False
consistency,control over style,Style Control,0,14,38,1659,14,38,1711,0.0,0.6314844041037536,0.4268113470216362,0.8397045836745559,False
mrr,control over style,Style Control,1,25,37,1648,26,38,1711,1.7515592515592515,0.2651419367545967,0.6066093788229419,0.8397045836745559,False
embedding,control over style,Style Control,0,26,38,1647,26,38,1711,0.0,1.1769647719426348,0.277974774959268,0.8397045836745559,False
vector extrema,control over style,Style Control,1,15,37,1658,16,38,1711,2.863175675675676,0.8183020691238387,0.3656770690345473,0.8397045836745559,False
greedy matching,control over style,Style Control,1,13,37,1660,14,38,1711,3.276061776061776,1.0064830974043897,0.3157468567469251,0.8397045836745559,False
dist,control over style,Style Control,0,23,38,1650,23,38,1711,0.0,1.0402271831134922,0.3077686410182425,0.8397045836745559,False
ruber,control over style,Style Control,0,11,38,1662,11,38,1711,0.0,0.4957238872957265,0.4813850590711284,0.8397045836745559,False
bert,control over style,Style Control,0,10,38,1663,10,38,1711,0.0,0.4505242221289658,0.5020861147206561,0.8397045836745559,False
xcomet,control over style,Style Control,2,11,36,1662,13,38,1711,7.256410256410256,4.64132100246983,0.0312109689660083,0.491642485251565,False
auroc,control over style,Style Control,0,10,38,1663,10,38,1711,0.0,0.4505242221289658,0.5020861147206561,0.8397045836745559,False
entailment,control over style,Style Control,0,11,38,1662,11,38,1711,0.0,0.4957238872957265,0.4813850590711284,0.8397045836745559,False
sacrebleu,control over style,Style Control,1,17,37,1656,18,38,1711,2.5420420420420418,0.6638410030127488,0.4152071908799316,0.8397045836745559,False
gleu,control over style,Style Control,2,12,36,1661,14,38,1711,6.734126984126984,4.363334205134144,0.0367203682869135,0.5345714357268784,False
entropy,control over style,Style Control,0,18,38,1655,18,38,1711,0.0,0.8128765093273992,0.3672711741656037,0.8397045836745559,False
maude,control over style,Style Control,1,9,37,1664,10,38,1711,4.597297297297297,1.533600311570172,0.2155729053837745,0.8397045836745559,False
nist,control over style,Style Control,0,16,38,1657,16,38,1711,0.0,0.7221263374755718,0.3954473164495883,0.8397045836745559,False
auc,control over style,Style Control,1,11,37,1662,12,38,1711,3.826576576576577,1.2392163998353658,0.2656221261358195,0.8397045836745559,False
prism,control over style,Style Control,1,10,37,1663,11,38,1711,4.176904176904177,1.3772626569895223,0.2405679672354043,0.8397045836745559,False
bleu,readability,Readability,20,722,28,941,742,48,1711,0.9328070850981904,0.0582824844503235,0.8092314301598692,0.8486903568103504,False
comet,readability,Readability,1,69,47,1594,70,48,1711,0.4987841945288753,0.612009375141088,0.4340322464806704,0.8397045836745559,False
rouge,readability,Readability,34,631,14,1032,665,48,1711,3.819978517722878,20.690519848550675,5.3982608916824995e-06,0.0011423416596592,True
roc auc,readability,Readability,0,11,48,1652,11,48,1711,0.0,0.6280555961339963,0.428069432215024,0.8397045836745559,False
bertscore,readability,Readability,16,346,32,1317,362,48,1711,1.8632596685082872,3.934052628470196,0.0473177853300595,0.5957148082124986,False
distinct,readability,Readability,6,119,42,1544,125,48,1711,1.8125714285714285,1.6563313014944967,0.1980993930277235,0.8397045836745559,False
f1,readability,Readability,4,231,44,1432,235,48,1711,0.5709864603481625,1.381053768749978,0.239921733732757,0.8397045836745559,False
recall,readability,Readability,0,112,48,1551,112,48,1711,0.0,6.59534399404661,0.0102245799016909,0.2723710866777871,False
meteor,readability,Readability,6,252,42,1411,258,48,1711,0.8045404208194906,0.2693340623922591,0.6037788389979711,0.8397045836745559,False
knowledge f1,readability,Readability,0,13,48,1650,13,48,1711,0.0,0.7426903207657254,0.3888004330558997,0.8397045836745559,False
acc,readability,Readability,0,11,48,1652,11,48,1711,0.0,0.6280555961339963,0.428069432215024,0.8397045836745559,False
dae,readability,Readability,0,17,48,1646,17,48,1711,0.0,0.9723712774073336,0.3240895003753156,0.8397045836745559,False
mauve,readability,Readability,0,10,48,1653,10,48,1711,0.0,0.5707895289927384,0.4499453490776373,0.8397045836745559,False
factcc,readability,Readability,1,32,47,1631,33,48,1711,1.0818826563507415,0.0060905860179906,0.9377944793057978,0.952016679703812,False
comet qe,readability,Readability,1,9,47,1654,10,48,1711,3.619148936170213,1.1690066091161129,0.2796054496204968,0.8397045836745559,False
unieval,readability,Readability,1,21,47,1642,22,48,1711,1.6334622823984526,0.2096308375008629,0.6470569037283649,0.8397045836745559,False
chrf,readability,Readability,1,59,47,1604,60,48,1711,0.5854609929078014,0.3433213390399501,0.5579183273080113,0.8397045836745559,False
questeval,readability,Readability,2,25,46,1638,27,48,1711,2.7117552334943635,1.4923722176481005,0.2218487613779081,0.8397045836745559,False
qafacteval,readability,Readability,0,12,48,1651,12,48,1711,0.0,0.6853558464463866,0.4077485359309537,0.8397045836745559,False
spearman correlation,readability,Readability,0,25,48,1638,25,48,1711,0.0,1.433388450052643,0.2312122367478497,0.8397045836745559,False
pearson correlation,readability,Readability,1,32,47,1631,33,48,1711,1.0818826563507415,0.0060905860179906,0.9377944793057978,0.952016679703812,False
moverscore,readability,Readability,3,52,45,1611,55,48,1711,2.0072727272727273,1.1629638421777493,0.2808517126872554,0.8397045836745559,False
g eval,readability,Readability,0,19,48,1644,19,48,1711,0.0,1.0874181669138745,0.2970439683569606,0.8397045836745559,False
usr,readability,Readability,0,12,48,1651,12,48,1711,0.0,0.6853558464463866,0.4077485359309537,0.8397045836745559,False
bartscore,readability,Readability,4,60,44,1603,64,48,1711,2.339488636363636,2.188235947710658,0.1390685092771028,0.8397045836745559,False
qags,readability,Readability,0,10,48,1653,10,48,1711,0.0,0.5707895289927384,0.4499453490776373,0.8397045836745559,False
perplexity,readability,Readability,5,161,43,1502,166,48,1711,1.0822359204258896,0.0282065469962959,0.8666241497011897,0.8966962810788335,False
ndcg,readability,Readability,0,21,48,1642,21,48,1711,0.0,1.2026031041802792,0.2728020217202279,0.8397045836745559,False
map,readability,Readability,0,12,48,1651,12,48,1711,0.0,0.6853558464463866,0.4077485359309537,0.8397045836745559,False
precision,readability,Readability,1,78,47,1585,79,48,1711,0.4395367627255588,0.8929889073547601,0.3446686256384063,0.8397045836745559,False
bleurt,readability,Readability,4,106,44,1557,110,48,1711,1.3231404958677686,0.2745046430340294,0.6003259016088096,0.8397045836745559,False
ter,readability,Readability,1,49,47,1614,50,48,1711,0.7068085106382979,0.1354935365562093,0.7128027964861323,0.8397045836745559,False
feqa,readability,Readability,0,10,48,1653,10,48,1711,0.0,0.5707895289927384,0.4499453490776373,0.8397045836745559,False
sari,readability,Readability,3,22,45,1641,25,48,1711,4.496,4.464344659230286,0.0346093633475691,0.521925111632307,False
cosine similarity,readability,Readability,0,24,48,1639,24,48,1711,0.0,1.375640075585311,0.2408451993618817,0.8397045836745559,False
accuracy,readability,Readability,0,186,48,1477,186,48,1711,0.0,11.215596484493265,0.000811127342154,0.0554270350471939,False
summac,readability,Readability,1,14,47,1649,15,48,1711,2.405673758865248,0.6033809092448645,0.4372909558429736,0.8397045836745559,False
clip,readability,Readability,0,13,48,1650,13,48,1711,0.0,0.7426903207657254,0.3888004330558997,0.8397045836745559,False
cider,readability,Readability,1,75,47,1588,76,48,1711,0.4577267637178051,0.7957541696836055,0.3723658424936388,0.8397045836745559,False
exact match,readability,Readability,0,67,48,1596,67,48,1711,0.0,3.8907362447239873,0.0485531346360877,0.6018513826551455,False
chrf++,readability,Readability,2,21,46,1642,23,48,1711,3.1909262759924384,1.9396791414383583,0.1637033766573885,0.8397045836745559,False
blanc,readability,Readability,0,13,48,1650,13,48,1711,0.0,0.7426903207657254,0.3888004330558997,0.8397045836745559,False
diversity,readability,Readability,0,10,48,1653,10,48,1711,0.0,0.5707895289927384,0.4499453490776373,0.8397045836745559,False
coherence,readability,Readability,0,10,48,1653,10,48,1711,0.0,0.5707895289927384,0.4499453490776373,0.8397045836745559,False
clipscore,readability,Readability,0,15,48,1648,15,48,1711,0.0,0.8574621051370261,0.3544498792931861,0.8397045836745559,False
hits,readability,Readability,0,16,48,1647,16,48,1711,0.0,0.9148994972293804,0.3388177713082223,0.8397045836745559,False
win rate,readability,Readability,0,14,48,1649,14,48,1711,0.0,0.8000590600017481,0.3710757121409062,0.8397045836745559,False
balanced accuracy,readability,Readability,0,10,48,1653,10,48,1711,0.0,0.5707895289927384,0.4499453490776373,0.8397045836745559,False
ibleu,readability,Readability,0,12,48,1651,12,48,1711,0.0,0.6853558464463866,0.4077485359309537,0.8397045836745559,False
self bleu,readability,Readability,2,28,46,1635,30,48,1711,2.436231884057971,1.2217072593305356,0.2690258617481464,0.8397045836745559,False
spearman,readability,Readability,0,12,48,1651,12,48,1711,0.0,0.6853558464463866,0.4077485359309537,0.8397045836745559,False
kendall,readability,Readability,0,11,48,1652,11,48,1711,0.0,0.6280555961339963,0.428069432215024,0.8397045836745559,False
coverage,readability,Readability,1,21,47,1642,22,48,1711,1.6334622823984526,0.2096308375008629,0.6470569037283649,0.8397045836745559,False
density,readability,Readability,1,9,47,1654,10,48,1711,3.619148936170213,1.1690066091161129,0.2796054496204968,0.8397045836745559,False
ppl,readability,Readability,0,19,48,1644,19,48,1711,0.0,1.0874181669138745,0.2970439683569606,0.8397045836745559,False
kendall s tau,readability,Readability,0,11,48,1652,11,48,1711,0.0,0.6280555961339963,0.428069432215024,0.8397045836745559,False
success rate,readability,Readability,0,25,48,1638,25,48,1711,0.0,1.433388450052643,0.2312122367478497,0.8397045836745559,False
supert,readability,Readability,0,10,48,1653,10,48,1711,0.0,0.5707895289927384,0.4499453490776373,0.8397045836745559,False
summaqa,readability,Readability,0,10,48,1653,10,48,1711,0.0,0.5707895289927384,0.4499453490776373,0.8397045836745559,False
spice,readability,Readability,1,23,47,1640,24,48,1711,1.4955673758865249,0.1446608267793545,0.703690791764886,0.8397045836745559,False
length,readability,Readability,1,15,47,1648,16,48,1711,2.2539893617021276,0.5261724342621699,0.468220507740096,0.8397045836745559,False
parent,readability,Readability,1,16,47,1647,17,48,1711,2.1201501877346685,0.4573483776507034,0.4988658267033169,0.8397045836745559,False
consistency,readability,Readability,0,14,48,1649,14,48,1711,0.0,0.8000590600017481,0.3710757121409062,0.8397045836745559,False
mrr,readability,Readability,0,26,48,1637,26,48,1711,0.0,1.4911715861270525,0.2220347705958787,0.8397045836745559,False
embedding,readability,Readability,1,25,47,1638,26,48,1711,1.378887070376432,0.0943722699483221,0.7586906129148061,0.8397045836745559,False
vector extrema,readability,Readability,0,16,48,1647,16,48,1711,0.0,0.9148994972293804,0.3388177713082223,0.8397045836745559,False
greedy matching,readability,Readability,0,14,48,1649,14,48,1711,0.0,0.8000590600017481,0.3710757121409062,0.8397045836745559,False
dist,readability,Readability,1,22,47,1641,23,48,1711,1.5615171137835338,0.1751506233736657,0.6755742738563414,0.8397045836745559,False
ruber,readability,Readability,0,11,48,1652,11,48,1711,0.0,0.6280555961339963,0.428069432215024,0.8397045836745559,False
bert,readability,Readability,0,10,48,1653,10,48,1711,0.0,0.5707895289927384,0.4499453490776373,0.8397045836745559,False
xcomet,readability,Readability,0,13,48,1650,13,48,1711,0.0,0.7426903207657254,0.3888004330558997,0.8397045836745559,False
auroc,readability,Readability,1,9,47,1654,10,48,1711,3.619148936170213,1.1690066091161129,0.2796054496204968,0.8397045836745559,False
entailment,readability,Readability,0,11,48,1652,11,48,1711,0.0,0.6280555961339963,0.428069432215024,0.8397045836745559,False
sacrebleu,readability,Readability,0,18,48,1645,18,48,1711,0.0,1.029877486876002,0.3101874442138476,0.8397045836745559,False
gleu,readability,Readability,0,14,48,1649,14,48,1711,0.0,0.8000590600017481,0.3710757121409062,0.8397045836745559,False
entropy,readability,Readability,1,17,47,1646,18,48,1711,2.0011820330969265,0.395924520103223,0.5292015459078213,0.8397045836745559,False
maude,readability,Readability,0,10,48,1653,10,48,1711,0.0,0.5707895289927384,0.4499453490776373,0.8397045836745559,False
nist,readability,Readability,0,16,48,1647,16,48,1711,0.0,0.9148994972293804,0.3388177713082223,0.8397045836745559,False
auc,readability,Readability,0,12,48,1651,12,48,1711,0.0,0.6853558464463866,0.4077485359309537,0.8397045836745559,False
prism,readability,Readability,1,10,47,1653,11,48,1711,3.288201160541586,1.0247280809738182,0.3114001143683566,0.8397045836745559,False
bleu,nonredundancy (output as a whole),Nonredundancy,32,710,55,914,742,87,1711,0.7598137711345259,1.641498827811832,0.200119946988329,0.8397045836745559,False
comet,nonredundancy (output as a whole),Nonredundancy,0,70,87,1554,70,87,1711,0.0,7.463861120533717,0.0062949842931816,0.2117697280167791,False
rouge,nonredundancy (output as a whole),Nonredundancy,68,597,19,1027,665,87,1711,5.629442026117926,58.94984637814685,1.6174247439440822e-14,2.1220612640546358e-11,True
roc auc,nonredundancy (output as a whole),Nonredundancy,0,11,87,1613,11,87,1711,0.0,1.1518918365323612,0.2831534719272204,0.8397045836745559,False
bertscore,nonredundancy (output as a whole),Nonredundancy,26,336,61,1288,362,87,1711,1.5883525043021465,3.860606367740509,0.0494324601426068,0.6072601845234104,False
distinct,nonredundancy (output as a whole),Nonredundancy,0,125,87,1499,125,87,1711,0.0,13.561587504957531,0.0002308617560413,0.0210340711059898,True
f1,nonredundancy (output as a whole),Nonredundancy,5,230,82,1394,235,87,1711,0.3829787234042553,6.059346809864305,0.0138328838827098,0.3290810176453236,False
recall,nonredundancy (output as a whole),Nonredundancy,3,109,84,1515,112,87,1711,0.5098852040816326,1.7049521286207252,0.1916416180370311,0.8397045836745559,False
meteor,nonredundancy (output as a whole),Nonredundancy,17,241,70,1383,258,87,1711,1.367718715393134,1.3297060665979794,0.2488575155656584,0.8397045836745559,False
knowledge f1,nonredundancy (output as a whole),Nonredundancy,0,13,87,1611,13,87,1711,0.0,1.3621486565553225,0.2431654475333408,0.8397045836745559,False
acc,nonredundancy (output as a whole),Nonredundancy,1,10,86,1614,11,87,1711,1.7970401691331923,0.301941995528833,0.5826675176676737,0.8397045836745559,False
dae,nonredundancy (output as a whole),Nonredundancy,1,16,86,1608,17,87,1711,1.158686730506156,0.0216048208061284,0.8831432408762011,0.9085791800675944,False
mauve,nonredundancy (output as a whole),Nonredundancy,1,9,86,1615,10,87,1711,1.977906976744186,0.3984826377337916,0.5278739280650735,0.8397045836745559,False
factcc,nonredundancy (output as a whole),Nonredundancy,2,31,85,1593,33,87,1711,1.1964349376114083,0.0627957665356068,0.8021304683683379,0.8481585867982425,False
comet qe,nonredundancy (output as a whole),Nonredundancy,0,10,87,1614,10,87,1711,0.0,1.0468586474298744,0.3062316794456268,0.8397045836745559,False
unieval,nonredundancy (output as a whole),Nonredundancy,1,21,86,1603,22,87,1711,0.8927061310782242,0.0138989910555444,0.9061516614486328,0.9276458956153292,False
chrf,nonredundancy (output as a whole),Nonredundancy,2,58,85,1566,60,87,1711,0.6474509803921568,0.4456829243638438,0.5043922265631535,0.8397045836745559,False
questeval,nonredundancy (output as a whole),Nonredundancy,3,24,84,1600,27,87,1711,2.227513227513227,1.5743065746490663,0.2095826952949923,0.8397045836745559,False
qafacteval,nonredundancy (output as a whole),Nonredundancy,0,12,87,1612,12,87,1711,0.0,1.2569884806622598,0.2622219008049909,0.8397045836745559,False
spearman correlation,nonredundancy (output as a whole),Nonredundancy,0,25,87,1599,25,87,1711,0.0,2.629054367847232,0.1049241873784115,0.8243145738950655,False
pearson correlation,nonredundancy (output as a whole),Nonredundancy,1,32,86,1592,33,87,1711,0.591261451726568,0.3409987556153315,0.559253287826569,0.8397045836745559,False
moverscore,nonredundancy (output as a whole),Nonredundancy,10,45,77,1579,55,87,1711,3.910271546635183,12.787455519260376,0.0003489514252796,0.0301200177609826,True
g eval,nonredundancy (output as a whole),Nonredundancy,1,18,86,1606,19,87,1711,1.0354957160342717,0.0012535741248612,0.9717561210190204,0.9798317048329396,False
usr,nonredundancy (output as a whole),Nonredundancy,1,11,86,1613,12,87,1711,1.6463178294573642,0.2237292623109146,0.6362129813527291,0.8397045836745559,False
bartscore,nonredundancy (output as a whole),Nonredundancy,5,59,82,1565,64,87,1711,1.569169207317073,0.8925298001381456,0.3447926756350439,0.8397045836745559,False
qags,nonredundancy (output as a whole),Nonredundancy,0,10,87,1614,10,87,1711,0.0,1.0468586474298744,0.3062316794456268,0.8397045836745559,False
perplexity,nonredundancy (output as a whole),Nonredundancy,4,162,83,1462,166,87,1711,0.4485411525620554,3.291083203699449,0.0696570543340836,0.7003402152984511,False
ndcg,nonredundancy (output as a whole),Nonredundancy,2,19,85,1605,21,87,1711,1.8935574229691876,0.7007778598408771,0.4025224454591253,0.8397045836745559,False
map,nonredundancy (output as a whole),Nonredundancy,2,10,85,1614,12,87,1711,3.3313725490196076,2.1696244815922063,0.1407606025639466,0.8397045836745559,False
precision,nonredundancy (output as a whole),Nonredundancy,2,77,85,1547,79,87,1711,0.4860759493670886,1.349427633187692,0.2453782036606226,0.8397045836745559,False
bleurt,nonredundancy (output as a whole),Nonredundancy,10,100,77,1524,110,87,1711,1.8902007083825267,3.2514559221220853,0.0713600457507572,0.7007812876122272,False
ter,nonredundancy (output as a whole),Nonredundancy,2,48,85,1576,50,87,1711,0.7816470588235294,0.134780360909672,0.7135261911731172,0.8397045836745559,False
feqa,nonredundancy (output as a whole),Nonredundancy,0,10,87,1614,10,87,1711,0.0,1.0468586474298744,0.3062316794456268,0.8397045836745559,False
sari,nonredundancy (output as a whole),Nonredundancy,2,23,85,1601,25,87,1711,1.5868235294117647,0.3843221093692277,0.5352991452358244,0.8397045836745559,False
cosine similarity,nonredundancy (output as a whole),Nonredundancy,0,24,87,1600,24,87,1711,0.0,2.5231257743491766,0.1121880065388071,0.8397045836745559,False
accuracy,nonredundancy (output as a whole),Nonredundancy,2,184,85,1440,186,87,1711,0.1929158760278305,9.745020838867427,0.0017980909387383,0.0921521606103413,False
summac,nonredundancy (output as a whole),Nonredundancy,1,14,86,1610,15,87,1711,1.3147286821705426,0.0718390864488345,0.7886776545925372,0.8414530350982423,False
clip,nonredundancy (output as a whole),Nonredundancy,1,12,86,1612,13,87,1711,1.518783542039356,0.1607886375948678,0.6884314729952091,0.8397045836745559,False
cider,nonredundancy (output as a whole),Nonredundancy,3,73,84,1551,76,87,1711,0.7683270676691728,0.2293936112808778,0.6319738215180768,0.8397045836745559,False
exact match,nonredundancy (output as a whole),Nonredundancy,1,66,86,1558,67,87,1711,0.2853175980562304,2.524338146279664,0.1121018074038032,0.8397045836745559,False
chrf++,nonredundancy (output as a whole),Nonredundancy,1,22,86,1602,23,87,1711,0.8533872598584429,0.0275098747454263,0.8682663316800721,0.897970540094793,False
blanc,nonredundancy (output as a whole),Nonredundancy,1,12,86,1612,13,87,1711,1.518783542039356,0.1607886375948678,0.6884314729952091,0.8397045836745559,False
diversity,nonredundancy (output as a whole),Nonredundancy,0,10,87,1614,10,87,1711,0.0,1.0468586474298744,0.3062316794456268,0.8397045836745559,False
coherence,nonredundancy (output as a whole),Nonredundancy,1,9,86,1615,10,87,1711,1.977906976744186,0.3984826377337916,0.5278739280650735,0.8397045836745559,False
clipscore,nonredundancy (output as a whole),Nonredundancy,0,15,87,1609,15,87,1711,0.0,1.5726599112731012,0.2098211502376551,0.8397045836745559,False
hits,nonredundancy (output as a whole),Nonredundancy,0,16,87,1608,16,87,1711,0.0,1.6780111442673342,0.1951889343851235,0.8397045836745559,False
win rate,nonredundancy (output as a whole),Nonredundancy,0,14,87,1610,14,87,1711,0.0,1.4673724410878222,0.2257607212972665,0.8397045836745559,False
balanced accuracy,nonredundancy (output as a whole),Nonredundancy,0,10,87,1614,10,87,1711,0.0,1.0468586474298744,0.3062316794456268,0.8397045836745559,False
ibleu,nonredundancy (output as a whole),Nonredundancy,0,12,87,1612,12,87,1711,0.0,1.2569884806622598,0.2622219008049909,0.8397045836745559,False
self bleu,nonredundancy (output as a whole),Nonredundancy,0,30,87,1594,30,87,1711,0.0,3.159667043799125,0.0754785760452465,0.7163356050869737,False
spearman,nonredundancy (output as a whole),Nonredundancy,0,12,87,1612,12,87,1711,0.0,1.2569884806622598,0.2622219008049909,0.8397045836745559,False
kendall,nonredundancy (output as a whole),Nonredundancy,0,11,87,1613,11,87,1711,0.0,1.1518918365323612,0.2831534719272204,0.8397045836745559,False
coverage,nonredundancy (output as a whole),Nonredundancy,2,20,85,1604,22,87,1711,1.8064171122994657,0.6087029246782192,0.4352766002846033,0.8397045836745559,False
density,nonredundancy (output as a whole),Nonredundancy,1,9,86,1615,10,87,1711,1.977906976744186,0.3984826377337916,0.5278739280650735,0.8397045836745559,False
ppl,nonredundancy (output as a whole),Nonredundancy,1,18,86,1606,19,87,1711,1.0354957160342717,0.0012535741248612,0.9717561210190204,0.9798317048329396,False
kendall s tau,nonredundancy (output as a whole),Nonredundancy,1,10,86,1614,11,87,1711,1.7970401691331923,0.301941995528833,0.5826675176676737,0.8397045836745559,False
success rate,nonredundancy (output as a whole),Nonredundancy,0,25,87,1599,25,87,1711,0.0,2.629054367847232,0.1049241873784115,0.8243145738950655,False
supert,nonredundancy (output as a whole),Nonredundancy,2,8,85,1616,10,87,1711,4.002352941176471,2.7698718211478983,0.0960538527267127,0.8010858284512915,False
summaqa,nonredundancy (output as a whole),Nonredundancy,0,10,87,1614,10,87,1711,0.0,1.0468586474298744,0.3062316794456268,0.8397045836745559,False
spice,nonredundancy (output as a whole),Nonredundancy,2,22,85,1602,24,87,1711,1.6539215686274509,0.4512341370046153,0.5017494643259757,0.8397045836745559,False
length,nonredundancy (output as a whole),Nonredundancy,0,16,87,1608,16,87,1711,0.0,1.6780111442673342,0.1951889343851235,0.8397045836745559,False
parent,nonredundancy (output as a whole),Nonredundancy,1,16,86,1608,17,87,1711,1.158686730506156,0.0216048208061284,0.8831432408762011,0.9085791800675944,False
consistency,nonredundancy (output as a whole),Nonredundancy,0,14,87,1610,14,87,1711,0.0,1.4673724410878222,0.2257607212972665,0.8397045836745559,False
mrr,nonredundancy (output as a whole),Nonredundancy,1,25,86,1599,26,87,1711,0.7535778175313059,0.0911829838608077,0.7626785893720958,0.8397045836745559,False
embedding,nonredundancy (output as a whole),Nonredundancy,2,24,85,1600,26,87,1711,1.5248868778280544,0.3244356533488057,0.5689540942931415,0.8397045836745559,False
vector extrema,nonredundancy (output as a whole),Nonredundancy,2,14,85,1610,16,87,1711,2.4926470588235294,1.3375392719755816,0.2474683891382403,0.8397045836745559,False
greedy matching,nonredundancy (output as a whole),Nonredundancy,2,12,85,1612,14,87,1711,2.8521008403361345,1.7052577623036438,0.1916018094383126,0.8397045836745559,False
dist,nonredundancy (output as a whole),Nonredundancy,0,23,87,1601,23,87,1711,0.0,2.417261644407408,0.1200045424477628,0.8397045836745559,False
ruber,nonredundancy (output as a whole),Nonredundancy,2,9,85,1615,11,87,1711,3.636363636363636,2.449411046117409,0.1175689730759265,0.8397045836745559,False
bert,nonredundancy (output as a whole),Nonredundancy,1,9,86,1615,10,87,1711,1.977906976744186,0.3984826377337916,0.5278739280650735,0.8397045836745559,False
xcomet,nonredundancy (output as a whole),Nonredundancy,0,13,87,1611,13,87,1711,0.0,1.3621486565553225,0.2431654475333408,0.8397045836745559,False
auroc,nonredundancy (output as a whole),Nonredundancy,0,10,87,1614,10,87,1711,0.0,1.0468586474298744,0.3062316794456268,0.8397045836745559,False
entailment,nonredundancy (output as a whole),Nonredundancy,1,10,86,1614,11,87,1711,1.7970401691331923,0.301941995528833,0.5826675176676737,0.8397045836745559,False
sacrebleu,nonredundancy (output as a whole),Nonredundancy,1,17,86,1607,18,87,1711,1.0936692506459949,0.0081242561784628,0.928180209935664,0.9445954354914609,False
gleu,nonredundancy (output as a whole),Nonredundancy,1,13,86,1611,14,87,1711,1.409468438538206,0.11077272098001,0.739266113223171,0.8397045836745559,False
entropy,nonredundancy (output as a whole),Nonredundancy,0,18,87,1606,18,87,1711,0.0,1.8889052080003683,0.1693254550253332,0.8397045836745559,False
maude,nonredundancy (output as a whole),Nonredundancy,3,7,84,1617,10,87,1711,6.075,6.463180015576475,0.0110132378306018,0.2833384801111728,False
nist,nonredundancy (output as a whole),Nonredundancy,1,15,86,1609,16,87,1711,1.2318313953488371,0.0425150365154213,0.8366411343098634,0.8721171994562151,False
auc,nonredundancy (output as a whole),Nonredundancy,0,12,87,1612,12,87,1711,0.0,1.2569884806622598,0.2622219008049909,0.8397045836745559,False
prism,nonredundancy (output as a whole),Nonredundancy,0,11,87,1613,11,87,1711,0.0,1.1518918365323612,0.2831534719272204,0.8397045836745559,False
bleu,complexity/non-complexity (content/meaning),Complexity (content),3,739,5,964,742,8,1711,0.7835579514824799,0.1141055773186859,0.7355175494572053,0.8397045836745559,False
comet,complexity/non-complexity (content/meaning),Complexity (content),0,70,8,1633,70,8,1711,0.0,0.6699556058305524,0.4130670852878243,0.8397045836745559,False
rouge,complexity/non-complexity (content/meaning),Complexity (content),2,663,6,1040,665,8,1711,0.524310776942356,0.6911186086821623,0.4057841608765535,0.8397045836745559,False
roc auc,complexity/non-complexity (content/meaning),Complexity (content),0,11,8,1692,11,8,1711,0.0,0.1034386936389335,0.747741451202653,0.8397045836745559,False
bertscore,complexity/non-complexity (content/meaning),Complexity (content),3,359,5,1344,362,8,1711,2.235911602209945,1.1172893070014065,0.290502885820363,0.8397045836745559,False
distinct,complexity/non-complexity (content/meaning),Complexity (content),0,125,8,1578,125,8,1711,0.0,1.216763596852218,0.2699967337945862,0.8397045836745559,False
f1,complexity/non-complexity (content/meaning),Complexity (content),0,235,8,1468,235,8,1711,0.0,2.3698518246335083,0.1236987922251034,0.8397045836745559,False
recall,complexity/non-complexity (content/meaning),Complexity (content),0,112,8,1591,112,8,1711,0.0,1.0858214498217655,0.2973988984312131,0.8397045836745559,False
meteor,complexity/non-complexity (content/meaning),Complexity (content),1,257,7,1446,258,8,1711,0.8045404208194906,0.0438864857225212,0.8340649481087655,0.8696108553628925,False
knowledge f1,complexity/non-complexity (content/meaning),Complexity (content),0,13,8,1690,13,8,1711,0.0,0.1223177869227191,0.7265341326751111,0.8397045836745559,False
acc,complexity/non-complexity (content/meaning),Complexity (content),0,11,8,1692,11,8,1711,0.0,0.1034386936389335,0.747741451202653,0.8397045836745559,False
dae,complexity/non-complexity (content/meaning),Complexity (content),0,17,8,1686,17,8,1711,0.0,0.160142934107055,0.6890249549478697,0.8397045836745559,False
mauve,complexity/non-complexity (content/meaning),Complexity (content),0,10,8,1693,10,8,1711,0.0,0.0940074940440459,0.7591429698220056,0.8397045836745559,False
factcc,complexity/non-complexity (content/meaning),Complexity (content),0,33,8,1670,33,8,1711,0.0,0.3123441309241057,0.5762452827225644,0.8397045836745559,False
comet qe,complexity/non-complexity (content/meaning),Complexity (content),0,10,8,1693,10,8,1711,0.0,0.0940074940440459,0.7591429698220056,0.8397045836745559,False
unieval,complexity/non-complexity (content/meaning),Complexity (content),0,22,8,1681,22,8,1711,0.0,0.2075504649871047,0.6486941364877972,0.8397045836745559,False
chrf,complexity/non-complexity (content/meaning),Complexity (content),0,60,8,1643,60,8,1711,0.0,0.5725129681698481,0.4492620542376538,0.8397045836745559,False
questeval,complexity/non-complexity (content/meaning),Complexity (content),0,27,8,1676,27,8,1711,0.0,0.2550988807965986,0.6135074632281783,0.8397045836745559,False
qafacteval,complexity/non-complexity (content/meaning),Complexity (content),0,12,8,1691,12,8,1711,0.0,0.1128754557435644,0.7368939216332349,0.8397045836745559,False
spearman correlation,complexity/non-complexity (content/meaning),Complexity (content),1,24,7,1679,25,8,1711,9.634285714285715,2.661844191148279,0.1027815038223083,0.8174459654241661,False
pearson correlation,complexity/non-complexity (content/meaning),Complexity (content),0,33,8,1670,33,8,1711,0.0,0.3123441309241057,0.5762452827225644,0.8397045836745559,False
moverscore,complexity/non-complexity (content/meaning),Complexity (content),0,55,8,1648,55,8,1711,0.0,0.5240132906490216,0.4691347291818279,0.8397045836745559,False
g eval,complexity/non-complexity (content/meaning),Complexity (content),0,19,8,1684,19,8,1711,0.0,0.1790890937077441,0.6721572304091078,0.8397045836745559,False
usr,complexity/non-complexity (content/meaning),Complexity (content),0,12,8,1691,12,8,1711,0.0,0.1128754557435644,0.7368939216332349,0.8397045836745559,False
bartscore,complexity/non-complexity (content/meaning),Complexity (content),0,64,8,1639,64,8,1711,0.0,0.6114188390965227,0.4342540917730623,0.8397045836745559,False
qags,complexity/non-complexity (content/meaning),Complexity (content),0,10,8,1693,10,8,1711,0.0,0.0940074940440459,0.7591429698220056,0.8397045836745559,False
perplexity,complexity/non-complexity (content/meaning),Complexity (content),0,166,8,1537,166,8,1711,0.0,1.6368975242099064,0.2007516721609342,0.8397045836745559,False
ndcg,complexity/non-complexity (content/meaning),Complexity (content),0,21,8,1682,21,8,1711,0.0,0.1980577147601258,0.6562931914552839,0.8397045836745559,False
map,complexity/non-complexity (content/meaning),Complexity (content),0,12,8,1691,12,8,1711,0.0,0.1128754557435644,0.7368939216332349,0.8397045836745559,False
precision,complexity/non-complexity (content/meaning),Complexity (content),0,79,8,1624,79,8,1711,0.0,0.7581642752955324,0.3839036192154401,0.8397045836745559,False
bleurt,complexity/non-complexity (content/meaning),Complexity (content),1,109,7,1594,110,8,1711,2.0792207792207793,0.3929827863191937,0.5307356750246396,0.8397045836745559,False
ter,complexity/non-complexity (content/meaning),Complexity (content),0,50,8,1653,50,8,1711,0.0,0.4756601829102969,0.4903946794950587,0.8397045836745559,False
feqa,complexity/non-complexity (content/meaning),Complexity (content),0,10,8,1693,10,8,1711,0.0,0.0940074940440459,0.7591429698220056,0.8397045836745559,False
sari,complexity/non-complexity (content/meaning),Complexity (content),0,25,8,1678,25,8,1711,0.0,0.236062554697881,0.6270645221431461,0.8397045836745559,False
cosine similarity,complexity/non-complexity (content/meaning),Complexity (content),0,24,8,1679,24,8,1711,0.0,0.2265528782548013,0.6340916815227524,0.8397045836745559,False
accuracy,complexity/non-complexity (content/meaning),Complexity (content),1,185,7,1518,186,8,1711,1.1712749615975424,0.0211237760507855,0.8844422703756778,0.9092526710021072,False
summac,complexity/non-complexity (content/meaning),Complexity (content),0,15,8,1688,15,8,1711,0.0,0.1412191828267678,0.707071975358851,0.8397045836745559,False
clip,complexity/non-complexity (content/meaning),Complexity (content),0,13,8,1690,13,8,1711,0.0,0.1223177869227191,0.7265341326751111,0.8397045836745559,False
cider,complexity/non-complexity (content/meaning),Complexity (content),1,75,7,1628,76,8,1711,3.0733082706766917,0.8417347627174461,0.3589010987314703,0.8397045836745559,False
exact match,complexity/non-complexity (content/meaning),Complexity (content),0,67,8,1636,67,8,1711,0.0,0.6406604524794819,0.4234717389255752,0.8397045836745559,False
chrf++,complexity/non-complexity (content/meaning),Complexity (content),0,23,8,1680,23,8,1711,0.0,0.2170488505864791,0.6412978051974794,0.8397045836745559,False
blanc,complexity/non-complexity (content/meaning),Complexity (content),0,13,8,1690,13,8,1711,0.0,0.1223177869227191,0.7265341326751111,0.8397045836745559,False
diversity,complexity/non-complexity (content/meaning),Complexity (content),0,10,8,1693,10,8,1711,0.0,0.0940074940440459,0.7591429698220056,0.8397045836745559,False
coherence,complexity/non-complexity (content/meaning),Complexity (content),0,10,8,1693,10,8,1711,0.0,0.0940074940440459,0.7591429698220056,0.8397045836745559,False
clipscore,complexity/non-complexity (content/meaning),Complexity (content),0,15,8,1688,15,8,1711,0.0,0.1412191828267678,0.707071975358851,0.8397045836745559,False
hits,complexity/non-complexity (content/meaning),Complexity (content),0,16,8,1687,16,8,1711,0.0,0.1506782607399338,0.6978880289407012,0.8397045836745559,False
win rate,complexity/non-complexity (content/meaning),Complexity (content),0,14,8,1689,14,8,1711,0.0,0.1317656937541935,0.7166082862822096,0.8397045836745559,False
balanced accuracy,complexity/non-complexity (content/meaning),Complexity (content),0,10,8,1693,10,8,1711,0.0,0.0940074940440459,0.7591429698220056,0.8397045836745559,False
ibleu,complexity/non-complexity (content/meaning),Complexity (content),0,12,8,1691,12,8,1711,0.0,0.1128754557435644,0.7368939216332349,0.8397045836745559,False
self bleu,complexity/non-complexity (content/meaning),Complexity (content),0,30,8,1673,30,8,1711,0.0,0.283695904116978,0.5942889593217751,0.8397045836745559,False
spearman,complexity/non-complexity (content/meaning),Complexity (content),0,12,8,1691,12,8,1711,0.0,0.1128754557435644,0.7368939216332349,0.8397045836745559,False
kendall,complexity/non-complexity (content/meaning),Complexity (content),0,11,8,1692,11,8,1711,0.0,0.1034386936389335,0.747741451202653,0.8397045836745559,False
coverage,complexity/non-complexity (content/meaning),Complexity (content),0,22,8,1681,22,8,1711,0.0,0.2075504649871047,0.6486941364877972,0.8397045836745559,False
density,complexity/non-complexity (content/meaning),Complexity (content),0,10,8,1693,10,8,1711,0.0,0.0940074940440459,0.7591429698220056,0.8397045836745559,False
ppl,complexity/non-complexity (content/meaning),Complexity (content),0,19,8,1684,19,8,1711,0.0,0.1790890937077441,0.6721572304091078,0.8397045836745559,False
kendall s tau,complexity/non-complexity (content/meaning),Complexity (content),0,11,8,1692,11,8,1711,0.0,0.1034386936389335,0.747741451202653,0.8397045836745559,False
success rate,complexity/non-complexity (content/meaning),Complexity (content),0,25,8,1678,25,8,1711,0.0,0.236062554697881,0.6270645221431461,0.8397045836745559,False
supert,complexity/non-complexity (content/meaning),Complexity (content),0,10,8,1693,10,8,1711,0.0,0.0940074940440459,0.7591429698220056,0.8397045836745559,False
summaqa,complexity/non-complexity (content/meaning),Complexity (content),0,10,8,1693,10,8,1711,0.0,0.0940074940440459,0.7591429698220056,0.8397045836745559,False
spice,complexity/non-complexity (content/meaning),Complexity (content),1,23,7,1680,24,8,1711,10.041666666666666,2.73688316275264,0.0980558522161462,0.8016006112360292,False
length,complexity/non-complexity (content/meaning),Complexity (content),0,16,8,1687,16,8,1711,0.0,0.1506782607399338,0.6978880289407012,0.8397045836745559,False
parent,complexity/non-complexity (content/meaning),Complexity (content),0,17,8,1686,17,8,1711,0.0,0.160142934107055,0.6890249549478697,0.8397045836745559,False
consistency,complexity/non-complexity (content/meaning),Complexity (content),1,13,7,1690,14,8,1711,17.316326530612244,3.762896961537905,0.0524017155283225,0.6216189039164486,False
mrr,complexity/non-complexity (content/meaning),Complexity (content),0,26,8,1677,26,8,1711,0.0,0.2455778866350139,0.6202061808942274,0.8397045836745559,False
embedding,complexity/non-complexity (content/meaning),Complexity (content),0,26,8,1677,26,8,1711,0.0,0.2455778866350139,0.6202061808942274,0.8397045836745559,False
vector extrema,complexity/non-complexity (content/meaning),Complexity (content),0,16,8,1687,16,8,1711,0.0,0.1506782607399338,0.6978880289407012,0.8397045836745559,False
greedy matching,complexity/non-complexity (content/meaning),Complexity (content),0,14,8,1689,14,8,1711,0.0,0.1317656937541935,0.7166082862822096,0.8397045836745559,False
dist,complexity/non-complexity (content/meaning),Complexity (content),0,23,8,1680,23,8,1711,0.0,0.2170488505864791,0.6412978051974794,0.8397045836745559,False
ruber,complexity/non-complexity (content/meaning),Complexity (content),0,11,8,1692,11,8,1711,0.0,0.1034386936389335,0.747741451202653,0.8397045836745559,False
bert,complexity/non-complexity (content/meaning),Complexity (content),0,10,8,1693,10,8,1711,0.0,0.0940074940440459,0.7591429698220056,0.8397045836745559,False
xcomet,complexity/non-complexity (content/meaning),Complexity (content),0,13,8,1690,13,8,1711,0.0,0.1223177869227191,0.7265341326751111,0.8397045836745559,False
auroc,complexity/non-complexity (content/meaning),Complexity (content),0,10,8,1693,10,8,1711,0.0,0.0940074940440459,0.7591429698220056,0.8397045836745559,False
entailment,complexity/non-complexity (content/meaning),Complexity (content),0,11,8,1692,11,8,1711,0.0,0.1034386936389335,0.747741451202653,0.8397045836745559,False
sacrebleu,complexity/non-complexity (content/meaning),Complexity (content),0,18,8,1685,18,8,1711,0.0,0.1696132095511039,0.6804557895557767,0.8397045836745559,False
gleu,complexity/non-complexity (content/meaning),Complexity (content),0,14,8,1689,14,8,1711,0.0,0.1317656937541935,0.7166082862822096,0.8397045836745559,False
entropy,complexity/non-complexity (content/meaning),Complexity (content),0,18,8,1685,18,8,1711,0.0,0.1696132095511039,0.6804557895557767,0.8397045836745559,False
maude,complexity/non-complexity (content/meaning),Complexity (content),0,10,8,1693,10,8,1711,0.0,0.0940074940440459,0.7591429698220056,0.8397045836745559,False
nist,complexity/non-complexity (content/meaning),Complexity (content),0,16,8,1687,16,8,1711,0.0,0.1506782607399338,0.6978880289407012,0.8397045836745559,False
auc,complexity/non-complexity (content/meaning),Complexity (content),0,12,8,1691,12,8,1711,0.0,0.1128754557435644,0.7368939216332349,0.8397045836745559,False
prism,complexity/non-complexity (content/meaning),Complexity (content),0,11,8,1692,11,8,1711,0.0,0.1034386936389335,0.747741451202653,0.8397045836745559,False
bleu,empathy / emotional appropriateness,Empathy,19,723,32,937,742,51,1711,0.7753958894878706,0.8101730764362172,0.3680690855441025,0.8397045836745559,False
comet,empathy / emotional appropriateness,Empathy,0,70,51,1590,70,51,1711,0.0,4.3269549988541245,0.0375132980153324,0.5373083733200459,False
rouge,empathy / emotional appropriateness,Empathy,11,654,40,1006,665,51,1711,0.4325563909774436,7.174211573719518,0.0073958943555602,0.2343819660506048,False
roc auc,empathy / emotional appropriateness,Empathy,0,11,51,1649,11,51,1711,0.0,0.6679108260424735,0.4137809376957989,0.8397045836745559,False
bertscore,empathy / emotional appropriateness,Empathy,9,353,42,1307,362,51,1711,0.7985398579321231,0.4050491633447541,0.5244931115106307,0.8397045836745559,False
distinct,empathy / emotional appropriateness,Empathy,15,110,36,1550,125,51,1711,5.286666666666666,23.330933357234088,1.363887924351654e-06,0.0003441194147594,True
f1,empathy / emotional appropriateness,Empathy,7,228,44,1432,235,51,1711,0.9992263056092844,3.72972049831298e-06,0.9984590876525036,0.9984590876525036,False
recall,empathy / emotional appropriateness,Empathy,3,109,48,1551,112,51,1711,0.8922991071428571,0.0390471029060326,0.8433553760003821,0.877185867538054,False
meteor,empathy / emotional appropriateness,Empathy,7,251,44,1409,258,51,1711,0.8959654686398872,0.0770763286707003,0.7812992877252789,0.8414530350982423,False
knowledge f1,empathy / emotional appropriateness,Empathy,0,13,51,1647,13,51,1711,0.0,0.789820485368386,0.3741544122953539,0.8397045836745559,False
acc,empathy / emotional appropriateness,Empathy,1,10,50,1650,11,51,1711,3.090909090909091,0.9384576400022692,0.3326748130732847,0.8397045836745559,False
dae,empathy / emotional appropriateness,Empathy,0,17,51,1643,17,51,1711,0.0,1.0340778273387643,0.309202823946879,0.8397045836745559,False
mauve,empathy / emotional appropriateness,Empathy,0,10,51,1650,10,51,1711,0.0,0.607010596675706,0.4359155986145586,0.8397045836745559,False
factcc,empathy / emotional appropriateness,Empathy,0,33,51,1627,33,51,1711,0.0,2.0169992027592833,0.1555462705699216,0.8397045836745559,False
comet qe,empathy / emotional appropriateness,Empathy,0,10,51,1650,10,51,1711,0.0,0.607010596675706,0.4359155986145586,0.8397045836745559,False
unieval,empathy / emotional appropriateness,Empathy,0,22,51,1638,22,51,1711,0.0,1.340224415418476,0.2469943959850075,0.8397045836745559,False
chrf,empathy / emotional appropriateness,Empathy,0,60,51,1600,60,51,1711,0.0,3.697465680060571,0.0544951813099708,0.6327228130856793,False
questeval,empathy / emotional appropriateness,Empathy,0,27,51,1633,27,51,1711,0.0,1.6472927226180063,0.1993278068953762,0.8397045836745559,False
qafacteval,empathy / emotional appropriateness,Empathy,0,12,51,1648,12,51,1711,0.0,0.7288474411043424,0.3932570329603398,0.8397045836745559,False
spearman correlation,empathy / emotional appropriateness,Empathy,3,22,48,1638,25,51,1711,4.215,4.169077107415836,0.0411682185073431,0.5591377089196088,False
pearson correlation,empathy / emotional appropriateness,Empathy,1,32,50,1628,33,51,1711,1.0169696969696969,0.0002846467914086,0.9865391462785548,0.9884980601172016,False
moverscore,empathy / emotional appropriateness,Empathy,0,55,51,1605,55,51,1711,0.0,3.384171997424718,0.0658252338455127,0.6757645289930575,False
g eval,empathy / emotional appropriateness,Empathy,1,18,50,1642,19,51,1711,1.7810526315789472,0.2839457343214423,0.5941266281253392,0.8397045836745559,False
usr,empathy / emotional appropriateness,Empathy,1,11,50,1649,12,51,1711,2.8316666666666666,0.8161119470490064,0.3663193991324989,0.8397045836745559,False
bartscore,empathy / emotional appropriateness,Empathy,2,62,49,1598,64,51,1711,1.0503826530612244,0.0047161833361254,0.9452487372683184,0.9583492485878818,False
qags,empathy / emotional appropriateness,Empathy,1,9,50,1651,10,51,1711,3.402,1.0791042057763562,0.2988980377145451,0.8397045836745559,False
perplexity,empathy / emotional appropriateness,Empathy,10,156,41,1504,166,51,1711,2.2700558330884513,4.720909024397173,0.0297979866306189,0.4886772346784259,False
ndcg,empathy / emotional appropriateness,Empathy,0,21,51,1639,21,51,1711,0.0,1.2789215375420289,0.2580996534591921,0.8397045836745559,False
map,empathy / emotional appropriateness,Empathy,0,12,51,1648,12,51,1711,0.0,0.7288474411043424,0.3932570329603398,0.8397045836745559,False
precision,empathy / emotional appropriateness,Empathy,1,78,50,1582,79,51,1711,0.4131645569620253,1.0589968118682571,0.3034441004359163,0.8397045836745559,False
bleurt,empathy / emotional appropriateness,Empathy,1,109,50,1551,110,51,1711,0.291090909090909,2.341408189828889,0.1259756285434392,0.8397045836745559,False
ter,empathy / emotional appropriateness,Empathy,0,50,51,1610,50,51,1711,0.0,3.071837730563346,0.0796593735477881,0.7338958237698162,False
feqa,empathy / emotional appropriateness,Empathy,0,10,51,1650,10,51,1711,0.0,0.607010596675706,0.4359155986145586,0.8397045836745559,False
sari,empathy / emotional appropriateness,Empathy,0,25,51,1635,25,51,1711,0.0,1.5243544382654683,0.2169617243693953,0.8397045836745559,False
cosine similarity,empathy / emotional appropriateness,Empathy,3,21,48,1639,24,51,1711,4.393229166666667,4.372610556274781,0.0365210005947948,0.5340560987263996,False
accuracy,empathy / emotional appropriateness,Empathy,7,179,44,1481,186,51,1711,1.3043743890518085,0.4129926631187643,0.5204544427624763,0.8397045836745559,False
summac,empathy / emotional appropriateness,Empathy,0,15,51,1645,15,51,1711,0.0,0.9118760359249394,0.3396171407321828,0.8397045836745559,False
clip,empathy / emotional appropriateness,Empathy,0,13,51,1647,13,51,1711,0.0,0.789820485368386,0.3741544122953539,0.8397045836745559,False
cider,empathy / emotional appropriateness,Empathy,2,74,49,1586,76,51,1711,0.8780880773361975,0.0348099133831578,0.8519945362737632,0.8847687443336847,False
exact match,empathy / emotional appropriateness,Empathy,0,67,51,1593,67,51,1711,0.0,4.137699922725421,0.0419381166600052,0.5639112905887259,False
chrf++,empathy / emotional appropriateness,Empathy,0,23,51,1637,23,51,1711,0.0,1.401564161899669,0.2364618544656461,0.8397045836745559,False
blanc,empathy / emotional appropriateness,Empathy,0,13,51,1647,13,51,1711,0.0,0.789820485368386,0.3741544122953539,0.8397045836745559,False
diversity,empathy / emotional appropriateness,Empathy,0,10,51,1650,10,51,1711,0.0,0.607010596675706,0.4359155986145586,0.8397045836745559,False
coherence,empathy / emotional appropriateness,Empathy,0,10,51,1650,10,51,1711,0.0,0.607010596675706,0.4359155986145586,0.8397045836745559,False
clipscore,empathy / emotional appropriateness,Empathy,0,15,51,1645,15,51,1711,0.0,0.9118760359249394,0.3396171407321828,0.8397045836745559,False
hits,empathy / emotional appropriateness,Empathy,1,15,50,1645,16,51,1711,2.11875,0.4580948563942892,0.4985156930438577,0.8397045836745559,False
win rate,empathy / emotional appropriateness,Empathy,0,14,51,1646,14,51,1711,0.0,0.8508300024204308,0.3563176401283101,0.8397045836745559,False
balanced accuracy,empathy / emotional appropriateness,Empathy,0,10,51,1650,10,51,1711,0.0,0.607010596675706,0.4359155986145586,0.8397045836745559,False
ibleu,empathy / emotional appropriateness,Empathy,0,12,51,1648,12,51,1711,0.0,0.7288474411043424,0.3932570329603398,0.8397045836745559,False
self bleu,empathy / emotional appropriateness,Empathy,1,29,50,1631,30,51,1711,1.1206666666666667,0.0126636495323776,0.9104008992482636,0.9317051324600016,False
spearman,empathy / emotional appropriateness,Empathy,0,12,51,1648,12,51,1711,0.0,0.7288474411043424,0.3932570329603398,0.8397045836745559,False
kendall,empathy / emotional appropriateness,Empathy,0,11,51,1649,11,51,1711,0.0,0.6679108260424735,0.4137809376957989,0.8397045836745559,False
coverage,empathy / emotional appropriateness,Empathy,1,21,50,1639,22,51,1711,1.5354545454545454,0.1634577622072821,0.6859927872749225,0.8397045836745559,False
density,empathy / emotional appropriateness,Empathy,0,10,51,1650,10,51,1711,0.0,0.607010596675706,0.4359155986145586,0.8397045836745559,False
ppl,empathy / emotional appropriateness,Empathy,2,17,49,1643,19,51,1711,3.634801288936627,2.336443012065646,0.1263778319001313,0.8397045836745559,False
kendall s tau,empathy / emotional appropriateness,Empathy,0,11,51,1649,11,51,1711,0.0,0.6679108260424735,0.4137809376957989,0.8397045836745559,False
success rate,empathy / emotional appropriateness,Empathy,2,23,49,1637,25,51,1711,2.75265306122449,1.5380983463653235,0.2149010845723256,0.8397045836745559,False
supert,empathy / emotional appropriateness,Empathy,0,10,51,1650,10,51,1711,0.0,0.607010596675706,0.4359155986145586,0.8397045836745559,False
summaqa,empathy / emotional appropriateness,Empathy,0,10,51,1650,10,51,1711,0.0,0.607010596675706,0.4359155986145586,0.8397045836745559,False
spice,empathy / emotional appropriateness,Empathy,0,24,51,1636,24,51,1711,0.0,1.4629408213635682,0.2264627843840713,0.8397045836745559,False
length,empathy / emotional appropriateness,Empathy,1,15,50,1645,16,51,1711,2.11875,0.4580948563942892,0.4985156930438577,0.8397045836745559,False
parent,empathy / emotional appropriateness,Empathy,0,17,51,1643,17,51,1711,0.0,1.0340778273387643,0.309202823946879,0.8397045836745559,False
consistency,empathy / emotional appropriateness,Empathy,2,12,49,1648,14,51,1711,4.947521865889213,3.34659044224992,0.0673443686456889,0.685992326577204,False
mrr,empathy / emotional appropriateness,Empathy,1,25,50,1635,26,51,1711,1.2961538461538462,0.0628467495063856,0.8020518289240284,0.8481585867982425,False
embedding,empathy / emotional appropriateness,Empathy,0,26,51,1634,26,51,1711,0.0,1.5858050571441702,0.2079264994421649,0.8397045836745559,False
vector extrema,empathy / emotional appropriateness,Empathy,1,15,50,1645,16,51,1711,2.11875,0.4580948563942892,0.4985156930438577,0.8397045836745559,False
greedy matching,empathy / emotional appropriateness,Empathy,0,14,51,1646,14,51,1711,0.0,0.8508300024204308,0.3563176401283101,0.8397045836745559,False
dist,empathy / emotional appropriateness,Empathy,1,22,50,1638,23,51,1711,1.4678260869565216,0.1326360857987994,0.7157143606820175,0.8397045836745559,False
ruber,empathy / emotional appropriateness,Empathy,0,11,51,1649,11,51,1711,0.0,0.6679108260424735,0.4137809376957989,0.8397045836745559,False
bert,empathy / emotional appropriateness,Empathy,0,10,51,1650,10,51,1711,0.0,0.607010596675706,0.4359155986145586,0.8397045836745559,False
xcomet,empathy / emotional appropriateness,Empathy,0,13,51,1647,13,51,1711,0.0,0.789820485368386,0.3741544122953539,0.8397045836745559,False
auroc,empathy / emotional appropriateness,Empathy,0,10,51,1650,10,51,1711,0.0,0.607010596675706,0.4359155986145586,0.8397045836745559,False
entailment,empathy / emotional appropriateness,Empathy,0,11,51,1649,11,51,1711,0.0,0.6679108260424735,0.4137809376957989,0.8397045836745559,False
sacrebleu,empathy / emotional appropriateness,Empathy,0,18,51,1642,18,51,1711,0.0,1.095233672969649,0.2953144984845414,0.8397045836745559,False
gleu,empathy / emotional appropriateness,Empathy,0,14,51,1646,14,51,1711,0.0,0.8508300024204308,0.3563176401283101,0.8397045836745559,False
entropy,empathy / emotional appropriateness,Empathy,1,17,50,1643,18,51,1711,1.881111111111111,0.3351395613805736,0.5626482860443283,0.8397045836745559,False
maude,empathy / emotional appropriateness,Empathy,0,10,51,1650,10,51,1711,0.0,0.607010596675706,0.4359155986145586,0.8397045836745559,False
nist,empathy / emotional appropriateness,Empathy,1,15,50,1645,16,51,1711,2.11875,0.4580948563942892,0.4985156930438577,0.8397045836745559,False
auc,empathy / emotional appropriateness,Empathy,0,12,51,1648,12,51,1711,0.0,0.7288474411043424,0.3932570329603398,0.8397045836745559,False
prism,empathy / emotional appropriateness,Empathy,0,11,51,1649,11,51,1711,0.0,0.6679108260424735,0.4137809376957989,0.8397045836745559,False
bleu,appropriateness (form),Appropriateness (form),5,737,14,955,742,19,1711,0.4664035425490951,2.39931318259452,0.1213885345042522,0.8397045836745559,False
comet,appropriateness (form),Appropriateness (form),1,69,18,1623,70,19,1711,1.3023809523809524,0.0619243549055129,0.8034798711517451,0.8482552722877735,False
rouge,appropriateness (form),Appropriateness (form),3,662,16,1030,665,19,1711,0.2949248120300752,4.891237726000851,0.0269933278454129,0.4599382614698937,False
roc auc,appropriateness (form),Appropriateness (form),0,11,19,1681,11,19,1711,0.0,0.2464657058918378,0.6195747510729686,0.8397045836745559,False
bertscore,appropriateness (form),Appropriateness (form),2,360,17,1332,362,19,1711,0.4384140396490087,1.5226431136176697,0.2172199491448348,0.8397045836745559,False
distinct,appropriateness (form),Appropriateness (form),0,125,19,1567,125,19,1711,0.0,2.8995471186563124,0.0886044431374773,0.7714021477429107,False
f1,appropriateness (form),Appropriateness (form),6,229,13,1463,235,19,1711,2.8988543371522097,4.022963184600529,0.0448847871620968,0.5831536961101547,False
recall,appropriateness (form),Appropriateness (form),1,111,18,1581,112,19,1711,0.7931547619047619,0.0551285473109683,0.8143680878973913,0.8527142309029349,False
meteor,appropriateness (form),Appropriateness (form),3,255,16,1437,258,19,1711,1.055959302325581,0.0074814392468162,0.9310726814456805,0.9470982772962728,False
knowledge f1,appropriateness (form),Appropriateness (form),0,13,19,1679,13,19,1711,0.0,0.291449908244062,0.5892928897334485,0.8397045836745559,False
acc,appropriateness (form),Appropriateness (form),0,11,19,1681,11,19,1711,0.0,0.2464657058918378,0.6195747510729686,0.8397045836745559,False
dae,appropriateness (form),Appropriateness (form),0,17,19,1675,17,19,1711,0.0,0.3815783867254789,0.5367597187284248,0.8397045836745559,False
mauve,appropriateness (form),Appropriateness (form),0,10,19,1682,10,19,1711,0.0,0.2239935587033192,0.6360137302115412,0.8397045836745559,False
factcc,appropriateness (form),Appropriateness (form),0,33,19,1659,33,19,1711,0.0,0.7442453255461066,0.3883043335221615,0.8397045836745559,False
comet qe,appropriateness (form),Appropriateness (form),0,10,19,1682,10,19,1711,0.0,0.2239935587033192,0.6360137302115412,0.8397045836745559,False
unieval,appropriateness (form),Appropriateness (form),0,22,19,1670,22,19,1711,0.0,0.494540432097523,0.4819088824128053,0.8397045836745559,False
chrf,appropriateness (form),Appropriateness (form),1,59,18,1633,60,19,1711,1.5287037037037037,0.1527141442078237,0.695955001915633,0.8397045836745559,False
questeval,appropriateness (form),Appropriateness (form),0,27,19,1665,27,19,1711,0.0,0.607839283151622,0.4356025200051304,0.8397045836745559,False
qafacteval,appropriateness (form),Appropriateness (form),0,12,19,1680,12,19,1711,0.0,0.2689511504899928,0.6040362186228043,0.8397045836745559,False
spearman correlation,appropriateness (form),Appropriateness (form),0,25,19,1667,25,19,1711,0.0,0.5624791975264125,0.4532630574123721,0.8397045836745559,False
pearson correlation,appropriateness (form),Appropriateness (form),0,33,19,1659,33,19,1711,0.0,0.7442453255461066,0.3883043335221615,0.8397045836745559,False
moverscore,appropriateness (form),Appropriateness (form),0,55,19,1637,55,19,1711,0.0,1.2486323113482856,0.2638138592447244,0.8397045836745559,False
g eval,appropriateness (form),Appropriateness (form),0,19,19,1673,19,19,1711,0.0,0.4267229163701388,0.5136013600032909,0.8397045836745559,False
usr,appropriateness (form),Appropriateness (form),0,12,19,1680,12,19,1711,0.0,0.2689511504899928,0.6040362186228043,0.8397045836745559,False
bartscore,appropriateness (form),Appropriateness (form),1,63,18,1629,64,19,1711,1.4296875,0.1103898883193781,0.7397006894279847,0.8397045836745559,False
qags,appropriateness (form),Appropriateness (form),0,10,19,1682,10,19,1711,0.0,0.2239935587033192,0.6360137302115412,0.8397045836745559,False
perplexity,appropriateness (form),Appropriateness (form),4,162,15,1530,166,19,1711,2.4819277108433737,2.1990669186212566,0.1380943058921584,0.8397045836745559,False
ndcg,appropriateness (form),Appropriateness (form),0,21,19,1671,21,19,1711,0.0,0.4719211427143899,0.4921046782384163,0.8397045836745559,False
map,appropriateness (form),Appropriateness (form),0,12,19,1680,12,19,1711,0.0,0.2689511504899928,0.6040362186228043,0.8397045836745559,False
precision,appropriateness (form),Appropriateness (form),1,78,18,1614,79,19,1711,1.1476793248945147,0.0174577588871075,0.8948831974161786,0.9181160111120006,False
bleurt,appropriateness (form),Appropriateness (form),0,110,19,1582,110,19,1711,0.0,2.5396916298151275,0.1110164663602114,0.8397045836745559,False
ter,appropriateness (form),Appropriateness (form),1,49,18,1643,50,19,1711,1.8455555555555556,0.3021498198333744,0.5825378052673218,0.8397045836745559,False
feqa,appropriateness (form),Appropriateness (form),0,10,19,1682,10,19,1711,0.0,0.2239935587033192,0.6360137302115412,0.8397045836745559,False
sari,appropriateness (form),Appropriateness (form),0,25,19,1667,25,19,1711,0.0,0.5624791975264125,0.4532630574123721,0.8397045836745559,False
cosine similarity,appropriateness (form),Appropriateness (form),1,23,18,1669,24,19,1711,3.905092592592592,1.2300321618565413,0.2674007834474534,0.8397045836745559,False
accuracy,appropriateness (form),Appropriateness (form),5,181,14,1511,186,19,1711,2.9281874039938556,3.5652855905402383,0.0589995908811611,0.6483557651616368,False
summac,appropriateness (form),Appropriateness (form),0,15,19,1677,15,19,1711,0.0,0.336487426344517,0.5618637973649256,0.8397045836745559,False
clip,appropriateness (form),Appropriateness (form),0,13,19,1679,13,19,1711,0.0,0.291449908244062,0.5892928897334485,0.8397045836745559,False
cider,appropriateness (form),Appropriateness (form),1,75,18,1617,76,19,1711,1.195175438596491,0.028908098469537,0.8649914058104843,0.8954305857845631,False
exact match,appropriateness (form),Appropriateness (form),0,67,19,1625,67,19,1711,0.0,1.526600693424604,0.2166233378304243,0.8397045836745559,False
chrf++,appropriateness (form),Appropriateness (form),1,22,18,1670,23,19,1711,4.077294685990338,1.2955681734817628,0.2550243373202875,0.8397045836745559,False
blanc,appropriateness (form),Appropriateness (form),0,13,19,1679,13,19,1711,0.0,0.291449908244062,0.5892928897334485,0.8397045836745559,False
diversity,appropriateness (form),Appropriateness (form),1,9,18,1683,10,19,1711,9.45,2.743108260411399,0.097674611604533,0.8016006112360292,False
coherence,appropriateness (form),Appropriateness (form),0,10,19,1682,10,19,1711,0.0,0.2239935587033192,0.6360137302115412,0.8397045836745559,False
clipscore,appropriateness (form),Appropriateness (form),0,15,19,1677,15,19,1711,0.0,0.336487426344517,0.5618637973649256,0.8397045836745559,False
hits,appropriateness (form),Appropriateness (form),0,16,19,1676,16,19,1711,0.0,0.3590262183237863,0.5490475468665074,0.8397045836745559,False
win rate,appropriateness (form),Appropriateness (form),0,14,19,1678,14,19,1711,0.0,0.3139619949276799,0.5752590625708633,0.8397045836745559,False
balanced accuracy,appropriateness (form),Appropriateness (form),0,10,19,1682,10,19,1711,0.0,0.2239935587033192,0.6360137302115412,0.8397045836745559,False
ibleu,appropriateness (form),Appropriateness (form),0,12,19,1680,12,19,1711,0.0,0.2689511504899928,0.6040362186228043,0.8397045836745559,False
self bleu,appropriateness (form),Appropriateness (form),1,29,18,1663,30,19,1711,3.112962962962963,0.904153928106762,0.3416703268403329,0.8397045836745559,False
spearman,appropriateness (form),Appropriateness (form),0,12,19,1680,12,19,1711,0.0,0.2689511504899928,0.6040362186228043,0.8397045836745559,False
kendall,appropriateness (form),Appropriateness (form),0,11,19,1681,11,19,1711,0.0,0.2464657058918378,0.6195747510729686,0.8397045836745559,False
coverage,appropriateness (form),Appropriateness (form),0,22,19,1670,22,19,1711,0.0,0.494540432097523,0.4819088824128053,0.8397045836745559,False
density,appropriateness (form),Appropriateness (form),0,10,19,1682,10,19,1711,0.0,0.2239935587033192,0.6360137302115412,0.8397045836745559,False
ppl,appropriateness (form),Appropriateness (form),0,19,19,1673,19,19,1711,0.0,0.4267229163701388,0.5136013600032909,0.8397045836745559,False
kendall s tau,appropriateness (form),Appropriateness (form),0,11,19,1681,11,19,1711,0.0,0.2464657058918378,0.6195747510729686,0.8397045836745559,False
success rate,appropriateness (form),Appropriateness (form),0,25,19,1667,25,19,1711,0.0,0.5624791975264125,0.4532630574123721,0.8397045836745559,False
supert,appropriateness (form),Appropriateness (form),0,10,19,1682,10,19,1711,0.0,0.2239935587033192,0.6360137302115412,0.8397045836745559,False
summaqa,appropriateness (form),Appropriateness (form),0,10,19,1682,10,19,1711,0.0,0.2239935587033192,0.6360137302115412,0.8397045836745559,False
spice,appropriateness (form),Appropriateness (form),0,24,19,1668,24,19,1711,0.0,0.5398194434314256,0.4625075645724129,0.8397045836745559,False
length,appropriateness (form),Appropriateness (form),0,16,19,1676,16,19,1711,0.0,0.3590262183237863,0.5490475468665074,0.8397045836745559,False
parent,appropriateness (form),Appropriateness (form),0,17,19,1675,17,19,1711,0.0,0.3815783867254789,0.5367597187284248,0.8397045836745559,False
consistency,appropriateness (form),Appropriateness (form),1,13,18,1679,14,19,1711,6.734126984126984,2.125053738899315,0.1449076982992493,0.8397045836745559,False
mrr,appropriateness (form),Appropriateness (form),1,25,18,1667,26,19,1711,3.6004273504273505,1.109587579771632,0.2921716171005701,0.8397045836745559,False
embedding,appropriateness (form),Appropriateness (form),0,26,19,1666,26,19,1711,0.0,0.585152472052094,0.4442997736157883,0.8397045836745559,False
vector extrema,appropriateness (form),Appropriateness (form),0,16,19,1676,16,19,1711,0.0,0.3590262183237863,0.5490475468665074,0.8397045836745559,False
greedy matching,appropriateness (form),Appropriateness (form),0,14,19,1678,14,19,1711,0.0,0.3139619949276799,0.5752590625708633,0.8397045836745559,False
dist,appropriateness (form),Appropriateness (form),0,23,19,1669,23,19,1711,0.0,0.5171731936501924,0.4720500143611975,0.8397045836745559,False
ruber,appropriateness (form),Appropriateness (form),0,11,19,1681,11,19,1711,0.0,0.2464657058918378,0.6195747510729686,0.8397045836745559,False
bert,appropriateness (form),Appropriateness (form),0,10,19,1682,10,19,1711,0.0,0.2239935587033192,0.6360137302115412,0.8397045836745559,False
xcomet,appropriateness (form),Appropriateness (form),0,13,19,1679,13,19,1711,0.0,0.291449908244062,0.5892928897334485,0.8397045836745559,False
auroc,appropriateness (form),Appropriateness (form),0,10,19,1682,10,19,1711,0.0,0.2239935587033192,0.6360137302115412,0.8397045836745559,False
entailment,appropriateness (form),Appropriateness (form),1,10,18,1682,11,19,1711,8.585858585858587,2.5640566730334324,0.10931774862132,0.8397045836745559,False
sacrebleu,appropriateness (form),Appropriateness (form),0,18,19,1674,18,19,1711,0.0,0.404143947435586,0.5249568725040462,0.8397045836745559,False
gleu,appropriateness (form),Appropriateness (form),0,14,19,1678,14,19,1711,0.0,0.3139619949276799,0.5752590625708633,0.8397045836745559,False
entropy,appropriateness (form),Appropriateness (form),0,18,19,1674,18,19,1711,0.0,0.404143947435586,0.5249568725040462,0.8397045836745559,False
maude,appropriateness (form),Appropriateness (form),0,10,19,1682,10,19,1711,0.0,0.2239935587033192,0.6360137302115412,0.8397045836745559,False
nist,appropriateness (form),Appropriateness (form),1,15,18,1677,16,19,1711,5.885416666666667,1.891322317818096,0.169052852695132,0.8397045836745559,False
auc,appropriateness (form),Appropriateness (form),1,11,18,1681,12,19,1711,7.8657407407407405,2.403282897901674,0.1210809168060526,0.8397045836745559,False
prism,appropriateness (form),Appropriateness (form),0,11,19,1681,11,19,1711,0.0,0.2464657058918378,0.6195747510729686,0.8397045836745559,False
bleu,output length,Output Length,1,741,7,962,742,8,1711,0.186561417019638,3.617181406789374,0.0571856799900828,0.6452795683107804,False
comet,output length,Output Length,0,70,8,1633,70,8,1711,0.0,0.6699556058305524,0.4130670852878243,0.8397045836745559,False
rouge,output length,Output Length,4,661,4,1042,665,8,1711,1.5729323308270675,0.4088129903721893,0.5225726001831812,0.8397045836745559,False
roc auc,output length,Output Length,0,11,8,1692,11,8,1711,0.0,0.1034386936389335,0.747741451202653,0.8397045836745559,False
bertscore,output length,Output Length,3,359,5,1344,362,8,1711,2.235911602209945,1.1172893070014065,0.290502885820363,0.8397045836745559,False
distinct,output length,Output Length,0,125,8,1578,125,8,1711,0.0,1.216763596852218,0.2699967337945862,0.8397045836745559,False
f1,output length,Output Length,0,235,8,1468,235,8,1711,0.0,2.3698518246335083,0.1236987922251034,0.8397045836745559,False
recall,output length,Output Length,0,112,8,1591,112,8,1711,0.0,1.0858214498217655,0.2973988984312131,0.8397045836745559,False
meteor,output length,Output Length,2,256,6,1447,258,8,1711,1.8772609819121449,0.5343948983222615,0.464764990913864,0.8397045836745559,False
knowledge f1,output length,Output Length,0,13,8,1690,13,8,1711,0.0,0.1223177869227191,0.7265341326751111,0.8397045836745559,False
acc,output length,Output Length,0,11,8,1692,11,8,1711,0.0,0.1034386936389335,0.747741451202653,0.8397045836745559,False
dae,output length,Output Length,0,17,8,1686,17,8,1711,0.0,0.160142934107055,0.6890249549478697,0.8397045836745559,False
mauve,output length,Output Length,0,10,8,1693,10,8,1711,0.0,0.0940074940440459,0.7591429698220056,0.8397045836745559,False
factcc,output length,Output Length,0,33,8,1670,33,8,1711,0.0,0.3123441309241057,0.5762452827225644,0.8397045836745559,False
comet qe,output length,Output Length,0,10,8,1693,10,8,1711,0.0,0.0940074940440459,0.7591429698220056,0.8397045836745559,False
unieval,output length,Output Length,1,21,7,1682,22,8,1711,10.967532467532468,2.898185354389514,0.0886793319809613,0.7714021477429107,False
chrf,output length,Output Length,1,59,7,1644,60,8,1711,3.9309523809523808,1.1814280576466305,0.2770654630732749,0.8397045836745559,False
questeval,output length,Output Length,0,27,8,1676,27,8,1711,0.0,0.2550988807965986,0.6135074632281783,0.8397045836745559,False
qafacteval,output length,Output Length,0,12,8,1691,12,8,1711,0.0,0.1128754557435644,0.7368939216332349,0.8397045836745559,False
spearman correlation,output length,Output Length,0,25,8,1678,25,8,1711,0.0,0.236062554697881,0.6270645221431461,0.8397045836745559,False
pearson correlation,output length,Output Length,0,33,8,1670,33,8,1711,0.0,0.3123441309241057,0.5762452827225644,0.8397045836745559,False
moverscore,output length,Output Length,1,54,7,1649,55,8,1711,4.301298701298702,1.3145594582745952,0.2515707969485636,0.8397045836745559,False
g eval,output length,Output Length,1,18,7,1685,19,8,1711,12.721804511278195,3.173916685867024,0.074822814540708,0.7155067979402981,False
usr,output length,Output Length,0,12,8,1691,12,8,1711,0.0,0.1128754557435644,0.7368939216332349,0.8397045836745559,False
bartscore,output length,Output Length,2,62,6,1641,64,8,1711,8.578125,4.651491436153055,0.0310265789535498,0.491642485251565,False
qags,output length,Output Length,0,10,8,1693,10,8,1711,0.0,0.0940074940440459,0.7591429698220056,0.8397045836745559,False
perplexity,output length,Output Length,0,166,8,1537,166,8,1711,0.0,1.6368975242099064,0.2007516721609342,0.8397045836745559,False
ndcg,output length,Output Length,0,21,8,1682,21,8,1711,0.0,0.1980577147601258,0.6562931914552839,0.8397045836745559,False
map,output length,Output Length,0,12,8,1691,12,8,1711,0.0,0.1128754557435644,0.7368939216332349,0.8397045836745559,False
precision,output length,Output Length,0,79,8,1624,79,8,1711,0.0,0.7581642752955324,0.3839036192154401,0.8397045836745559,False
bleurt,output length,Output Length,1,109,7,1594,110,8,1711,2.0792207792207793,0.3929827863191937,0.5307356750246396,0.8397045836745559,False
ter,output length,Output Length,0,50,8,1653,50,8,1711,0.0,0.4756601829102969,0.4903946794950587,0.8397045836745559,False
feqa,output length,Output Length,0,10,8,1693,10,8,1711,0.0,0.0940074940440459,0.7591429698220056,0.8397045836745559,False
sari,output length,Output Length,1,24,7,1679,25,8,1711,9.634285714285715,2.661844191148279,0.1027815038223083,0.8174459654241661,False
cosine similarity,output length,Output Length,0,24,8,1679,24,8,1711,0.0,0.2265528782548013,0.6340916815227524,0.8397045836745559,False
accuracy,output length,Output Length,1,185,7,1518,186,8,1711,1.1712749615975424,0.0211237760507855,0.8844422703756778,0.9092526710021072,False
summac,output length,Output Length,0,15,8,1688,15,8,1711,0.0,0.1412191828267678,0.707071975358851,0.8397045836745559,False
clip,output length,Output Length,0,13,8,1690,13,8,1711,0.0,0.1223177869227191,0.7265341326751111,0.8397045836745559,False
cider,output length,Output Length,0,76,8,1627,76,8,1711,0.0,0.728707319191808,0.3933025178016058,0.8397045836745559,False
exact match,output length,Output Length,0,67,8,1636,67,8,1711,0.0,0.6406604524794819,0.4234717389255752,0.8397045836745559,False
chrf++,output length,Output Length,1,22,7,1681,23,8,1711,10.48447204968944,2.815553550330865,0.0933546876250289,0.7963676863721588,False
blanc,output length,Output Length,1,12,7,1691,13,8,1711,18.65934065934066,3.9086307228678496,0.0480387222795712,0.5996499565088341,False
diversity,output length,Output Length,0,10,8,1693,10,8,1711,0.0,0.0940074940440459,0.7591429698220056,0.8397045836745559,False
coherence,output length,Output Length,0,10,8,1693,10,8,1711,0.0,0.0940074940440459,0.7591429698220056,0.8397045836745559,False
clipscore,output length,Output Length,0,15,8,1688,15,8,1711,0.0,0.1412191828267678,0.707071975358851,0.8397045836745559,False
hits,output length,Output Length,0,16,8,1687,16,8,1711,0.0,0.1506782607399338,0.6978880289407012,0.8397045836745559,False
win rate,output length,Output Length,0,14,8,1689,14,8,1711,0.0,0.1317656937541935,0.7166082862822096,0.8397045836745559,False
balanced accuracy,output length,Output Length,0,10,8,1693,10,8,1711,0.0,0.0940074940440459,0.7591429698220056,0.8397045836745559,False
ibleu,output length,Output Length,0,12,8,1691,12,8,1711,0.0,0.1128754557435644,0.7368939216332349,0.8397045836745559,False
self bleu,output length,Output Length,0,30,8,1673,30,8,1711,0.0,0.283695904116978,0.5942889593217751,0.8397045836745559,False
spearman,output length,Output Length,0,12,8,1691,12,8,1711,0.0,0.1128754557435644,0.7368939216332349,0.8397045836745559,False
kendall,output length,Output Length,0,11,8,1692,11,8,1711,0.0,0.1034386936389335,0.747741451202653,0.8397045836745559,False
coverage,output length,Output Length,0,22,8,1681,22,8,1711,0.0,0.2075504649871047,0.6486941364877972,0.8397045836745559,False
density,output length,Output Length,0,10,8,1693,10,8,1711,0.0,0.0940074940440459,0.7591429698220056,0.8397045836745559,False
ppl,output length,Output Length,0,19,8,1684,19,8,1711,0.0,0.1790890937077441,0.6721572304091078,0.8397045836745559,False
kendall s tau,output length,Output Length,0,11,8,1692,11,8,1711,0.0,0.1034386936389335,0.747741451202653,0.8397045836745559,False
success rate,output length,Output Length,0,25,8,1678,25,8,1711,0.0,0.236062554697881,0.6270645221431461,0.8397045836745559,False
supert,output length,Output Length,1,9,7,1694,10,8,1711,24.3,4.433130761571126,0.0352477967560968,0.5267096736218565,False
summaqa,output length,Output Length,1,9,7,1694,10,8,1711,24.3,4.433130761571126,0.0352477967560968,0.5267096736218565,False
spice,output length,Output Length,0,24,8,1679,24,8,1711,0.0,0.2265528782548013,0.6340916815227524,0.8397045836745559,False
length,output length,Output Length,1,15,7,1688,16,8,1711,15.133928571428571,3.5030294182599153,0.0612566796903888,0.6620161758961304,False
parent,output length,Output Length,0,17,8,1686,17,8,1711,0.0,0.160142934107055,0.6890249549478697,0.8397045836745559,False
consistency,output length,Output Length,0,14,8,1689,14,8,1711,0.0,0.1317656937541935,0.7166082862822096,0.8397045836745559,False
mrr,output length,Output Length,0,26,8,1677,26,8,1711,0.0,0.2455778866350139,0.6202061808942274,0.8397045836745559,False
embedding,output length,Output Length,0,26,8,1677,26,8,1711,0.0,0.2455778866350139,0.6202061808942274,0.8397045836745559,False
vector extrema,output length,Output Length,0,16,8,1687,16,8,1711,0.0,0.1506782607399338,0.6978880289407012,0.8397045836745559,False
greedy matching,output length,Output Length,0,14,8,1689,14,8,1711,0.0,0.1317656937541935,0.7166082862822096,0.8397045836745559,False
dist,output length,Output Length,0,23,8,1680,23,8,1711,0.0,0.2170488505864791,0.6412978051974794,0.8397045836745559,False
ruber,output length,Output Length,0,11,8,1692,11,8,1711,0.0,0.1034386936389335,0.747741451202653,0.8397045836745559,False
bert,output length,Output Length,0,10,8,1693,10,8,1711,0.0,0.0940074940440459,0.7591429698220056,0.8397045836745559,False
xcomet,output length,Output Length,0,13,8,1690,13,8,1711,0.0,0.1223177869227191,0.7265341326751111,0.8397045836745559,False
auroc,output length,Output Length,0,10,8,1693,10,8,1711,0.0,0.0940074940440459,0.7591429698220056,0.8397045836745559,False
entailment,output length,Output Length,0,11,8,1692,11,8,1711,0.0,0.1034386936389335,0.747741451202653,0.8397045836745559,False
sacrebleu,output length,Output Length,0,18,8,1685,18,8,1711,0.0,0.1696132095511039,0.6804557895557767,0.8397045836745559,False
gleu,output length,Output Length,0,14,8,1689,14,8,1711,0.0,0.1317656937541935,0.7166082862822096,0.8397045836745559,False
entropy,output length,Output Length,0,18,8,1685,18,8,1711,0.0,0.1696132095511039,0.6804557895557767,0.8397045836745559,False
maude,output length,Output Length,0,10,8,1693,10,8,1711,0.0,0.0940074940440459,0.7591429698220056,0.8397045836745559,False
nist,output length,Output Length,0,16,8,1687,16,8,1711,0.0,0.1506782607399338,0.6978880289407012,0.8397045836745559,False
auc,output length,Output Length,0,12,8,1691,12,8,1711,0.0,0.1128754557435644,0.7368939216332349,0.8397045836745559,False
prism,output length,Output Length,0,11,8,1692,11,8,1711,0.0,0.1034386936389335,0.747741451202653,0.8397045836745559,False
bleu,usefulness for task/information need,Task Helpfulness,28,714,53,916,742,81,1711,0.6899252402990388,2.7357934170888214,0.0981227577473371,0.8016006112360292,False
comet,usefulness for task/information need,Task Helpfulness,0,70,81,1560,70,81,1711,0.0,6.936137270751475,0.0084471335958522,0.2484896699048903,False
rouge,usefulness for task/information need,Task Helpfulness,24,641,57,989,665,81,1711,0.6622872971903443,3.1601338958702136,0.0754569941794766,0.7163356050869737,False
roc auc,usefulness for task/information need,Task Helpfulness,0,11,81,1619,11,81,1711,0.0,1.0704853259894012,0.3008358478983809,0.8397045836745559,False
bertscore,usefulness for task/information need,Task Helpfulness,15,347,66,1283,362,81,1711,0.8469362129583123,0.3659198685313152,0.5452367329666037,0.8397045836745559,False
distinct,usefulness for task/information need,Task Helpfulness,9,116,72,1514,125,81,1711,1.586,1.597574335207013,0.2062473017947153,0.8397045836745559,False
f1,usefulness for task/information need,Task Helpfulness,13,222,68,1408,235,81,1711,1.2007509386733417,0.3686036773049599,0.543766369088494,0.8397045836745559,False
recall,usefulness for task/information need,Task Helpfulness,6,106,75,1524,112,81,1711,1.1421428571428571,0.0994082909828466,0.7525408666820479,0.8397045836745559,False
meteor,usefulness for task/information need,Task Helpfulness,10,248,71,1382,258,81,1711,0.7932088655966808,0.5219407158271361,0.470014999952254,0.8397045836745559,False
knowledge f1,usefulness for task/information need,Task Helpfulness,2,11,79,1619,13,81,1711,3.306718597857839,2.1312646443833807,0.1443216417981775,0.8397045836745559,False
acc,usefulness for task/information need,Task Helpfulness,0,11,81,1619,11,81,1711,0.0,1.0704853259894012,0.3008358478983809,0.8397045836745559,False
dae,usefulness for task/information need,Task Helpfulness,0,17,81,1613,17,81,1711,0.0,1.6573822821210713,0.1979571338069256,0.8397045836745559,False
mauve,usefulness for task/information need,Task Helpfulness,1,9,80,1621,10,81,1711,2.12625,0.4756946278493037,0.4903789727140609,0.8397045836745559,False
factcc,usefulness for task/information need,Task Helpfulness,0,33,81,1597,33,81,1711,0.0,3.2329180040813763,0.0721719839977399,0.7066391269032446,False
comet qe,usefulness for task/information need,Task Helpfulness,0,10,81,1620,10,81,1711,0.0,0.9728755913627298,0.3239640603308635,0.8397045836745559,False
unieval,usefulness for task/information need,Task Helpfulness,0,22,81,1608,22,81,1711,0.0,2.148092852043263,0.1427471093205291,0.8397045836745559,False
chrf,usefulness for task/information need,Task Helpfulness,0,60,81,1570,60,81,1711,0.0,5.926888439179926,0.0149115489238376,0.3425597131228505,False
questeval,usefulness for task/information need,Task Helpfulness,0,27,81,1603,27,81,1711,0.0,2.640294640626582,0.1041842203218175,0.8216997802407339,False
qafacteval,usefulness for task/information need,Task Helpfulness,1,11,80,1619,12,81,1711,1.7697916666666669,0.286098932947357,0.5927313401760483,0.8397045836745559,False
spearman correlation,usefulness for task/information need,Task Helpfulness,1,24,80,1606,25,81,1711,0.843,0.0319064977802628,0.8582330265295889,0.8902606979813571,False
pearson correlation,usefulness for task/information need,Task Helpfulness,3,30,78,1600,33,81,1711,1.955710955710956,1.133674416115558,0.2869929342685781,0.8397045836745559,False
moverscore,usefulness for task/information need,Task Helpfulness,0,55,81,1575,55,81,1711,0.0,5.42461259809342,0.0198548399179649,0.3970967983592995,False
g eval,usefulness for task/information need,Task Helpfulness,0,19,81,1611,19,81,1711,0.0,1.8534881423491412,0.1733782471700056,0.8397045836745559,False
usr,usefulness for task/information need,Task Helpfulness,0,12,81,1618,12,81,1711,0.0,1.1681539204889508,0.2797808850475595,0.8397045836745559,False
bartscore,usefulness for task/information need,Task Helpfulness,1,63,80,1567,64,81,1711,0.3216796875,1.964471153254868,0.1610359428197036,0.8397045836745559,False
qags,usefulness for task/information need,Task Helpfulness,0,10,81,1620,10,81,1711,0.0,0.9728755913627298,0.3239640603308635,0.8397045836745559,False
perplexity,usefulness for task/information need,Task Helpfulness,4,162,77,1468,166,81,1711,0.4834924112032546,2.618234247676887,0.1056419382246564,0.8280462237579947,False
ndcg,usefulness for task/information need,Task Helpfulness,2,19,79,1611,21,81,1711,2.0373719107896324,0.8491144838357849,0.3568029667269289,0.8397045836745559,False
map,usefulness for task/information need,Task Helpfulness,0,12,81,1618,12,81,1711,0.0,1.1681539204889508,0.2797808850475595,0.8397045836745559,False
precision,usefulness for task/information need,Task Helpfulness,4,75,77,1555,79,81,1711,1.073154693407858,0.0195012035643107,0.8889391330847187,0.9134462269792848,False
bleurt,usefulness for task/information need,Task Helpfulness,1,109,80,1521,110,81,1711,0.1819318181818182,5.522467848248461,0.0187737560984594,0.3844841932767178,False
ter,usefulness for task/information need,Task Helpfulness,0,50,81,1580,50,81,1711,0.0,4.923889559485765,0.0264878197052984,0.4572634138598881,False
feqa,usefulness for task/information need,Task Helpfulness,0,10,81,1620,10,81,1711,0.0,0.9728755913627298,0.3239640603308635,0.8397045836745559,False
sari,usefulness for task/information need,Task Helpfulness,0,25,81,1605,25,81,1711,0.0,2.443234398873016,0.1180326272359304,0.8397045836745559,False
cosine similarity,usefulness for task/information need,Task Helpfulness,0,24,81,1606,24,81,1711,0.0,2.344794113897701,0.1257021684639368,0.8397045836745559,False
accuracy,usefulness for task/information need,Task Helpfulness,11,175,70,1455,186,81,1711,1.2884024577572966,0.6044816275739162,0.4368731730331963,0.8397045836745559,False
summac,usefulness for task/information need,Task Helpfulness,0,15,81,1615,15,81,1711,0.0,1.4615135743074212,0.2266894487376079,0.8397045836745559,False
clip,usefulness for task/information need,Task Helpfulness,0,13,81,1617,13,81,1711,0.0,1.2658814459058123,0.2605407421286089,0.8397045836745559,False
cider,usefulness for task/information need,Task Helpfulness,5,71,76,1559,76,81,1711,1.4153393351800554,0.5408233043449275,0.4620917226120243,0.8397045836745559,False
exact match,usefulness for task/information need,Task Helpfulness,2,65,79,1565,67,81,1711,0.6211978084262233,0.5388295951835302,0.4629181852707088,0.8397045836745559,False
chrf++,usefulness for task/information need,Task Helpfulness,0,23,81,1607,23,81,1711,0.0,2.2464136224911706,0.1339244699871421,0.8397045836745559,False
blanc,usefulness for task/information need,Task Helpfulness,0,13,81,1617,13,81,1711,0.0,1.2658814459058123,0.2605407421286089,0.8397045836745559,False
diversity,usefulness for task/information need,Task Helpfulness,0,10,81,1620,10,81,1711,0.0,0.9728755913627298,0.3239640603308635,0.8397045836745559,False
coherence,usefulness for task/information need,Task Helpfulness,0,10,81,1620,10,81,1711,0.0,0.9728755913627298,0.3239640603308635,0.8397045836745559,False
clipscore,usefulness for task/information need,Task Helpfulness,0,15,81,1615,15,81,1711,0.0,1.4615135743074212,0.2266894487376079,0.8397045836745559,False
hits,usefulness for task/information need,Task Helpfulness,1,15,80,1615,16,81,1711,1.32421875,0.0751448807295128,0.7839880504556596,0.8414530350982423,False
win rate,usefulness for task/information need,Task Helpfulness,0,14,81,1616,14,81,1711,0.0,1.3636679734111343,0.2429027999774913,0.8397045836745559,False
balanced accuracy,usefulness for task/information need,Task Helpfulness,2,8,79,1622,10,81,1711,4.3063291139240505,3.0000185866831,0.0832635614358249,0.7563954740798876,False
ibleu,usefulness for task/information need,Task Helpfulness,0,12,81,1618,12,81,1711,0.0,1.1681539204889508,0.2797808850475595,0.8397045836745559,False
self bleu,usefulness for task/information need,Task Helpfulness,0,30,81,1600,30,81,1711,0.0,2.936335277878372,0.0866070228751619,0.7615845443177774,False
spearman,usefulness for task/information need,Task Helpfulness,0,12,81,1618,12,81,1711,0.0,1.1681539204889508,0.2797808850475595,0.8397045836745559,False
kendall,usefulness for task/information need,Task Helpfulness,0,11,81,1619,11,81,1711,0.0,1.0704853259894012,0.3008358478983809,0.8397045836745559,False
coverage,usefulness for task/information need,Task Helpfulness,0,22,81,1608,22,81,1711,0.0,2.148092852043263,0.1427471093205291,0.8397045836745559,False
density,usefulness for task/information need,Task Helpfulness,0,10,81,1620,10,81,1711,0.0,0.9728755913627298,0.3239640603308635,0.8397045836745559,False
ppl,usefulness for task/information need,Task Helpfulness,0,19,81,1611,19,81,1711,0.0,1.8534881423491412,0.1733782471700056,0.8397045836745559,False
kendall s tau,usefulness for task/information need,Task Helpfulness,0,11,81,1619,11,81,1711,0.0,1.0704853259894012,0.3008358478983809,0.8397045836745559,False
success rate,usefulness for task/information need,Task Helpfulness,7,18,74,1612,25,81,1711,6.3794594594594605,15.25923106960136,9.371759571173248e-05,0.009915926255951,True
supert,usefulness for task/information need,Task Helpfulness,0,10,81,1620,10,81,1711,0.0,0.9728755913627298,0.3239640603308635,0.8397045836745559,False
summaqa,usefulness for task/information need,Task Helpfulness,0,10,81,1620,10,81,1711,0.0,0.9728755913627298,0.3239640603308635,0.8397045836745559,False
spice,usefulness for task/information need,Task Helpfulness,1,23,80,1607,24,81,1711,0.8786458333333333,0.018069005645748,0.8930696755416483,0.9165420950490007,False
length,usefulness for task/information need,Task Helpfulness,0,16,81,1614,16,81,1711,0.0,1.5594183200234564,0.2117504097229056,0.8397045836745559,False
parent,usefulness for task/information need,Task Helpfulness,0,17,81,1613,17,81,1711,0.0,1.6573822821210713,0.1979571338069256,0.8397045836745559,False
consistency,usefulness for task/information need,Task Helpfulness,0,14,81,1616,14,81,1711,0.0,1.3636679734111343,0.2429027999774913,0.8397045836745559,False
mrr,usefulness for task/information need,Task Helpfulness,2,24,79,1606,26,81,1711,1.640701071080818,0.435400668295846,0.5093507518202165,0.8397045836745559,False
embedding,usefulness for task/information need,Task Helpfulness,0,26,81,1604,26,81,1711,0.0,2.5417345501576927,0.110872925715934,0.8397045836745559,False
vector extrema,usefulness for task/information need,Task Helpfulness,0,16,81,1614,16,81,1711,0.0,1.5594183200234564,0.2117504097229056,0.8397045836745559,False
greedy matching,usefulness for task/information need,Task Helpfulness,0,14,81,1616,14,81,1711,0.0,1.3636679734111343,0.2429027999774913,0.8397045836745559,False
dist,usefulness for task/information need,Task Helpfulness,0,23,81,1607,23,81,1711,0.0,2.2464136224911706,0.1339244699871421,0.8397045836745559,False
ruber,usefulness for task/information need,Task Helpfulness,0,11,81,1619,11,81,1711,0.0,1.0704853259894012,0.3008358478983809,0.8397045836745559,False
bert,usefulness for task/information need,Task Helpfulness,0,10,81,1620,10,81,1711,0.0,0.9728755913627298,0.3239640603308635,0.8397045836745559,False
xcomet,usefulness for task/information need,Task Helpfulness,0,13,81,1617,13,81,1711,0.0,1.2658814459058123,0.2605407421286089,0.8397045836745559,False
auroc,usefulness for task/information need,Task Helpfulness,0,10,81,1620,10,81,1711,0.0,0.9728755913627298,0.3239640603308635,0.8397045836745559,False
entailment,usefulness for task/information need,Task Helpfulness,1,10,80,1620,11,81,1711,1.931818181818182,0.3717351206419088,0.5420599945660014,0.8397045836745559,False
sacrebleu,usefulness for task/information need,Task Helpfulness,0,18,81,1612,18,81,1711,0.0,1.7554055322889217,0.1851986222269331,0.8397045836745559,False
gleu,usefulness for task/information need,Task Helpfulness,1,13,80,1617,14,81,1711,1.5151785714285713,0.158281691509967,0.690743473704174,0.8397045836745559,False
entropy,usefulness for task/information need,Task Helpfulness,0,18,81,1612,18,81,1711,0.0,1.7554055322889217,0.1851986222269331,0.8397045836745559,False
maude,usefulness for task/information need,Task Helpfulness,0,10,81,1620,10,81,1711,0.0,0.9728755913627298,0.3239640603308635,0.8397045836745559,False
nist,usefulness for task/information need,Task Helpfulness,0,16,81,1614,16,81,1711,0.0,1.5594183200234564,0.2117504097229056,0.8397045836745559,False
auc,usefulness for task/information need,Task Helpfulness,0,12,81,1618,12,81,1711,0.0,1.1681539204889508,0.2797808850475595,0.8397045836745559,False
prism,usefulness for task/information need,Task Helpfulness,0,11,81,1619,11,81,1711,0.0,1.0704853259894012,0.3008358478983809,0.8397045836745559,False
bleu,meaning accuracy,Meaning Accuracy,14,728,10,959,742,24,1711,1.8283018867924528,2.1948030775074585,0.138476905314439,0.8397045836745559,False
comet,meaning accuracy,Meaning Accuracy,3,67,21,1620,70,24,1711,3.3489795918367347,2.909602616113432,0.0880535684017102,0.7691496787153389,False
rouge,meaning accuracy,Meaning Accuracy,11,654,13,1033,665,24,1711,1.3309427414690571,0.4885104675303169,0.4845925041590579,0.8397045836745559,False
roc auc,meaning accuracy,Meaning Accuracy,0,11,24,1676,11,24,1711,0.0,0.3117866512229681,0.5765858886770123,0.8397045836745559,False
bertscore,meaning accuracy,Meaning Accuracy,7,355,17,1332,362,24,1711,1.5344491387715309,0.8654971254258479,0.3522049184519868,0.8397045836745559,False
distinct,meaning accuracy,Meaning Accuracy,0,125,24,1562,125,24,1711,0.0,3.668211155552969,0.0554596772554514,0.6382727768346698,False
f1,meaning accuracy,Meaning Accuracy,3,232,21,1455,235,24,1711,0.8972644376899696,0.0321332328149798,0.8577355568486235,0.8898853792388058,False
recall,meaning accuracy,Meaning Accuracy,4,108,20,1579,112,24,1711,2.8553571428571427,2.949283988469033,0.0859156154329509,0.7597436777465535,False
meteor,meaning accuracy,Meaning Accuracy,8,250,16,1437,258,24,1711,2.815891472868217,5.036896038282566,0.0248129114879862,0.4443409476828813,False
knowledge f1,meaning accuracy,Meaning Accuracy,0,13,24,1674,13,24,1711,0.0,0.3686933675395031,0.5437173575914342,0.8397045836745559,False
acc,meaning accuracy,Meaning Accuracy,0,11,24,1676,11,24,1711,0.0,0.3117866512229681,0.5765858886770123,0.8397045836745559,False
dae,meaning accuracy,Meaning Accuracy,1,16,23,1671,17,24,1711,4.332480818414322,1.4042015863410808,0.2360213529932534,0.8397045836745559,False
mauve,meaning accuracy,Meaning Accuracy,0,10,24,1677,10,24,1711,0.0,0.2833585733095006,0.5945082910917401,0.8397045836745559,False
factcc,meaning accuracy,Meaning Accuracy,1,32,23,1655,33,24,1711,2.2108036890645586,0.4877593392535979,0.484928517982088,0.8397045836745559,False
comet qe,meaning accuracy,Meaning Accuracy,0,10,24,1677,10,24,1711,0.0,0.2833585733095006,0.5945082910917401,0.8397045836745559,False
unieval,meaning accuracy,Meaning Accuracy,0,22,24,1665,22,24,1711,0.0,0.6256118126725314,0.4289695134906149,0.8397045836745559,False
chrf,meaning accuracy,Meaning Accuracy,4,56,20,1631,60,24,1711,5.503333333333333,6.782674544575506,0.0092046866404519,0.2589654449731897,False
questeval,meaning accuracy,Meaning Accuracy,0,27,24,1660,27,24,1711,0.0,0.7689407388920378,0.3805449428131116,0.8397045836745559,False
qafacteval,meaning accuracy,Meaning Accuracy,0,12,24,1675,12,24,1711,0.0,0.3402315759729472,0.5596955823776756,0.8397045836745559,False
spearman correlation,meaning accuracy,Meaning Accuracy,1,24,23,1663,25,24,1711,2.9321739130434783,0.8326560036053257,0.3615056405725971,0.8397045836745559,False
pearson correlation,meaning accuracy,Meaning Accuracy,1,32,23,1655,33,24,1711,2.2108036890645586,0.4877593392535979,0.484928517982088,0.8397045836745559,False
moverscore,meaning accuracy,Meaning Accuracy,1,54,23,1633,55,24,1711,1.309090909090909,0.0651017814184573,0.7986068555018845,0.8459317997315188,False
g eval,meaning accuracy,Meaning Accuracy,0,19,24,1668,19,24,1711,0.0,0.5398194434314256,0.4625075645724129,0.8397045836745559,False
usr,meaning accuracy,Meaning Accuracy,0,12,24,1675,12,24,1711,0.0,0.3402315759729472,0.5596955823776756,0.8397045836745559,False
bartscore,meaning accuracy,Meaning Accuracy,0,64,24,1623,64,24,1711,0.0,1.8430896962051544,0.1745892473047544,0.8397045836745559,False
qags,meaning accuracy,Meaning Accuracy,1,9,23,1678,10,24,1711,7.395652173913044,2.3179688895977497,0.127886917411594,0.8397045836745559,False
perplexity,meaning accuracy,Meaning Accuracy,1,165,23,1522,166,24,1711,0.4046621267679413,1.0582413978895593,0.3036166242360571,0.8397045836745559,False
ndcg,meaning accuracy,Meaning Accuracy,0,21,24,1666,21,24,1711,0.0,0.5969973147839617,0.4397259853202936,0.8397045836745559,False
map,meaning accuracy,Meaning Accuracy,0,12,24,1675,12,24,1711,0.0,0.3402315759729472,0.5596955823776756,0.8397045836745559,False
precision,meaning accuracy,Meaning Accuracy,1,78,23,1609,79,24,1711,0.8981838194826637,0.0115781697978522,0.9143114863919968,0.9335568188739752,False
bleurt,meaning accuracy,Meaning Accuracy,5,105,19,1582,110,24,1711,3.830143540669857,5.524036576745109,0.0187569293016207,0.3844841932767178,False
ter,meaning accuracy,Meaning Accuracy,1,49,23,1638,50,24,1711,1.4443478260869564,0.1179135787254815,0.7313084915190893,0.8397045836745559,False
feqa,meaning accuracy,Meaning Accuracy,1,9,23,1678,10,24,1711,7.395652173913044,2.3179688895977497,0.127886917411594,0.8397045836745559,False
sari,meaning accuracy,Meaning Accuracy,0,25,24,1662,25,24,1711,0.0,0.711557799364829,0.3989271448580141,0.8397045836745559,False
cosine similarity,meaning accuracy,Meaning Accuracy,0,24,24,1663,24,24,1711,0.0,0.6828920345695209,0.4085926378226903,0.8397045836745559,False
accuracy,meaning accuracy,Meaning Accuracy,3,183,21,1504,186,24,1711,1.1712749615975422,0.0639983161515389,0.8002845300790695,0.8467526640836607,False
summac,meaning accuracy,Meaning Accuracy,0,15,24,1672,15,24,1711,0.0,0.4256676312183688,0.5141224689899015,0.8397045836745559,False
clip,meaning accuracy,Meaning Accuracy,0,13,24,1674,13,24,1711,0.0,0.3686933675395031,0.5437173575914342,0.8397045836745559,False
cider,meaning accuracy,Meaning Accuracy,1,75,23,1612,76,24,1711,0.9353546910755148,0.0044296050589325,0.9469357495692564,0.9593417119083608,False
exact match,meaning accuracy,Meaning Accuracy,2,65,22,1622,67,24,1711,2.2306648575305292,0.9678463113791392,0.3252178905573634,0.8397045836745559,False
chrf++,meaning accuracy,Meaning Accuracy,0,23,24,1664,23,24,1711,0.0,0.6542433791425923,0.4185996337973846,0.8397045836745559,False
blanc,meaning accuracy,Meaning Accuracy,0,13,24,1674,13,24,1711,0.0,0.3686933675395031,0.5437173575914342,0.8397045836745559,False
diversity,meaning accuracy,Meaning Accuracy,0,10,24,1677,10,24,1711,0.0,0.2833585733095006,0.5945082910917401,0.8397045836745559,False
coherence,meaning accuracy,Meaning Accuracy,0,10,24,1677,10,24,1711,0.0,0.2833585733095006,0.5945082910917401,0.8397045836745559,False
clipscore,meaning accuracy,Meaning Accuracy,0,15,24,1672,15,24,1711,0.0,0.4256676312183688,0.5141224689899015,0.8397045836745559,False
hits,meaning accuracy,Meaning Accuracy,0,16,24,1671,16,24,1711,0.0,0.4541801434681374,0.5003565263783444,0.8397045836745559,False
win rate,meaning accuracy,Meaning Accuracy,0,14,24,1673,14,24,1711,0.0,0.3971720459377413,0.5285533558158657,0.8397045836745559,False
balanced accuracy,meaning accuracy,Meaning Accuracy,0,10,24,1677,10,24,1711,0.0,0.2833585733095006,0.5945082910917401,0.8397045836745559,False
ibleu,meaning accuracy,Meaning Accuracy,0,12,24,1675,12,24,1711,0.0,0.3402315759729472,0.5596955823776756,0.8397045836745559,False
self bleu,meaning accuracy,Meaning Accuracy,0,30,24,1657,30,24,1711,0.0,0.8551439808524764,0.3551011917375245,0.8397045836745559,False
spearman,meaning accuracy,Meaning Accuracy,0,12,24,1675,12,24,1711,0.0,0.3402315759729472,0.5596955823776756,0.8397045836745559,False
kendall,meaning accuracy,Meaning Accuracy,1,10,23,1677,11,24,1711,6.719367588932807,2.1448696877428963,0.1430471820953457,0.8397045836745559,False
coverage,meaning accuracy,Meaning Accuracy,0,22,24,1665,22,24,1711,0.0,0.6256118126725314,0.4289695134906149,0.8397045836745559,False
density,meaning accuracy,Meaning Accuracy,0,10,24,1677,10,24,1711,0.0,0.2833585733095006,0.5945082910917401,0.8397045836745559,False
ppl,meaning accuracy,Meaning Accuracy,0,19,24,1668,19,24,1711,0.0,0.5398194434314256,0.4625075645724129,0.8397045836745559,False
kendall s tau,meaning accuracy,Meaning Accuracy,0,11,24,1676,11,24,1711,0.0,0.3117866512229681,0.5765858886770123,0.8397045836745559,False
success rate,meaning accuracy,Meaning Accuracy,0,25,24,1662,25,24,1711,0.0,0.711557799364829,0.3989271448580141,0.8397045836745559,False
supert,meaning accuracy,Meaning Accuracy,0,10,24,1677,10,24,1711,0.0,0.2833585733095006,0.5945082910917401,0.8397045836745559,False
summaqa,meaning accuracy,Meaning Accuracy,0,10,24,1677,10,24,1711,0.0,0.2833585733095006,0.5945082910917401,0.8397045836745559,False
spice,meaning accuracy,Meaning Accuracy,0,24,24,1663,24,24,1711,0.0,0.6828920345695209,0.4085926378226903,0.8397045836745559,False
length,meaning accuracy,Meaning Accuracy,0,16,24,1671,16,24,1711,0.0,0.4541801434681374,0.5003565263783444,0.8397045836745559,False
parent,meaning accuracy,Meaning Accuracy,0,17,24,1670,17,24,1711,0.0,0.4827096028088566,0.487197534665827,0.8397045836745559,False
consistency,meaning accuracy,Meaning Accuracy,0,14,24,1673,14,24,1711,0.0,0.3971720459377413,0.5285533558158657,0.8397045836745559,False
mrr,meaning accuracy,Meaning Accuracy,1,25,23,1662,26,24,1711,2.817725752508361,0.7801141817119746,0.3771062212389554,0.8397045836745559,False
embedding,meaning accuracy,Meaning Accuracy,0,26,24,1661,26,24,1711,0.0,0.7402406939773614,0.3895837861650638,0.8397045836745559,False
vector extrema,meaning accuracy,Meaning Accuracy,0,16,24,1671,16,24,1711,0.0,0.4541801434681374,0.5003565263783444,0.8397045836745559,False
greedy matching,meaning accuracy,Meaning Accuracy,0,14,24,1673,14,24,1711,0.0,0.3971720459377413,0.5285533558158657,0.8397045836745559,False
dist,meaning accuracy,Meaning Accuracy,0,23,24,1664,23,24,1711,0.0,0.6542433791425923,0.4185996337973846,0.8397045836745559,False
ruber,meaning accuracy,Meaning Accuracy,0,11,24,1676,11,24,1711,0.0,0.3117866512229681,0.5765858886770123,0.8397045836745559,False
bert,meaning accuracy,Meaning Accuracy,0,10,24,1677,10,24,1711,0.0,0.2833585733095006,0.5945082910917401,0.8397045836745559,False
xcomet,meaning accuracy,Meaning Accuracy,0,13,24,1674,13,24,1711,0.0,0.3686933675395031,0.5437173575914342,0.8397045836745559,False
auroc,meaning accuracy,Meaning Accuracy,0,10,24,1677,10,24,1711,0.0,0.2833585733095006,0.5945082910917401,0.8397045836745559,False
entailment,meaning accuracy,Meaning Accuracy,0,11,24,1676,11,24,1711,0.0,0.3117866512229681,0.5765858886770123,0.8397045836745559,False
sacrebleu,meaning accuracy,Meaning Accuracy,0,18,24,1669,18,24,1711,0.0,0.5112560293983238,0.4745956355167933,0.8397045836745559,False
gleu,meaning accuracy,Meaning Accuracy,0,14,24,1673,14,24,1711,0.0,0.3971720459377413,0.5285533558158657,0.8397045836745559,False
entropy,meaning accuracy,Meaning Accuracy,0,18,24,1669,18,24,1711,0.0,0.5112560293983238,0.4745956355167933,0.8397045836745559,False
maude,meaning accuracy,Meaning Accuracy,0,10,24,1677,10,24,1711,0.0,0.2833585733095006,0.5945082910917401,0.8397045836745559,False
nist,meaning accuracy,Meaning Accuracy,0,16,24,1671,16,24,1711,0.0,0.4541801434681374,0.5003565263783444,0.8397045836745559,False
auc,meaning accuracy,Meaning Accuracy,0,12,24,1675,12,24,1711,0.0,0.3402315759729472,0.5596955823776756,0.8397045836745559,False
prism,meaning accuracy,Meaning Accuracy,0,11,24,1676,11,24,1711,0.0,0.3117866512229681,0.5765858886770123,0.8397045836745559,False
bleu,absence of bias / stereotypes,Bias-Freeness,7,735,31,938,742,38,1711,0.2948874010955569,10.859903856671073,0.0009826879641943,0.0626072279336439,False
comet,absence of bias / stereotypes,Bias-Freeness,1,69,37,1604,70,38,1711,0.6335907335907336,0.2398692155566051,0.6243005901303676,0.8397045836745559,False
rouge,absence of bias / stereotypes,Bias-Freeness,8,657,30,1016,665,38,1711,0.4194486215538847,5.648503223126559,0.0174702778599719,0.3736437402735919,False
roc auc,absence of bias / stereotypes,Bias-Freeness,0,11,38,1662,11,38,1711,0.0,0.4957238872957265,0.4813850590711284,0.8397045836745559,False
bertscore,absence of bias / stereotypes,Bias-Freeness,4,358,34,1315,362,38,1711,0.4384140396490087,3.074731362548455,0.0795177300017865,0.7338958237698162,False
distinct,absence of bias / stereotypes,Bias-Freeness,2,123,36,1550,125,38,1711,0.7048888888888889,0.2629159744088201,0.6081238816840886,0.8397045836745559,False
f1,absence of bias / stereotypes,Bias-Freeness,4,231,34,1442,235,38,1711,0.7389236545682103,0.3622662252616009,0.5472503179944941,0.8397045836745559,False
recall,absence of bias / stereotypes,Bias-Freeness,1,111,37,1562,112,38,1711,0.3858590733590734,1.2353412003396085,0.2663708108703965,0.8397045836745559,False
meteor,absence of bias / stereotypes,Bias-Freeness,2,256,36,1417,258,38,1711,0.3128768303186907,3.729808611175052,0.0534495177870848,0.6283670908302448,False
knowledge f1,absence of bias / stereotypes,Bias-Freeness,0,13,38,1660,13,38,1711,0.0,0.5862039462187181,0.443890794813637,0.8397045836745559,False
acc,absence of bias / stereotypes,Bias-Freeness,0,11,38,1662,11,38,1711,0.0,0.4957238872957265,0.4813850590711284,0.8397045836745559,False
dae,absence of bias / stereotypes,Bias-Freeness,0,17,38,1656,17,38,1711,0.0,0.7674878774368438,0.3809953211961805,0.8397045836745559,False
mauve,absence of bias / stereotypes,Bias-Freeness,1,9,37,1664,10,38,1711,4.597297297297297,1.533600311570172,0.2155729053837745,0.8397045836745559,False
factcc,absence of bias / stereotypes,Bias-Freeness,0,33,38,1640,33,38,1711,0.0,1.4969791778935513,0.2211367503940418,0.8397045836745559,False
comet qe,absence of bias / stereotypes,Bias-Freeness,0,10,38,1663,10,38,1711,0.0,0.4505242221289658,0.5020861147206561,0.8397045836745559,False
unieval,absence of bias / stereotypes,Bias-Freeness,0,22,38,1651,22,38,1711,0.0,0.9947026046871352,0.3185957266046939,0.8397045836745559,False
chrf,absence of bias / stereotypes,Bias-Freeness,1,59,37,1614,60,38,1711,0.7436936936936938,0.09587026649861,0.7568429177100906,0.8397045836745559,False
questeval,absence of bias / stereotypes,Bias-Freeness,0,27,38,1646,27,38,1711,0.0,1.222598695374458,0.2688512592952507,0.8397045836745559,False
qafacteval,absence of bias / stereotypes,Bias-Freeness,0,12,38,1661,12,38,1711,0.0,0.540950451313797,0.4620390953516738,0.8397045836745559,False
spearman correlation,absence of bias / stereotypes,Bias-Freeness,2,23,36,1650,25,38,1711,3.7466666666666666,2.3814021202529374,0.1227872965094516,0.8397045836745559,False
pearson correlation,absence of bias / stereotypes,Bias-Freeness,2,31,36,1642,33,38,1711,2.824915824915825,1.576335067853436,0.2092893881712171,0.8397045836745559,False
moverscore,absence of bias / stereotypes,Bias-Freeness,0,55,38,1618,55,38,1711,0.0,2.51160231191655,0.1130109741620642,0.8397045836745559,False
g eval,absence of bias / stereotypes,Bias-Freeness,0,19,38,1654,19,38,1711,0.0,0.8582922655283475,0.35421703056274,0.8397045836745559,False
usr,absence of bias / stereotypes,Bias-Freeness,0,12,38,1661,12,38,1711,0.0,0.540950451313797,0.4620390953516738,0.8397045836745559,False
bartscore,absence of bias / stereotypes,Bias-Freeness,1,63,37,1610,64,38,1711,0.6955236486486486,0.1472874945862076,0.7011411204921515,0.8397045836745559,False
qags,absence of bias / stereotypes,Bias-Freeness,0,10,38,1663,10,38,1711,0.0,0.4505242221289658,0.5020861147206561,0.8397045836745559,False
perplexity,absence of bias / stereotypes,Bias-Freeness,0,166,38,1507,166,38,1711,0.0,7.848227382026648,0.0050870561433165,0.186430660894731,False
ndcg,absence of bias / stereotypes,Bias-Freeness,1,20,37,1653,21,38,1711,2.175032175032175,0.4800203478592737,0.4884131000237486,0.8397045836745559,False
map,absence of bias / stereotypes,Bias-Freeness,1,11,37,1662,12,38,1711,3.826576576576577,1.2392163998353658,0.2656221261358195,0.8397045836745559,False
precision,absence of bias / stereotypes,Bias-Freeness,0,79,38,1594,79,38,1711,0.0,3.6341354149773433,0.0566059982694532,0.6446794247354397,False
bleurt,absence of bias / stereotypes,Bias-Freeness,2,108,36,1565,110,38,1711,0.8085858585858586,0.0931317874805832,0.760232863332204,0.8397045836745559,False
ter,absence of bias / stereotypes,Bias-Freeness,1,49,37,1624,50,38,1711,0.8978378378378378,0.0119589941338987,0.9129191906306944,0.9333408721460346,False
feqa,absence of bias / stereotypes,Bias-Freeness,1,9,37,1664,10,38,1711,4.597297297297297,1.533600311570172,0.2155729053837745,0.8397045836745559,False
sari,absence of bias / stereotypes,Bias-Freeness,0,25,38,1648,25,38,1711,0.0,1.131358233979405,0.2874858104903399,0.8397045836745559,False
cosine similarity,absence of bias / stereotypes,Bias-Freeness,1,23,37,1650,24,38,1711,1.8997747747747749,0.3397614718497517,0.5599669372434062,0.8397045836745559,False
accuracy,absence of bias / stereotypes,Bias-Freeness,4,182,34,1491,186,38,1711,0.9645793801391525,0.0048047073067352,0.944738093364977,0.958027808389898,False
summac,absence of bias / stereotypes,Bias-Freeness,0,15,38,1658,15,38,1711,0.0,0.6767918571204337,0.4106936303579114,0.8397045836745559,False
clip,absence of bias / stereotypes,Bias-Freeness,0,13,38,1660,13,38,1711,0.0,0.5862039462187181,0.443890794813637,0.8397045836745559,False
cider,absence of bias / stereotypes,Bias-Freeness,0,76,38,1597,76,38,1711,0.0,3.492908662396016,0.0616322070207554,0.6635381484623435,False
exact match,absence of bias / stereotypes,Bias-Freeness,1,66,37,1607,67,38,1711,0.663170633319887,0.1914149572850285,0.6617415609287394,0.8397045836745559,False
chrf++,absence of bias / stereotypes,Bias-Freeness,0,23,38,1650,23,38,1711,0.0,1.0402271831134922,0.3077686410182425,0.8397045836745559,False
blanc,absence of bias / stereotypes,Bias-Freeness,0,13,38,1660,13,38,1711,0.0,0.5862039462187181,0.443890794813637,0.8397045836745559,False
diversity,absence of bias / stereotypes,Bias-Freeness,0,10,38,1663,10,38,1711,0.0,0.4505242221289658,0.5020861147206561,0.8397045836745559,False
coherence,absence of bias / stereotypes,Bias-Freeness,0,10,38,1663,10,38,1711,0.0,0.4505242221289658,0.5020861147206561,0.8397045836745559,False
clipscore,absence of bias / stereotypes,Bias-Freeness,1,14,37,1659,15,38,1711,3.055855855855856,0.9076061362263672,0.3407503800415101,0.8397045836745559,False
hits,absence of bias / stereotypes,Bias-Freeness,0,16,38,1657,16,38,1711,0.0,0.7221263374755718,0.3954473164495883,0.8397045836745559,False
win rate,absence of bias / stereotypes,Bias-Freeness,0,14,38,1659,14,38,1711,0.0,0.6314844041037536,0.4268113470216362,0.8397045836745559,False
balanced accuracy,absence of bias / stereotypes,Bias-Freeness,0,10,38,1663,10,38,1711,0.0,0.4505242221289658,0.5020861147206561,0.8397045836745559,False
ibleu,absence of bias / stereotypes,Bias-Freeness,0,12,38,1661,12,38,1711,0.0,0.540950451313797,0.4620390953516738,0.8397045836745559,False
self bleu,absence of bias / stereotypes,Bias-Freeness,0,30,38,1643,30,38,1711,0.0,1.359665107870084,0.2435955297426829,0.8397045836745559,False
spearman,absence of bias / stereotypes,Bias-Freeness,0,12,38,1661,12,38,1711,0.0,0.540950451313797,0.4620390953516738,0.8397045836745559,False
kendall,absence of bias / stereotypes,Bias-Freeness,0,11,38,1662,11,38,1711,0.0,0.4957238872957265,0.4813850590711284,0.8397045836745559,False
coverage,absence of bias / stereotypes,Bias-Freeness,1,21,37,1652,22,38,1711,2.074938574938575,0.4290328968802723,0.5124638729142228,0.8397045836745559,False
density,absence of bias / stereotypes,Bias-Freeness,0,10,38,1663,10,38,1711,0.0,0.4505242221289658,0.5020861147206561,0.8397045836745559,False
ppl,absence of bias / stereotypes,Bias-Freeness,0,19,38,1654,19,38,1711,0.0,0.8582922655283475,0.35421703056274,0.8397045836745559,False
kendall s tau,absence of bias / stereotypes,Bias-Freeness,0,11,38,1662,11,38,1711,0.0,0.4957238872957265,0.4813850590711284,0.8397045836745559,False
success rate,absence of bias / stereotypes,Bias-Freeness,1,24,37,1649,25,38,1711,1.8227027027027027,0.3007703380965839,0.5833998905722562,0.8397045836745559,False
supert,absence of bias / stereotypes,Bias-Freeness,0,10,38,1663,10,38,1711,0.0,0.4505242221289658,0.5020861147206561,0.8397045836745559,False
summaqa,absence of bias / stereotypes,Bias-Freeness,0,10,38,1663,10,38,1711,0.0,0.4505242221289658,0.5020861147206561,0.8397045836745559,False
spice,absence of bias / stereotypes,Bias-Freeness,0,24,38,1649,24,38,1711,0.0,1.0857790486332686,0.2974083311003002,0.8397045836745559,False
length,absence of bias / stereotypes,Bias-Freeness,0,16,38,1657,16,38,1711,0.0,0.7221263374755718,0.3954473164495883,0.8397045836745559,False
parent,absence of bias / stereotypes,Bias-Freeness,0,17,38,1656,17,38,1711,0.0,0.7674878774368438,0.3809953211961805,0.8397045836745559,False
consistency,absence of bias / stereotypes,Bias-Freeness,1,13,37,1660,14,38,1711,3.276061776061776,1.0064830974043897,0.3157468567469251,0.8397045836745559,False
mrr,absence of bias / stereotypes,Bias-Freeness,2,24,36,1649,26,38,1711,3.6004273504273505,2.261203399811489,0.1326509453650893,0.8397045836745559,False
embedding,absence of bias / stereotypes,Bias-Freeness,1,25,37,1648,26,38,1711,1.7515592515592515,0.2651419367545967,0.6066093788229419,0.8397045836745559,False
vector extrema,absence of bias / stereotypes,Bias-Freeness,0,16,38,1657,16,38,1711,0.0,0.7221263374755718,0.3954473164495883,0.8397045836745559,False
greedy matching,absence of bias / stereotypes,Bias-Freeness,1,13,37,1660,14,38,1711,3.276061776061776,1.0064830974043897,0.3157468567469251,0.8397045836745559,False
dist,absence of bias / stereotypes,Bias-Freeness,0,23,38,1650,23,38,1711,0.0,1.0402271831134922,0.3077686410182425,0.8397045836745559,False
ruber,absence of bias / stereotypes,Bias-Freeness,0,11,38,1662,11,38,1711,0.0,0.4957238872957265,0.4813850590711284,0.8397045836745559,False
bert,absence of bias / stereotypes,Bias-Freeness,0,10,38,1663,10,38,1711,0.0,0.4505242221289658,0.5020861147206561,0.8397045836745559,False
xcomet,absence of bias / stereotypes,Bias-Freeness,1,12,37,1661,13,38,1711,3.5301455301455307,1.1164056950084769,0.2906937192230491,0.8397045836745559,False
auroc,absence of bias / stereotypes,Bias-Freeness,1,9,37,1664,10,38,1711,4.597297297297297,1.533600311570172,0.2155729053837745,0.8397045836745559,False
entailment,absence of bias / stereotypes,Bias-Freeness,2,9,36,1664,11,38,1711,8.585858585858587,5.286988105369958,0.0214853480812295,0.415447701238251,False
sacrebleu,absence of bias / stereotypes,Bias-Freeness,0,18,38,1655,18,38,1711,0.0,0.8128765093273992,0.3672711741656037,0.8397045836745559,False
gleu,absence of bias / stereotypes,Bias-Freeness,0,14,38,1659,14,38,1711,0.0,0.6314844041037536,0.4268113470216362,0.8397045836745559,False
entropy,absence of bias / stereotypes,Bias-Freeness,0,18,38,1655,18,38,1711,0.0,0.8128765093273992,0.3672711741656037,0.8397045836745559,False
maude,absence of bias / stereotypes,Bias-Freeness,0,10,38,1663,10,38,1711,0.0,0.4505242221289658,0.5020861147206561,0.8397045836745559,False
nist,absence of bias / stereotypes,Bias-Freeness,0,16,38,1657,16,38,1711,0.0,0.7221263374755718,0.3954473164495883,0.8397045836745559,False
auc,absence of bias / stereotypes,Bias-Freeness,0,12,38,1661,12,38,1711,0.0,0.540950451313797,0.4620390953516738,0.8397045836745559,False
prism,absence of bias / stereotypes,Bias-Freeness,0,11,38,1662,11,38,1711,0.0,0.4957238872957265,0.4813850590711284,0.8397045836745559,False
bleu,diversity/non-diversity (outputs as a whole),Diversity,27,715,18,951,742,45,1711,1.9588948787061995,5.150600211661162,0.0232383392138528,0.43307813989453,False
comet,diversity/non-diversity (outputs as a whole),Diversity,0,70,45,1596,70,45,1711,0.0,3.8109043828853655,0.0509199497205696,0.6163004984629831,False
rouge,diversity/non-diversity (outputs as a whole),Diversity,19,646,26,1020,665,45,1711,1.1494505494505494,0.2170381069187978,0.6413060590911319,0.8397045836745559,False
roc auc,diversity/non-diversity (outputs as a whole),Diversity,0,11,45,1655,11,45,1711,0.0,0.588272437733601,0.4430879349198813,0.8397045836745559,False
bertscore,diversity/non-diversity (outputs as a whole),Diversity,9,353,36,1313,362,45,1711,0.9316298342541436,0.0375985186583334,0.846251541347665,0.8792223806209507,False
distinct,diversity/non-diversity (outputs as a whole),Diversity,13,112,32,1554,125,45,1711,5.1545,19.638362132882257,9.357149335842397e-06,0.0017590976475544,True
f1,diversity/non-diversity (outputs as a whole),Diversity,2,233,43,1433,235,45,1711,0.2921326076199901,4.371093161834782,0.0365535348061209,0.5340560987263996,False
recall,diversity/non-diversity (outputs as a whole),Diversity,3,109,42,1557,112,45,1711,1.0197704081632653,0.001096125848067,0.973588629558742,0.9809222765079608,False
meteor,diversity/non-diversity (outputs as a whole),Diversity,9,249,36,1417,258,45,1711,1.4079457364341084,0.8087793830077059,0.368481372703334,0.8397045836745559,False
knowledge f1,diversity/non-diversity (outputs as a whole),Diversity,0,13,45,1653,13,45,1711,0.0,0.6956454348247961,0.404250771188702,0.8397045836745559,False
acc,diversity/non-diversity (outputs as a whole),Diversity,0,11,45,1655,11,45,1711,0.0,0.588272437733601,0.4430879349198813,0.8397045836745559,False
dae,diversity/non-diversity (outputs as a whole),Diversity,1,16,44,1650,17,45,1711,2.264705882352941,0.5298805866805494,0.4666570676422863,0.8397045836745559,False
mauve,diversity/non-diversity (outputs as a whole),Diversity,0,10,45,1656,10,45,1711,0.0,0.5346339412257134,0.4646651432563473,0.8397045836745559,False
factcc,diversity/non-diversity (outputs as a whole),Diversity,2,31,43,1635,33,45,1711,2.365045806906272,1.1455077776836458,0.284491507329328,0.8397045836745559,False
comet qe,diversity/non-diversity (outputs as a whole),Diversity,0,10,45,1656,10,45,1711,0.0,0.5346339412257134,0.4646651432563473,0.8397045836745559,False
unieval,diversity/non-diversity (outputs as a whole),Diversity,0,22,45,1644,22,45,1711,0.0,1.1804155824994074,0.2772714074657163,0.8397045836745559,False
chrf,diversity/non-diversity (outputs as a whole),Diversity,0,60,45,1606,60,45,1711,0.0,3.2565092647086704,0.0711404175660969,0.7007812876122272,False
questeval,diversity/non-diversity (outputs as a whole),Diversity,1,26,44,1640,27,45,1711,1.4175084175084174,0.110051041578839,0.7400860331848927,0.8397045836745559,False
qafacteval,diversity/non-diversity (outputs as a whole),Diversity,1,11,44,1655,12,45,1711,3.2178030303030303,0.9894512592843808,0.3198765285030538,0.8397045836745559,False
spearman correlation,diversity/non-diversity (outputs as a whole),Diversity,2,23,43,1643,25,45,1711,3.1367441860465117,1.882385855387076,0.1700632273210814,0.8397045836745559,False
pearson correlation,diversity/non-diversity (outputs as a whole),Diversity,0,33,45,1633,33,45,1711,0.0,1.7764807118468888,0.1825820692343368,0.8397045836745559,False
moverscore,diversity/non-diversity (outputs as a whole),Diversity,0,55,45,1611,55,45,1711,0.0,2.9805871911208244,0.0842686952188481,0.7593442865874231,False
g eval,diversity/non-diversity (outputs as a whole),Diversity,0,19,45,1647,19,45,1711,0.0,1.0185352162608865,0.3128667120949158,0.8397045836745559,False
usr,diversity/non-diversity (outputs as a whole),Diversity,2,10,43,1656,12,45,1711,6.585271317829457,4.338284688248751,0.0372644482280776,0.5349119920704362,False
bartscore,diversity/non-diversity (outputs as a whole),Diversity,2,62,43,1604,64,45,1711,1.1969476744186047,0.0601896684753635,0.8061964125522576,0.8482552722877735,False
qags,diversity/non-diversity (outputs as a whole),Diversity,0,10,45,1656,10,45,1711,0.0,0.5346339412257134,0.4646651432563473,0.8397045836745559,False
perplexity,diversity/non-diversity (outputs as a whole),Diversity,11,155,34,1511,166,45,1711,3.011162296243799,8.514174992972357,0.0035239064679396,0.1448839339930042,False
ndcg,diversity/non-diversity (outputs as a whole),Diversity,0,21,45,1645,21,45,1711,0.0,1.126423099829353,0.2885395861383152,0.8397045836745559,False
map,diversity/non-diversity (outputs as a whole),Diversity,0,12,45,1654,12,45,1711,0.0,0.6419429228732602,0.4230081111830949,0.8397045836745559,False
precision,diversity/non-diversity (outputs as a whole),Diversity,2,77,43,1589,79,45,1711,0.960847806888431,0.003168104840121,0.9551140349121824,0.9658621965506268,False
bleurt,diversity/non-diversity (outputs as a whole),Diversity,2,108,43,1558,110,45,1711,0.6769556025369978,0.3361856530464897,0.5620392538041273,0.8397045836745559,False
ter,diversity/non-diversity (outputs as a whole),Diversity,0,50,45,1616,50,45,1711,0.0,2.705508507986336,0.1000021912177513,0.8129050488084864,False
feqa,diversity/non-diversity (outputs as a whole),Diversity,0,10,45,1656,10,45,1711,0.0,0.5346339412257134,0.4646651432563473,0.8397045836745559,False
sari,diversity/non-diversity (outputs as a whole),Diversity,0,25,45,1641,25,45,1711,0.0,1.342587660714512,0.2465781440893083,0.8397045836745559,False
cosine similarity,diversity/non-diversity (outputs as a whole),Diversity,4,20,41,1646,24,45,1711,6.857723577235772,8.813943820427491,0.0029893719685094,0.1317165847635903,False
accuracy,diversity/non-diversity (outputs as a whole),Diversity,2,184,43,1482,186,45,1711,0.3813453363340836,2.461277685449448,0.1166838333730693,0.8397045836745559,False
summac,diversity/non-diversity (outputs as a whole),Diversity,1,14,44,1652,15,45,1711,2.56969696969697,0.6831880529688188,0.4084910865355896,0.8397045836745559,False
clip,diversity/non-diversity (outputs as a whole),Diversity,0,13,45,1653,13,45,1711,0.0,0.6956454348247961,0.404250771188702,0.8397045836745559,False
cider,diversity/non-diversity (outputs as a whole),Diversity,3,73,42,1593,76,45,1711,1.5366541353383456,0.4716890859416962,0.4922111346486475,0.8397045836745559,False
exact match,diversity/non-diversity (outputs as a whole),Diversity,1,66,44,1600,67,45,1711,0.5576662143826323,0.4137982913780207,0.5200479111913502,0.8397045836745559,False
chrf++,diversity/non-diversity (outputs as a whole),Diversity,0,23,45,1643,23,45,1711,0.0,1.2344404775644564,0.2665452057798752,0.8397045836745559,False
blanc,diversity/non-diversity (outputs as a whole),Diversity,0,13,45,1653,13,45,1711,0.0,0.6956454348247961,0.404250771188702,0.8397045836745559,False
diversity,diversity/non-diversity (outputs as a whole),Diversity,1,9,44,1657,10,45,1711,3.865909090909091,1.2669625919856995,0.2603372698757891,0.8397045836745559,False
coherence,diversity/non-diversity (outputs as a whole),Diversity,3,7,42,1659,10,45,1711,12.15,10.160365269977817,0.0014349218851988,0.0784423963908719,False
clipscore,diversity/non-diversity (outputs as a whole),Diversity,0,15,45,1651,15,45,1711,0.0,0.8031466922212426,0.3701542224184815,0.8397045836745559,False
hits,diversity/non-diversity (outputs as a whole),Diversity,0,16,45,1650,16,45,1711,0.0,0.856945514368288,0.3545948817055481,0.8397045836745559,False
win rate,diversity/non-diversity (outputs as a whole),Diversity,1,13,44,1653,14,45,1711,2.7548701298701297,0.7736108950209994,0.3791023058851968,0.8397045836745559,False
balanced accuracy,diversity/non-diversity (outputs as a whole),Diversity,0,10,45,1656,10,45,1711,0.0,0.5346339412257134,0.4646651432563473,0.8397045836745559,False
ibleu,diversity/non-diversity (outputs as a whole),Diversity,4,8,41,1658,12,45,1711,13.8130081300813,14.57616900896908,0.0001346061284248,0.0127973362676397,True
self bleu,diversity/non-diversity (outputs as a whole),Diversity,5,25,40,1641,30,45,1711,7.004166666666666,11.105946089148556,0.0008605138045895,0.0576017403888525,False
spearman,diversity/non-diversity (outputs as a whole),Diversity,0,12,45,1654,12,45,1711,0.0,0.6419429228732602,0.4230081111830949,0.8397045836745559,False
kendall,diversity/non-diversity (outputs as a whole),Diversity,0,11,45,1655,11,45,1711,0.0,0.588272437733601,0.4430879349198813,0.8397045836745559,False
coverage,diversity/non-diversity (outputs as a whole),Diversity,0,22,45,1644,22,45,1711,0.0,1.1804155824994074,0.2772714074657163,0.8397045836745559,False
density,diversity/non-diversity (outputs as a whole),Diversity,0,10,45,1656,10,45,1711,0.0,0.5346339412257134,0.4646651432563473,0.8397045836745559,False
ppl,diversity/non-diversity (outputs as a whole),Diversity,1,18,44,1648,19,45,1711,2.0239234449760763,0.4063294997277208,0.5238384101865352,0.8397045836745559,False
kendall s tau,diversity/non-diversity (outputs as a whole),Diversity,0,11,45,1655,11,45,1711,0.0,0.588272437733601,0.4430879349198813,0.8397045836745559,False
success rate,diversity/non-diversity (outputs as a whole),Diversity,2,23,43,1643,25,45,1711,3.1367441860465117,1.882385855387076,0.1700632273210814,0.8397045836745559,False
supert,diversity/non-diversity (outputs as a whole),Diversity,0,10,45,1656,10,45,1711,0.0,0.5346339412257134,0.4646651432563473,0.8397045836745559,False
summaqa,diversity/non-diversity (outputs as a whole),Diversity,0,10,45,1656,10,45,1711,0.0,0.5346339412257134,0.4646651432563473,0.8397045836745559,False
spice,diversity/non-diversity (outputs as a whole),Diversity,0,24,45,1642,24,45,1711,0.0,1.288497823966252,0.2563249672029078,0.8397045836745559,False
length,diversity/non-diversity (outputs as a whole),Diversity,1,15,44,1651,16,45,1711,2.4076704545454546,0.6023432132355884,0.4376853781448023,0.8397045836745559,False
parent,diversity/non-diversity (outputs as a whole),Diversity,0,17,45,1649,17,45,1711,0.0,0.9107765167307328,0.3399084699115462,0.8397045836745559,False
consistency,diversity/non-diversity (outputs as a whole),Diversity,2,12,43,1654,14,45,1711,5.637873754152824,3.771097117376795,0.0521454193982891,0.6196991870521323,False
mrr,diversity/non-diversity (outputs as a whole),Diversity,1,25,44,1641,26,45,1711,1.472902097902098,0.1340576725005712,0.714261453830047,0.8397045836745559,False
embedding,diversity/non-diversity (outputs as a whole),Diversity,3,23,42,1643,26,45,1711,4.62912087912088,4.584915157620835,0.032254568046845,0.500212686494808,False
vector extrema,diversity/non-diversity (outputs as a whole),Diversity,0,16,45,1650,16,45,1711,0.0,0.856945514368288,0.3545948817055481,0.8397045836745559,False
greedy matching,diversity/non-diversity (outputs as a whole),Diversity,0,14,45,1652,14,45,1711,0.0,0.7493800118351468,0.3866725937011979,0.8397045836745559,False
dist,diversity/non-diversity (outputs as a whole),Diversity,3,20,42,1646,23,45,1711,5.24223602484472,5.218444237256885,0.0223485363743891,0.4222166574244494,False
ruber,diversity/non-diversity (outputs as a whole),Diversity,2,9,43,1657,11,45,1711,7.188160676532769,4.669434517457683,0.030704035549217,0.491642485251565,False
bert,diversity/non-diversity (outputs as a whole),Diversity,1,9,44,1657,10,45,1711,3.865909090909091,1.2669625919856995,0.2603372698757891,0.8397045836745559,False
xcomet,diversity/non-diversity (outputs as a whole),Diversity,0,13,45,1653,13,45,1711,0.0,0.6956454348247961,0.404250771188702,0.8397045836745559,False
auroc,diversity/non-diversity (outputs as a whole),Diversity,0,10,45,1656,10,45,1711,0.0,0.5346339412257134,0.4646651432563473,0.8397045836745559,False
entailment,diversity/non-diversity (outputs as a whole),Diversity,2,9,43,1657,11,45,1711,7.188160676532769,4.669434517457683,0.030704035549217,0.491642485251565,False
sacrebleu,diversity/non-diversity (outputs as a whole),Diversity,0,18,45,1648,18,45,1711,0.0,0.9646397378306552,0.3260206609949889,0.8397045836745559,False
gleu,diversity/non-diversity (outputs as a whole),Diversity,0,14,45,1652,14,45,1711,0.0,0.7493800118351468,0.3866725937011979,0.8397045836745559,False
entropy,diversity/non-diversity (outputs as a whole),Diversity,1,17,44,1649,18,45,1711,2.1376262626262625,0.4648159513168624,0.4953817909235373,0.8397045836745559,False
maude,diversity/non-diversity (outputs as a whole),Diversity,2,8,43,1658,10,45,1711,7.911627906976745,5.041227167677082,0.0247509505198228,0.4443409476828813,False
nist,diversity/non-diversity (outputs as a whole),Diversity,0,16,45,1650,16,45,1711,0.0,0.856945514368288,0.3545948817055481,0.8397045836745559,False
auc,diversity/non-diversity (outputs as a whole),Diversity,0,12,45,1654,12,45,1711,0.0,0.6419429228732602,0.4230081111830949,0.8397045836745559,False
prism,diversity/non-diversity (outputs as a whole),Diversity,0,11,45,1655,11,45,1711,0.0,0.588272437733601,0.4430879349198813,0.8397045836745559,False
bleu,diversity/non-diversity (content/meaning),Diversity (content),2,740,6,963,742,8,1711,0.4353099730458221,1.1725585999201114,0.2788761401801736,0.8397045836745559,False
comet,diversity/non-diversity (content/meaning),Diversity (content),0,70,8,1633,70,8,1711,0.0,0.6699556058305524,0.4130670852878243,0.8397045836745559,False
rouge,diversity/non-diversity (content/meaning),Diversity (content),3,662,5,1041,665,8,1711,0.9437593984962408,0.0063414008954877,0.936529217229756,0.9510265735336224,False
roc auc,diversity/non-diversity (content/meaning),Diversity (content),0,11,8,1692,11,8,1711,0.0,0.1034386936389335,0.747741451202653,0.8397045836745559,False
bertscore,diversity/non-diversity (content/meaning),Diversity (content),2,360,6,1343,362,8,1711,1.2421731123388582,0.0682997032131326,0.7938286884857984,0.8442212853557884,False
distinct,diversity/non-diversity (content/meaning),Diversity (content),0,125,8,1578,125,8,1711,0.0,1.216763596852218,0.2699967337945862,0.8397045836745559,False
f1,diversity/non-diversity (content/meaning),Diversity (content),0,235,8,1468,235,8,1711,0.0,2.3698518246335083,0.1236987922251034,0.8397045836745559,False
recall,diversity/non-diversity (content/meaning),Diversity (content),0,112,8,1591,112,8,1711,0.0,1.0858214498217655,0.2973988984312131,0.8397045836745559,False
meteor,diversity/non-diversity (content/meaning),Diversity (content),1,257,7,1446,258,8,1711,0.8045404208194906,0.0438864857225212,0.8340649481087655,0.8696108553628925,False
knowledge f1,diversity/non-diversity (content/meaning),Diversity (content),0,13,8,1690,13,8,1711,0.0,0.1223177869227191,0.7265341326751111,0.8397045836745559,False
acc,diversity/non-diversity (content/meaning),Diversity (content),0,11,8,1692,11,8,1711,0.0,0.1034386936389335,0.747741451202653,0.8397045836745559,False
dae,diversity/non-diversity (content/meaning),Diversity (content),0,17,8,1686,17,8,1711,0.0,0.160142934107055,0.6890249549478697,0.8397045836745559,False
mauve,diversity/non-diversity (content/meaning),Diversity (content),0,10,8,1693,10,8,1711,0.0,0.0940074940440459,0.7591429698220056,0.8397045836745559,False
factcc,diversity/non-diversity (content/meaning),Diversity (content),1,32,7,1671,33,8,1711,7.264069264069264,2.16337676694716,0.1413337979178605,0.8397045836745559,False
comet qe,diversity/non-diversity (content/meaning),Diversity (content),0,10,8,1693,10,8,1711,0.0,0.0940074940440459,0.7591429698220056,0.8397045836745559,False
unieval,diversity/non-diversity (content/meaning),Diversity (content),0,22,8,1681,22,8,1711,0.0,0.2075504649871047,0.6486941364877972,0.8397045836745559,False
chrf,diversity/non-diversity (content/meaning),Diversity (content),0,60,8,1643,60,8,1711,0.0,0.5725129681698481,0.4492620542376538,0.8397045836745559,False
questeval,diversity/non-diversity (content/meaning),Diversity (content),0,27,8,1676,27,8,1711,0.0,0.2550988807965986,0.6135074632281783,0.8397045836745559,False
qafacteval,diversity/non-diversity (content/meaning),Diversity (content),0,12,8,1691,12,8,1711,0.0,0.1128754557435644,0.7368939216332349,0.8397045836745559,False
spearman correlation,diversity/non-diversity (content/meaning),Diversity (content),0,25,8,1678,25,8,1711,0.0,0.236062554697881,0.6270645221431461,0.8397045836745559,False
pearson correlation,diversity/non-diversity (content/meaning),Diversity (content),0,33,8,1670,33,8,1711,0.0,0.3123441309241057,0.5762452827225644,0.8397045836745559,False
moverscore,diversity/non-diversity (content/meaning),Diversity (content),0,55,8,1648,55,8,1711,0.0,0.5240132906490216,0.4691347291818279,0.8397045836745559,False
g eval,diversity/non-diversity (content/meaning),Diversity (content),0,19,8,1684,19,8,1711,0.0,0.1790890937077441,0.6721572304091078,0.8397045836745559,False
usr,diversity/non-diversity (content/meaning),Diversity (content),0,12,8,1691,12,8,1711,0.0,0.1128754557435644,0.7368939216332349,0.8397045836745559,False
bartscore,diversity/non-diversity (content/meaning),Diversity (content),0,64,8,1639,64,8,1711,0.0,0.6114188390965227,0.4342540917730623,0.8397045836745559,False
qags,diversity/non-diversity (content/meaning),Diversity (content),0,10,8,1693,10,8,1711,0.0,0.0940074940440459,0.7591429698220056,0.8397045836745559,False
perplexity,diversity/non-diversity (content/meaning),Diversity (content),1,165,7,1538,166,8,1711,1.32960413080895,0.0664615610351272,0.7965601851671588,0.8459317997315188,False
ndcg,diversity/non-diversity (content/meaning),Diversity (content),0,21,8,1682,21,8,1711,0.0,0.1980577147601258,0.6562931914552839,0.8397045836745559,False
map,diversity/non-diversity (content/meaning),Diversity (content),0,12,8,1691,12,8,1711,0.0,0.1128754557435644,0.7368939216332349,0.8397045836745559,False
precision,diversity/non-diversity (content/meaning),Diversity (content),0,79,8,1624,79,8,1711,0.0,0.7581642752955324,0.3839036192154401,0.8397045836745559,False
bleurt,diversity/non-diversity (content/meaning),Diversity (content),1,109,7,1594,110,8,1711,2.0792207792207793,0.3929827863191937,0.5307356750246396,0.8397045836745559,False
ter,diversity/non-diversity (content/meaning),Diversity (content),0,50,8,1653,50,8,1711,0.0,0.4756601829102969,0.4903946794950587,0.8397045836745559,False
feqa,diversity/non-diversity (content/meaning),Diversity (content),0,10,8,1693,10,8,1711,0.0,0.0940074940440459,0.7591429698220056,0.8397045836745559,False
sari,diversity/non-diversity (content/meaning),Diversity (content),0,25,8,1678,25,8,1711,0.0,0.236062554697881,0.6270645221431461,0.8397045836745559,False
cosine similarity,diversity/non-diversity (content/meaning),Diversity (content),0,24,8,1679,24,8,1711,0.0,0.2265528782548013,0.6340916815227524,0.8397045836745559,False
accuracy,diversity/non-diversity (content/meaning),Diversity (content),2,184,6,1519,186,8,1711,2.7329749103942653,1.267744096211235,0.2601903128786719,0.8397045836745559,False
summac,diversity/non-diversity (content/meaning),Diversity (content),0,15,8,1688,15,8,1711,0.0,0.1412191828267678,0.707071975358851,0.8397045836745559,False
clip,diversity/non-diversity (content/meaning),Diversity (content),0,13,8,1690,13,8,1711,0.0,0.1223177869227191,0.7265341326751111,0.8397045836745559,False
cider,diversity/non-diversity (content/meaning),Diversity (content),0,76,8,1627,76,8,1711,0.0,0.728707319191808,0.3933025178016058,0.8397045836745559,False
exact match,diversity/non-diversity (content/meaning),Diversity (content),0,67,8,1636,67,8,1711,0.0,0.6406604524794819,0.4234717389255752,0.8397045836745559,False
chrf++,diversity/non-diversity (content/meaning),Diversity (content),0,23,8,1680,23,8,1711,0.0,0.2170488505864791,0.6412978051974794,0.8397045836745559,False
blanc,diversity/non-diversity (content/meaning),Diversity (content),0,13,8,1690,13,8,1711,0.0,0.1223177869227191,0.7265341326751111,0.8397045836745559,False
diversity,diversity/non-diversity (content/meaning),Diversity (content),0,10,8,1693,10,8,1711,0.0,0.0940074940440459,0.7591429698220056,0.8397045836745559,False
coherence,diversity/non-diversity (content/meaning),Diversity (content),0,10,8,1693,10,8,1711,0.0,0.0940074940440459,0.7591429698220056,0.8397045836745559,False
clipscore,diversity/non-diversity (content/meaning),Diversity (content),0,15,8,1688,15,8,1711,0.0,0.1412191828267678,0.707071975358851,0.8397045836745559,False
hits,diversity/non-diversity (content/meaning),Diversity (content),0,16,8,1687,16,8,1711,0.0,0.1506782607399338,0.6978880289407012,0.8397045836745559,False
win rate,diversity/non-diversity (content/meaning),Diversity (content),0,14,8,1689,14,8,1711,0.0,0.1317656937541935,0.7166082862822096,0.8397045836745559,False
balanced accuracy,diversity/non-diversity (content/meaning),Diversity (content),0,10,8,1693,10,8,1711,0.0,0.0940074940440459,0.7591429698220056,0.8397045836745559,False
ibleu,diversity/non-diversity (content/meaning),Diversity (content),0,12,8,1691,12,8,1711,0.0,0.1128754557435644,0.7368939216332349,0.8397045836745559,False
self bleu,diversity/non-diversity (content/meaning),Diversity (content),2,28,6,1675,30,8,1711,18.677777777777777,7.50982802659372,0.0061363230285105,0.2085713941296838,False
spearman,diversity/non-diversity (content/meaning),Diversity (content),0,12,8,1691,12,8,1711,0.0,0.1128754557435644,0.7368939216332349,0.8397045836745559,False
kendall,diversity/non-diversity (content/meaning),Diversity (content),0,11,8,1692,11,8,1711,0.0,0.1034386936389335,0.747741451202653,0.8397045836745559,False
coverage,diversity/non-diversity (content/meaning),Diversity (content),0,22,8,1681,22,8,1711,0.0,0.2075504649871047,0.6486941364877972,0.8397045836745559,False
density,diversity/non-diversity (content/meaning),Diversity (content),0,10,8,1693,10,8,1711,0.0,0.0940074940440459,0.7591429698220056,0.8397045836745559,False
ppl,diversity/non-diversity (content/meaning),Diversity (content),0,19,8,1684,19,8,1711,0.0,0.1790890937077441,0.6721572304091078,0.8397045836745559,False
kendall s tau,diversity/non-diversity (content/meaning),Diversity (content),0,11,8,1692,11,8,1711,0.0,0.1034386936389335,0.747741451202653,0.8397045836745559,False
success rate,diversity/non-diversity (content/meaning),Diversity (content),0,25,8,1678,25,8,1711,0.0,0.236062554697881,0.6270645221431461,0.8397045836745559,False
supert,diversity/non-diversity (content/meaning),Diversity (content),0,10,8,1693,10,8,1711,0.0,0.0940074940440459,0.7591429698220056,0.8397045836745559,False
summaqa,diversity/non-diversity (content/meaning),Diversity (content),0,10,8,1693,10,8,1711,0.0,0.0940074940440459,0.7591429698220056,0.8397045836745559,False
spice,diversity/non-diversity (content/meaning),Diversity (content),0,24,8,1679,24,8,1711,0.0,0.2265528782548013,0.6340916815227524,0.8397045836745559,False
length,diversity/non-diversity (content/meaning),Diversity (content),0,16,8,1687,16,8,1711,0.0,0.1506782607399338,0.6978880289407012,0.8397045836745559,False
parent,diversity/non-diversity (content/meaning),Diversity (content),0,17,8,1686,17,8,1711,0.0,0.160142934107055,0.6890249549478697,0.8397045836745559,False
consistency,diversity/non-diversity (content/meaning),Diversity (content),0,14,8,1689,14,8,1711,0.0,0.1317656937541935,0.7166082862822096,0.8397045836745559,False
mrr,diversity/non-diversity (content/meaning),Diversity (content),0,26,8,1677,26,8,1711,0.0,0.2455778866350139,0.6202061808942274,0.8397045836745559,False
embedding,diversity/non-diversity (content/meaning),Diversity (content),0,26,8,1677,26,8,1711,0.0,0.2455778866350139,0.6202061808942274,0.8397045836745559,False
vector extrema,diversity/non-diversity (content/meaning),Diversity (content),0,16,8,1687,16,8,1711,0.0,0.1506782607399338,0.6978880289407012,0.8397045836745559,False
greedy matching,diversity/non-diversity (content/meaning),Diversity (content),0,14,8,1689,14,8,1711,0.0,0.1317656937541935,0.7166082862822096,0.8397045836745559,False
dist,diversity/non-diversity (content/meaning),Diversity (content),0,23,8,1680,23,8,1711,0.0,0.2170488505864791,0.6412978051974794,0.8397045836745559,False
ruber,diversity/non-diversity (content/meaning),Diversity (content),0,11,8,1692,11,8,1711,0.0,0.1034386936389335,0.747741451202653,0.8397045836745559,False
bert,diversity/non-diversity (content/meaning),Diversity (content),0,10,8,1693,10,8,1711,0.0,0.0940074940440459,0.7591429698220056,0.8397045836745559,False
xcomet,diversity/non-diversity (content/meaning),Diversity (content),0,13,8,1690,13,8,1711,0.0,0.1223177869227191,0.7265341326751111,0.8397045836745559,False
auroc,diversity/non-diversity (content/meaning),Diversity (content),0,10,8,1693,10,8,1711,0.0,0.0940074940440459,0.7591429698220056,0.8397045836745559,False
entailment,diversity/non-diversity (content/meaning),Diversity (content),0,11,8,1692,11,8,1711,0.0,0.1034386936389335,0.747741451202653,0.8397045836745559,False
sacrebleu,diversity/non-diversity (content/meaning),Diversity (content),0,18,8,1685,18,8,1711,0.0,0.1696132095511039,0.6804557895557767,0.8397045836745559,False
gleu,diversity/non-diversity (content/meaning),Diversity (content),0,14,8,1689,14,8,1711,0.0,0.1317656937541935,0.7166082862822096,0.8397045836745559,False
entropy,diversity/non-diversity (content/meaning),Diversity (content),1,17,7,1686,18,8,1711,13.436507936507937,3.2767960831122824,0.0702659747040441,0.7003402152984511,False
maude,diversity/non-diversity (content/meaning),Diversity (content),0,10,8,1693,10,8,1711,0.0,0.0940074940440459,0.7591429698220056,0.8397045836745559,False
nist,diversity/non-diversity (content/meaning),Diversity (content),0,16,8,1687,16,8,1711,0.0,0.1506782607399338,0.6978880289407012,0.8397045836745559,False
auc,diversity/non-diversity (content/meaning),Diversity (content),0,12,8,1691,12,8,1711,0.0,0.1128754557435644,0.7368939216332349,0.8397045836745559,False
prism,diversity/non-diversity (content/meaning),Diversity (content),0,11,8,1692,11,8,1711,0.0,0.1034386936389335,0.747741451202653,0.8397045836745559,False
bleu,absence of additions (relative to input),Absence of Additions,22,720,20,949,742,42,1711,1.436522911051213,1.4099393814942411,0.235066456515151,0.8397045836745559,False
comet,absence of additions (relative to input),Absence of Additions,5,65,37,1604,70,42,1711,3.1679536679536677,4.559614314018509,0.032734444333564,0.5059269087763109,False
rouge,absence of additions (relative to input),Absence of Additions,15,650,27,1019,665,42,1711,0.8738512949039264,0.1819037743681186,0.6697422461046376,0.8397045836745559,False
roc auc,absence of additions (relative to input),Absence of Additions,0,11,42,1658,11,42,1711,0.0,0.5485610906519816,0.4589062284251536,0.8397045836745559,False
bertscore,absence of additions (relative to input),Absence of Additions,16,346,26,1323,362,42,1711,2.293242668933277,6.425494406602397,0.0112493592103928,0.2838299862314495,False
distinct,absence of additions (relative to input),Absence of Additions,0,125,42,1544,125,42,1711,0.0,6.455146359616229,0.0110631430655922,0.2833384801111728,False
f1,absence of additions (relative to input),Absence of Additions,1,234,41,1435,235,42,1711,0.1531914893617021,6.7483506319078455,0.0093834388271782,0.2600016486948377,False
recall,absence of additions (relative to input),Absence of Additions,0,112,42,1557,112,42,1711,0.0,5.7602235239658075,0.0163929862717125,0.3608657380618594,False
meteor,absence of additions (relative to input),Absence of Additions,4,254,38,1415,258,42,1711,0.5928192574459404,1.1650691777288538,0.2804167129995569,0.8397045836745559,False
knowledge f1,absence of additions (relative to input),Absence of Additions,0,13,42,1656,13,42,1711,0.0,0.648685519489749,0.42058303297977,0.8397045836745559,False
acc,absence of additions (relative to input),Absence of Additions,0,11,42,1658,11,42,1711,0.0,0.5485610906519816,0.4589062284251536,0.8397045836745559,False
dae,absence of additions (relative to input),Absence of Additions,3,14,39,1655,17,42,1711,7.665158371040725,7.2627752382099,0.0070398420588204,0.2309068195293113,False
mauve,absence of additions (relative to input),Absence of Additions,0,10,42,1659,10,42,1711,0.0,0.4985435970537583,0.4801407529164269,0.8397045836745559,False
factcc,absence of additions (relative to input),Absence of Additions,4,29,38,1640,33,42,1711,5.352472089314195,6.9827116713905415,0.0082300814438524,0.2456276349733291,False
comet qe,absence of additions (relative to input),Absence of Additions,0,10,42,1659,10,42,1711,0.0,0.4985435970537583,0.4801407529164269,0.8397045836745559,False
unieval,absence of additions (relative to input),Absence of Additions,0,22,42,1647,22,42,1711,0.0,1.100728304279185,0.2941063275178626,0.8397045836745559,False
chrf,absence of additions (relative to input),Absence of Additions,2,58,40,1611,60,42,1711,1.3758333333333332,0.1813337201136045,0.6702295591760158,0.8397045836745559,False
questeval,absence of additions (relative to input),Absence of Additions,0,27,42,1642,27,42,1711,0.0,1.3529183824629327,0.2447685685398441,0.8397045836745559,False
qafacteval,absence of additions (relative to input),Absence of Additions,0,12,42,1657,12,42,1711,0.0,0.5986083862849729,0.4391094828795912,0.8397045836745559,False
spearman correlation,absence of additions (relative to input),Absence of Additions,0,25,42,1644,25,42,1711,0.0,1.2519514713083617,0.2631800839119304,0.8397045836745559,False
pearson correlation,absence of additions (relative to input),Absence of Additions,0,33,42,1636,33,42,1711,0.0,1.6565493690898434,0.1980698658557243,0.8397045836745559,False
moverscore,absence of additions (relative to input),Absence of Additions,0,55,42,1614,55,42,1711,0.0,2.7793487602597136,0.0954869885035346,0.8010858284512915,False
g eval,absence of additions (relative to input),Absence of Additions,0,19,42,1650,19,42,1711,0.0,0.9497769058327192,0.3297760905104148,0.8397045836745559,False
usr,absence of additions (relative to input),Absence of Additions,0,12,42,1657,12,42,1711,0.0,0.5986083862849729,0.4391094828795912,0.8397045836745559,False
bartscore,absence of additions (relative to input),Absence of Additions,1,63,41,1606,64,42,1711,0.6276676829268293,0.2520204155216716,0.6156560201218948,0.8397045836745559,False
qags,absence of additions (relative to input),Absence of Additions,1,9,41,1660,10,42,1711,4.148780487804879,1.3740888952353003,0.2411105953954129,0.8397045836745559,False
perplexity,absence of additions (relative to input),Absence of Additions,1,165,41,1504,166,42,1711,0.2270055833088451,3.647086792680129,0.0561673750876422,0.6430331249126239,False
ndcg,absence of additions (relative to input),Absence of Additions,0,21,42,1648,21,42,1711,0.0,1.0503810232162347,0.3054193501217527,0.8397045836745559,False
map,absence of additions (relative to input),Absence of Additions,0,12,42,1657,12,42,1711,0.0,0.5986083862849729,0.4391094828795912,0.8397045836745559,False
precision,absence of additions (relative to input),Absence of Additions,1,78,41,1591,79,42,1711,0.5038592158073479,0.5876701039488212,0.4433214919360556,0.8397045836745559,False
bleurt,absence of additions (relative to input),Absence of Additions,2,108,40,1561,110,42,1711,0.7277272727272728,0.2169466096308274,0.6413763625639081,0.8397045836745559,False
ter,absence of additions (relative to input),Absence of Additions,2,48,40,1621,50,42,1711,1.661,0.4352650274714946,0.5094167236367207,0.8397045836745559,False
feqa,absence of additions (relative to input),Absence of Additions,2,8,40,1661,10,42,1711,8.505,5.294894803072724,0.0213880227694254,0.415447701238251,False
sari,absence of additions (relative to input),Absence of Additions,3,22,39,1647,25,42,1711,5.187692307692308,5.134058949309751,0.0234608022913591,0.4347538503709498,False
cosine similarity,absence of additions (relative to input),Absence of Additions,0,24,42,1645,24,42,1711,0.0,1.201513492047314,0.2730193897222423,0.8397045836745559,False
accuracy,absence of additions (relative to input),Absence of Additions,2,184,40,1485,186,42,1711,0.4099462365591398,2.042271966912737,0.1529810078499933,0.8397045836745559,False
summac,absence of additions (relative to input),Absence of Additions,1,14,41,1655,15,42,1711,2.757723577235772,0.7721983954727951,0.3795378191539267,0.8397045836745559,False
clip,absence of additions (relative to input),Absence of Additions,0,13,42,1656,13,42,1711,0.0,0.648685519489749,0.42058303297977,0.8397045836745559,False
cider,absence of additions (relative to input),Absence of Additions,1,75,41,1594,76,42,1711,0.5247111681643132,0.513084031539496,0.4738068414725421,0.8397045836745559,False
exact match,absence of additions (relative to input),Absence of Additions,2,65,40,1604,67,42,1711,1.226865671641791,0.0769299257391511,0.7815018155473795,0.8414530350982423,False
chrf++,absence of additions (relative to input),Absence of Additions,2,21,40,1648,23,42,1711,3.669565217391305,2.333854023946826,0.1265881186383248,0.8397045836745559,False
blanc,absence of additions (relative to input),Absence of Additions,0,13,42,1656,13,42,1711,0.0,0.648685519489749,0.42058303297977,0.8397045836745559,False
diversity,absence of additions (relative to input),Absence of Additions,0,10,42,1659,10,42,1711,0.0,0.4985435970537583,0.4801407529164269,0.8397045836745559,False
coherence,absence of additions (relative to input),Absence of Additions,0,10,42,1659,10,42,1711,0.0,0.4985435970537583,0.4801407529164269,0.8397045836745559,False
clipscore,absence of additions (relative to input),Absence of Additions,0,15,42,1654,15,42,1711,0.0,0.7489294410809372,0.386815387855688,0.8397045836745559,False
hits,absence of additions (relative to input),Absence of Additions,0,16,42,1653,16,42,1711,0.0,0.7990963008596975,0.3713636981124965,0.8397045836745559,False
win rate,absence of additions (relative to input),Absence of Additions,0,14,42,1655,14,42,1711,0.0,0.698792525867102,0.4031897207143009,0.8397045836745559,False
balanced accuracy,absence of additions (relative to input),Absence of Additions,1,9,41,1660,10,42,1711,4.148780487804879,1.3740888952353003,0.2411105953954129,0.8397045836745559,False
ibleu,absence of additions (relative to input),Absence of Additions,0,12,42,1657,12,42,1711,0.0,0.5986083862849729,0.4391094828795912,0.8397045836745559,False
self bleu,absence of additions (relative to input),Absence of Additions,0,30,42,1639,30,42,1711,0.0,1.5045966783886904,0.2199654402696146,0.8397045836745559,False
spearman,absence of additions (relative to input),Absence of Additions,0,12,42,1657,12,42,1711,0.0,0.5986083862849729,0.4391094828795912,0.8397045836745559,False
kendall,absence of additions (relative to input),Absence of Additions,0,11,42,1658,11,42,1711,0.0,0.5485610906519816,0.4589062284251536,0.8397045836745559,False
coverage,absence of additions (relative to input),Absence of Additions,2,20,40,1649,22,42,1711,3.838636363636364,2.4721190106345143,0.1158816033706173,0.8397045836745559,False
density,absence of additions (relative to input),Absence of Additions,0,10,42,1659,10,42,1711,0.0,0.4985435970537583,0.4801407529164269,0.8397045836745559,False
ppl,absence of additions (relative to input),Absence of Additions,0,19,42,1650,19,42,1711,0.0,0.9497769058327192,0.3297760905104148,0.8397045836745559,False
kendall s tau,absence of additions (relative to input),Absence of Additions,0,11,42,1658,11,42,1711,0.0,0.5485610906519816,0.4589062284251536,0.8397045836745559,False
success rate,absence of additions (relative to input),Absence of Additions,1,24,41,1645,25,42,1711,1.6448780487804875,0.2137889189942439,0.6438137589395903,0.8397045836745559,False
supert,absence of additions (relative to input),Absence of Additions,0,10,42,1659,10,42,1711,0.0,0.4985435970537583,0.4801407529164269,0.8397045836745559,False
summaqa,absence of additions (relative to input),Absence of Additions,0,10,42,1659,10,42,1711,0.0,0.4985435970537583,0.4801407529164269,0.8397045836745559,False
spice,absence of additions (relative to input),Absence of Additions,0,24,42,1645,24,42,1711,0.0,1.201513492047314,0.2730193897222423,0.8397045836745559,False
length,absence of additions (relative to input),Absence of Additions,0,16,42,1653,16,42,1711,0.0,0.7990963008596975,0.3713636981124965,0.8397045836745559,False
parent,absence of additions (relative to input),Absence of Additions,0,17,42,1652,17,42,1711,0.0,0.8492931409962383,0.3567523816678525,0.8397045836745559,False
consistency,absence of additions (relative to input),Absence of Additions,0,14,42,1655,14,42,1711,0.0,0.698792525867102,0.4031897207143009,0.8397045836745559,False
mrr,absence of additions (relative to input),Absence of Additions,0,26,42,1643,26,42,1711,0.0,1.3024197559662158,0.2537716999871806,0.8397045836745559,False
embedding,absence of additions (relative to input),Absence of Additions,0,26,42,1643,26,42,1711,0.0,1.3024197559662158,0.2537716999871806,0.8397045836745559,False
vector extrema,absence of additions (relative to input),Absence of Additions,0,16,42,1653,16,42,1711,0.0,0.7990963008596975,0.3713636981124965,0.8397045836745559,False
greedy matching,absence of additions (relative to input),Absence of Additions,0,14,42,1655,14,42,1711,0.0,0.698792525867102,0.4031897207143009,0.8397045836745559,False
dist,absence of additions (relative to input),Absence of Additions,0,23,42,1646,23,42,1711,0.0,1.1511057818078625,0.2833177903759147,0.8397045836745559,False
ruber,absence of additions (relative to input),Absence of Additions,0,11,42,1658,11,42,1711,0.0,0.5485610906519816,0.4589062284251536,0.8397045836745559,False
bert,absence of additions (relative to input),Absence of Additions,0,10,42,1659,10,42,1711,0.0,0.4985435970537583,0.4801407529164269,0.8397045836745559,False
xcomet,absence of additions (relative to input),Absence of Additions,1,12,41,1657,13,42,1711,3.1857410881801127,0.971347767462646,0.3243442794764373,0.8397045836745559,False
auroc,absence of additions (relative to input),Absence of Additions,0,10,42,1659,10,42,1711,0.0,0.4985435970537583,0.4801407529164269,0.8397045836745559,False
entailment,absence of additions (relative to input),Absence of Additions,1,10,41,1659,11,42,1711,3.76940133037694,1.222566169397385,0.2688576275575032,0.8397045836745559,False
sacrebleu,absence of additions (relative to input),Absence of Additions,1,17,41,1652,18,42,1711,2.2940379403794036,0.5429304040550322,0.4612208029641065,0.8397045836745559,False
gleu,absence of additions (relative to input),Absence of Additions,0,14,42,1655,14,42,1711,0.0,0.698792525867102,0.4031897207143009,0.8397045836745559,False
entropy,absence of additions (relative to input),Absence of Additions,0,18,42,1651,18,42,1711,0.0,0.8995199973474016,0.3429104500996187,0.8397045836745559,False
maude,absence of additions (relative to input),Absence of Additions,0,10,42,1659,10,42,1711,0.0,0.4985435970537583,0.4801407529164269,0.8397045836745559,False
nist,absence of additions (relative to input),Absence of Additions,0,16,42,1653,16,42,1711,0.0,0.7990963008596975,0.3713636981124965,0.8397045836745559,False
auc,absence of additions (relative to input),Absence of Additions,0,12,42,1657,12,42,1711,0.0,0.5986083862849729,0.4391094828795912,0.8397045836745559,False
prism,absence of additions (relative to input),Absence of Additions,0,11,42,1658,11,42,1711,0.0,0.5485610906519816,0.4589062284251536,0.8397045836745559,False
bleu,similarity to target outputs (outputs as a whole),Target Similarity,10,732,8,961,742,18,1711,1.632412398921833,1.0877423743509227,0.2969719675562864,0.8397045836745559,False
comet,similarity to target outputs (outputs as a whole),Target Similarity,1,69,17,1624,70,18,1711,1.3789915966386554,0.0898478636047512,0.7643706546784427,0.8397045836745559,False
rouge,similarity to target outputs (outputs as a whole),Target Similarity,10,655,8,1038,665,18,1711,1.9661654135338344,2.0664289482872915,0.1505737311262039,0.8397045836745559,False
roc auc,similarity to target outputs (outputs as a whole),Target Similarity,0,11,18,1682,11,18,1711,0.0,0.2334247582979182,0.6289959677428154,0.8397045836745559,False
bertscore,similarity to target outputs (outputs as a whole),Target Similarity,8,354,10,1339,362,18,1711,2.9812154696132596,4.937091448075038,0.0262862339398486,0.4572634138598881,False
distinct,similarity to target outputs (outputs as a whole),Target Similarity,1,124,17,1569,125,18,1711,0.7463529411764706,0.0891120287852299,0.7653090767092785,0.8397045836745559,False
f1,similarity to target outputs (outputs as a whole),Target Similarity,1,234,17,1459,235,18,1711,0.3694618272841051,1.2803894655240184,0.257826633333509,0.8397045836745559,False
recall,similarity to target outputs (outputs as a whole),Target Similarity,1,111,17,1582,112,18,1711,0.8398109243697478,0.0306309567147327,0.861066261259693,0.892635062241401,False
meteor,similarity to target outputs (outputs as a whole),Target Similarity,8,250,10,1443,258,18,1711,4.5054263565891475,8.93793199650379,0.0027930876320777,0.1254976360714377,False
knowledge f1,similarity to target outputs (outputs as a whole),Target Similarity,0,13,18,1680,13,18,1711,0.0,0.2760287163233513,0.599316029917367,0.8397045836745559,False
acc,similarity to target outputs (outputs as a whole),Target Similarity,0,11,18,1682,11,18,1711,0.0,0.2334247582979182,0.6289959677428154,0.8397045836745559,False
dae,similarity to target outputs (outputs as a whole),Target Similarity,0,17,18,1676,17,18,1711,0.0,0.3613881909141698,0.5477362788447191,0.8397045836745559,False
mauve,similarity to target outputs (outputs as a whole),Target Similarity,0,10,18,1683,10,18,1711,0.0,0.212141671821069,0.6450939374463184,0.8397045836745559,False
factcc,similarity to target outputs (outputs as a whole),Target Similarity,0,33,18,1660,33,18,1711,0.0,0.7048645771248442,0.4011539376212842,0.8397045836745559,False
comet qe,similarity to target outputs (outputs as a whole),Target Similarity,0,10,18,1683,10,18,1711,0.0,0.212141671821069,0.6450939374463184,0.8397045836745559,False
unieval,similarity to target outputs (outputs as a whole),Target Similarity,0,22,18,1671,22,18,1711,0.0,0.4683729453468433,0.4937366435338135,0.8397045836745559,False
chrf,similarity to target outputs (outputs as a whole),Target Similarity,0,60,18,1633,60,18,1711,0.0,1.292017173566533,0.2556765438192497,0.8397045836745559,False
questeval,similarity to target outputs (outputs as a whole),Target Similarity,0,27,18,1666,27,18,1711,0.0,0.5756765878951842,0.4480119677515253,0.8397045836745559,False
qafacteval,similarity to target outputs (outputs as a whole),Target Similarity,0,12,18,1681,12,18,1711,0.0,0.2547204348305701,0.6137707129421035,0.8397045836745559,False
spearman correlation,similarity to target outputs (outputs as a whole),Target Similarity,0,25,18,1668,25,18,1711,0.0,0.5327167426544986,0.4654669186431798,0.8397045836745559,False
pearson correlation,similarity to target outputs (outputs as a whole),Target Similarity,0,33,18,1660,33,18,1711,0.0,0.7048645771248442,0.4011539376212842,0.8397045836745559,False
moverscore,similarity to target outputs (outputs as a whole),Target Similarity,0,55,18,1638,55,18,1711,0.0,1.182560234807274,0.2768353983387262,0.8397045836745559,False
g eval,similarity to target outputs (outputs as a whole),Target Similarity,0,19,18,1674,19,18,1711,0.0,0.404143947435586,0.5249568725040462,0.8397045836745559,False
usr,similarity to target outputs (outputs as a whole),Target Similarity,0,12,18,1681,12,18,1711,0.0,0.2547204348305701,0.6137707129421035,0.8397045836745559,False
bartscore,similarity to target outputs (outputs as a whole),Target Similarity,0,64,18,1629,64,18,1711,0.0,1.379822976605596,0.2401313031537918,0.8397045836745559,False
qags,similarity to target outputs (outputs as a whole),Target Similarity,0,10,18,1683,10,18,1711,0.0,0.212141671821069,0.6450939374463184,0.8397045836745559,False
perplexity,similarity to target outputs (outputs as a whole),Target Similarity,2,164,16,1529,166,18,1711,1.1634036144578317,0.0395911935744172,0.8422820196839014,0.8763473511699275,False
ndcg,similarity to target outputs (outputs as a whole),Target Similarity,0,21,18,1672,21,18,1711,0.0,0.4469505441264918,0.5037866609808794,0.8397045836745559,False
map,similarity to target outputs (outputs as a whole),Target Similarity,0,12,18,1681,12,18,1711,0.0,0.2547204348305701,0.6137707129421035,0.8397045836745559,False
precision,similarity to target outputs (outputs as a whole),Target Similarity,2,77,16,1616,79,18,1711,2.5822784810126582,1.2746949410358073,0.258887756470625,0.8397045836745559,False
bleurt,similarity to target outputs (outputs as a whole),Target Similarity,0,110,18,1583,110,18,1711,0.0,2.405289924093858,0.1209257188893106,0.8397045836745559,False
ter,similarity to target outputs (outputs as a whole),Target Similarity,2,48,16,1645,50,18,1711,4.1525,2.568026201182134,0.1090437120909046,0.8397045836745559,False
feqa,similarity to target outputs (outputs as a whole),Target Similarity,0,10,18,1683,10,18,1711,0.0,0.212141671821069,0.6450939374463184,0.8397045836745559,False
sari,similarity to target outputs (outputs as a whole),Target Similarity,0,25,18,1668,25,18,1711,0.0,0.5327167426544986,0.4654669186431798,0.8397045836745559,False
cosine similarity,similarity to target outputs (outputs as a whole),Target Similarity,1,23,17,1670,24,18,1711,4.1348039215686265,1.313835407956308,0.2517014062692795,0.8397045836745559,False
accuracy,similarity to target outputs (outputs as a whole),Target Similarity,2,184,16,1509,186,18,1711,1.0248655913978495,0.001077069493025,0.9738191363590674,0.9809222765079608,False
summac,similarity to target outputs (outputs as a whole),Target Similarity,0,15,18,1678,15,18,1711,0.0,0.3186831539407949,0.5724000979040134,0.8397045836745559,False
clip,similarity to target outputs (outputs as a whole),Target Similarity,0,13,18,1680,13,18,1711,0.0,0.2760287163233513,0.599316029917367,0.8397045836745559,False
cider,similarity to target outputs (outputs as a whole),Target Similarity,5,71,13,1622,76,18,1711,8.274291497975709,11.302010100049223,0.0007742322468683,0.0534627740995383,False
exact match,similarity to target outputs (outputs as a whole),Target Similarity,0,67,18,1626,67,18,1711,0.0,1.4458181608926168,0.2292001510707094,0.8397045836745559,False
chrf++,similarity to target outputs (outputs as a whole),Target Similarity,0,23,18,1670,23,18,1711,0.0,0.489808102038108,0.4840129182124012,0.8397045836745559,False
blanc,similarity to target outputs (outputs as a whole),Target Similarity,0,13,18,1680,13,18,1711,0.0,0.2760287163233513,0.599316029917367,0.8397045836745559,False
diversity,similarity to target outputs (outputs as a whole),Target Similarity,0,10,18,1683,10,18,1711,0.0,0.212141671821069,0.6450939374463184,0.8397045836745559,False
coherence,similarity to target outputs (outputs as a whole),Target Similarity,0,10,18,1683,10,18,1711,0.0,0.212141671821069,0.6450939374463184,0.8397045836745559,False
clipscore,similarity to target outputs (outputs as a whole),Target Similarity,2,13,16,1680,15,18,1711,14.133333333333333,6.911719356348578,0.0085632608258306,0.2502232562949075,False
hits,similarity to target outputs (outputs as a whole),Target Similarity,0,16,18,1677,16,18,1711,0.0,0.3400293400056861,0.559812286800734,0.8397045836745559,False
win rate,similarity to target outputs (outputs as a whole),Target Similarity,1,13,17,1680,14,18,1711,7.130252100840335,2.220800884691793,0.1361624098954677,0.8397045836745559,False
balanced accuracy,similarity to target outputs (outputs as a whole),Target Similarity,0,10,18,1683,10,18,1711,0.0,0.212141671821069,0.6450939374463184,0.8397045836745559,False
ibleu,similarity to target outputs (outputs as a whole),Target Similarity,0,12,18,1681,12,18,1711,0.0,0.2547204348305701,0.6137707129421035,0.8397045836745559,False
self bleu,similarity to target outputs (outputs as a whole),Target Similarity,0,30,18,1663,30,18,1711,0.0,0.6402126322015278,0.4236338104627135,0.8397045836745559,False
spearman,similarity to target outputs (outputs as a whole),Target Similarity,0,12,18,1681,12,18,1711,0.0,0.2547204348305701,0.6137707129421035,0.8397045836745559,False
kendall,similarity to target outputs (outputs as a whole),Target Similarity,0,11,18,1682,11,18,1711,0.0,0.2334247582979182,0.6289959677428154,0.8397045836745559,False
coverage,similarity to target outputs (outputs as a whole),Target Similarity,1,21,17,1672,22,18,1711,4.516042780748663,1.4512711775074374,0.228324090821427,0.8397045836745559,False
density,similarity to target outputs (outputs as a whole),Target Similarity,0,10,18,1683,10,18,1711,0.0,0.212141671821069,0.6450939374463184,0.8397045836745559,False
ppl,similarity to target outputs (outputs as a whole),Target Similarity,1,18,17,1675,19,18,1711,5.238390092879256,1.6912561917707414,0.1934354582082783,0.8397045836745559,False
kendall s tau,similarity to target outputs (outputs as a whole),Target Similarity,1,10,17,1683,11,18,1711,9.090909090909092,2.6633731238634573,0.1026827698366663,0.8174459654241661,False
success rate,similarity to target outputs (outputs as a whole),Target Similarity,0,25,18,1668,25,18,1711,0.0,0.5327167426544986,0.4654669186431798,0.8397045836745559,False
supert,similarity to target outputs (outputs as a whole),Target Similarity,0,10,18,1683,10,18,1711,0.0,0.212141671821069,0.6450939374463184,0.8397045836745559,False
summaqa,similarity to target outputs (outputs as a whole),Target Similarity,0,10,18,1683,10,18,1711,0.0,0.212141671821069,0.6450939374463184,0.8397045836745559,False
spice,similarity to target outputs (outputs as a whole),Target Similarity,3,21,15,1672,24,18,1711,14.058333333333334,10.139679802388072,0.0014511136761908,0.078493903008973,False
length,similarity to target outputs (outputs as a whole),Target Similarity,0,16,18,1677,16,18,1711,0.0,0.3400293400056861,0.559812286800734,0.8397045836745559,False
parent,similarity to target outputs (outputs as a whole),Target Similarity,0,17,18,1676,17,18,1711,0.0,0.3613881909141698,0.5477362788447191,0.8397045836745559,False
consistency,similarity to target outputs (outputs as a whole),Target Similarity,0,14,18,1679,14,18,1711,0.0,0.2973496177080982,0.5855487629683784,0.8397045836745559,False
mrr,similarity to target outputs (outputs as a whole),Target Similarity,0,26,18,1667,26,18,1711,0.0,0.5541902570597855,0.4566105940252034,0.8397045836745559,False
embedding,similarity to target outputs (outputs as a whole),Target Similarity,0,26,18,1667,26,18,1711,0.0,0.5541902570597855,0.4566105940252034,0.8397045836745559,False
vector extrema,similarity to target outputs (outputs as a whole),Target Similarity,0,16,18,1677,16,18,1711,0.0,0.3400293400056861,0.559812286800734,0.8397045836745559,False
greedy matching,similarity to target outputs (outputs as a whole),Target Similarity,0,14,18,1679,14,18,1711,0.0,0.2973496177080982,0.5855487629683784,0.8397045836745559,False
dist,similarity to target outputs (outputs as a whole),Target Similarity,0,23,18,1670,23,18,1711,0.0,0.489808102038108,0.4840129182124012,0.8397045836745559,False
ruber,similarity to target outputs (outputs as a whole),Target Similarity,0,11,18,1682,11,18,1711,0.0,0.2334247582979182,0.6289959677428154,0.8397045836745559,False
bert,similarity to target outputs (outputs as a whole),Target Similarity,0,10,18,1683,10,18,1711,0.0,0.212141671821069,0.6450939374463184,0.8397045836745559,False
xcomet,similarity to target outputs (outputs as a whole),Target Similarity,0,13,18,1680,13,18,1711,0.0,0.2760287163233513,0.599316029917367,0.8397045836745559,False
auroc,similarity to target outputs (outputs as a whole),Target Similarity,0,10,18,1683,10,18,1711,0.0,0.212141671821069,0.6450939374463184,0.8397045836745559,False
entailment,similarity to target outputs (outputs as a whole),Target Similarity,0,11,18,1682,11,18,1711,0.0,0.2334247582979182,0.6289959677428154,0.8397045836745559,False
sacrebleu,similarity to target outputs (outputs as a whole),Target Similarity,1,17,17,1676,18,18,1711,5.5326797385620905,1.7822343336715083,0.1818752023228344,0.8397045836745559,False
gleu,similarity to target outputs (outputs as a whole),Target Similarity,2,12,16,1681,14,18,1711,15.151785714285714,7.18974458642724,0.0073321416735231,0.2340110833544991,False
entropy,similarity to target outputs (outputs as a whole),Target Similarity,0,18,18,1675,18,18,1711,0.0,0.3827597217024996,0.5361299681382907,0.8397045836745559,False
maude,similarity to target outputs (outputs as a whole),Target Similarity,0,10,18,1683,10,18,1711,0.0,0.212141671821069,0.6450939374463184,0.8397045836745559,False
nist,similarity to target outputs (outputs as a whole),Target Similarity,1,15,17,1678,16,18,1711,6.231617647058823,1.9846863831261057,0.1588975753910624,0.8397045836745559,False
auc,similarity to target outputs (outputs as a whole),Target Similarity,0,12,18,1681,12,18,1711,0.0,0.2547204348305701,0.6137707129421035,0.8397045836745559,False
prism,similarity to target outputs (outputs as a whole),Target Similarity,0,11,18,1682,11,18,1711,0.0,0.2334247582979182,0.6289959677428154,0.8397045836745559,False
bleu,similarity/dissimilarity to input (content/meaning),Input Similarity,30,712,11,958,742,41,1711,3.5616270521930895,15.314742356676508,9.10035361483142e-05,0.0097866097890646,True
comet,similarity/dissimilarity to input (content/meaning),Input Similarity,0,70,41,1600,70,41,1711,0.0,3.467924558525529,0.0625697701240429,0.6635381484623435,False
rouge,similarity/dissimilarity to input (content/meaning),Input Similarity,9,656,32,1014,665,41,1711,0.4423872180451128,5.470813814115736,0.019336619357481,0.3903022245694644,False
roc auc,similarity/dissimilarity to input (content/meaning),Input Similarity,0,11,41,1659,11,41,1711,0.0,0.5353398882608906,0.4643704706893475,0.8397045836745559,False
bertscore,similarity/dissimilarity to input (content/meaning),Input Similarity,10,352,31,1318,362,41,1711,1.2021030119408305,0.2543873705199222,0.6140025979305143,0.8397045836745559,False
distinct,similarity/dissimilarity to input (content/meaning),Input Similarity,1,124,40,1546,125,41,1711,0.3172,1.9345447526221744,0.1642620825898247,0.8397045836745559,False
f1,similarity/dissimilarity to input (content/meaning),Input Similarity,4,231,37,1439,235,41,1711,0.6790109258194365,0.6137019434950872,0.4333973580323614,0.8397045836745559,False
recall,similarity/dissimilarity to input (content/meaning),Input Similarity,0,112,41,1558,112,41,1711,0.0,5.6213391020669,0.0177430870874983,0.375466617077384,False
meteor,similarity/dissimilarity to input (content/meaning),Input Similarity,4,254,37,1416,258,41,1711,0.608841399539074,1.0377023188894263,0.3083564544736619,0.8397045836745559,False
knowledge f1,similarity/dissimilarity to input (content/meaning),Input Similarity,0,13,41,1657,13,41,1711,0.0,0.6330510437312228,0.426238374750378,0.8397045836745559,False
acc,similarity/dissimilarity to input (content/meaning),Input Similarity,3,8,38,1662,11,41,1711,12.200956937799042,10.077264383907805,0.0015011003221214,0.0800586838464777,False
dae,similarity/dissimilarity to input (content/meaning),Input Similarity,1,16,40,1654,17,41,1711,2.4911764705882353,0.641154672549866,0.4232929825873492,0.8397045836745559,False
mauve,similarity/dissimilarity to input (content/meaning),Input Similarity,0,10,41,1660,10,41,1711,0.0,0.4865279402449057,0.4854802123768643,0.8397045836745559,False
factcc,similarity/dissimilarity to input (content/meaning),Input Similarity,1,32,40,1638,33,41,1711,1.2712121212121212,0.053518122683941,0.8170507962825732,0.8548410244997895,False
comet qe,similarity/dissimilarity to input (content/meaning),Input Similarity,0,10,41,1660,10,41,1711,0.0,0.4865279402449057,0.4854802123768643,0.8397045836745559,False
unieval,similarity/dissimilarity to input (content/meaning),Input Similarity,2,20,39,1650,22,41,1711,3.937062937062937,2.546805607521913,0.1105175023153705,0.8397045836745559,False
chrf,similarity/dissimilarity to input (content/meaning),Input Similarity,2,58,39,1612,60,41,1711,1.4111111111111112,0.2094067367135894,0.6472327955123501,0.8397045836745559,False
questeval,similarity/dissimilarity to input (content/meaning),Input Similarity,0,27,41,1643,27,41,1711,0.0,1.3203089634223444,0.250536608945381,0.8397045836745559,False
qafacteval,similarity/dissimilarity to input (content/meaning),Input Similarity,0,12,41,1658,12,41,1711,0.0,0.5841809112032529,0.4446781876131919,0.8397045836745559,False
spearman correlation,similarity/dissimilarity to input (content/meaning),Input Similarity,0,25,41,1645,25,41,1711,0.0,1.221775882883107,0.2690124156655055,0.8397045836745559,False
pearson correlation,similarity/dissimilarity to input (content/meaning),Input Similarity,0,33,41,1637,33,41,1711,0.0,1.6166206369864915,0.203563636061903,0.8397045836745559,False
moverscore,similarity/dissimilarity to input (content/meaning),Input Similarity,1,54,40,1616,55,41,1711,0.7527272727272727,0.0882240711475381,0.766447139323899,0.8397045836745559,False
g eval,similarity/dissimilarity to input (content/meaning),Input Similarity,0,19,41,1651,19,41,1711,0.0,0.9268850889600186,0.3356736429595087,0.8397045836745559,False
usr,similarity/dissimilarity to input (content/meaning),Input Similarity,1,11,40,1659,12,41,1711,3.5395833333333333,1.124901863695133,0.2888653989476477,0.8397045836745559,False
bartscore,similarity/dissimilarity to input (content/meaning),Input Similarity,2,62,39,1608,64,41,1711,1.3197115384615383,0.1384730683563642,0.7098037321924546,0.8397045836745559,False
qags,similarity/dissimilarity to input (content/meaning),Input Similarity,0,10,41,1660,10,41,1711,0.0,0.4865279402449057,0.4854802123768643,0.8397045836745559,False
perplexity,similarity/dissimilarity to input (content/meaning),Input Similarity,9,157,32,1513,166,41,1711,2.6176581325301207,5.540925921650317,0.0185767513108087,0.3832185176066198,False
ndcg,similarity/dissimilarity to input (content/meaning),Input Similarity,0,21,41,1649,21,41,1711,0.0,1.02506422870564,0.3113207643649398,0.8397045836745559,False
map,similarity/dissimilarity to input (content/meaning),Input Similarity,0,12,41,1658,12,41,1711,0.0,0.5841809112032529,0.4446781876131919,0.8397045836745559,False
precision,similarity/dissimilarity to input (content/meaning),Input Similarity,0,79,41,1591,79,41,1711,0.0,3.9246334073425793,0.0475835637869351,0.5957148082124986,False
bleurt,similarity/dissimilarity to input (content/meaning),Input Similarity,3,107,38,1563,110,41,1711,1.1490430622009569,0.0529175710438428,0.8180620903419846,0.8553534129173446,False
ter,similarity/dissimilarity to input (content/meaning),Input Similarity,0,50,41,1620,50,41,1711,0.0,2.462032505278183,0.1166277804638152,0.8397045836745559,False
feqa,similarity/dissimilarity to input (content/meaning),Input Similarity,0,10,41,1660,10,41,1711,0.0,0.4865279402449057,0.4854802123768643,0.8397045836745559,False
sari,similarity/dissimilarity to input (content/meaning),Input Similarity,2,23,39,1647,25,41,1711,3.4584615384615387,2.152619501696107,0.1423268783303878,0.8397045836745559,False
cosine similarity,similarity/dissimilarity to input (content/meaning),Input Similarity,0,24,41,1646,24,41,1711,0.0,1.172553709168056,0.2788771427198122,0.8397045836745559,False
accuracy,similarity/dissimilarity to input (content/meaning),Input Similarity,5,181,36,1489,186,41,1711,1.1387395459976106,0.0735408637246071,0.7862493737646394,0.8414530350982423,False
summac,similarity/dissimilarity to input (content/meaning),Input Similarity,1,14,40,1656,15,41,1711,2.826666666666666,0.8041415155831635,0.3698580019281746,0.8397045836745559,False
clip,similarity/dissimilarity to input (content/meaning),Input Similarity,0,13,41,1657,13,41,1711,0.0,0.6330510437312228,0.426238374750378,0.8397045836745559,False
cider,similarity/dissimilarity to input (content/meaning),Input Similarity,2,74,39,1596,76,41,1711,1.103238866396761,0.0182838219134811,0.8924397661362858,0.9160389400491372,False
exact match,similarity/dissimilarity to input (content/meaning),Input Similarity,0,67,41,1603,67,41,1711,0.0,3.3162518274184523,0.0685980579688434,0.6976794732955242,False
chrf++,similarity/dissimilarity to input (content/meaning),Input Similarity,1,22,40,1648,23,41,1711,1.834782608695652,0.3079704422701349,0.5789282815317929,0.8397045836745559,False
blanc,similarity/dissimilarity to input (content/meaning),Input Similarity,1,12,40,1658,13,41,1711,3.2653846153846153,1.005705617792192,0.3159338427596646,0.8397045836745559,False
diversity,similarity/dissimilarity to input (content/meaning),Input Similarity,1,9,40,1661,10,41,1711,4.2525,1.412063383187729,0.2347141617192579,0.8397045836745559,False
coherence,similarity/dissimilarity to input (content/meaning),Input Similarity,0,10,41,1660,10,41,1711,0.0,0.4865279402449057,0.4854802123768643,0.8397045836745559,False
clipscore,similarity/dissimilarity to input (content/meaning),Input Similarity,0,15,41,1655,15,41,1711,0.0,0.7308787764921497,0.3925984910661458,0.8397045836745559,False
hits,similarity/dissimilarity to input (content/meaning),Input Similarity,0,16,41,1654,16,41,1711,0.0,0.7798364463549473,0.3771911649681677,0.8397045836745559,False
win rate,similarity/dissimilarity to input (content/meaning),Input Similarity,0,14,41,1656,14,41,1711,0.0,0.6819503205663057,0.4089159462403415,0.8397045836745559,False
balanced accuracy,similarity/dissimilarity to input (content/meaning),Input Similarity,0,10,41,1660,10,41,1711,0.0,0.4865279402449057,0.4854802123768643,0.8397045836745559,False
ibleu,similarity/dissimilarity to input (content/meaning),Input Similarity,0,12,41,1658,12,41,1711,0.0,0.5841809112032529,0.4446781876131919,0.8397045836745559,False
self bleu,similarity/dissimilarity to input (content/meaning),Input Similarity,5,25,36,1645,30,41,1711,7.782407407407407,11.974856160618412,0.0005392322898234,0.0401973161504731,True
spearman,similarity/dissimilarity to input (content/meaning),Input Similarity,1,11,40,1659,12,41,1711,3.5395833333333333,1.124901863695133,0.2888653989476477,0.8397045836745559,False
kendall,similarity/dissimilarity to input (content/meaning),Input Similarity,0,11,41,1659,11,41,1711,0.0,0.5353398882608906,0.4643704706893475,0.8397045836745559,False
coverage,similarity/dissimilarity to input (content/meaning),Input Similarity,0,22,41,1648,22,41,1711,0.0,1.074197917461067,0.2999991571557698,0.8397045836745559,False
density,similarity/dissimilarity to input (content/meaning),Input Similarity,1,9,40,1661,10,41,1711,4.2525,1.412063383187729,0.2347141617192579,0.8397045836745559,False
ppl,similarity/dissimilarity to input (content/meaning),Input Similarity,3,16,38,1654,19,41,1711,7.030470914127423,6.756622000176326,0.0093400405773704,0.2600016486948377,False
kendall s tau,similarity/dissimilarity to input (content/meaning),Input Similarity,1,10,40,1660,11,41,1711,3.863636363636364,1.2593358379998738,0.2617768448323382,0.8397045836745559,False
success rate,similarity/dissimilarity to input (content/meaning),Input Similarity,1,24,40,1646,25,41,1711,1.686,0.2336144615261972,0.628856615173431,0.8397045836745559,False
supert,similarity/dissimilarity to input (content/meaning),Input Similarity,1,9,40,1661,10,41,1711,4.2525,1.412063383187729,0.2347141617192579,0.8397045836745559,False
summaqa,similarity/dissimilarity to input (content/meaning),Input Similarity,1,9,40,1661,10,41,1711,4.2525,1.412063383187729,0.2347141617192579,0.8397045836745559,False
spice,similarity/dissimilarity to input (content/meaning),Input Similarity,0,24,41,1646,24,41,1711,0.0,1.172553709168056,0.2788771427198122,0.8397045836745559,False
length,similarity/dissimilarity to input (content/meaning),Input Similarity,1,15,40,1655,16,41,1711,2.6484375,0.7184584513903043,0.3966500310028333,0.8397045836745559,False
parent,similarity/dissimilarity to input (content/meaning),Input Similarity,0,17,41,1653,17,41,1711,0.0,0.8288233650625582,0.3626129860465304,0.8397045836745559,False
consistency,similarity/dissimilarity to input (content/meaning),Input Similarity,1,13,40,1657,14,41,1711,3.0303571428571425,0.8993996578115533,0.3429427359546809,0.8397045836745559,False
mrr,similarity/dissimilarity to input (content/meaning),Input Similarity,1,25,40,1645,26,41,1711,1.6201923076923077,0.2016290485527716,0.6534091257217136,0.8397045836745559,False
embedding,similarity/dissimilarity to input (content/meaning),Input Similarity,2,24,39,1646,26,41,1711,3.3234714003944776,2.0360615590714652,0.1536069077043313,0.8397045836745559,False
vector extrema,similarity/dissimilarity to input (content/meaning),Input Similarity,1,15,40,1655,16,41,1711,2.6484375,0.7184584513903043,0.3966500310028333,0.8397045836745559,False
greedy matching,similarity/dissimilarity to input (content/meaning),Input Similarity,1,13,40,1657,14,41,1711,3.0303571428571425,0.8993996578115533,0.3429427359546809,0.8397045836745559,False
dist,similarity/dissimilarity to input (content/meaning),Input Similarity,0,23,41,1647,23,41,1711,0.0,1.1233610658321234,0.2891958789541867,0.8397045836745559,False
ruber,similarity/dissimilarity to input (content/meaning),Input Similarity,0,11,41,1659,11,41,1711,0.0,0.5353398882608906,0.4643704706893475,0.8397045836745559,False
bert,similarity/dissimilarity to input (content/meaning),Input Similarity,1,9,40,1661,10,41,1711,4.2525,1.412063383187729,0.2347141617192579,0.8397045836745559,False
xcomet,similarity/dissimilarity to input (content/meaning),Input Similarity,0,13,41,1657,13,41,1711,0.0,0.6330510437312228,0.426238374750378,0.8397045836745559,False
auroc,similarity/dissimilarity to input (content/meaning),Input Similarity,0,10,41,1660,10,41,1711,0.0,0.4865279402449057,0.4854802123768643,0.8397045836745559,False
entailment,similarity/dissimilarity to input (content/meaning),Input Similarity,0,11,41,1659,11,41,1711,0.0,0.5353398882608906,0.4643704706893475,0.8397045836745559,False
sacrebleu,similarity/dissimilarity to input (content/meaning),Input Similarity,1,17,40,1653,18,41,1711,2.3513888888888888,0.571245953532554,0.4497642320270988,0.8397045836745559,False
gleu,similarity/dissimilarity to input (content/meaning),Input Similarity,0,14,41,1656,14,41,1711,0.0,0.6819503205663057,0.4089159462403415,0.8397045836745559,False
entropy,similarity/dissimilarity to input (content/meaning),Input Similarity,0,18,41,1652,18,41,1711,0.0,0.8778395675862647,0.3487940879050822,0.8397045836745559,False
maude,similarity/dissimilarity to input (content/meaning),Input Similarity,0,10,41,1660,10,41,1711,0.0,0.4865279402449057,0.4854802123768643,0.8397045836745559,False
nist,similarity/dissimilarity to input (content/meaning),Input Similarity,0,16,41,1654,16,41,1711,0.0,0.7798364463549473,0.3771911649681677,0.8397045836745559,False
auc,similarity/dissimilarity to input (content/meaning),Input Similarity,0,12,41,1658,12,41,1711,0.0,0.5841809112032529,0.4446781876131919,0.8397045836745559,False
prism,similarity/dissimilarity to input (content/meaning),Input Similarity,0,11,41,1659,11,41,1711,0.0,0.5353398882608906,0.4643704706893475,0.8397045836745559,False
bleu,nonredundancy (form),Conciseness,25,717,33,936,742,58,1711,0.9893408478314138,0.0016916208037294,0.9671928019441024,0.9761207355005096,False
comet,nonredundancy (form),Conciseness,2,68,56,1585,70,58,1711,0.8372448979591837,0.0665653904117619,0.7964048276371593,0.8459317997315188,False
rouge,nonredundancy (form),Conciseness,44,621,14,1032,665,58,1711,4.943501611170784,34.011121416972514,5.479796225525654e-09,2.995621936620691e-06,True
roc auc,nonredundancy (form),Conciseness,0,11,58,1642,11,58,1711,0.0,0.7611881127695326,0.3829569613930755,0.8397045836745559,False
bertscore,nonredundancy (form),Conciseness,26,336,32,1317,362,58,1711,3.0277969613259668,16.886524872386982,3.968229524762e-05,0.0054232470171747,True
distinct,nonredundancy (form),Conciseness,3,122,55,1531,125,58,1711,0.6920727272727273,0.4446010782586986,0.5049100301047316,0.8397045836745559,False
f1,nonredundancy (form),Conciseness,4,231,54,1422,235,58,1711,0.4652482269503546,2.8073158099583013,0.0938352607998523,0.7978890113081175,False
recall,nonredundancy (form),Conciseness,0,112,58,1541,112,58,1711,0.0,7.994170676391493,0.0046928190166395,0.176564414369084,False
meteor,nonredundancy (form),Conciseness,13,245,45,1408,258,58,1711,1.626959517657192,2.2618264226970624,0.1325975955867969,0.8397045836745559,False
knowledge f1,nonredundancy (form),Conciseness,1,12,57,1641,13,58,1711,2.291497975708502,0.5511685362151226,0.4578406236156704,0.8397045836745559,False
acc,nonredundancy (form),Conciseness,0,11,58,1642,11,58,1711,0.0,0.7611881127695326,0.3829569613930755,0.8397045836745559,False
dae,nonredundancy (form),Conciseness,0,17,58,1636,17,58,1711,0.0,1.1784968008547143,0.27766222958623,0.8397045836745559,False
mauve,nonredundancy (form),Conciseness,0,10,58,1643,10,58,1711,0.0,0.6917824025213901,0.4055587804561659,0.8397045836745559,False
factcc,nonredundancy (form),Conciseness,0,33,58,1620,33,58,1711,0.0,2.298716453292384,0.1294809582829871,0.8397045836745559,False
comet qe,nonredundancy (form),Conciseness,0,10,58,1643,10,58,1711,0.0,0.6917824025213901,0.4055587804561659,0.8397045836745559,False
unieval,nonredundancy (form),Conciseness,3,19,55,1634,22,58,1711,4.187603305785124,4.184359103176841,0.0407986359301715,0.5564221449104474,False
chrf,nonredundancy (form),Conciseness,1,59,57,1594,60,58,1711,0.4827485380116958,0.6858738708055423,0.4075713860866229,0.8397045836745559,False
questeval,nonredundancy (form),Conciseness,1,26,57,1627,27,58,1711,1.0942170240415854,0.0080211821144567,0.9286360356273992,0.9448493936397806,False
qafacteval,nonredundancy (form),Conciseness,2,10,56,1643,12,58,1711,5.056547619047619,3.459847418179007,0.0628761167873773,0.6635381484623435,False
spearman correlation,nonredundancy (form),Conciseness,3,22,55,1631,25,58,1711,3.6785454545454543,3.562435970686569,0.059100947977149,0.6483557651616368,False
pearson correlation,nonredundancy (form),Conciseness,3,30,55,1623,33,58,1711,2.773553719008264,2.334635879160279,0.1265245726199713,0.8397045836745559,False
moverscore,nonredundancy (form),Conciseness,5,50,53,1603,55,58,1711,2.8404802744425384,3.967192695211594,0.0463950603099218,0.5932779641970509,False
g eval,nonredundancy (form),Conciseness,2,17,56,1636,19,58,1711,3.180451127819549,1.9566874475731797,0.1618680334795218,0.8397045836745559,False
usr,nonredundancy (form),Conciseness,0,12,58,1641,12,58,1711,0.0,0.830635379233348,0.3620888668157963,0.8397045836745559,False
bartscore,nonredundancy (form),Conciseness,7,57,51,1596,64,58,1711,3.532169117647059,7.571633329139709,0.005929402775018,0.2029089115661017,False
qags,nonredundancy (form),Conciseness,0,10,58,1643,10,58,1711,0.0,0.6917824025213901,0.4055587804561659,0.8397045836745559,False
perplexity,nonredundancy (form),Conciseness,2,164,56,1489,166,58,1711,0.3324010327022375,3.4522716135115523,0.0631649019756025,0.6635381484623435,False
ndcg,nonredundancy (form),Conciseness,0,21,58,1632,21,58,1711,0.0,1.4575390534244996,0.227322089312436,0.8397045836745559,False
map,nonredundancy (form),Conciseness,0,12,58,1641,12,58,1711,0.0,0.830635379233348,0.3620888668157963,0.8397045836745559,False
precision,nonredundancy (form),Conciseness,0,79,58,1574,79,58,1711,0.0,5.580956332966655,0.0181568052551411,0.3816483679498907,False
bleurt,nonredundancy (form),Conciseness,4,106,54,1547,110,58,1711,1.078114478114478,0.021358692308557,0.883806028170649,0.9088834527041006,False
ter,nonredundancy (form),Conciseness,3,47,55,1606,50,58,1711,1.812,0.8828377850842082,0.3474256092816762,0.8397045836745559,False
feqa,nonredundancy (form),Conciseness,0,10,58,1643,10,58,1711,0.0,0.6917824025213901,0.4055587804561659,0.8397045836745559,False
sari,nonredundancy (form),Conciseness,1,24,57,1629,25,58,1711,1.183157894736842,0.0273313808962422,0.8686905026047301,0.8982676067287246,False
cosine similarity,nonredundancy (form),Conciseness,0,24,58,1629,24,58,1711,0.0,1.6672621781463663,0.1966256447542842,0.8397045836745559,False
accuracy,nonredundancy (form),Conciseness,3,183,55,1470,186,58,1711,0.4472140762463342,2.4284890209924432,0.119147695093212,0.8397045836745559,False
summac,nonredundancy (form),Conciseness,2,13,56,1640,15,58,1711,4.038095238095238,2.6943592032761554,0.1007039685096148,0.8134039803883839,False
clip,nonredundancy (form),Conciseness,2,11,56,1642,13,58,1711,4.664835164835165,3.177969937261206,0.074637405865274,0.7149997016226993,False
cider,nonredundancy (form),Conciseness,8,68,50,1585,76,58,1711,3.442105263157895,8.260587143066573,0.004051502237681,0.1610779071465939,False
exact match,nonredundancy (form),Conciseness,0,67,58,1586,67,58,1711,0.0,4.715724998844892,0.0298879600673249,0.4886772346784259,False
chrf++,nonredundancy (form),Conciseness,1,22,57,1631,23,58,1711,1.2875667429443172,0.0601856109800355,0.8062028149825406,0.8482552722877735,False
blanc,nonredundancy (form),Conciseness,0,13,58,1640,13,58,1711,0.0,0.9001242517111719,0.3427483968861438,0.8397045836745559,False
diversity,nonredundancy (form),Conciseness,0,10,58,1643,10,58,1711,0.0,0.6917824025213901,0.4055587804561659,0.8397045836745559,False
coherence,nonredundancy (form),Conciseness,1,9,57,1644,10,58,1711,2.9842105263157896,0.8957449998035925,0.3439252010880966,0.8397045836745559,False
clipscore,nonredundancy (form),Conciseness,2,13,56,1640,15,58,1711,4.038095238095238,2.6943592032761554,0.1007039685096148,0.8134039803883839,False
hits,nonredundancy (form),Conciseness,0,16,58,1637,16,58,1711,0.0,1.1088410045489487,0.2923340272253219,0.8397045836745559,False
win rate,nonredundancy (form),Conciseness,0,14,58,1639,14,58,1711,0.0,0.969654780089762,0.3247662908317535,0.8397045836745559,False
balanced accuracy,nonredundancy (form),Conciseness,0,10,58,1643,10,58,1711,0.0,0.6917824025213901,0.4055587804561659,0.8397045836745559,False
ibleu,nonredundancy (form),Conciseness,1,11,57,1642,12,58,1711,2.4839181286549707,0.6497585385955285,0.4201990215217807,0.8397045836745559,False
self bleu,nonredundancy (form),Conciseness,3,27,55,1626,30,58,1711,3.0563636363636366,2.7358635221369525,0.0981184521112394,0.8016006112360292,False
spearman,nonredundancy (form),Conciseness,0,12,58,1641,12,58,1711,0.0,0.830635379233348,0.3620888668157963,0.8397045836745559,False
kendall,nonredundancy (form),Conciseness,0,11,58,1642,11,58,1711,0.0,0.7611881127695326,0.3829569613930755,0.8397045836745559,False
coverage,nonredundancy (form),Conciseness,3,19,55,1634,22,58,1711,4.187603305785124,4.184359103176841,0.0407986359301715,0.5564221449104474,False
density,nonredundancy (form),Conciseness,2,8,56,1645,10,58,1711,6.075,4.1312841265107085,0.0420973948532336,0.564742147724362,False
ppl,nonredundancy (form),Conciseness,0,19,58,1634,19,58,1711,0.0,1.317934012856157,0.2509631676012972,0.8397045836745559,False
kendall s tau,nonredundancy (form),Conciseness,1,10,57,1643,11,58,1711,2.7113237639553427,0.7635987506690323,0.3822046440499861,0.8397045836745559,False
success rate,nonredundancy (form),Conciseness,2,23,56,1630,25,58,1711,2.408571428571429,1.2096719735445491,0.2713970964222796,0.8397045836745559,False
supert,nonredundancy (form),Conciseness,0,10,58,1643,10,58,1711,0.0,0.6917824025213901,0.4055587804561659,0.8397045836745559,False
summaqa,nonredundancy (form),Conciseness,0,10,58,1643,10,58,1711,0.0,0.6917824025213901,0.4055587804561659,0.8397045836745559,False
spice,nonredundancy (form),Conciseness,4,20,54,1633,24,58,1711,5.20679012345679,7.0147987741966915,0.008083871787436,0.2456276349733291,False
length,nonredundancy (form),Conciseness,2,14,56,1639,16,58,1711,3.783482142857143,2.4851207924734107,0.1149275245471021,0.8397045836745559,False
parent,nonredundancy (form),Conciseness,1,16,57,1637,17,58,1711,1.7481940144478845,0.2691676811368224,0.6038906459545604,0.8397045836745559,False
consistency,nonredundancy (form),Conciseness,0,14,58,1639,14,58,1711,0.0,0.969654780089762,0.3247662908317535,0.8397045836745559,False
mrr,nonredundancy (form),Conciseness,1,25,57,1628,26,58,1711,1.1369770580296896,0.0161158559031698,0.8989813646535627,0.921599898754082,False
embedding,nonredundancy (form),Conciseness,0,26,58,1627,26,58,1711,0.0,1.807288563151811,0.1788338348076832,0.8397045836745559,False
vector extrema,nonredundancy (form),Conciseness,0,16,58,1637,16,58,1711,0.0,1.1088410045489487,0.2923340272253219,0.8397045836745559,False
greedy matching,nonredundancy (form),Conciseness,0,14,58,1639,14,58,1711,0.0,0.969654780089762,0.3247662908317535,0.8397045836745559,False
dist,nonredundancy (form),Conciseness,0,23,58,1630,23,58,1711,0.0,1.5973123270877987,0.2062845093961383,0.8397045836745559,False
ruber,nonredundancy (form),Conciseness,0,11,58,1642,11,58,1711,0.0,0.7611881127695326,0.3829569613930755,0.8397045836745559,False
bert,nonredundancy (form),Conciseness,1,9,57,1644,10,58,1711,2.9842105263157896,0.8957449998035925,0.3439252010880966,0.8397045836745559,False
xcomet,nonredundancy (form),Conciseness,0,13,58,1640,13,58,1711,0.0,0.9001242517111719,0.3427483968861438,0.8397045836745559,False
auroc,nonredundancy (form),Conciseness,1,9,57,1644,10,58,1711,2.9842105263157896,0.8957449998035925,0.3439252010880966,0.8397045836745559,False
entailment,nonredundancy (form),Conciseness,0,11,58,1642,11,58,1711,0.0,0.7611881127695326,0.3829569613930755,0.8397045836745559,False
sacrebleu,nonredundancy (form),Conciseness,2,16,56,1637,18,58,1711,3.359126984126984,2.1182769616830215,0.1455502108234173,0.8397045836745559,False
gleu,nonredundancy (form),Conciseness,0,14,58,1639,14,58,1711,0.0,0.969654780089762,0.3247662908317535,0.8397045836745559,False
entropy,nonredundancy (form),Conciseness,0,18,58,1635,18,58,1711,0.0,1.2481944535109906,0.2638976072492965,0.8397045836745559,False
maude,nonredundancy (form),Conciseness,0,10,58,1643,10,58,1711,0.0,0.6917824025213901,0.4055587804561659,0.8397045836745559,False
nist,nonredundancy (form),Conciseness,1,15,57,1638,16,58,1711,1.8585526315789471,0.3258151396372676,0.5681337385372249,0.8397045836745559,False
auc,nonredundancy (form),Conciseness,0,12,58,1641,12,58,1711,0.0,0.830635379233348,0.3620888668157963,0.8397045836745559,False
prism,nonredundancy (form),Conciseness,1,10,57,1643,11,58,1711,2.7113237639553427,0.7635987506690323,0.3822046440499861,0.8397045836745559,False
bleu,answerability from input,Answerability,21,721,11,958,742,32,1711,2.493138936535163,6.538507251837267,0.0105563891562361,0.2769996514596378,False
comet,answerability from input,Answerability,1,69,31,1610,70,32,1711,0.756221198156682,0.0841091722317716,0.77180413964157,0.8397045836745559,False
rouge,answerability from input,Answerability,17,648,15,1031,665,32,1711,1.7826566416040102,2.710604632508077,0.0996832031259336,0.8123252329268631,False
roc auc,answerability from input,Answerability,0,11,32,1668,11,32,1711,0.0,0.416705258815624,0.5185856512109139,0.8397045836745559,False
bertscore,answerability from input,Answerability,7,355,25,1324,362,32,1711,1.0434254143646409,0.0099917048009574,0.9203772603496072,0.9385473073050558,False
distinct,answerability from input,Answerability,3,122,29,1557,125,32,1711,1.3125517241379312,0.1907608032710821,0.6622841605424734,0.8397045836745559,False
f1,answerability from input,Answerability,8,227,24,1452,235,32,1711,2.0936170212765957,2.931757989638589,0.0868528698577579,0.7617043131910327,False
recall,answerability from input,Answerability,3,109,29,1570,112,32,1711,1.4769088669950738,0.3803151926025903,0.5374345988763447,0.8397045836745559,False
meteor,answerability from input,Answerability,14,244,18,1435,258,32,1711,4.380275624461671,15.391951231277202,8.735960899575118e-05,0.0095513172502021,True
knowledge f1,answerability from input,Answerability,0,13,32,1666,13,32,1711,0.0,0.4927622234516115,0.4826977204669685,0.8397045836745559,False
acc,answerability from input,Answerability,0,11,32,1668,11,32,1711,0.0,0.416705258815624,0.5185856512109139,0.8397045836745559,False
dae,answerability from input,Answerability,0,17,32,1662,17,32,1711,0.0,0.6451478552170481,0.4218528085527121,0.8397045836745559,False
mauve,answerability from input,Answerability,0,10,32,1669,10,32,1711,0.0,0.3787106451879792,0.5382940861909318,0.8397045836745559,False
factcc,answerability from input,Answerability,0,33,32,1646,33,32,1711,0.0,1.2583449618377525,0.261964599356448,0.8397045836745559,False
comet qe,answerability from input,Answerability,0,10,32,1669,10,32,1711,0.0,0.3787106451879792,0.5382940861909318,0.8397045836745559,False
unieval,answerability from input,Answerability,1,21,31,1658,22,32,1711,2.4765395894428157,0.626456316886659,0.4286581473579615,0.8397045836745559,False
chrf,answerability from input,Answerability,0,60,32,1619,60,32,1711,0.0,2.3066269766237664,0.1288233289930359,0.8397045836745559,False
questeval,answerability from input,Answerability,1,26,31,1653,27,32,1711,2.01194743130227,0.3937342067372488,0.5303430462335834,0.8397045836745559,False
qafacteval,answerability from input,Answerability,0,12,32,1667,12,32,1711,0.0,0.4547224426260636,0.5001008312190467,0.8397045836745559,False
spearman correlation,answerability from input,Answerability,0,25,32,1654,25,32,1711,0.0,0.9510119929818394,0.3294618369296042,0.8397045836745559,False
pearson correlation,answerability from input,Answerability,0,33,32,1646,33,32,1711,0.0,1.2583449618377525,0.261964599356448,0.8397045836745559,False
moverscore,answerability from input,Answerability,4,51,28,1628,55,32,1711,4.301298701298702,5.388498903535642,0.0202699006687727,0.4041658005688419,False
g eval,answerability from input,Answerability,0,19,32,1660,19,32,1711,0.0,0.7214769543444303,0.3956598683131079,0.8397045836745559,False
usr,answerability from input,Answerability,0,12,32,1667,12,32,1711,0.0,0.4547224426260636,0.5001008312190467,0.8397045836745559,False
bartscore,answerability from input,Answerability,2,62,30,1617,64,32,1711,1.7156249999999995,0.4791983782599225,0.4887856428461737,0.8397045836745559,False
qags,answerability from input,Answerability,0,10,32,1669,10,32,1711,0.0,0.3787106451879792,0.5382940861909318,0.8397045836745559,False
perplexity,answerability from input,Answerability,1,165,31,1514,166,32,1711,0.3002331908278274,2.1231514531256774,0.1450877325374753,0.8397045836745559,False
ndcg,answerability from input,Answerability,1,20,31,1659,21,32,1711,2.5960061443932414,0.6846923414082595,0.4079756009826973,0.8397045836745559,False
map,answerability from input,Answerability,0,12,32,1667,12,32,1711,0.0,0.4547224426260636,0.5001008312190467,0.8397045836745559,False
precision,answerability from input,Answerability,1,78,31,1601,79,32,1711,0.6663944467129441,0.1848050303609625,0.6672759830656403,0.8397045836745559,False
bleurt,answerability from input,Answerability,4,106,28,1573,110,32,1711,2.0792207792207793,1.6002859555801114,0.2058626913685191,0.8397045836745559,False
ter,answerability from input,Answerability,1,49,31,1630,50,32,1711,1.0716129032258066,0.0046240188960759,0.945785523682614,0.9583492485878818,False
feqa,answerability from input,Answerability,0,10,32,1669,10,32,1711,0.0,0.3787106451879792,0.5382940861909318,0.8397045836745559,False
sari,answerability from input,Answerability,1,24,31,1655,25,32,1711,2.175483870967742,0.4764217294501482,0.4900476124135887,0.8397045836745559,False
cosine similarity,answerability from input,Answerability,1,23,31,1656,24,32,1711,2.2674731182795695,0.5226745960620947,0.4697030000676235,0.8397045836745559,False
accuracy,answerability from input,Answerability,3,183,29,1496,186,32,1711,0.8481646273637374,0.0785089617755033,0.7793282807039236,0.8414530350982423,False
summac,answerability from input,Answerability,0,15,32,1664,15,32,1711,0.0,0.5689096837143326,0.450692504573665,0.8397045836745559,False
clip,answerability from input,Answerability,0,13,32,1666,13,32,1711,0.0,0.4927622234516115,0.4826977204669685,0.8397045836745559,False
cider,answerability from input,Answerability,3,73,29,1606,76,32,1711,2.2254990925589837,1.4427802309047015,0.229689968027924,0.8397045836745559,False
exact match,answerability from input,Answerability,6,61,26,1618,67,32,1711,5.662456946039034,10.439142319572136,0.0012337254584621,0.0716215841372713,False
chrf++,answerability from input,Answerability,1,22,31,1657,23,32,1711,2.367461430575035,0.5725761319286877,0.4492370423239904,0.8397045836745559,False
blanc,answerability from input,Answerability,1,12,31,1667,13,32,1711,4.213399503722084,1.3789091887499592,0.2402870395613458,0.8397045836745559,False
diversity,answerability from input,Answerability,0,10,32,1669,10,32,1711,0.0,0.3787106451879792,0.5382940861909318,0.8397045836745559,False
coherence,answerability from input,Answerability,0,10,32,1669,10,32,1711,0.0,0.3787106451879792,0.5382940861909318,0.8397045836745559,False
clipscore,answerability from input,Answerability,0,15,32,1664,15,32,1711,0.0,0.5689096837143326,0.450692504573665,0.8397045836745559,False
hits,answerability from input,Answerability,0,16,32,1663,16,32,1711,0.0,0.6070174170547767,0.4359130204667892,0.8397045836745559,False
win rate,answerability from input,Answerability,0,14,32,1665,14,32,1711,0.0,0.5308246281720762,0.4662603749037156,0.8397045836745559,False
balanced accuracy,answerability from input,Answerability,0,10,32,1669,10,32,1711,0.0,0.3787106451879792,0.5382940861909318,0.8397045836745559,False
ibleu,answerability from input,Answerability,0,12,32,1667,12,32,1711,0.0,0.4547224426260636,0.5001008312190467,0.8397045836745559,False
self bleu,answerability from input,Answerability,1,29,31,1650,30,32,1711,1.8075268817204304,0.2908011635880737,0.5897075827139984,0.8397045836745559,False
spearman,answerability from input,Answerability,0,12,32,1667,12,32,1711,0.0,0.4547224426260636,0.5001008312190467,0.8397045836745559,False
kendall,answerability from input,Answerability,0,11,32,1668,11,32,1711,0.0,0.416705258815624,0.5185856512109139,0.8397045836745559,False
coverage,answerability from input,Answerability,1,21,31,1658,22,32,1711,2.4765395894428157,0.626456316886659,0.4286581473579615,0.8397045836745559,False
density,answerability from input,Answerability,0,10,32,1669,10,32,1711,0.0,0.3787106451879792,0.5382940861909318,0.8397045836745559,False
ppl,answerability from input,Answerability,0,19,32,1660,19,32,1711,0.0,0.7214769543444303,0.3956598683131079,0.8397045836745559,False
kendall s tau,answerability from input,Answerability,0,11,32,1668,11,32,1711,0.0,0.416705258815624,0.5185856512109139,0.8397045836745559,False
success rate,answerability from input,Answerability,0,25,32,1654,25,32,1711,0.0,0.9510119929818394,0.3294618369296042,0.8397045836745559,False
supert,answerability from input,Answerability,1,9,31,1670,10,32,1711,5.487096774193549,1.817718965124772,0.1775850346462776,0.8397045836745559,False
summaqa,answerability from input,Answerability,0,10,32,1669,10,32,1711,0.0,0.3787106451879792,0.5382940861909318,0.8397045836745559,False
spice,answerability from input,Answerability,1,23,31,1656,24,32,1711,2.2674731182795695,0.5226745960620947,0.4697030000676235,0.8397045836745559,False
length,answerability from input,Answerability,1,15,31,1664,16,32,1711,3.4173387096774195,1.0591513981474778,0.303408811154423,0.8397045836745559,False
parent,answerability from input,Answerability,1,16,31,1663,17,32,1711,3.214421252371917,0.9709976827848654,0.3244314856952748,0.8397045836745559,False
consistency,answerability from input,Answerability,0,14,32,1665,14,32,1711,0.0,0.5308246281720762,0.4662603749037156,0.8397045836745559,False
mrr,answerability from input,Answerability,0,26,32,1653,26,32,1711,0.0,0.9893479986329102,0.3199017815424111,0.8397045836745559,False
embedding,answerability from input,Answerability,2,24,30,1655,26,32,1711,4.32051282051282,2.7960529796479894,0.0944966714255761,0.8003119431675925,False
vector extrema,answerability from input,Answerability,1,15,31,1664,16,32,1711,3.4173387096774195,1.0591513981474778,0.303408811154423,0.8397045836745559,False
greedy matching,answerability from input,Answerability,1,13,31,1666,14,32,1711,3.910138248847926,1.2617728770665564,0.2613157757644097,0.8397045836745559,False
dist,answerability from input,Answerability,0,23,32,1656,23,32,1711,0.0,0.8744088048964231,0.3497376496884482,0.8397045836745559,False
ruber,answerability from input,Answerability,1,10,31,1669,11,32,1711,4.9853372434017595,1.654180582477989,0.1983908852501317,0.8397045836745559,False
bert,answerability from input,Answerability,0,10,32,1669,10,32,1711,0.0,0.3787106451879792,0.5382940861909318,0.8397045836745559,False
xcomet,answerability from input,Answerability,0,13,32,1666,13,32,1711,0.0,0.4927622234516115,0.4826977204669685,0.8397045836745559,False
auroc,answerability from input,Answerability,0,10,32,1669,10,32,1711,0.0,0.3787106451879792,0.5382940861909318,0.8397045836745559,False
entailment,answerability from input,Answerability,0,11,32,1668,11,32,1711,0.0,0.416705258815624,0.5185856512109139,0.8397045836745559,False
sacrebleu,answerability from input,Answerability,0,18,32,1661,18,32,1711,0.0,0.6833010252734179,0.4084523403188465,0.8397045836745559,False
gleu,answerability from input,Answerability,0,14,32,1665,14,32,1711,0.0,0.5308246281720762,0.4662603749037156,0.8397045836745559,False
entropy,answerability from input,Answerability,0,18,32,1661,18,32,1711,0.0,0.6833010252734179,0.4084523403188465,0.8397045836745559,False
maude,answerability from input,Answerability,1,9,31,1670,10,32,1711,5.487096774193549,1.817718965124772,0.1775850346462776,0.8397045836745559,False
nist,answerability from input,Answerability,0,16,32,1663,16,32,1711,0.0,0.6070174170547767,0.4359130204667892,0.8397045836745559,False
auc,answerability from input,Answerability,0,12,32,1667,12,32,1711,0.0,0.4547224426260636,0.5001008312190467,0.8397045836745559,False
prism,answerability from input,Answerability,0,11,32,1668,11,32,1711,0.0,0.416705258815624,0.5185856512109139,0.8397045836745559,False
bleu,goodness as explanation of system behaviour,Behaviour Explainability,2,740,8,961,742,10,1711,0.3264824797843666,2.4440523671641854,0.1179711099439457,0.8397045836745559,False
comet,goodness as explanation of system behaviour,Behaviour Explainability,0,70,10,1631,70,10,1711,0.0,0.8379467204334742,0.3599846708216174,0.8397045836745559,False
rouge,goodness as explanation of system behaviour,Behaviour Explainability,1,664,9,1037,665,10,1711,0.1747702589807853,4.266922205769066,0.0388612586856871,0.5422736480855835,False
roc auc,goodness as explanation of system behaviour,Behaviour Explainability,0,11,10,1690,11,10,1711,0.0,0.1293745375816822,0.7190814231221156,0.8397045836745559,False
bertscore,goodness as explanation of system behaviour,Behaviour Explainability,2,360,8,1341,362,10,1711,0.9316298342541436,0.0081856527908256,0.9279100794174376,0.9444670474753128,False
distinct,goodness as explanation of system behaviour,Behaviour Explainability,1,124,9,1577,125,10,1711,1.4097777777777778,0.0975419245474986,0.7547996021008224,0.8397045836745559,False
f1,goodness as explanation of system behaviour,Behaviour Explainability,2,233,8,1468,235,10,1711,1.5702127659574467,0.2987680741264154,0.5846557602594389,0.8397045836745559,False
recall,goodness as explanation of system behaviour,Behaviour Explainability,1,111,9,1590,112,10,1711,1.5863095238095235,0.1707491201880616,0.6794468972849717,0.8397045836745559,False
meteor,goodness as explanation of system behaviour,Behaviour Explainability,1,257,9,1444,258,10,1711,0.6257536606373815,0.2253285214858484,0.6350095044101621,0.8397045836745559,False
knowledge f1,goodness as explanation of system behaviour,Behaviour Explainability,0,13,10,1688,13,10,1711,0.0,0.1529873597809953,0.6956967219884287,0.8397045836745559,False
acc,goodness as explanation of system behaviour,Behaviour Explainability,0,11,10,1690,11,10,1711,0.0,0.1293745375816822,0.7190814231221156,0.8397045836745559,False
dae,goodness as explanation of system behaviour,Behaviour Explainability,0,17,10,1684,17,10,1711,0.0,0.2002968041615792,0.6544813808515602,0.8397045836745559,False
mauve,goodness as explanation of system behaviour,Behaviour Explainability,0,10,10,1691,10,10,1711,0.0,0.1175785726413881,0.7316757073730777,0.8397045836745559,False
factcc,goodness as explanation of system behaviour,Behaviour Explainability,1,32,9,1669,33,10,1711,5.64983164983165,1.7659615030154154,0.1838826655554796,0.8397045836745559,False
comet qe,goodness as explanation of system behaviour,Behaviour Explainability,0,10,10,1691,10,10,1711,0.0,0.1175785726413881,0.7316757073730777,0.8397045836745559,False
unieval,goodness as explanation of system behaviour,Behaviour Explainability,1,21,9,1680,22,10,1711,8.53030303030303,2.4745091753484214,0.1157055578462207,0.8397045836745559,False
chrf,goodness as explanation of system behaviour,Behaviour Explainability,0,60,10,1641,60,10,1711,0.0,0.7160690617800781,0.3974363630869097,0.8397045836745559,False
questeval,goodness as explanation of system behaviour,Behaviour Explainability,0,27,10,1674,27,10,1711,0.0,0.3190623477724635,0.5721716851703178,0.8397045836745559,False
qafacteval,goodness as explanation of system behaviour,Behaviour Explainability,0,12,10,1689,12,10,1711,0.0,0.1411774638881158,0.7071132485189537,0.8397045836745559,False
spearman correlation,goodness as explanation of system behaviour,Behaviour Explainability,0,25,10,1676,25,10,1711,0.0,0.2952527508512802,0.5868739405390964,0.8397045836745559,False
pearson correlation,goodness as explanation of system behaviour,Behaviour Explainability,0,33,10,1668,33,10,1711,0.0,0.3906616820008347,0.5319517985646836,0.8397045836745559,False
moverscore,goodness as explanation of system behaviour,Behaviour Explainability,1,54,9,1647,55,10,1711,3.3454545454545452,0.9701889805337668,0.3246330522258398,0.8397045836745559,False
g eval,goodness as explanation of system behaviour,Behaviour Explainability,1,18,9,1683,19,10,1711,9.894736842105264,2.743108260411399,0.097674611604533,0.8016006112360292,False
usr,goodness as explanation of system behaviour,Behaviour Explainability,1,11,9,1690,12,10,1711,15.73148148148148,3.619830185825696,0.0570947006742561,0.6452795683107804,False
bartscore,goodness as explanation of system behaviour,Behaviour Explainability,1,63,9,1638,64,10,1711,2.859375,0.7628643277197849,0.3824336224673175,0.8397045836745559,False
qags,goodness as explanation of system behaviour,Behaviour Explainability,1,9,9,1692,10,10,1711,18.9,3.9810015842995026,0.0460161932921538,0.591894564699077,False
perplexity,goodness as explanation of system behaviour,Behaviour Explainability,0,166,10,1535,166,10,1711,0.0,2.0473871583441765,0.1524676566034112,0.8397045836745559,False
ndcg,goodness as explanation of system behaviour,Behaviour Explainability,0,21,10,1680,21,10,1711,0.0,0.2477184234448384,0.6186862071872535,0.8397045836745559,False
map,goodness as explanation of system behaviour,Behaviour Explainability,0,12,10,1689,12,10,1711,0.0,0.1411774638881158,0.7071132485189537,0.8397045836745559,False
precision,goodness as explanation of system behaviour,Behaviour Explainability,0,79,10,1622,79,10,1711,0.0,0.9482752647197372,0.3301587027077224,0.8397045836745559,False
bleurt,goodness as explanation of system behaviour,Behaviour Explainability,1,109,9,1592,110,10,1711,1.6171717171717173,0.1843859280585411,0.6676308252650702,0.8397045836745559,False
ter,goodness as explanation of system behaviour,Behaviour Explainability,0,50,10,1651,50,10,1711,0.0,0.5949296172615323,0.4405191724885542,0.8397045836745559,False
feqa,goodness as explanation of system behaviour,Behaviour Explainability,0,10,10,1691,10,10,1711,0.0,0.1175785726413881,0.7316757073730777,0.8397045836745559,False
sari,goodness as explanation of system behaviour,Behaviour Explainability,1,24,9,1677,25,10,1711,7.493333333333333,2.2453129984774645,0.134019787868785,0.8397045836745559,False
cosine similarity,goodness as explanation of system behaviour,Behaviour Explainability,0,24,10,1677,24,10,1711,0.0,0.2833585733095006,0.5945082910917401,0.8397045836745559,False
accuracy,goodness as explanation of system behaviour,Behaviour Explainability,2,184,8,1517,186,10,1711,2.049731182795699,0.7146994032316716,0.397888124430073,0.8397045836745559,False
summac,goodness as explanation of system behaviour,Behaviour Explainability,0,15,10,1686,15,10,1711,0.0,0.1766280932867088,0.6742871625057778,0.8397045836745559,False
clip,goodness as explanation of system behaviour,Behaviour Explainability,0,13,10,1688,13,10,1711,0.0,0.1529873597809953,0.6956967219884287,0.8397045836745559,False
cider,goodness as explanation of system behaviour,Behaviour Explainability,0,76,10,1625,76,10,1711,0.0,0.9114314173106404,0.3397349066620256,0.8397045836745559,False
exact match,goodness as explanation of system behaviour,Behaviour Explainability,1,66,9,1635,67,10,1711,2.72636815920398,0.7034452773417503,0.4016284470881852,0.8397045836745559,False
chrf++,goodness as explanation of system behaviour,Behaviour Explainability,0,23,10,1678,23,10,1711,0.0,0.2714714651582938,0.602346404811887,0.8397045836745559,False
blanc,goodness as explanation of system behaviour,Behaviour Explainability,0,13,10,1688,13,10,1711,0.0,0.1529873597809953,0.6956967219884287,0.8397045836745559,False
diversity,goodness as explanation of system behaviour,Behaviour Explainability,0,10,10,1691,10,10,1711,0.0,0.1175785726413881,0.7316757073730777,0.8397045836745559,False
coherence,goodness as explanation of system behaviour,Behaviour Explainability,0,10,10,1691,10,10,1711,0.0,0.1175785726413881,0.7316757073730777,0.8397045836745559,False
clipscore,goodness as explanation of system behaviour,Behaviour Explainability,0,15,10,1686,15,10,1711,0.0,0.1766280932867088,0.6742871625057778,0.8397045836745559,False
hits,goodness as explanation of system behaviour,Behaviour Explainability,1,15,9,1686,16,10,1711,11.770833333333334,3.065101440993798,0.0799901698163747,0.7338958237698162,False
win rate,goodness as explanation of system behaviour,Behaviour Explainability,0,14,10,1687,14,10,1711,0.0,0.1648042334976582,0.6847713468570514,0.8397045836745559,False
balanced accuracy,goodness as explanation of system behaviour,Behaviour Explainability,1,9,9,1692,10,10,1711,18.9,3.9810015842995026,0.0460161932921538,0.591894564699077,False
ibleu,goodness as explanation of system behaviour,Behaviour Explainability,0,12,10,1689,12,10,1711,0.0,0.1411774638881158,0.7071132485189537,0.8397045836745559,False
self bleu,goodness as explanation of system behaviour,Behaviour Explainability,0,30,10,1671,30,10,1711,0.0,0.3548299744045893,0.5513916508527634,0.8397045836745559,False
spearman,goodness as explanation of system behaviour,Behaviour Explainability,0,12,10,1689,12,10,1711,0.0,0.1411774638881158,0.7071132485189537,0.8397045836745559,False
kendall,goodness as explanation of system behaviour,Behaviour Explainability,0,11,10,1690,11,10,1711,0.0,0.1293745375816822,0.7190814231221156,0.8397045836745559,False
coverage,goodness as explanation of system behaviour,Behaviour Explainability,0,22,10,1679,22,10,1711,0.0,0.2595914179977956,0.6104009950986331,0.8397045836745559,False
density,goodness as explanation of system behaviour,Behaviour Explainability,0,10,10,1691,10,10,1711,0.0,0.1175785726413881,0.7316757073730777,0.8397045836745559,False
ppl,goodness as explanation of system behaviour,Behaviour Explainability,0,19,10,1682,19,10,1711,0.0,0.2239935587033192,0.6360137302115412,0.8397045836745559,False
kendall s tau,goodness as explanation of system behaviour,Behaviour Explainability,0,11,10,1690,11,10,1711,0.0,0.1293745375816822,0.7190814231221156,0.8397045836745559,False
success rate,goodness as explanation of system behaviour,Behaviour Explainability,0,25,10,1676,25,10,1711,0.0,0.2952527508512802,0.5868739405390964,0.8397045836745559,False
supert,goodness as explanation of system behaviour,Behaviour Explainability,0,10,10,1691,10,10,1711,0.0,0.1175785726413881,0.7316757073730777,0.8397045836745559,False
summaqa,goodness as explanation of system behaviour,Behaviour Explainability,0,10,10,1691,10,10,1711,0.0,0.1175785726413881,0.7316757073730777,0.8397045836745559,False
spice,goodness as explanation of system behaviour,Behaviour Explainability,0,24,10,1677,24,10,1711,0.0,0.2833585733095006,0.5945082910917401,0.8397045836745559,False
length,goodness as explanation of system behaviour,Behaviour Explainability,0,16,10,1685,16,10,1711,0.0,0.1884589474149465,0.6642023289309149,0.8397045836745559,False
parent,goodness as explanation of system behaviour,Behaviour Explainability,0,17,10,1684,17,10,1711,0.0,0.2002968041615792,0.6544813808515602,0.8397045836745559,False
consistency,goodness as explanation of system behaviour,Behaviour Explainability,0,14,10,1687,14,10,1711,0.0,0.1648042334976582,0.6847713468570514,0.8397045836745559,False
mrr,goodness as explanation of system behaviour,Behaviour Explainability,1,25,9,1676,26,10,1711,7.200854700854701,2.175999589330227,0.1401784097418366,0.8397045836745559,False
embedding,goodness as explanation of system behaviour,Behaviour Explainability,0,26,10,1675,26,10,1711,0.0,0.307154006195918,0.5794318744160741,0.8397045836745559,False
vector extrema,goodness as explanation of system behaviour,Behaviour Explainability,0,16,10,1685,16,10,1711,0.0,0.1884589474149465,0.6642023289309149,0.8397045836745559,False
greedy matching,goodness as explanation of system behaviour,Behaviour Explainability,0,14,10,1687,14,10,1711,0.0,0.1648042334976582,0.6847713468570514,0.8397045836745559,False
dist,goodness as explanation of system behaviour,Behaviour Explainability,0,23,10,1678,23,10,1711,0.0,0.2714714651582938,0.602346404811887,0.8397045836745559,False
ruber,goodness as explanation of system behaviour,Behaviour Explainability,0,11,10,1690,11,10,1711,0.0,0.1293745375816822,0.7190814231221156,0.8397045836745559,False
bert,goodness as explanation of system behaviour,Behaviour Explainability,0,10,10,1691,10,10,1711,0.0,0.1175785726413881,0.7316757073730777,0.8397045836745559,False
xcomet,goodness as explanation of system behaviour,Behaviour Explainability,0,13,10,1688,13,10,1711,0.0,0.1529873597809953,0.6956967219884287,0.8397045836745559,False
auroc,goodness as explanation of system behaviour,Behaviour Explainability,0,10,10,1691,10,10,1711,0.0,0.1175785726413881,0.7316757073730777,0.8397045836745559,False
entailment,goodness as explanation of system behaviour,Behaviour Explainability,0,11,10,1690,11,10,1711,0.0,0.1293745375816822,0.7190814231221156,0.8397045836745559,False
sacrebleu,goodness as explanation of system behaviour,Behaviour Explainability,0,18,10,1683,18,10,1711,0.0,0.212141671821069,0.6450939374463184,0.8397045836745559,False
gleu,goodness as explanation of system behaviour,Behaviour Explainability,0,14,10,1687,14,10,1711,0.0,0.1648042334976582,0.6847713468570514,0.8397045836745559,False
entropy,goodness as explanation of system behaviour,Behaviour Explainability,0,18,10,1683,18,10,1711,0.0,0.212141671821069,0.6450939374463184,0.8397045836745559,False
maude,goodness as explanation of system behaviour,Behaviour Explainability,0,10,10,1691,10,10,1711,0.0,0.1175785726413881,0.7316757073730777,0.8397045836745559,False
nist,goodness as explanation of system behaviour,Behaviour Explainability,0,16,10,1685,16,10,1711,0.0,0.1884589474149465,0.6642023289309149,0.8397045836745559,False
auc,goodness as explanation of system behaviour,Behaviour Explainability,0,12,10,1689,12,10,1711,0.0,0.1411774638881158,0.7071132485189537,0.8397045836745559,False
prism,goodness as explanation of system behaviour,Behaviour Explainability,0,11,10,1690,11,10,1711,0.0,0.1293745375816822,0.7190814231221156,0.8397045836745559,False
bleu,semantic correctness,Semantic Correctness,29,713,35,934,742,64,1711,1.082056218713901,0.1022032449419563,0.7492015046213327,0.8397045836745559,False
comet,semantic correctness,Semantic Correctness,3,67,61,1580,70,64,1711,1.152927400468384,0.0577429252540302,0.8100995736826873,0.8493292637619352,False
rouge,semantic correctness,Semantic Correctness,20,645,44,1002,665,64,1711,0.7149692412850307,1.6686585661031934,0.1964383048334723,0.8397045836745559,False
roc auc,semantic correctness,Semantic Correctness,0,11,64,1636,11,64,1711,0.0,0.8414560596228032,0.3589806688598178,0.8397045836745559,False
bertscore,semantic correctness,Semantic Correctness,12,350,52,1297,362,64,1711,0.8599660008499787,0.2375385561746177,0.6259895789039668,0.8397045836745559,False
distinct,semantic correctness,Semantic Correctness,2,123,62,1524,125,64,1711,0.4092903225806452,2.1370452654984273,0.1437785839075765,0.8397045836745559,False
f1,semantic correctness,Semantic Correctness,11,224,53,1423,235,64,1711,1.3035728623042957,0.6288287354596473,0.4277852671264545,0.8397045836745559,False
recall,semantic correctness,Semantic Correctness,3,109,61,1538,112,64,1711,0.7021370023419203,0.4125956596725531,0.5206549825142469,0.8397045836745559,False
meteor,semantic correctness,Semantic Correctness,8,250,56,1397,258,64,1711,0.8045404208194906,0.362423953392744,0.5471631060840174,0.8397045836745559,False
knowledge f1,semantic correctness,Semantic Correctness,0,13,64,1634,13,64,1711,0.0,0.9950442314200094,0.3185126375180064,0.8397045836745559,False
acc,semantic correctness,Semantic Correctness,0,11,64,1636,11,64,1711,0.0,0.8414560596228032,0.3589806688598178,0.8397045836745559,False
dae,semantic correctness,Semantic Correctness,3,14,61,1633,17,64,1711,4.900675024108004,5.03190649965307,0.024884491269154,0.4443409476828813,False
mauve,semantic correctness,Semantic Correctness,0,10,64,1637,10,64,1711,0.0,0.7647310363128416,0.381852000229161,0.8397045836745559,False
factcc,semantic correctness,Semantic Correctness,4,29,60,1618,33,64,1711,3.38989898989899,4.2511478520814645,0.0392238105718372,0.5439919605734723,False
comet qe,semantic correctness,Semantic Correctness,0,10,64,1637,10,64,1711,0.0,0.7647310363128416,0.381852000229161,0.8397045836745559,False
unieval,semantic correctness,Semantic Correctness,1,21,63,1626,22,64,1711,1.2186147186147187,0.0376377995254126,0.8461722503836695,0.8792223806209507,False
chrf,semantic correctness,Semantic Correctness,1,59,63,1588,60,64,1711,0.4367724867724868,0.9243103784835583,0.3363457470373187,0.8397045836745559,False
questeval,semantic correctness,Semantic Correctness,3,24,61,1623,27,64,1711,3.067395264116575,2.7746376958322707,0.0957683246232552,0.8010858284512915,False
qafacteval,semantic correctness,Semantic Correctness,0,12,64,1635,12,64,1711,0.0,0.9182271062406936,0.3379409072454126,0.8397045836745559,False
spearman correlation,semantic correctness,Semantic Correctness,2,23,62,1624,25,64,1711,2.175483870967742,0.977750614502606,0.3227547748584178,0.8397045836745559,False
pearson correlation,semantic correctness,Semantic Correctness,2,31,62,1616,33,64,1711,1.640273704789834,0.42743531982644,0.513250088504572,0.8397045836745559,False
moverscore,semantic correctness,Semantic Correctness,1,54,63,1593,55,64,1711,0.4779220779220778,0.7114075974992007,0.3989769193363509,0.8397045836745559,False
g eval,semantic correctness,Semantic Correctness,0,19,64,1628,19,64,1711,0.0,1.4569177390773926,0.2274211781004031,0.8397045836745559,False
usr,semantic correctness,Semantic Correctness,0,12,64,1635,12,64,1711,0.0,0.9182271062406936,0.3379409072454126,0.8397045836745559,False
bartscore,semantic correctness,Semantic Correctness,2,62,62,1585,64,64,1711,0.8301411290322581,0.0738253292160142,0.7858464194107778,0.8414530350982423,False
qags,semantic correctness,Semantic Correctness,1,9,63,1638,10,64,1711,2.7,0.7628643277197849,0.3824336224673175,0.8397045836745559,False
perplexity,semantic correctness,Semantic Correctness,6,160,58,1487,166,64,1711,0.9628167843788948,0.0081911155722224,0.927886094031918,0.9444670474753128,False
ndcg,semantic correctness,Semantic Correctness,1,20,63,1627,21,64,1711,1.2773998488284202,0.0569075978956022,0.8114521093342479,0.8502037753126763,False
map,semantic correctness,Semantic Correctness,0,12,64,1635,12,64,1711,0.0,0.9182271062406936,0.3379409072454126,0.8397045836745559,False
precision,semantic correctness,Semantic Correctness,1,78,63,1569,79,64,1711,0.3279083785412899,1.8572193087703437,0.1729460752266029,0.8397045836745559,False
bleurt,semantic correctness,Semantic Correctness,3,107,61,1540,110,64,1711,0.7157973174366616,0.3667114857282239,0.5448022695868422,0.8397045836745559,False
ter,semantic correctness,Semantic Correctness,2,48,62,1599,50,64,1711,1.0716129032258066,0.0094318636954403,0.9226328591499448,0.9401167374997884,False
feqa,semantic correctness,Semantic Correctness,2,8,62,1639,10,64,1711,5.487096774193549,3.789236450280496,0.0515831742747306,0.6196991870521323,False
sari,semantic correctness,Semantic Correctness,2,23,62,1624,25,64,1711,2.175483870967742,0.977750614502606,0.3227547748584178,0.8397045836745559,False
cosine similarity,semantic correctness,Semantic Correctness,0,24,64,1623,24,64,1711,0.0,1.8430896962051544,0.1745892473047544,0.8397045836745559,False
accuracy,semantic correctness,Semantic Correctness,6,180,58,1467,186,64,1711,0.8481646273637374,0.1599374320836535,0.6892141280515363,0.8397045836745559,False
summac,semantic correctness,Semantic Correctness,2,13,62,1634,15,64,1711,3.6473118279569894,2.3889081195868576,0.1221989529245893,0.8397045836745559,False
clip,semantic correctness,Semantic Correctness,0,13,64,1634,13,64,1711,0.0,0.9950442314200094,0.3185126375180064,0.8397045836745559,False
cider,semantic correctness,Semantic Correctness,3,73,61,1574,76,64,1711,1.0580241587575496,0.0092971563625152,0.9231856083495178,0.9405338702861992,False
exact match,semantic correctness,Semantic Correctness,3,64,61,1583,67,64,1711,1.206753119647663,0.0994151741663973,0.7525325797531642,0.8397045836745559,False
chrf++,semantic correctness,Semantic Correctness,2,21,62,1626,23,64,1711,2.367461430575035,1.1762404074707078,0.2781227049781129,0.8397045836745559,False
blanc,semantic correctness,Semantic Correctness,0,13,64,1634,13,64,1711,0.0,0.9950442314200094,0.3185126375180064,0.8397045836745559,False
diversity,semantic correctness,Semantic Correctness,0,10,64,1637,10,64,1711,0.0,0.7647310363128416,0.381852000229161,0.8397045836745559,False
coherence,semantic correctness,Semantic Correctness,0,10,64,1637,10,64,1711,0.0,0.7647310363128416,0.381852000229161,0.8397045836745559,False
clipscore,semantic correctness,Semantic Correctness,1,14,63,1633,15,64,1711,1.7947089947089947,0.2945926814641936,0.5872923523872251,0.8397045836745559,False
hits,semantic correctness,Semantic Correctness,0,16,64,1631,16,64,1711,0.0,1.2257726323595877,0.2682307384245605,0.8397045836745559,False
win rate,semantic correctness,Semantic Correctness,0,14,64,1633,14,64,1711,0.0,1.07190749051356,0.3005149860666363,0.8397045836745559,False
balanced accuracy,semantic correctness,Semantic Correctness,0,10,64,1637,10,64,1711,0.0,0.7647310363128416,0.381852000229161,0.8397045836745559,False
ibleu,semantic correctness,Semantic Correctness,3,9,61,1638,12,64,1711,6.963114754098361,7.013650118004798,0.0080890596781241,0.2456276349733291,False
self bleu,semantic correctness,Semantic Correctness,2,28,62,1619,30,64,1711,1.8075268817204304,0.5956510102311783,0.4402421902350057,0.8397045836745559,False
spearman,semantic correctness,Semantic Correctness,2,10,62,1637,12,64,1711,4.567204301075268,3.1324249885715325,0.0767494974569394,0.7223482113594301,False
kendall,semantic correctness,Semantic Correctness,0,11,64,1636,11,64,1711,0.0,0.8414560596228032,0.3589806688598178,0.8397045836745559,False
coverage,semantic correctness,Semantic Correctness,0,22,64,1625,22,64,1711,0.0,1.6884810596632305,0.1938013200022227,0.8397045836745559,False
density,semantic correctness,Semantic Correctness,0,10,64,1637,10,64,1711,0.0,0.7647310363128416,0.381852000229161,0.8397045836745559,False
ppl,semantic correctness,Semantic Correctness,0,19,64,1628,19,64,1711,0.0,1.4569177390773926,0.2274211781004031,0.8397045836745559,False
kendall s tau,semantic correctness,Semantic Correctness,1,10,63,1637,11,64,1711,2.4531024531024532,0.63803293000113,0.424424000550441,0.8397045836745559,False
success rate,semantic correctness,Semantic Correctness,1,24,63,1623,25,64,1711,1.0704761904761906,0.0046444444961118,0.9456661001340964,0.9583492485878818,False
supert,semantic correctness,Semantic Correctness,0,10,64,1637,10,64,1711,0.0,0.7647310363128416,0.381852000229161,0.8397045836745559,False
summaqa,semantic correctness,Semantic Correctness,0,10,64,1637,10,64,1711,0.0,0.7647310363128416,0.381852000229161,0.8397045836745559,False
spice,semantic correctness,Semantic Correctness,1,23,63,1624,24,64,1711,1.1157407407407407,0.0118597790088923,0.9132797344977738,0.9333408721460346,False
length,semantic correctness,Semantic Correctness,0,16,64,1631,16,64,1711,0.0,1.2257726323595877,0.2682307384245605,0.8397045836745559,False
parent,semantic correctness,Semantic Correctness,1,16,63,1631,17,64,1711,1.5816993464052287,0.1875848544873988,0.6649343698355175,0.8397045836745559,False
consistency,semantic correctness,Semantic Correctness,0,14,64,1633,14,64,1711,0.0,1.07190749051356,0.3005149860666363,0.8397045836745559,False
mrr,semantic correctness,Semantic Correctness,1,25,63,1622,26,64,1711,1.0286935286935288,0.0008112720115199,0.977277056454686,0.9814662416323852,False
embedding,semantic correctness,Semantic Correctness,1,25,63,1622,26,64,1711,1.0286935286935288,0.0008112720115199,0.977277056454686,0.9814662416323852,False
vector extrema,semantic correctness,Semantic Correctness,0,16,64,1631,16,64,1711,0.0,1.2257726323595877,0.2682307384245605,0.8397045836745559,False
greedy matching,semantic correctness,Semantic Correctness,0,14,64,1633,14,64,1711,0.0,1.07190749051356,0.3005149860666363,0.8397045836745559,False
dist,semantic correctness,Semantic Correctness,1,22,63,1625,23,64,1711,1.1649413388543823,0.0227475804055407,0.8801153343855959,0.90650912130154,False
ruber,semantic correctness,Semantic Correctness,0,11,64,1636,11,64,1711,0.0,0.8414560596228032,0.3589806688598178,0.8397045836745559,False
bert,semantic correctness,Semantic Correctness,1,9,63,1638,10,64,1711,2.7,0.7628643277197849,0.3824336224673175,0.8397045836745559,False
xcomet,semantic correctness,Semantic Correctness,0,13,64,1634,13,64,1711,0.0,0.9950442314200094,0.3185126375180064,0.8397045836745559,False
auroc,semantic correctness,Semantic Correctness,0,10,64,1637,10,64,1711,0.0,0.7647310363128416,0.381852000229161,0.8397045836745559,False
entailment,semantic correctness,Semantic Correctness,0,11,64,1636,11,64,1711,0.0,0.8414560596228032,0.3589806688598178,0.8397045836745559,False
sacrebleu,semantic correctness,Semantic Correctness,2,16,62,1631,18,64,1711,3.03405017921147,1.834837526094082,0.1755572280354506,0.8397045836745559,False
gleu,semantic correctness,Semantic Correctness,0,14,64,1633,14,64,1711,0.0,1.07190749051356,0.3005149860666363,0.8397045836745559,False
entropy,semantic correctness,Semantic Correctness,0,18,64,1629,18,64,1711,0.0,1.379822976605596,0.2401313031537918,0.8397045836745559,False
maude,semantic correctness,Semantic Correctness,1,9,63,1638,10,64,1711,2.7,0.7628643277197849,0.3824336224673175,0.8397045836745559,False
nist,semantic correctness,Semantic Correctness,0,16,64,1631,16,64,1711,0.0,1.2257726323595877,0.2682307384245605,0.8397045836745559,False
auc,semantic correctness,Semantic Correctness,0,12,64,1635,12,64,1711,0.0,0.9182271062406936,0.3379409072454126,0.8397045836745559,False
prism,semantic correctness,Semantic Correctness,0,11,64,1636,11,64,1711,0.0,0.8414560596228032,0.3589806688598178,0.8397045836745559,False
bleu,similarity/dissimilarity to input (outputs as a whole),Input Similarity,4,738,2,967,742,6,1711,2.611859838274933,1.3246449147451211,0.2497601320259251,0.8397045836745559,False
comet,similarity/dissimilarity to input (outputs as a whole),Input Similarity,0,70,6,1635,70,6,1711,0.0,0.502165857860314,0.4785500058236865,0.8397045836745559,False
rouge,similarity/dissimilarity to input (outputs as a whole),Input Similarity,1,664,5,1041,665,6,1711,0.3145864661654135,1.4087825491749348,0.235258602156981,0.8397045836745559,False
roc auc,similarity/dissimilarity to input (outputs as a whole),Input Similarity,0,11,6,1694,11,6,1711,0.0,0.0775333896212124,0.7806683380072018,0.8414530350982423,False
bertscore,similarity/dissimilarity to input (outputs as a whole),Input Similarity,0,362,6,1343,362,6,1711,0.0,2.8582341349027014,0.0909072460429461,0.783074139421448,False
distinct,similarity/dissimilarity to input (outputs as a whole),Input Similarity,0,125,6,1580,125,6,1711,0.0,0.912016786526682,0.3395798716223106,0.8397045836745559,False
f1,similarity/dissimilarity to input (outputs as a whole),Input Similarity,2,233,4,1472,235,6,1711,3.1404255319148935,1.4916138890728554,0.2219662246031086,0.8397045836745559,False
recall,similarity/dissimilarity to input (outputs as a whole),Input Similarity,0,112,6,1593,112,6,1711,0.0,0.8138720524405874,0.3669779478285671,0.8397045836745559,False
meteor,similarity/dissimilarity to input (outputs as a whole),Input Similarity,1,257,5,1448,258,6,1711,1.1263565891472869,0.0115305475982599,0.914487213122586,0.9335568188739752,False
knowledge f1,similarity/dissimilarity to input (outputs as a whole),Input Similarity,0,13,6,1692,13,6,1711,0.0,0.0916843494162631,0.7620466762739271,0.8397045836745559,False
acc,similarity/dissimilarity to input (outputs as a whole),Input Similarity,0,11,6,1694,11,6,1711,0.0,0.0775333896212124,0.7806683380072018,0.8414530350982423,False
dae,similarity/dissimilarity to input (outputs as a whole),Input Similarity,0,17,6,1688,17,6,1711,0.0,0.1200364300831706,0.72899498154073,0.8397045836745559,False
mauve,similarity/dissimilarity to input (outputs as a whole),Input Similarity,0,10,6,1695,10,6,1711,0.0,0.0704641626162719,0.7906621551883105,0.8414530350982423,False
factcc,similarity/dissimilarity to input (outputs as a whole),Input Similarity,0,33,6,1672,33,6,1711,0.0,0.2341194065905595,0.6284860314837333,0.8397045836745559,False
comet qe,similarity/dissimilarity to input (outputs as a whole),Input Similarity,0,10,6,1695,10,6,1711,0.0,0.0704641626162719,0.7906621551883105,0.8414530350982423,False
unieval,similarity/dissimilarity to input (outputs as a whole),Input Similarity,0,22,6,1683,22,6,1711,0.0,0.155570991516008,0.6932673727537813,0.8397045836745559,False
chrf,similarity/dissimilarity to input (outputs as a whole),Input Similarity,0,60,6,1645,60,6,1711,0.0,0.4291284240125562,0.5124169274481135,0.8397045836745559,False
questeval,similarity/dissimilarity to input (outputs as a whole),Input Similarity,0,27,6,1678,27,6,1711,0.0,0.1912110910795334,0.6619105427393461,0.8397045836745559,False
qafacteval,similarity/dissimilarity to input (outputs as a whole),Input Similarity,0,12,6,1693,12,6,1711,0.0,0.0846067835824931,0.7711488705829672,0.8397045836745559,False
spearman correlation,similarity/dissimilarity to input (outputs as a whole),Input Similarity,0,25,6,1680,25,6,1711,0.0,0.176942346562945,0.6740142153777432,0.8397045836745559,False
pearson correlation,similarity/dissimilarity to input (outputs as a whole),Input Similarity,0,33,6,1672,33,6,1711,0.0,0.2341194065905595,0.6284860314837333,0.8397045836745559,False
moverscore,similarity/dissimilarity to input (outputs as a whole),Input Similarity,0,55,6,1650,55,6,1711,0.0,0.3927757357591536,0.5308439540357055,0.8397045836745559,False
g eval,similarity/dissimilarity to input (outputs as a whole),Input Similarity,0,19,6,1686,19,6,1711,0.0,0.1342376300892595,0.7140781553225075,0.8397045836745559,False
usr,similarity/dissimilarity to input (outputs as a whole),Input Similarity,0,12,6,1693,12,6,1711,0.0,0.0846067835824931,0.7711488705829672,0.8397045836745559,False
bartscore,similarity/dissimilarity to input (outputs as a whole),Input Similarity,0,64,6,1641,64,6,1711,0.0,0.4582900745426368,0.4984241951585118,0.8397045836745559,False
qags,similarity/dissimilarity to input (outputs as a whole),Input Similarity,0,10,6,1695,10,6,1711,0.0,0.0704641626162719,0.7906621551883105,0.8414530350982423,False
perplexity,similarity/dissimilarity to input (outputs as a whole),Input Similarity,0,166,6,1539,166,6,1711,0.0,1.2269152426779493,0.2680077897534554,0.8397045836745559,False
ndcg,similarity/dissimilarity to input (outputs as a whole),Input Similarity,0,21,6,1684,21,6,1711,0.0,0.148455656201061,0.7000155785597011,0.8397045836745559,False
map,similarity/dissimilarity to input (outputs as a whole),Input Similarity,0,12,6,1693,12,6,1711,0.0,0.0846067835824931,0.7711488705829672,0.8397045836745559,False
precision,similarity/dissimilarity to input (outputs as a whole),Input Similarity,0,79,6,1626,79,6,1711,0.0,0.5682818019271363,0.4509424914313704,0.8397045836745559,False
bleurt,similarity/dissimilarity to input (outputs as a whole),Input Similarity,0,110,6,1595,110,6,1711,0.0,0.7988438549656025,0.3714392628145344,0.8397045836745559,False
ter,similarity/dissimilarity to input (outputs as a whole),Input Similarity,0,50,6,1655,50,6,1711,0.0,0.3565328415963079,0.5504381404768122,0.8397045836745559,False
feqa,similarity/dissimilarity to input (outputs as a whole),Input Similarity,0,10,6,1695,10,6,1711,0.0,0.0704641626162719,0.7906621551883105,0.8414530350982423,False
sari,similarity/dissimilarity to input (outputs as a whole),Input Similarity,1,24,5,1681,25,6,1711,13.488,3.2266937182805133,0.0724468166223032,0.7082729017023986,False
cosine similarity,similarity/dissimilarity to input (outputs as a whole),Input Similarity,0,24,6,1681,24,6,1711,0.0,0.1698143316800758,0.6802768697053236,0.8397045836745559,False
accuracy,similarity/dissimilarity to input (outputs as a whole),Input Similarity,1,185,5,1520,186,6,1711,1.6397849462365592,0.1830069712529185,0.6688017312797442,0.8397045836745559,False
summac,similarity/dissimilarity to input (outputs as a whole),Input Similarity,0,15,6,1690,15,6,1711,0.0,0.1058520164048996,0.7449168977616281,0.8397045836745559,False
clip,similarity/dissimilarity to input (outputs as a whole),Input Similarity,0,13,6,1692,13,6,1711,0.0,0.0916843494162631,0.7620466762739271,0.8397045836745559,False
cider,similarity/dissimilarity to input (outputs as a whole),Input Similarity,0,76,6,1629,76,6,1711,0.0,0.5462026539480275,0.4598734522625894,0.8397045836745559,False
exact match,similarity/dissimilarity to input (outputs as a whole),Input Similarity,0,67,6,1638,67,6,1711,0.0,0.4802079132282755,0.4883281555712201,0.8397045836745559,False
chrf++,similarity/dissimilarity to input (outputs as a whole),Input Similarity,0,23,6,1682,23,6,1711,0.0,0.1626905483383281,0.6866913785782673,0.8397045836745559,False
blanc,similarity/dissimilarity to input (outputs as a whole),Input Similarity,0,13,6,1692,13,6,1711,0.0,0.0916843494162631,0.7620466762739271,0.8397045836745559,False
diversity,similarity/dissimilarity to input (outputs as a whole),Input Similarity,0,10,6,1695,10,6,1711,0.0,0.0704641626162719,0.7906621551883105,0.8414530350982423,False
coherence,similarity/dissimilarity to input (outputs as a whole),Input Similarity,0,10,6,1695,10,6,1711,0.0,0.0704641626162719,0.7906621551883105,0.8414530350982423,False
clipscore,similarity/dissimilarity to input (outputs as a whole),Input Similarity,0,15,6,1690,15,6,1711,0.0,0.1058520164048996,0.7449168977616281,0.8397045836745559,False
hits,similarity/dissimilarity to input (outputs as a whole),Input Similarity,0,16,6,1689,16,6,1711,0.0,0.1129421274337219,0.7368191098815816,0.8397045836745559,False
win rate,similarity/dissimilarity to input (outputs as a whole),Input Similarity,0,14,6,1691,14,6,1711,0.0,0.0987660920462233,0.7533154265437032,0.8397045836745559,False
balanced accuracy,similarity/dissimilarity to input (outputs as a whole),Input Similarity,0,10,6,1695,10,6,1711,0.0,0.0704641626162719,0.7906621551883105,0.8414530350982423,False
ibleu,similarity/dissimilarity to input (outputs as a whole),Input Similarity,0,12,6,1693,12,6,1711,0.0,0.0846067835824931,0.7711488705829672,0.8397045836745559,False
self bleu,similarity/dissimilarity to input (outputs as a whole),Input Similarity,0,30,6,1675,30,6,1711,0.0,0.2126460704546277,0.6447012994522111,0.8397045836745559,False
spearman,similarity/dissimilarity to input (outputs as a whole),Input Similarity,0,12,6,1693,12,6,1711,0.0,0.0846067835824931,0.7711488705829672,0.8397045836745559,False
kendall,similarity/dissimilarity to input (outputs as a whole),Input Similarity,0,11,6,1694,11,6,1711,0.0,0.0775333896212124,0.7806683380072018,0.8414530350982423,False
coverage,similarity/dissimilarity to input (outputs as a whole),Input Similarity,0,22,6,1683,22,6,1711,0.0,0.155570991516008,0.6932673727537813,0.8397045836745559,False
density,similarity/dissimilarity to input (outputs as a whole),Input Similarity,0,10,6,1695,10,6,1711,0.0,0.0704641626162719,0.7906621551883105,0.8414530350982423,False
ppl,similarity/dissimilarity to input (outputs as a whole),Input Similarity,0,19,6,1686,19,6,1711,0.0,0.1342376300892595,0.7140781553225075,0.8397045836745559,False
kendall s tau,similarity/dissimilarity to input (outputs as a whole),Input Similarity,0,11,6,1694,11,6,1711,0.0,0.0775333896212124,0.7806683380072018,0.8414530350982423,False
success rate,similarity/dissimilarity to input (outputs as a whole),Input Similarity,0,25,6,1680,25,6,1711,0.0,0.176942346562945,0.6740142153777432,0.8397045836745559,False
supert,similarity/dissimilarity to input (outputs as a whole),Input Similarity,0,10,6,1695,10,6,1711,0.0,0.0704641626162719,0.7906621551883105,0.8414530350982423,False
summaqa,similarity/dissimilarity to input (outputs as a whole),Input Similarity,0,10,6,1695,10,6,1711,0.0,0.0704641626162719,0.7906621551883105,0.8414530350982423,False
spice,similarity/dissimilarity to input (outputs as a whole),Input Similarity,0,24,6,1681,24,6,1711,0.0,0.1698143316800758,0.6802768697053236,0.8397045836745559,False
length,similarity/dissimilarity to input (outputs as a whole),Input Similarity,0,16,6,1689,16,6,1711,0.0,0.1129421274337219,0.7368191098815816,0.8397045836745559,False
parent,similarity/dissimilarity to input (outputs as a whole),Input Similarity,0,17,6,1688,17,6,1711,0.0,0.1200364300831706,0.72899498154073,0.8397045836745559,False
consistency,similarity/dissimilarity to input (outputs as a whole),Input Similarity,0,14,6,1691,14,6,1711,0.0,0.0987660920462233,0.7533154265437032,0.8397045836745559,False
mrr,similarity/dissimilarity to input (outputs as a whole),Input Similarity,0,26,6,1679,26,6,1711,0.0,0.1840745980162527,0.6678947290147941,0.8397045836745559,False
embedding,similarity/dissimilarity to input (outputs as a whole),Input Similarity,0,26,6,1679,26,6,1711,0.0,0.1840745980162527,0.6678947290147941,0.8397045836745559,False
vector extrema,similarity/dissimilarity to input (outputs as a whole),Input Similarity,0,16,6,1689,16,6,1711,0.0,0.1129421274337219,0.7368191098815816,0.8397045836745559,False
greedy matching,similarity/dissimilarity to input (outputs as a whole),Input Similarity,0,14,6,1691,14,6,1711,0.0,0.0987660920462233,0.7533154265437032,0.8397045836745559,False
dist,similarity/dissimilarity to input (outputs as a whole),Input Similarity,0,23,6,1682,23,6,1711,0.0,0.1626905483383281,0.6866913785782673,0.8397045836745559,False
ruber,similarity/dissimilarity to input (outputs as a whole),Input Similarity,0,11,6,1694,11,6,1711,0.0,0.0775333896212124,0.7806683380072018,0.8414530350982423,False
bert,similarity/dissimilarity to input (outputs as a whole),Input Similarity,0,10,6,1695,10,6,1711,0.0,0.0704641626162719,0.7906621551883105,0.8414530350982423,False
xcomet,similarity/dissimilarity to input (outputs as a whole),Input Similarity,0,13,6,1692,13,6,1711,0.0,0.0916843494162631,0.7620466762739271,0.8397045836745559,False
auroc,similarity/dissimilarity to input (outputs as a whole),Input Similarity,0,10,6,1695,10,6,1711,0.0,0.0704641626162719,0.7906621551883105,0.8414530350982423,False
entailment,similarity/dissimilarity to input (outputs as a whole),Input Similarity,0,11,6,1694,11,6,1711,0.0,0.0775333896212124,0.7806683380072018,0.8414530350982423,False
sacrebleu,similarity/dissimilarity to input (outputs as a whole),Input Similarity,0,18,6,1687,18,6,1711,0.0,0.1271349293125325,0.7214213365005449,0.8397045836745559,False
gleu,similarity/dissimilarity to input (outputs as a whole),Input Similarity,1,13,5,1692,14,6,1711,24.24285714285714,4.353851597739507,0.0369253470730242,0.5347940361287675,False
entropy,similarity/dissimilarity to input (outputs as a whole),Input Similarity,0,18,6,1687,18,6,1711,0.0,0.1271349293125325,0.7214213365005449,0.8397045836745559,False
maude,similarity/dissimilarity to input (outputs as a whole),Input Similarity,0,10,6,1695,10,6,1711,0.0,0.0704641626162719,0.7906621551883105,0.8414530350982423,False
nist,similarity/dissimilarity to input (outputs as a whole),Input Similarity,0,16,6,1689,16,6,1711,0.0,0.1129421274337219,0.7368191098815816,0.8397045836745559,False
auc,similarity/dissimilarity to input (outputs as a whole),Input Similarity,0,12,6,1693,12,6,1711,0.0,0.0846067835824931,0.7711488705829672,0.8397045836745559,False
prism,similarity/dissimilarity to input (outputs as a whole),Input Similarity,0,11,6,1694,11,6,1711,0.0,0.0775333896212124,0.7806683380072018,0.8414530350982423,False
bleu,complete word matching,Complete Word Match,4,738,4,965,742,8,1711,1.3059299191374665,0.1427400228532025,0.7055721114410343,0.8397045836745559,False
comet,complete word matching,Complete Word Match,0,70,8,1633,70,8,1711,0.0,0.6699556058305524,0.4130670852878243,0.8397045836745559,False
rouge,complete word matching,Complete Word Match,1,664,7,1039,665,8,1711,0.224704618689581,2.762225723255064,0.0965138769526588,0.8010858284512915,False
roc auc,complete word matching,Complete Word Match,0,11,8,1692,11,8,1711,0.0,0.1034386936389335,0.747741451202653,0.8397045836745559,False
bertscore,complete word matching,Complete Word Match,0,362,8,1341,362,8,1711,0.0,3.81350383490596,0.0508409920644243,0.6163004984629831,False
distinct,complete word matching,Complete Word Match,0,125,8,1578,125,8,1711,0.0,1.216763596852218,0.2699967337945862,0.8397045836745559,False
f1,complete word matching,Complete Word Match,3,232,5,1471,235,8,1711,3.768510638297872,2.821852692730852,0.0929890140374616,0.7963550027229093,False
recall,complete word matching,Complete Word Match,2,110,6,1593,112,8,1711,4.758928571428571,2.741377642728,0.0977804364824848,0.8016006112360292,False
meteor,complete word matching,Complete Word Match,2,256,6,1447,258,8,1711,1.8772609819121449,0.5343948983222615,0.464764990913864,0.8397045836745559,False
knowledge f1,complete word matching,Complete Word Match,0,13,8,1690,13,8,1711,0.0,0.1223177869227191,0.7265341326751111,0.8397045836745559,False
acc,complete word matching,Complete Word Match,0,11,8,1692,11,8,1711,0.0,0.1034386936389335,0.747741451202653,0.8397045836745559,False
dae,complete word matching,Complete Word Match,0,17,8,1686,17,8,1711,0.0,0.160142934107055,0.6890249549478697,0.8397045836745559,False
mauve,complete word matching,Complete Word Match,0,10,8,1693,10,8,1711,0.0,0.0940074940440459,0.7591429698220056,0.8397045836745559,False
factcc,complete word matching,Complete Word Match,0,33,8,1670,33,8,1711,0.0,0.3123441309241057,0.5762452827225644,0.8397045836745559,False
comet qe,complete word matching,Complete Word Match,0,10,8,1693,10,8,1711,0.0,0.0940074940440459,0.7591429698220056,0.8397045836745559,False
unieval,complete word matching,Complete Word Match,0,22,8,1681,22,8,1711,0.0,0.2075504649871047,0.6486941364877972,0.8397045836745559,False
chrf,complete word matching,Complete Word Match,0,60,8,1643,60,8,1711,0.0,0.5725129681698481,0.4492620542376538,0.8397045836745559,False
questeval,complete word matching,Complete Word Match,0,27,8,1676,27,8,1711,0.0,0.2550988807965986,0.6135074632281783,0.8397045836745559,False
qafacteval,complete word matching,Complete Word Match,0,12,8,1691,12,8,1711,0.0,0.1128754557435644,0.7368939216332349,0.8397045836745559,False
spearman correlation,complete word matching,Complete Word Match,0,25,8,1678,25,8,1711,0.0,0.236062554697881,0.6270645221431461,0.8397045836745559,False
pearson correlation,complete word matching,Complete Word Match,0,33,8,1670,33,8,1711,0.0,0.3123441309241057,0.5762452827225644,0.8397045836745559,False
moverscore,complete word matching,Complete Word Match,0,55,8,1648,55,8,1711,0.0,0.5240132906490216,0.4691347291818279,0.8397045836745559,False
g eval,complete word matching,Complete Word Match,0,19,8,1684,19,8,1711,0.0,0.1790890937077441,0.6721572304091078,0.8397045836745559,False
usr,complete word matching,Complete Word Match,0,12,8,1691,12,8,1711,0.0,0.1128754557435644,0.7368939216332349,0.8397045836745559,False
bartscore,complete word matching,Complete Word Match,0,64,8,1639,64,8,1711,0.0,0.6114188390965227,0.4342540917730623,0.8397045836745559,False
qags,complete word matching,Complete Word Match,0,10,8,1693,10,8,1711,0.0,0.0940074940440459,0.7591429698220056,0.8397045836745559,False
perplexity,complete word matching,Complete Word Match,0,166,8,1537,166,8,1711,0.0,1.6368975242099064,0.2007516721609342,0.8397045836745559,False
ndcg,complete word matching,Complete Word Match,0,21,8,1682,21,8,1711,0.0,0.1980577147601258,0.6562931914552839,0.8397045836745559,False
map,complete word matching,Complete Word Match,0,12,8,1691,12,8,1711,0.0,0.1128754557435644,0.7368939216332349,0.8397045836745559,False
precision,complete word matching,Complete Word Match,2,77,6,1626,79,8,1711,6.886075949367089,3.9071283636622463,0.0480816885859217,0.5996499565088341,False
bleurt,complete word matching,Complete Word Match,0,110,8,1593,110,8,1711,0.0,1.0657712799038774,0.3019025707958375,0.8397045836745559,False
ter,complete word matching,Complete Word Match,1,49,7,1654,50,8,1711,4.7457142857142856,1.4647253091979306,0.2261797686217599,0.8397045836745559,False
feqa,complete word matching,Complete Word Match,0,10,8,1693,10,8,1711,0.0,0.0940074940440459,0.7591429698220056,0.8397045836745559,False
sari,complete word matching,Complete Word Match,0,25,8,1678,25,8,1711,0.0,0.236062554697881,0.6270645221431461,0.8397045836745559,False
cosine similarity,complete word matching,Complete Word Match,0,24,8,1679,24,8,1711,0.0,0.2265528782548013,0.6340916815227524,0.8397045836745559,False
accuracy,complete word matching,Complete Word Match,0,186,8,1517,186,8,1711,0.0,1.8459146888048688,0.1742592887919569,0.8397045836745559,False
summac,complete word matching,Complete Word Match,0,15,8,1688,15,8,1711,0.0,0.1412191828267678,0.707071975358851,0.8397045836745559,False
clip,complete word matching,Complete Word Match,0,13,8,1690,13,8,1711,0.0,0.1223177869227191,0.7265341326751111,0.8397045836745559,False
cider,complete word matching,Complete Word Match,1,75,7,1628,76,8,1711,3.0733082706766917,0.8417347627174461,0.3589010987314703,0.8397045836745559,False
exact match,complete word matching,Complete Word Match,0,67,8,1636,67,8,1711,0.0,0.6406604524794819,0.4234717389255752,0.8397045836745559,False
chrf++,complete word matching,Complete Word Match,0,23,8,1680,23,8,1711,0.0,0.2170488505864791,0.6412978051974794,0.8397045836745559,False
blanc,complete word matching,Complete Word Match,0,13,8,1690,13,8,1711,0.0,0.1223177869227191,0.7265341326751111,0.8397045836745559,False
diversity,complete word matching,Complete Word Match,0,10,8,1693,10,8,1711,0.0,0.0940074940440459,0.7591429698220056,0.8397045836745559,False
coherence,complete word matching,Complete Word Match,0,10,8,1693,10,8,1711,0.0,0.0940074940440459,0.7591429698220056,0.8397045836745559,False
clipscore,complete word matching,Complete Word Match,0,15,8,1688,15,8,1711,0.0,0.1412191828267678,0.707071975358851,0.8397045836745559,False
hits,complete word matching,Complete Word Match,0,16,8,1687,16,8,1711,0.0,0.1506782607399338,0.6978880289407012,0.8397045836745559,False
win rate,complete word matching,Complete Word Match,0,14,8,1689,14,8,1711,0.0,0.1317656937541935,0.7166082862822096,0.8397045836745559,False
balanced accuracy,complete word matching,Complete Word Match,0,10,8,1693,10,8,1711,0.0,0.0940074940440459,0.7591429698220056,0.8397045836745559,False
ibleu,complete word matching,Complete Word Match,0,12,8,1691,12,8,1711,0.0,0.1128754557435644,0.7368939216332349,0.8397045836745559,False
self bleu,complete word matching,Complete Word Match,0,30,8,1673,30,8,1711,0.0,0.283695904116978,0.5942889593217751,0.8397045836745559,False
spearman,complete word matching,Complete Word Match,0,12,8,1691,12,8,1711,0.0,0.1128754557435644,0.7368939216332349,0.8397045836745559,False
kendall,complete word matching,Complete Word Match,0,11,8,1692,11,8,1711,0.0,0.1034386936389335,0.747741451202653,0.8397045836745559,False
coverage,complete word matching,Complete Word Match,0,22,8,1681,22,8,1711,0.0,0.2075504649871047,0.6486941364877972,0.8397045836745559,False
density,complete word matching,Complete Word Match,0,10,8,1693,10,8,1711,0.0,0.0940074940440459,0.7591429698220056,0.8397045836745559,False
ppl,complete word matching,Complete Word Match,0,19,8,1684,19,8,1711,0.0,0.1790890937077441,0.6721572304091078,0.8397045836745559,False
kendall s tau,complete word matching,Complete Word Match,0,11,8,1692,11,8,1711,0.0,0.1034386936389335,0.747741451202653,0.8397045836745559,False
success rate,complete word matching,Complete Word Match,0,25,8,1678,25,8,1711,0.0,0.236062554697881,0.6270645221431461,0.8397045836745559,False
supert,complete word matching,Complete Word Match,0,10,8,1693,10,8,1711,0.0,0.0940074940440459,0.7591429698220056,0.8397045836745559,False
summaqa,complete word matching,Complete Word Match,0,10,8,1693,10,8,1711,0.0,0.0940074940440459,0.7591429698220056,0.8397045836745559,False
spice,complete word matching,Complete Word Match,0,24,8,1679,24,8,1711,0.0,0.2265528782548013,0.6340916815227524,0.8397045836745559,False
length,complete word matching,Complete Word Match,0,16,8,1687,16,8,1711,0.0,0.1506782607399338,0.6978880289407012,0.8397045836745559,False
parent,complete word matching,Complete Word Match,0,17,8,1686,17,8,1711,0.0,0.160142934107055,0.6890249549478697,0.8397045836745559,False
consistency,complete word matching,Complete Word Match,0,14,8,1689,14,8,1711,0.0,0.1317656937541935,0.7166082862822096,0.8397045836745559,False
mrr,complete word matching,Complete Word Match,0,26,8,1677,26,8,1711,0.0,0.2455778866350139,0.6202061808942274,0.8397045836745559,False
embedding,complete word matching,Complete Word Match,0,26,8,1677,26,8,1711,0.0,0.2455778866350139,0.6202061808942274,0.8397045836745559,False
vector extrema,complete word matching,Complete Word Match,0,16,8,1687,16,8,1711,0.0,0.1506782607399338,0.6978880289407012,0.8397045836745559,False
greedy matching,complete word matching,Complete Word Match,0,14,8,1689,14,8,1711,0.0,0.1317656937541935,0.7166082862822096,0.8397045836745559,False
dist,complete word matching,Complete Word Match,0,23,8,1680,23,8,1711,0.0,0.2170488505864791,0.6412978051974794,0.8397045836745559,False
ruber,complete word matching,Complete Word Match,0,11,8,1692,11,8,1711,0.0,0.1034386936389335,0.747741451202653,0.8397045836745559,False
bert,complete word matching,Complete Word Match,0,10,8,1693,10,8,1711,0.0,0.0940074940440459,0.7591429698220056,0.8397045836745559,False
xcomet,complete word matching,Complete Word Match,0,13,8,1690,13,8,1711,0.0,0.1223177869227191,0.7265341326751111,0.8397045836745559,False
auroc,complete word matching,Complete Word Match,0,10,8,1693,10,8,1711,0.0,0.0940074940440459,0.7591429698220056,0.8397045836745559,False
entailment,complete word matching,Complete Word Match,0,11,8,1692,11,8,1711,0.0,0.1034386936389335,0.747741451202653,0.8397045836745559,False
sacrebleu,complete word matching,Complete Word Match,0,18,8,1685,18,8,1711,0.0,0.1696132095511039,0.6804557895557767,0.8397045836745559,False
gleu,complete word matching,Complete Word Match,0,14,8,1689,14,8,1711,0.0,0.1317656937541935,0.7166082862822096,0.8397045836745559,False
entropy,complete word matching,Complete Word Match,0,18,8,1685,18,8,1711,0.0,0.1696132095511039,0.6804557895557767,0.8397045836745559,False
maude,complete word matching,Complete Word Match,0,10,8,1693,10,8,1711,0.0,0.0940074940440459,0.7591429698220056,0.8397045836745559,False
nist,complete word matching,Complete Word Match,0,16,8,1687,16,8,1711,0.0,0.1506782607399338,0.6978880289407012,0.8397045836745559,False
auc,complete word matching,Complete Word Match,0,12,8,1691,12,8,1711,0.0,0.1128754557435644,0.7368939216332349,0.8397045836745559,False
prism,complete word matching,Complete Word Match,0,11,8,1692,11,8,1711,0.0,0.1034386936389335,0.747741451202653,0.8397045836745559,False
bleu,user satisfaction as affected by outputs,User Satisfaction,21,721,31,938,742,52,1711,0.8846622032866708,0.195288333062042,0.6585511530978372,0.8397045836745559,False
comet,user satisfaction as affected by outputs,User Satisfaction,0,70,52,1589,70,52,1711,0.0,4.41314870319622,0.0356629565333587,0.5292963684588986,False
rouge,user satisfaction as affected by outputs,User Satisfaction,20,645,32,1014,665,52,1711,0.9830827067669172,0.0036998935896938,0.9514971858560652,0.9633927364123768,False
roc auc,user satisfaction as affected by outputs,User Satisfaction,1,10,51,1649,11,52,1711,3.0303030303030307,0.911327721832312,0.3397623803323185,0.8397045836745559,False
bertscore,user satisfaction as affected by outputs,User Satisfaction,8,354,44,1305,362,52,1711,0.6775489703666498,1.1527917799674876,0.2829654940271897,0.8397045836745559,False
distinct,user satisfaction as affected by outputs,User Satisfaction,4,121,48,1538,125,52,1711,1.0573333333333337,0.0116571595434824,0.9140208170342196,0.9335568188739752,False
f1,user satisfaction as affected by outputs,User Satisfaction,5,230,47,1429,235,52,1711,0.6681756450882752,0.8424391067326029,0.3587001156074326,0.8397045836745559,False
recall,user satisfaction as affected by outputs,User Satisfaction,2,110,50,1549,112,52,1711,0.5710714285714286,0.7401782124810463,0.3896037962869226,0.8397045836745559,False
meteor,user satisfaction as affected by outputs,User Satisfaction,6,252,46,1407,258,52,1711,0.7345803842264914,0.5623624533077547,0.4533099373065151,0.8397045836745559,False
knowledge f1,user satisfaction as affected by outputs,User Satisfaction,2,11,50,1648,13,52,1711,5.224615384615385,3.542947459630476,0.059799109409492,0.6527157366493639,False
acc,user satisfaction as affected by outputs,User Satisfaction,0,11,52,1648,11,52,1711,0.0,0.6812119637443369,0.4091697009642385,0.8397045836745559,False
dae,user satisfaction as affected by outputs,User Satisfaction,0,17,52,1642,17,52,1711,0.0,1.0546715895707817,0.3044336257542395,0.8397045836745559,False
mauve,user satisfaction as affected by outputs,User Satisfaction,0,10,52,1649,10,52,1711,0.0,0.6190988780270765,0.4313823457061636,0.8397045836745559,False
factcc,user satisfaction as affected by outputs,User Satisfaction,0,33,52,1626,33,52,1711,0.0,2.057170974493283,0.151491196355069,0.8397045836745559,False
comet qe,user satisfaction as affected by outputs,User Satisfaction,0,10,52,1649,10,52,1711,0.0,0.6190988780270765,0.4313823457061636,0.8397045836745559,False
unieval,user satisfaction as affected by outputs,User Satisfaction,1,21,51,1638,22,52,1711,1.5053475935828875,0.149709889509442,0.6988127525369308,0.8397045836745559,False
chrf,user satisfaction as affected by outputs,User Satisfaction,0,60,52,1599,60,52,1711,0.0,3.771116225913939,0.0521448237118836,0.6196991870521323,False
questeval,user satisfaction as affected by outputs,User Satisfaction,0,27,52,1632,27,52,1711,0.0,1.6801002636459137,0.1949111303676927,0.8397045836745559,False
qafacteval,user satisfaction as affected by outputs,User Satisfaction,1,11,51,1648,12,52,1711,2.776143790849673,0.7901948852297103,0.3740412029958826,0.8397045836745559,False
spearman correlation,user satisfaction as affected by outputs,User Satisfaction,3,22,49,1637,25,52,1711,4.1289795918367345,4.075728408632389,0.0435035054151775,0.5770368803960764,False
pearson correlation,user satisfaction as affected by outputs,User Satisfaction,2,31,50,1628,33,52,1711,2.0339393939393937,0.8183933054018069,0.3656503447089915,0.8397045836745559,False
moverscore,user satisfaction as affected by outputs,User Satisfaction,0,55,52,1604,55,52,1711,0.0,3.4515803407552124,0.0631913231776435,0.6635381484623435,False
g eval,user satisfaction as affected by outputs,User Satisfaction,3,16,49,1643,19,52,1711,5.4522019334049405,5.494524473069339,0.0190761150447576,0.3862324527580557,False
usr,user satisfaction as affected by outputs,User Satisfaction,3,9,49,1650,12,52,1711,8.668367346938776,8.162086729754977,0.0042775127067873,0.1670266866459822,False
bartscore,user satisfaction as affected by outputs,User Satisfaction,4,60,48,1599,64,52,1711,2.14453125,1.8151268452920508,0.1778944383621063,0.8397045836745559,False
qags,user satisfaction as affected by outputs,User Satisfaction,1,9,51,1650,10,52,1711,3.3352941176470594,1.0507621663203528,0.3053316184134809,0.8397045836745559,False
perplexity,user satisfaction as affected by outputs,User Satisfaction,8,158,44,1501,166,52,1711,1.692223439211391,1.7171043568055548,0.1900662048951494,0.8397045836745559,False
ndcg,user satisfaction as affected by outputs,User Satisfaction,0,21,52,1638,21,52,1711,0.0,1.3043918643649413,0.2534125547409713,0.8397045836745559,False
map,user satisfaction as affected by outputs,User Satisfaction,0,12,52,1647,12,52,1711,0.0,0.7433621711133839,0.3885859789062823,0.8397045836745559,False
precision,user satisfaction as affected by outputs,User Satisfaction,2,77,50,1582,79,52,1711,0.8263291139240506,0.0764545734720415,0.7821608330294689,0.8414530350982423,False
bleurt,user satisfaction as affected by outputs,User Satisfaction,2,108,50,1551,110,52,1711,0.5821818181818181,0.6859146824199183,0.4075574344485622,0.8397045836745559,False
ter,user satisfaction as affected by outputs,User Satisfaction,0,50,52,1609,50,52,1711,0.0,3.1330232933149085,0.0767213389881979,0.7223482113594301,False
feqa,user satisfaction as affected by outputs,User Satisfaction,0,10,52,1649,10,52,1711,0.0,0.6190988780270765,0.4313823457061636,0.8397045836745559,False
sari,user satisfaction as affected by outputs,User Satisfaction,0,25,52,1634,25,52,1711,0.0,1.5547132491893882,0.2124409842659486,0.8397045836745559,False
cosine similarity,user satisfaction as affected by outputs,User Satisfaction,2,22,50,1637,24,52,1711,2.8116666666666665,1.596940833840756,0.2063372784967749,0.8397045836745559,False
accuracy,user satisfaction as affected by outputs,User Satisfaction,5,181,47,1478,186,52,1711,0.8722260352322123,0.0902785381982982,0.7638233502230612,0.8397045836745559,False
summac,user satisfaction as affected by outputs,User Satisfaction,0,15,52,1644,15,52,1711,0.0,0.9300359675413958,0.3348535791107099,0.8397045836745559,False
clip,user satisfaction as affected by outputs,User Satisfaction,1,12,51,1647,13,52,1711,2.561085972850679,0.6843078237535509,0.4081072756715169,0.8397045836745559,False
cider,user satisfaction as affected by outputs,User Satisfaction,2,74,50,1585,76,52,1711,0.8605263157894737,0.0468221240230997,0.8286882774920532,0.8650851528242949,False
exact match,user satisfaction as affected by outputs,User Satisfaction,1,66,51,1593,67,52,1711,0.4811237928007023,0.6887259092976725,0.4065980845389472,0.8397045836745559,False
chrf++,user satisfaction as affected by outputs,User Satisfaction,0,23,52,1636,23,52,1711,0.0,1.4294772371938602,0.2318497725869479,0.8397045836745559,False
blanc,user satisfaction as affected by outputs,User Satisfaction,0,13,52,1646,13,52,1711,0.0,0.8055495445356158,0.3694393091508,0.8397045836745559,False
diversity,user satisfaction as affected by outputs,User Satisfaction,1,9,51,1650,10,52,1711,3.3352941176470594,1.0507621663203528,0.3053316184134809,0.8397045836745559,False
coherence,user satisfaction as affected by outputs,User Satisfaction,2,8,50,1651,10,52,1711,6.804,4.518126240315086,0.0335375425208283,0.5116019320138794,False
clipscore,user satisfaction as affected by outputs,User Satisfaction,0,15,52,1644,15,52,1711,0.0,0.9300359675413958,0.3348535791107099,0.8397045836745559,False
hits,user satisfaction as affected by outputs,User Satisfaction,0,16,52,1643,16,52,1711,0.0,0.992335106327862,0.3191723230634564,0.8397045836745559,False
win rate,user satisfaction as affected by outputs,User Satisfaction,3,11,49,1648,14,52,1711,7.421282798833818,7.227022896143891,0.0071814202172377,0.2332183991340566,False
balanced accuracy,user satisfaction as affected by outputs,User Satisfaction,0,10,52,1649,10,52,1711,0.0,0.6190988780270765,0.4313823457061636,0.8397045836745559,False
ibleu,user satisfaction as affected by outputs,User Satisfaction,0,12,52,1647,12,52,1711,0.0,0.7433621711133839,0.3885859789062823,0.8397045836745559,False
self bleu,user satisfaction as affected by outputs,User Satisfaction,1,29,51,1630,30,52,1711,1.0986928104575164,0.008704722958848,0.9256659432383642,0.942767984419138,False
spearman,user satisfaction as affected by outputs,User Satisfaction,0,12,52,1647,12,52,1711,0.0,0.7433621711133839,0.3885859789062823,0.8397045836745559,False
kendall,user satisfaction as affected by outputs,User Satisfaction,0,11,52,1648,11,52,1711,0.0,0.6812119637443369,0.4091697009642385,0.8397045836745559,False
coverage,user satisfaction as affected by outputs,User Satisfaction,0,22,52,1637,22,52,1711,0.0,1.3669157435380677,0.2423425092532118,0.8397045836745559,False
density,user satisfaction as affected by outputs,User Satisfaction,0,10,52,1649,10,52,1711,0.0,0.6190988780270765,0.4313823457061636,0.8397045836745559,False
ppl,user satisfaction as affected by outputs,User Satisfaction,0,19,52,1640,19,52,1711,0.0,1.179456768717271,0.2774666143864595,0.8397045836745559,False
kendall s tau,user satisfaction as affected by outputs,User Satisfaction,0,11,52,1648,11,52,1711,0.0,0.6812119637443369,0.4091697009642385,0.8397045836745559,False
success rate,user satisfaction as affected by outputs,User Satisfaction,2,23,50,1636,25,52,1711,2.6976,1.486790555044902,0.2227150917911765,0.8397045836745559,False
supert,user satisfaction as affected by outputs,User Satisfaction,0,10,52,1649,10,52,1711,0.0,0.6190988780270765,0.4313823457061636,0.8397045836745559,False
summaqa,user satisfaction as affected by outputs,User Satisfaction,0,10,52,1649,10,52,1711,0.0,0.6190988780270765,0.4313823457061636,0.8397045836745559,False
spice,user satisfaction as affected by outputs,User Satisfaction,0,24,52,1635,24,52,1711,0.0,1.4920763906212982,0.22189457540527,0.8397045836745559,False
length,user satisfaction as affected by outputs,User Satisfaction,1,15,51,1644,16,52,1711,2.077205882352941,0.4370365884906855,0.5085562467694404,0.8397045836745559,False
parent,user satisfaction as affected by outputs,User Satisfaction,0,17,52,1642,17,52,1711,0.0,1.0546715895707817,0.3044336257542395,0.8397045836745559,False
consistency,user satisfaction as affected by outputs,User Satisfaction,0,14,52,1645,14,52,1711,0.0,0.8677741284906553,0.3515722618453364,0.8397045836745559,False
mrr,user satisfaction as affected by outputs,User Satisfaction,0,26,52,1633,26,52,1711,0.0,1.6173878583530037,0.2034563984404837,0.8397045836745559,False
embedding,user satisfaction as affected by outputs,User Satisfaction,1,25,51,1634,26,52,1711,1.270739064856712,0.0539873609104656,0.8162647792582192,0.8542911537865218,False
vector extrema,user satisfaction as affected by outputs,User Satisfaction,1,15,51,1644,16,52,1711,2.077205882352941,0.4370365884906855,0.5085562467694404,0.8397045836745559,False
greedy matching,user satisfaction as affected by outputs,User Satisfaction,0,14,52,1645,14,52,1711,0.0,0.8677741284906553,0.3515722618453364,0.8397045836745559,False
dist,user satisfaction as affected by outputs,User Satisfaction,1,22,51,1637,23,52,1711,1.4390451832907076,0.1201092143979269,0.7289160679095972,0.8397045836745559,False
ruber,user satisfaction as affected by outputs,User Satisfaction,1,10,51,1649,11,52,1711,3.0303030303030307,0.911327721832312,0.3397623803323185,0.8397045836745559,False
bert,user satisfaction as affected by outputs,User Satisfaction,0,10,52,1649,10,52,1711,0.0,0.6190988780270765,0.4313823457061636,0.8397045836745559,False
xcomet,user satisfaction as affected by outputs,User Satisfaction,0,13,52,1646,13,52,1711,0.0,0.8055495445356158,0.3694393091508,0.8397045836745559,False
auroc,user satisfaction as affected by outputs,User Satisfaction,0,10,52,1649,10,52,1711,0.0,0.6190988780270765,0.4313823457061636,0.8397045836745559,False
entailment,user satisfaction as affected by outputs,User Satisfaction,0,11,52,1648,11,52,1711,0.0,0.6812119637443369,0.4091697009642385,0.8397045836745559,False
sacrebleu,user satisfaction as affected by outputs,User Satisfaction,0,18,52,1641,18,52,1711,0.0,1.1170454620734416,0.2905555329689648,0.8397045836745559,False
gleu,user satisfaction as affected by outputs,User Satisfaction,0,14,52,1645,14,52,1711,0.0,0.8677741284906553,0.3515722618453364,0.8397045836745559,False
entropy,user satisfaction as affected by outputs,User Satisfaction,0,18,52,1641,18,52,1711,0.0,1.1170454620734416,0.2905555329689648,0.8397045836745559,False
maude,user satisfaction as affected by outputs,User Satisfaction,1,9,51,1650,10,52,1711,3.3352941176470594,1.0507621663203528,0.3053316184134809,0.8397045836745559,False
nist,user satisfaction as affected by outputs,User Satisfaction,0,16,52,1643,16,52,1711,0.0,0.992335106327862,0.3191723230634564,0.8397045836745559,False
auc,user satisfaction as affected by outputs,User Satisfaction,0,12,52,1647,12,52,1711,0.0,0.7433621711133839,0.3885859789062823,0.8397045836745559,False
prism,user satisfaction as affected by outputs,User Satisfaction,0,11,52,1648,11,52,1711,0.0,0.6812119637443369,0.4091697009642385,0.8397045836745559,False
bleu,understandability,Understandability,33,709,31,938,742,64,1711,1.3901834623076257,1.8009353723045258,0.179599454051392,0.8397045836745559,False
comet,understandability,Understandability,1,69,63,1578,70,64,1711,0.3721088435374149,1.3941321358334888,0.2377085184538943,0.8397045836745559,False
rouge,understandability,Understandability,28,637,36,1010,665,64,1711,1.223391812865497,0.6588839612940944,0.4169542235801039,0.8397045836745559,False
roc auc,understandability,Understandability,0,11,64,1636,11,64,1711,0.0,0.8414560596228032,0.3589806688598178,0.8397045836745559,False
bertscore,understandability,Understandability,16,346,48,1301,362,64,1711,1.2421731123388582,0.565789561831469,0.4519369001097444,0.8397045836745559,False
distinct,understandability,Understandability,2,123,62,1524,125,64,1711,0.4092903225806452,2.1370452654984273,0.1437785839075765,0.8397045836745559,False
f1,understandability,Understandability,8,227,56,1420,235,64,1711,0.8972644376899697,0.0877141590339274,0.7671034938989203,0.8397045836745559,False
recall,understandability,Understandability,3,109,61,1538,112,64,1711,0.7021370023419203,0.4125956596725531,0.5206549825142469,0.8397045836745559,False
meteor,understandability,Understandability,17,241,47,1406,258,64,1711,2.037027873989774,5.852100936412818,0.0155584660403317,0.3507029192679457,False
knowledge f1,understandability,Understandability,0,13,64,1634,13,64,1711,0.0,0.9950442314200094,0.3185126375180064,0.8397045836745559,False
acc,understandability,Understandability,0,11,64,1636,11,64,1711,0.0,0.8414560596228032,0.3589806688598178,0.8397045836745559,False
dae,understandability,Understandability,0,17,64,1630,17,64,1711,0.0,1.3027746263178348,0.2537070275347128,0.8397045836745559,False
mauve,understandability,Understandability,0,10,64,1637,10,64,1711,0.0,0.7647310363128416,0.381852000229161,0.8397045836745559,False
factcc,understandability,Understandability,0,33,64,1614,33,64,1711,0.0,2.541149213716708,0.1109140320216536,0.8397045836745559,False
comet qe,understandability,Understandability,1,9,63,1638,10,64,1711,2.7,0.7628643277197849,0.3824336224673175,0.8397045836745559,False
unieval,understandability,Understandability,3,19,61,1628,22,64,1711,3.7757078986587183,3.717658436316954,0.0538398244875133,0.6288536972667478,False
chrf,understandability,Understandability,1,59,63,1588,60,64,1711,0.4367724867724868,0.9243103784835583,0.3363457470373187,0.8397045836745559,False
questeval,understandability,Understandability,1,26,63,1621,27,64,1711,0.9900058788947678,0.0001034951271944,0.99188305652511,0.9926396416178066,False
qafacteval,understandability,Understandability,0,12,64,1635,12,64,1711,0.0,0.9182271062406936,0.3379409072454126,0.8397045836745559,False
spearman correlation,understandability,Understandability,4,21,60,1626,25,64,1711,4.496,6.062461080515566,0.0138085119926279,0.3290810176453236,False
pearson correlation,understandability,Understandability,5,28,59,1619,33,64,1711,4.309193631227529,7.162047547202812,0.0074462149588523,0.2348421640868821,False
moverscore,understandability,Understandability,3,52,61,1595,55,64,1711,1.4807749627421758,0.4097941118654205,0.5220740245308915,0.8397045836745559,False
g eval,understandability,Understandability,2,17,62,1630,19,64,1711,2.872665534804754,1.6805942096380573,0.1948455147455486,0.8397045836745559,False
usr,understandability,Understandability,7,5,57,1642,12,64,1711,17.387426900584796,30.809898492652593,2.8458253830124105e-08,1.436047270197032e-05,True
bartscore,understandability,Understandability,8,56,56,1591,64,64,1711,3.676339285714286,9.164513071104002,0.0024675328189864,0.1149435204223374,False
qags,understandability,Understandability,1,9,63,1638,10,64,1711,2.7,0.7628643277197849,0.3824336224673175,0.8397045836745559,False
perplexity,understandability,Understandability,2,164,62,1483,166,64,1711,0.3002331908278274,4.308150189399877,0.0379301848203892,0.5374496876862642,False
ndcg,understandability,Understandability,0,21,64,1626,21,64,1711,0.0,1.6112467244981763,0.2043166395889339,0.8397045836745559,False
map,understandability,Understandability,0,12,64,1635,12,64,1711,0.0,0.9182271062406936,0.3379409072454126,0.8397045836745559,False
precision,understandability,Understandability,3,76,61,1571,79,64,1711,1.0159784187590788,0.0007430274416128,0.9782535330694452,0.9822965218024736,False
bleurt,understandability,Understandability,5,105,59,1542,110,64,1711,1.233436055469954,0.1992738485643774,0.6553076140299587,0.8397045836745559,False
ter,understandability,Understandability,1,49,63,1598,50,64,1711,0.5273015873015873,0.5166051844944197,0.4722934172003974,0.8397045836745559,False
feqa,understandability,Understandability,1,9,63,1638,10,64,1711,2.7,0.7628643277197849,0.3824336224673175,0.8397045836745559,False
sari,understandability,Understandability,0,25,64,1622,25,64,1711,0.0,1.9204641104085585,0.1658055061276556,0.8397045836745559,False
cosine similarity,understandability,Understandability,3,21,61,1626,24,64,1711,3.456967213114754,3.305429993061513,0.0690512714476184,0.6983500387895398,False
accuracy,understandability,Understandability,6,180,58,1467,186,64,1711,0.8481646273637374,0.1599374320836535,0.6892141280515363,0.8397045836745559,False
summac,understandability,Understandability,0,15,64,1632,15,64,1711,0.0,1.1488169389759175,0.2837969426965805,0.8397045836745559,False
clip,understandability,Understandability,1,12,63,1635,13,64,1711,2.0732600732600734,0.4402458087634082,0.5070038378031357,0.8397045836745559,False
cider,understandability,Understandability,5,71,59,1576,76,64,1711,1.823148974130241,1.4763155689172818,0.2243518766627062,0.8397045836745559,False
exact match,understandability,Understandability,2,65,62,1582,67,64,1711,0.7915262397688974,0.1181706224792655,0.7310271290222499,0.8397045836745559,False
chrf++,understandability,Understandability,1,22,63,1625,23,64,1711,1.1649413388543823,0.0227475804055407,0.8801153343855959,0.90650912130154,False
blanc,understandability,Understandability,0,13,64,1634,13,64,1711,0.0,0.9950442314200094,0.3185126375180064,0.8397045836745559,False
diversity,understandability,Understandability,0,10,64,1637,10,64,1711,0.0,0.7647310363128416,0.381852000229161,0.8397045836745559,False
coherence,understandability,Understandability,0,10,64,1637,10,64,1711,0.0,0.7647310363128416,0.381852000229161,0.8397045836745559,False
clipscore,understandability,Understandability,0,15,64,1632,15,64,1711,0.0,1.1488169389759175,0.2837969426965805,0.8397045836745559,False
hits,understandability,Understandability,0,16,64,1631,16,64,1711,0.0,1.2257726323595877,0.2682307384245605,0.8397045836745559,False
win rate,understandability,Understandability,0,14,64,1633,14,64,1711,0.0,1.07190749051356,0.3005149860666363,0.8397045836745559,False
balanced accuracy,understandability,Understandability,0,10,64,1637,10,64,1711,0.0,0.7647310363128416,0.381852000229161,0.8397045836745559,False
ibleu,understandability,Understandability,0,12,64,1635,12,64,1711,0.0,0.9182271062406936,0.3379409072454126,0.8397045836745559,False
self bleu,understandability,Understandability,0,30,64,1617,30,64,1711,0.0,2.3080394065366376,0.1287063007187066,0.8397045836745559,False
spearman,understandability,Understandability,1,11,63,1636,12,64,1711,2.247354497354497,0.5315120309903558,0.4659718631015953,0.8397045836745559,False
kendall,understandability,Understandability,1,10,63,1637,11,64,1711,2.4531024531024532,0.63803293000113,0.424424000550441,0.8397045836745559,False
coverage,understandability,Understandability,1,21,63,1626,22,64,1711,1.2186147186147187,0.0376377995254126,0.8461722503836695,0.8792223806209507,False
density,understandability,Understandability,1,9,63,1638,10,64,1711,2.7,0.7628643277197849,0.3824336224673175,0.8397045836745559,False
ppl,understandability,Understandability,0,19,64,1628,19,64,1711,0.0,1.4569177390773926,0.2274211781004031,0.8397045836745559,False
kendall s tau,understandability,Understandability,0,11,64,1636,11,64,1711,0.0,0.8414560596228032,0.3589806688598178,0.8397045836745559,False
success rate,understandability,Understandability,0,25,64,1622,25,64,1711,0.0,1.9204641104085585,0.1658055061276556,0.8397045836745559,False
supert,understandability,Understandability,0,10,64,1637,10,64,1711,0.0,0.7647310363128416,0.381852000229161,0.8397045836745559,False
summaqa,understandability,Understandability,0,10,64,1637,10,64,1711,0.0,0.7647310363128416,0.381852000229161,0.8397045836745559,False
spice,understandability,Understandability,1,23,63,1624,24,64,1711,1.1157407407407407,0.0118597790088923,0.9132797344977738,0.9333408721460346,False
length,understandability,Understandability,1,15,63,1632,16,64,1711,1.681547619047619,0.23689060980753,0.626460955547758,0.8397045836745559,False
parent,understandability,Understandability,0,17,64,1630,17,64,1711,0.0,1.3027746263178348,0.2537070275347128,0.8397045836745559,False
consistency,understandability,Understandability,0,14,64,1633,14,64,1711,0.0,1.07190749051356,0.3005149860666363,0.8397045836745559,False
mrr,understandability,Understandability,0,26,64,1621,26,64,1711,0.0,1.9978853306234088,0.1575188349680663,0.8397045836745559,False
embedding,understandability,Understandability,1,25,63,1622,26,64,1711,1.0286935286935288,0.0008112720115199,0.977277056454686,0.9814662416323852,False
vector extrema,understandability,Understandability,3,13,61,1634,16,64,1711,5.210040983606557,5.360073628444602,0.0206029037904791,0.4070935206793479,False
greedy matching,understandability,Understandability,1,13,63,1634,14,64,1711,1.9240362811791385,0.3618868414331705,0.5474601949667091,0.8397045836745559,False
dist,understandability,Understandability,1,22,63,1625,23,64,1711,1.1649413388543823,0.0227475804055407,0.8801153343855959,0.90650912130154,False
ruber,understandability,Understandability,2,9,62,1638,11,64,1711,4.9853372434017595,3.4405023086109483,0.063616348786339,0.6635381484623435,False
bert,understandability,Understandability,0,10,64,1637,10,64,1711,0.0,0.7647310363128416,0.381852000229161,0.8397045836745559,False
xcomet,understandability,Understandability,1,12,63,1635,13,64,1711,2.0732600732600734,0.4402458087634082,0.5070038378031357,0.8397045836745559,False
auroc,understandability,Understandability,0,10,64,1637,10,64,1711,0.0,0.7647310363128416,0.381852000229161,0.8397045836745559,False
entailment,understandability,Understandability,2,9,62,1638,11,64,1711,4.9853372434017595,3.4405023086109483,0.063616348786339,0.6635381484623435,False
sacrebleu,understandability,Understandability,1,17,63,1630,18,64,1711,1.4929453262786596,0.1456912107211022,0.70268747541595,0.8397045836745559,False
gleu,understandability,Understandability,0,14,64,1633,14,64,1711,0.0,1.07190749051356,0.3005149860666363,0.8397045836745559,False
entropy,understandability,Understandability,0,18,64,1629,18,64,1711,0.0,1.379822976605596,0.2401313031537918,0.8397045836745559,False
maude,understandability,Understandability,2,8,62,1639,10,64,1711,5.487096774193549,3.789236450280496,0.0515831742747306,0.6196991870521323,False
nist,understandability,Understandability,0,16,64,1631,16,64,1711,0.0,1.2257726323595877,0.2682307384245605,0.8397045836745559,False
auc,understandability,Understandability,0,12,64,1635,12,64,1711,0.0,0.9182271062406936,0.3379409072454126,0.8397045836745559,False
prism,understandability,Understandability,0,11,64,1636,11,64,1711,0.0,0.8414560596228032,0.3589806688598178,0.8397045836745559,False
bleu,similarity to target outputs (content/meaning),Target Similarity (content),3,739,13,956,742,16,1711,0.3013684428778769,4.3904562131188865,0.0361406413479596,0.5327072091462024,False
comet,similarity to target outputs (content/meaning),Target Similarity (content),1,69,15,1626,70,16,1711,1.5628571428571427,0.1663052294080895,0.6834165621925319,0.8397045836745559,False
rouge,similarity to target outputs (content/meaning),Target Similarity (content),5,660,11,1035,665,16,1711,0.7149692412850307,0.4056864994048879,0.524167027536983,0.8397045836745559,False
roc auc,similarity to target outputs (content/meaning),Target Similarity (content),0,11,16,1684,11,16,1711,0.0,0.2073660311666123,0.6488397616095898,0.8397045836745559,False
bertscore,similarity to target outputs (content/meaning),Target Similarity (content),3,359,13,1336,362,16,1711,0.8599660008499787,0.0577516723871468,0.8100854655252299,0.8493292637619352,False
distinct,similarity to target outputs (content/meaning),Target Similarity (content),0,125,16,1570,125,16,1711,0.0,2.439481120865831,0.1183153567410603,0.8397045836745559,False
f1,similarity to target outputs (content/meaning),Target Similarity (content),0,235,16,1460,235,16,1711,0.0,4.751735785161874,0.0292687563610009,0.4886772346784259,False
recall,similarity to target outputs (content/meaning),Target Similarity (content),2,110,14,1585,112,16,1711,2.0395408163265305,0.7530561958761846,0.385510342780985,0.8397045836745559,False
meteor,similarity to target outputs (content/meaning),Target Similarity (content),2,256,14,1439,258,16,1711,0.8045404208194906,0.0881667681373283,0.7665207961669658,0.8397045836745559,False
knowledge f1,similarity to target outputs (content/meaning),Target Similarity (content),0,13,16,1682,13,16,1711,0.0,0.2452137455029331,0.6204655744830949,0.8397045836745559,False
acc,similarity to target outputs (content/meaning),Target Similarity (content),0,11,16,1684,11,16,1711,0.0,0.2073660311666123,0.6488397616095898,0.8397045836745559,False
dae,similarity to target outputs (content/meaning),Target Similarity (content),0,17,16,1678,17,16,1711,0.0,0.3210437326245412,0.5709810740349235,0.8397045836745559,False
mauve,similarity to target outputs (content/meaning),Target Similarity (content),0,10,16,1685,10,16,1711,0.0,0.1884589474149465,0.6642023289309149,0.8397045836745559,False
factcc,similarity to target outputs (content/meaning),Target Similarity (content),0,33,16,1662,33,16,1711,0.0,0.6261735054069766,0.4287623810625888,0.8397045836745559,False
comet qe,similarity to target outputs (content/meaning),Target Similarity (content),1,9,15,1686,10,16,1711,11.340000000000002,3.065101440993798,0.0799901698163747,0.7338958237698162,False
unieval,similarity to target outputs (content/meaning),Target Similarity (content),1,21,15,1674,22,16,1711,5.118181818181819,1.644170982482289,0.1997541520109516,0.8397045836745559,False
chrf,similarity to target outputs (content/meaning),Target Similarity (content),2,58,14,1637,60,16,1711,3.9309523809523808,2.38120517311916,0.1228027760770746,0.8397045836745559,False
questeval,similarity to target outputs (content/meaning),Target Similarity (content),0,27,16,1668,27,16,1711,0.0,0.5114086104640917,0.4745297143801499,0.8397045836745559,False
qafacteval,similarity to target outputs (content/meaning),Target Similarity (content),0,12,16,1683,12,16,1711,0.0,0.226284292787336,0.6342927622238596,0.8397045836745559,False
spearman correlation,similarity to target outputs (content/meaning),Target Similarity (content),0,25,16,1670,25,16,1711,0.0,0.4732449294418805,0.4914981247988452,0.8397045836745559,False
pearson correlation,similarity to target outputs (content/meaning),Target Similarity (content),0,33,16,1662,33,16,1711,0.0,0.6261735054069766,0.4287623810625888,0.8397045836745559,False
moverscore,similarity to target outputs (content/meaning),Target Similarity (content),2,53,14,1642,55,16,1711,4.301298701298702,2.6504264506222373,0.1035221213135244,0.8193580953138603,False
g eval,similarity to target outputs (content/meaning),Target Similarity (content),1,18,15,1677,19,16,1711,5.936842105263157,1.891322317818096,0.169052852695132,0.8397045836745559,False
usr,similarity to target outputs (content/meaning),Target Similarity (content),0,12,16,1683,12,16,1711,0.0,0.226284292787336,0.6342927622238596,0.8397045836745559,False
bartscore,similarity to target outputs (content/meaning),Target Similarity (content),2,62,14,1633,64,16,1711,3.676339285714286,2.187002439498765,0.13917994663166,0.8397045836745559,False
qags,similarity to target outputs (content/meaning),Target Similarity (content),0,10,16,1685,10,16,1711,0.0,0.1884589474149465,0.6642023289309149,0.8397045836745559,False
perplexity,similarity to target outputs (content/meaning),Target Similarity (content),0,166,16,1529,166,16,1711,0.0,3.28191278342853,0.0700472472365663,0.7003402152984511,False
ndcg,similarity to target outputs (content/meaning),Target Similarity (content),1,20,15,1675,21,16,1711,5.365079365079365,1.7216090752749995,0.1894860533544692,0.8397045836745559,False
map,similarity to target outputs (content/meaning),Target Similarity (content),0,12,16,1683,12,16,1711,0.0,0.226284292787336,0.6342927622238596,0.8397045836745559,False
precision,similarity to target outputs (content/meaning),Target Similarity (content),1,78,15,1617,79,16,1711,1.3772151898734175,0.0885052047966389,0.7660861489237571,0.8397045836745559,False
bleurt,similarity to target outputs (content/meaning),Target Similarity (content),2,108,14,1587,110,16,1711,2.0792207792207793,0.7906334473953311,0.3739086536396715,0.8397045836745559,False
ter,similarity to target outputs (content/meaning),Target Similarity (content),0,50,16,1645,50,16,1711,0.0,0.9535938786576882,0.3288061904245975,0.8397045836745559,False
feqa,similarity to target outputs (content/meaning),Target Similarity (content),0,10,16,1685,10,16,1711,0.0,0.1884589474149465,0.6642023289309149,0.8397045836745559,False
sari,similarity to target outputs (content/meaning),Target Similarity (content),0,25,16,1670,25,16,1711,0.0,0.4732449294418805,0.4914981247988452,0.8397045836745559,False
cosine similarity,similarity to target outputs (content/meaning),Target Similarity (content),0,24,16,1671,24,16,1711,0.0,0.4541801434681374,0.5003565263783444,0.8397045836745559,False
accuracy,similarity to target outputs (content/meaning),Target Similarity (content),2,184,14,1511,186,16,1711,1.1712749615975424,0.0424555179565936,0.8367539105758259,0.8721171994562151,False
summac,similarity to target outputs (content/meaning),Target Similarity (content),0,15,16,1680,15,16,1711,0.0,0.2831062772331043,0.594672443005476,0.8397045836745559,False
clip,similarity to target outputs (content/meaning),Target Similarity (content),0,13,16,1682,13,16,1711,0.0,0.2452137455029331,0.6204655744830949,0.8397045836745559,False
cider,similarity to target outputs (content/meaning),Target Similarity (content),0,76,16,1619,76,16,1711,0.0,1.4609256024151525,0.2267829051471928,0.8397045836745559,False
exact match,similarity to target outputs (content/meaning),Target Similarity (content),2,65,14,1630,67,16,1711,3.5053304904051172,2.052174180411574,0.1519890068266706,0.8397045836745559,False
chrf++,similarity to target outputs (content/meaning),Target Similarity (content),0,23,16,1672,23,16,1711,0.0,0.4351267091321195,0.5094840129149709,0.8397045836745559,False
blanc,similarity to target outputs (content/meaning),Target Similarity (content),2,11,14,1684,13,16,1711,18.65934065934066,7.966913834260468,0.004764009351117,0.176564414369084,False
diversity,similarity to target outputs (content/meaning),Target Similarity (content),0,10,16,1685,10,16,1711,0.0,0.1884589474149465,0.6642023289309149,0.8397045836745559,False
coherence,similarity to target outputs (content/meaning),Target Similarity (content),0,10,16,1685,10,16,1711,0.0,0.1884589474149465,0.6642023289309149,0.8397045836745559,False
clipscore,similarity to target outputs (content/meaning),Target Similarity (content),0,15,16,1680,15,16,1711,0.0,0.2831062772331043,0.594672443005476,0.8397045836745559,False
hits,similarity to target outputs (content/meaning),Target Similarity (content),0,16,16,1679,16,16,1711,0.0,0.3020693828147452,0.5825880026995404,0.8397045836745559,False
win rate,similarity to target outputs (content/meaning),Target Similarity (content),0,14,16,1681,14,16,1711,0.0,0.2641544025610714,0.6072802828016451,0.8397045836745559,False
balanced accuracy,similarity to target outputs (content/meaning),Target Similarity (content),0,10,16,1685,10,16,1711,0.0,0.1884589474149465,0.6642023289309149,0.8397045836745559,False
ibleu,similarity to target outputs (content/meaning),Target Similarity (content),0,12,16,1683,12,16,1711,0.0,0.226284292787336,0.6342927622238596,0.8397045836745559,False
self bleu,similarity to target outputs (content/meaning),Target Similarity (content),0,30,16,1665,30,16,1711,0.0,0.568739608426082,0.450760197513926,0.8397045836745559,False
spearman,similarity to target outputs (content/meaning),Target Similarity (content),0,12,16,1683,12,16,1711,0.0,0.226284292787336,0.6342927622238596,0.8397045836745559,False
kendall,similarity to target outputs (content/meaning),Target Similarity (content),1,10,15,1685,11,16,1711,10.303030303030305,2.882486907201808,0.089547625094528,0.776000555640824,False
coverage,similarity to target outputs (content/meaning),Target Similarity (content),0,22,16,1673,22,16,1711,0.0,0.4160846129239681,0.5188972403132373,0.8397045836745559,False
density,similarity to target outputs (content/meaning),Target Similarity (content),0,10,16,1685,10,16,1711,0.0,0.1884589474149465,0.6642023289309149,0.8397045836745559,False
ppl,similarity to target outputs (content/meaning),Target Similarity (content),0,19,16,1676,19,16,1711,0.0,0.3590262183237863,0.5490475468665074,0.8397045836745559,False
kendall s tau,similarity to target outputs (content/meaning),Target Similarity (content),0,11,16,1684,11,16,1711,0.0,0.2073660311666123,0.6488397616095898,0.8397045836745559,False
success rate,similarity to target outputs (content/meaning),Target Similarity (content),0,25,16,1670,25,16,1711,0.0,0.4732449294418805,0.4914981247988452,0.8397045836745559,False
supert,similarity to target outputs (content/meaning),Target Similarity (content),1,9,15,1686,10,16,1711,11.340000000000002,3.065101440993798,0.0799901698163747,0.7338958237698162,False
summaqa,similarity to target outputs (content/meaning),Target Similarity (content),1,9,15,1686,10,16,1711,11.340000000000002,3.065101440993798,0.0799901698163747,0.7338958237698162,False
spice,similarity to target outputs (content/meaning),Target Similarity (content),0,24,16,1671,24,16,1711,0.0,0.4541801434681374,0.5003565263783444,0.8397045836745559,False
length,similarity to target outputs (content/meaning),Target Similarity (content),0,16,16,1679,16,16,1711,0.0,0.3020693828147452,0.5825880026995404,0.8397045836745559,False
parent,similarity to target outputs (content/meaning),Target Similarity (content),0,17,16,1678,17,16,1711,0.0,0.3210437326245412,0.5709810740349235,0.8397045836745559,False
consistency,similarity to target outputs (content/meaning),Target Similarity (content),0,14,16,1681,14,16,1711,0.0,0.2641544025610714,0.6072802828016451,0.8397045836745559,False
mrr,similarity to target outputs (content/meaning),Target Similarity (content),0,26,16,1669,26,16,1711,0.0,0.4923210805875659,0.4828937465208786,0.8397045836745559,False
embedding,similarity to target outputs (content/meaning),Target Similarity (content),0,26,16,1669,26,16,1711,0.0,0.4923210805875659,0.4828937465208786,0.8397045836745559,False
vector extrema,similarity to target outputs (content/meaning),Target Similarity (content),0,16,16,1679,16,16,1711,0.0,0.3020693828147452,0.5825880026995404,0.8397045836745559,False
greedy matching,similarity to target outputs (content/meaning),Target Similarity (content),0,14,16,1681,14,16,1711,0.0,0.2641544025610714,0.6072802828016451,0.8397045836745559,False
dist,similarity to target outputs (content/meaning),Target Similarity (content),0,23,16,1672,23,16,1711,0.0,0.4351267091321195,0.5094840129149709,0.8397045836745559,False
ruber,similarity to target outputs (content/meaning),Target Similarity (content),0,11,16,1684,11,16,1711,0.0,0.2073660311666123,0.6488397616095898,0.8397045836745559,False
bert,similarity to target outputs (content/meaning),Target Similarity (content),0,10,16,1685,10,16,1711,0.0,0.1884589474149465,0.6642023289309149,0.8397045836745559,False
xcomet,similarity to target outputs (content/meaning),Target Similarity (content),0,13,16,1682,13,16,1711,0.0,0.2452137455029331,0.6204655744830949,0.8397045836745559,False
auroc,similarity to target outputs (content/meaning),Target Similarity (content),0,10,16,1685,10,16,1711,0.0,0.1884589474149465,0.6642023289309149,0.8397045836745559,False
entailment,similarity to target outputs (content/meaning),Target Similarity (content),0,11,16,1684,11,16,1711,0.0,0.2073660311666123,0.6488397616095898,0.8397045836745559,False
sacrebleu,similarity to target outputs (content/meaning),Target Similarity (content),0,18,16,1677,18,16,1711,0.0,0.3400293400056861,0.559812286800734,0.8397045836745559,False
gleu,similarity to target outputs (content/meaning),Target Similarity (content),0,14,16,1681,14,16,1711,0.0,0.2641544025610714,0.6072802828016451,0.8397045836745559,False
entropy,similarity to target outputs (content/meaning),Target Similarity (content),0,18,16,1677,18,16,1711,0.0,0.3400293400056861,0.559812286800734,0.8397045836745559,False
maude,similarity to target outputs (content/meaning),Target Similarity (content),0,10,16,1685,10,16,1711,0.0,0.1884589474149465,0.6642023289309149,0.8397045836745559,False
nist,similarity to target outputs (content/meaning),Target Similarity (content),0,16,16,1679,16,16,1711,0.0,0.3020693828147452,0.5825880026995404,0.8397045836745559,False
auc,similarity to target outputs (content/meaning),Target Similarity (content),0,12,16,1683,12,16,1711,0.0,0.226284292787336,0.6342927622238596,0.8397045836745559,False
prism,similarity to target outputs (content/meaning),Target Similarity (content),0,11,16,1684,11,16,1711,0.0,0.2073660311666123,0.6488397616095898,0.8397045836745559,False
bleu,complexity/non-complexity (outputs as a whole),Complexity,17,725,12,957,742,29,1711,1.850067385444744,2.763354935576074,0.0964457875655113,0.8010858284512915,False
comet,complexity/non-complexity (outputs as a whole),Complexity,0,70,29,1612,70,29,1711,0.0,2.443998715387464,0.1179751438697055,0.8397045836745559,False
rouge,complexity/non-complexity (outputs as a whole),Complexity,5,660,24,1022,665,29,1711,0.3276942355889724,6.50758158867167,0.0107415498413211,0.2807353265301453,False
roc auc,complexity/non-complexity (outputs as a whole),Complexity,0,11,29,1671,11,29,1711,0.0,0.3773021215930693,0.5390506434925761,0.8397045836745559,False
bertscore,complexity/non-complexity (outputs as a whole),Complexity,11,351,18,1331,362,29,1711,2.27731737262124,4.316418883484728,0.0377462800056923,0.5374496876862642,False
distinct,complexity/non-complexity (outputs as a whole),Complexity,1,124,28,1558,125,29,1711,0.4531428571428571,0.7926098776593191,0.3733121207227688,0.8397045836745559,False
f1,complexity/non-complexity (outputs as a whole),Complexity,3,232,26,1450,235,29,1711,0.7247135842880524,0.308463550601151,0.5786245459394532,0.8397045836745559,False
recall,complexity/non-complexity (outputs as a whole),Complexity,2,110,27,1572,112,29,1711,1.0575396825396823,0.0058357928293626,0.9391069468337748,0.9529111269933188,False
meteor,complexity/non-complexity (outputs as a whole),Complexity,3,255,26,1427,258,29,1711,0.6498211091234347,0.5687914312348585,0.4507395694475444,0.8397045836745559,False
knowledge f1,complexity/non-complexity (outputs as a whole),Complexity,0,13,29,1669,13,29,1711,0.0,0.4461669947286087,0.5041608303124974,0.8397045836745559,False
acc,complexity/non-complexity (outputs as a whole),Complexity,0,11,29,1671,11,29,1711,0.0,0.3773021215930693,0.5390506434925761,0.8397045836745559,False
dae,complexity/non-complexity (outputs as a whole),Complexity,0,17,29,1665,17,29,1711,0.0,0.5841425286097088,0.4446931475145551,0.8397045836745559,False
mauve,complexity/non-complexity (outputs as a whole),Complexity,0,10,29,1672,10,29,1711,0.0,0.3429003234101492,0.5581598653416082,0.8397045836745559,False
factcc,complexity/non-complexity (outputs as a whole),Complexity,0,33,29,1649,33,29,1711,0.0,1.1393506448694777,0.2857895813337664,0.8397045836745559,False
comet qe,complexity/non-complexity (outputs as a whole),Complexity,1,9,28,1673,10,29,1711,6.075,1.9856848403908576,0.1587927994858158,0.8397045836745559,False
unieval,complexity/non-complexity (outputs as a whole),Complexity,0,22,29,1660,22,29,1711,0.0,0.7570748136396601,0.38424550534718,0.8397045836745559,False
chrf,complexity/non-complexity (outputs as a whole),Complexity,0,60,29,1622,60,29,1711,0.0,2.088487169032148,0.1484129738865878,0.8397045836745559,False
questeval,complexity/non-complexity (outputs as a whole),Complexity,2,25,27,1657,27,29,1711,4.620027434842249,2.9923871904445467,0.0836567598857426,0.7563954740798876,False
qafacteval,complexity/non-complexity (outputs as a whole),Complexity,0,12,29,1670,12,29,1711,0.0,0.4117243372824813,0.5210955948930586,0.8397045836745559,False
spearman correlation,complexity/non-complexity (outputs as a whole),Complexity,1,24,28,1658,25,29,1711,2.408571428571429,0.5903006853445418,0.4423028691138148,0.8397045836745559,False
pearson correlation,complexity/non-complexity (outputs as a whole),Complexity,1,32,28,1650,33,29,1711,1.816017316017316,0.2936987485698953,0.5878599766413812,0.8397045836745559,False
moverscore,complexity/non-complexity (outputs as a whole),Complexity,0,55,29,1627,55,29,1711,0.0,1.9115452586628652,0.166791709824316,0.8397045836745559,False
g eval,complexity/non-complexity (outputs as a whole),Complexity,1,18,28,1664,19,29,1711,3.180451127819549,0.9516082471313604,0.3293102694376155,0.8397045836745559,False
usr,complexity/non-complexity (outputs as a whole),Complexity,1,11,28,1671,12,29,1711,5.056547619047619,1.6697116682618138,0.1962971585684323,0.8397045836745559,False
bartscore,complexity/non-complexity (outputs as a whole),Complexity,0,64,29,1618,64,29,1711,0.0,2.230430394547713,0.1353161496871848,0.8397045836745559,False
qags,complexity/non-complexity (outputs as a whole),Complexity,1,9,28,1673,10,29,1711,6.075,1.9856848403908576,0.1587927994858158,0.8397045836745559,False
perplexity,complexity/non-complexity (outputs as a whole),Complexity,0,166,29,1516,166,29,1711,0.0,5.972585396454551,0.0145299624824048,0.3392048180945764,False
ndcg,complexity/non-complexity (outputs as a whole),Complexity,0,21,29,1661,21,29,1711,0.0,0.7224470819357747,0.3953423931701435,0.8397045836745559,False
map,complexity/non-complexity (outputs as a whole),Complexity,0,12,29,1670,12,29,1711,0.0,0.4117243372824813,0.5210955948930586,0.8397045836745559,False
precision,complexity/non-complexity (outputs as a whole),Complexity,0,79,29,1603,79,29,1711,0.0,2.765833022152963,0.0962965469724896,0.8010858284512915,False
bleurt,complexity/non-complexity (outputs as a whole),Complexity,2,108,27,1574,110,29,1711,1.078114478114478,0.0104910434033783,0.918418710193886,0.93684135264685,False
ter,complexity/non-complexity (outputs as a whole),Complexity,0,50,29,1632,50,29,1711,0.0,1.7351415215737116,0.1877556073819036,0.8397045836745559,False
feqa,complexity/non-complexity (outputs as a whole),Complexity,0,10,29,1672,10,29,1711,0.0,0.3429003234101492,0.5581598653416082,0.8397045836745559,False
sari,complexity/non-complexity (outputs as a whole),Complexity,12,13,17,1669,25,29,1711,47.60470588235294,69.26286086344363,8.617715439976494e-17,2.8266106643122906e-13,True
cosine similarity,complexity/non-complexity (outputs as a whole),Complexity,0,24,29,1658,24,29,1711,0.0,0.8263923617524865,0.3633177939348383,0.8397045836745559,False
accuracy,complexity/non-complexity (outputs as a whole),Complexity,2,184,27,1498,186,29,1711,0.6073277578653924,0.5436172310609271,0.4609374826839844,0.8397045836745559,False
summac,complexity/non-complexity (outputs as a whole),Complexity,0,15,29,1667,15,29,1711,0.0,0.5151137321102456,0.4729335004527147,0.8397045836745559,False
clip,complexity/non-complexity (outputs as a whole),Complexity,0,13,29,1669,13,29,1711,0.0,0.4461669947286087,0.5041608303124974,0.8397045836745559,False
cider,complexity/non-complexity (outputs as a whole),Complexity,0,76,29,1606,76,29,1711,0.0,2.658356368448523,0.1030071261859271,0.8180711232199539,False
exact match,complexity/non-complexity (outputs as a whole),Complexity,2,65,27,1617,67,29,1711,1.8175787728026531,0.5741083882779996,0.4486309553180909,0.8397045836745559,False
chrf++,complexity/non-complexity (outputs as a whole),Complexity,1,22,28,1660,23,29,1711,2.62111801242236,0.6936949096818272,0.4049104412212655,0.8397045836745559,False
blanc,complexity/non-complexity (outputs as a whole),Complexity,0,13,29,1669,13,29,1711,0.0,0.4461669947286087,0.5041608303124974,0.8397045836745559,False
diversity,complexity/non-complexity (outputs as a whole),Complexity,0,10,29,1672,10,29,1711,0.0,0.3429003234101492,0.5581598653416082,0.8397045836745559,False
coherence,complexity/non-complexity (outputs as a whole),Complexity,1,9,28,1673,10,29,1711,6.075,1.9856848403908576,0.1587927994858158,0.8397045836745559,False
clipscore,complexity/non-complexity (outputs as a whole),Complexity,0,15,29,1667,15,29,1711,0.0,0.5151137321102456,0.4729335004527147,0.8397045836745559,False
hits,complexity/non-complexity (outputs as a whole),Complexity,0,16,29,1666,16,29,1711,0.0,0.5496178607641374,0.4584738780532016,0.8397045836745559,False
win rate,complexity/non-complexity (outputs as a whole),Complexity,0,14,29,1668,14,29,1711,0.0,0.4806301182254512,0.4881370375274678,0.8397045836745559,False
balanced accuracy,complexity/non-complexity (outputs as a whole),Complexity,0,10,29,1672,10,29,1711,0.0,0.3429003234101492,0.5581598653416082,0.8397045836745559,False
ibleu,complexity/non-complexity (outputs as a whole),Complexity,0,12,29,1670,12,29,1711,0.0,0.4117243372824813,0.5210955948930586,0.8397045836745559,False
self bleu,complexity/non-complexity (outputs as a whole),Complexity,1,29,28,1653,30,29,1711,2.001190476190476,0.3865422530550976,0.5341225631937134,0.8397045836745559,False
spearman,complexity/non-complexity (outputs as a whole),Complexity,1,11,28,1671,12,29,1711,5.056547619047619,1.6697116682618138,0.1962971585684323,0.8397045836745559,False
kendall,complexity/non-complexity (outputs as a whole),Complexity,1,10,28,1672,11,29,1711,5.51948051948052,1.8185557923995628,0.1774852809403833,0.8397045836745559,False
coverage,complexity/non-complexity (outputs as a whole),Complexity,1,21,28,1661,22,29,1711,2.741883116883117,0.7511917322640207,0.3860991834016739,0.8397045836745559,False
density,complexity/non-complexity (outputs as a whole),Complexity,0,10,29,1672,10,29,1711,0.0,0.3429003234101492,0.5581598653416082,0.8397045836745559,False
ppl,complexity/non-complexity (outputs as a whole),Complexity,0,19,29,1663,19,29,1711,0.0,0.6532535797958251,0.4189518361505622,0.8397045836745559,False
kendall s tau,complexity/non-complexity (outputs as a whole),Complexity,0,11,29,1671,11,29,1711,0.0,0.3773021215930693,0.5390506434925761,0.8397045836745559,False
success rate,complexity/non-complexity (outputs as a whole),Complexity,1,24,28,1658,25,29,1711,2.408571428571429,0.5903006853445418,0.4423028691138148,0.8397045836745559,False
supert,complexity/non-complexity (outputs as a whole),Complexity,0,10,29,1672,10,29,1711,0.0,0.3429003234101492,0.5581598653416082,0.8397045836745559,False
summaqa,complexity/non-complexity (outputs as a whole),Complexity,0,10,29,1672,10,29,1711,0.0,0.3429003234101492,0.5581598653416082,0.8397045836745559,False
spice,complexity/non-complexity (outputs as a whole),Complexity,0,24,29,1658,24,29,1711,0.0,0.8263923617524865,0.3633177939348383,0.8397045836745559,False
length,complexity/non-complexity (outputs as a whole),Complexity,1,15,28,1667,16,29,1711,3.783482142857143,1.2055409782424191,0.2722170211791613,0.8397045836745559,False
parent,complexity/non-complexity (outputs as a whole),Complexity,0,17,29,1665,17,29,1711,0.0,0.5841425286097088,0.4446931475145551,0.8397045836745559,False
consistency,complexity/non-complexity (outputs as a whole),Complexity,0,14,29,1668,14,29,1711,0.0,0.4806301182254512,0.4881370375274678,0.8397045836745559,False
mrr,complexity/non-complexity (outputs as a whole),Complexity,0,26,29,1656,26,29,1711,0.0,0.8957928545744809,0.3439123119594189,0.8397045836745559,False
embedding,complexity/non-complexity (outputs as a whole),Complexity,0,26,29,1656,26,29,1711,0.0,0.8957928545744809,0.3439123119594189,0.8397045836745559,False
vector extrema,complexity/non-complexity (outputs as a whole),Complexity,1,15,28,1667,16,29,1711,3.783482142857143,1.2055409782424191,0.2722170211791613,0.8397045836745559,False
greedy matching,complexity/non-complexity (outputs as a whole),Complexity,0,14,29,1668,14,29,1711,0.0,0.4806301182254512,0.4881370375274678,0.8397045836745559,False
dist,complexity/non-complexity (outputs as a whole),Complexity,0,23,29,1659,23,29,1711,0.0,0.7917232320006797,0.3735795661361384,0.8397045836745559,False
ruber,complexity/non-complexity (outputs as a whole),Complexity,0,11,29,1671,11,29,1711,0.0,0.3773021215930693,0.5390506434925761,0.8397045836745559,False
bert,complexity/non-complexity (outputs as a whole),Complexity,0,10,29,1672,10,29,1711,0.0,0.3429003234101492,0.5581598653416082,0.8397045836745559,False
xcomet,complexity/non-complexity (outputs as a whole),Complexity,0,13,29,1669,13,29,1711,0.0,0.4461669947286087,0.5041608303124974,0.8397045836745559,False
auroc,complexity/non-complexity (outputs as a whole),Complexity,0,10,29,1672,10,29,1711,0.0,0.3429003234101492,0.5581598653416082,0.8397045836745559,False
entailment,complexity/non-complexity (outputs as a whole),Complexity,0,11,29,1671,11,29,1711,0.0,0.3773021215930693,0.5390506434925761,0.8397045836745559,False
sacrebleu,complexity/non-complexity (outputs as a whole),Complexity,0,18,29,1664,18,29,1711,0.0,0.6186877601168302,0.4315353408330799,0.8397045836745559,False
gleu,complexity/non-complexity (outputs as a whole),Complexity,0,14,29,1668,14,29,1711,0.0,0.4806301182254512,0.4881370375274678,0.8397045836745559,False
entropy,complexity/non-complexity (outputs as a whole),Complexity,0,18,29,1664,18,29,1711,0.0,0.6186877601168302,0.4315353408330799,0.8397045836745559,False
maude,complexity/non-complexity (outputs as a whole),Complexity,0,10,29,1672,10,29,1711,0.0,0.3429003234101492,0.5581598653416082,0.8397045836745559,False
nist,complexity/non-complexity (outputs as a whole),Complexity,0,16,29,1666,16,29,1711,0.0,0.5496178607641374,0.4584738780532016,0.8397045836745559,False
auc,complexity/non-complexity (outputs as a whole),Complexity,0,12,29,1670,12,29,1711,0.0,0.4117243372824813,0.5210955948930586,0.8397045836745559,False
prism,complexity/non-complexity (outputs as a whole),Complexity,0,11,29,1671,11,29,1711,0.0,0.3773021215930693,0.5390506434925761,0.8397045836745559,False
bleu,absence of toxic / harmful content,Non-Toxicity,8,734,51,918,742,59,1711,0.2048517520215633,25.29047628023075,4.931376293497554e-07,0.000179721269363,True
comet,absence of toxic / harmful content,Non-Toxicity,0,70,59,1582,70,59,1711,0.0,5.017995326560373,0.0250851947985515,0.4443409476828813,False
rouge,absence of toxic / harmful content,Non-Toxicity,12,653,47,999,665,59,1711,0.4015997440409534,9.644952697816354,0.0018987258690549,0.0965553620232586,False
roc auc,absence of toxic / harmful content,Non-Toxicity,0,11,59,1641,11,59,1711,0.0,0.7745457827481185,0.3788144413750854,0.8397045836745559,False
bertscore,absence of toxic / harmful content,Non-Toxicity,7,355,52,1297,362,59,1711,0.5016468338291542,3.5982886480998655,0.0578390832571248,0.6452795683107804,False
distinct,absence of toxic / harmful content,Non-Toxicity,6,119,53,1533,125,59,1711,1.436377358490566,0.6679669561684314,0.4137613178030132,0.8397045836745559,False
f1,absence of toxic / harmful content,Non-Toxicity,11,224,48,1428,235,59,1711,1.4393617021276597,1.141302114368413,0.2853773522699329,0.8397045836745559,False
recall,absence of toxic / harmful content,Non-Toxicity,0,112,59,1540,112,59,1711,0.0,8.134535188368105,0.0043429979369475,0.1675886262727983,False
meteor,absence of toxic / harmful content,Non-Toxicity,1,257,58,1395,258,59,1711,0.0970997059609729,12.897888272321518,0.0003289530705802,0.029161245175761,True
knowledge f1,absence of toxic / harmful content,Non-Toxicity,0,13,59,1639,13,59,1711,0.0,0.9159202030788932,0.3385484788520829,0.8397045836745559,False
acc,absence of toxic / harmful content,Non-Toxicity,0,11,59,1641,11,59,1711,0.0,0.7745457827481185,0.3788144413750854,0.8397045836745559,False
dae,absence of toxic / harmful content,Non-Toxicity,0,17,59,1635,17,59,1711,0.0,1.19917825098733,0.2734859813108599,0.8397045836745559,False
mauve,absence of toxic / harmful content,Non-Toxicity,0,10,59,1642,10,59,1711,0.0,0.7039220456282407,0.401468959923954,0.8397045836745559,False
factcc,absence of toxic / harmful content,Non-Toxicity,0,33,59,1619,33,59,1711,0.0,2.339060120777509,0.12616565581965,0.8397045836745559,False
comet qe,absence of toxic / harmful content,Non-Toxicity,0,10,59,1642,10,59,1711,0.0,0.7039220456282407,0.401468959923954,0.8397045836745559,False
unieval,absence of toxic / harmful content,Non-Toxicity,1,21,58,1631,22,59,1711,1.323667711598746,0.0735390278413315,0.7862519770662221,0.8414530350982423,False
chrf,absence of toxic / harmful content,Non-Toxicity,0,60,59,1592,60,59,1711,0.0,4.287939782833755,0.0383836500947893,0.539179324671988,False
questeval,absence of toxic / harmful content,Non-Toxicity,0,27,59,1625,27,59,1711,0.0,1.9103128641362253,0.166928509349633,0.8397045836745559,False
qafacteval,absence of toxic / harmful content,Non-Toxicity,0,12,59,1640,12,59,1711,0.0,0.8452118183305951,0.3579104297786436,0.8397045836745559,False
spearman correlation,absence of toxic / harmful content,Non-Toxicity,1,24,58,1628,25,59,1711,1.1627586206896552,0.0221068085772697,0.8818033141830549,0.9076776621749318,False
pearson correlation,absence of toxic / harmful content,Non-Toxicity,1,32,58,1620,33,59,1711,0.8766980146290491,0.0183751311319077,0.8921731602057292,0.915908596392736,False
moverscore,absence of toxic / harmful content,Non-Toxicity,0,55,59,1597,55,59,1711,0.0,3.924599035946189,0.0475845365096569,0.5957148082124986,False
g eval,absence of toxic / harmful content,Non-Toxicity,0,19,59,1633,19,59,1711,0.0,1.3410626949399116,0.2468466467556437,0.8397045836745559,False
usr,absence of toxic / harmful content,Non-Toxicity,0,12,59,1640,12,59,1711,0.0,0.8452118183305951,0.3579104297786436,0.8397045836745559,False
bartscore,absence of toxic / harmful content,Non-Toxicity,2,62,57,1590,64,59,1711,0.9029605263157896,0.0215045020262487,0.8834129163606731,0.9086216261094412,False
qags,absence of toxic / harmful content,Non-Toxicity,0,10,59,1642,10,59,1711,0.0,0.7039220456282407,0.401468959923954,0.8397045836745559,False
perplexity,absence of toxic / harmful content,Non-Toxicity,9,157,50,1495,166,59,1711,1.6753012048192772,1.8741562554120603,0.1709998165826232,0.8397045836745559,False
ndcg,absence of toxic / harmful content,Non-Toxicity,0,21,59,1631,21,59,1711,0.0,1.483117965599986,0.2232873241526578,0.8397045836745559,False
map,absence of toxic / harmful content,Non-Toxicity,0,12,59,1640,12,59,1711,0.0,0.8452118183305951,0.3579104297786436,0.8397045836745559,False
precision,absence of toxic / harmful content,Non-Toxicity,0,79,59,1573,79,59,1711,0.0,5.678930046550597,0.0171698352406168,0.3717297662655007,False
bleurt,absence of toxic / harmful content,Non-Toxicity,0,110,59,1542,110,59,1711,0.0,7.984246876414525,0.0047186120320441,0.176564414369084,False
ter,absence of toxic / harmful content,Non-Toxicity,0,50,59,1602,50,59,1711,0.0,3.5623737614375615,0.0591031627388199,0.6483557651616368,False
feqa,absence of toxic / harmful content,Non-Toxicity,0,10,59,1642,10,59,1711,0.0,0.7039220456282407,0.401468959923954,0.8397045836745559,False
sari,absence of toxic / harmful content,Non-Toxicity,0,25,59,1627,25,59,1711,0.0,1.7677426360722246,0.1836616924967085,0.8397045836745559,False
cosine similarity,absence of toxic / harmful content,Non-Toxicity,2,22,57,1630,24,59,1711,2.466374269005848,1.2697072218202463,0.2598216120669755,0.8397045836745559,False
accuracy,absence of toxic / harmful content,Non-Toxicity,13,173,46,1479,186,59,1711,2.31708742402992,6.332184562691744,0.0118566181802441,0.295739221530044,False
summac,absence of toxic / harmful content,Non-Toxicity,1,14,58,1638,15,59,1711,1.9494252873563216,0.3733861659528208,0.5411642784261506,0.8397045836745559,False
clip,absence of toxic / harmful content,Non-Toxicity,0,13,59,1639,13,59,1711,0.0,0.9159202030788932,0.3385484788520829,0.8397045836745559,False
cider,absence of toxic / harmful content,Non-Toxicity,2,74,57,1578,76,59,1711,0.7548476454293628,0.1725058641535084,0.6778943019743819,0.8397045836745559,False
exact match,absence of toxic / harmful content,Non-Toxicity,1,66,58,1586,67,59,1711,0.4230571281523417,1.003399903388082,0.3164892269154107,0.8397045836745559,False
chrf++,absence of toxic / harmful content,Non-Toxicity,0,23,59,1629,23,59,1711,0.0,1.6253444748518235,0.2023481842279862,0.8397045836745559,False
blanc,absence of toxic / harmful content,Non-Toxicity,0,13,59,1639,13,59,1711,0.0,0.9159202030788932,0.3385484788520829,0.8397045836745559,False
diversity,absence of toxic / harmful content,Non-Toxicity,0,10,59,1642,10,59,1711,0.0,0.7039220456282407,0.401468959923954,0.8397045836745559,False
coherence,absence of toxic / harmful content,Non-Toxicity,0,10,59,1642,10,59,1711,0.0,0.7039220456282407,0.401468959923954,0.8397045836745559,False
clipscore,absence of toxic / harmful content,Non-Toxicity,0,15,59,1637,15,59,1711,0.0,1.0574642233413742,0.3037942501023938,0.8397045836745559,False
hits,absence of toxic / harmful content,Non-Toxicity,1,15,58,1637,16,59,1711,1.8265086206896552,0.3095678813878668,0.5779454716839239,0.8397045836745559,False
win rate,absence of toxic / harmful content,Non-Toxicity,5,9,54,1643,14,59,1711,11.223544973544971,16.42590557644656,5.0589106626126595e-05,0.0065071478326939,True
balanced accuracy,absence of toxic / harmful content,Non-Toxicity,0,10,59,1642,10,59,1711,0.0,0.7039220456282407,0.401468959923954,0.8397045836745559,False
ibleu,absence of toxic / harmful content,Non-Toxicity,0,12,59,1640,12,59,1711,0.0,0.8452118183305951,0.3579104297786436,0.8397045836745559,False
self bleu,absence of toxic / harmful content,Non-Toxicity,1,29,58,1623,30,59,1711,0.9660919540229884,0.001224690308574,0.9720832689078388,0.9800009595874326,False
spearman,absence of toxic / harmful content,Non-Toxicity,1,11,58,1641,12,59,1711,2.4410919540229883,0.6286317413302294,0.4278576447203395,0.8397045836745559,False
kendall,absence of toxic / harmful content,Non-Toxicity,0,11,59,1641,11,59,1711,0.0,0.7745457827481185,0.3788144413750854,0.8397045836745559,False
coverage,absence of toxic / harmful content,Non-Toxicity,0,22,59,1630,22,59,1711,0.0,1.55420978960084,0.2125150364153269,0.8397045836745559,False
density,absence of toxic / harmful content,Non-Toxicity,0,10,59,1642,10,59,1711,0.0,0.7039220456282407,0.401468959923954,0.8397045836745559,False
ppl,absence of toxic / harmful content,Non-Toxicity,0,19,59,1633,19,59,1711,0.0,1.3410626949399116,0.2468466467556437,0.8397045836745559,False
kendall s tau,absence of toxic / harmful content,Non-Toxicity,1,10,58,1642,11,59,1711,2.664576802507837,0.741253926530812,0.3892594966056788,0.8397045836745559,False
success rate,absence of toxic / harmful content,Non-Toxicity,0,25,59,1627,25,59,1711,0.0,1.7677426360722246,0.1836616924967085,0.8397045836745559,False
supert,absence of toxic / harmful content,Non-Toxicity,0,10,59,1642,10,59,1711,0.0,0.7039220456282407,0.401468959923954,0.8397045836745559,False
summaqa,absence of toxic / harmful content,Non-Toxicity,0,10,59,1642,10,59,1711,0.0,0.7039220456282407,0.401468959923954,0.8397045836745559,False
spice,absence of toxic / harmful content,Non-Toxicity,0,24,59,1628,24,59,1711,0.0,1.6965220730714503,0.1927434429131468,0.8397045836745559,False
length,absence of toxic / harmful content,Non-Toxicity,0,16,59,1636,16,59,1711,0.0,1.128299960718091,0.2881382510044757,0.8397045836745559,False
parent,absence of toxic / harmful content,Non-Toxicity,0,17,59,1635,17,59,1711,0.0,1.19917825098733,0.2734859813108599,0.8397045836745559,False
consistency,absence of toxic / harmful content,Non-Toxicity,0,14,59,1638,14,59,1711,0.0,0.9866709877870884,0.320557377549741,0.8397045836745559,False
mrr,absence of toxic / harmful content,Non-Toxicity,0,26,59,1626,26,59,1711,0.0,1.839006215760146,0.1750674695073864,0.8397045836745559,False
embedding,absence of toxic / harmful content,Non-Toxicity,0,26,59,1626,26,59,1711,0.0,1.839006215760146,0.1750674695073864,0.8397045836745559,False
vector extrema,absence of toxic / harmful content,Non-Toxicity,0,16,59,1636,16,59,1711,0.0,1.128299960718091,0.2881382510044757,0.8397045836745559,False
greedy matching,absence of toxic / harmful content,Non-Toxicity,0,14,59,1638,14,59,1711,0.0,0.9866709877870884,0.320557377549741,0.8397045836745559,False
dist,absence of toxic / harmful content,Non-Toxicity,0,23,59,1629,23,59,1711,0.0,1.6253444748518235,0.2023481842279862,0.8397045836745559,False
ruber,absence of toxic / harmful content,Non-Toxicity,0,11,59,1641,11,59,1711,0.0,0.7745457827481185,0.3788144413750854,0.8397045836745559,False
bert,absence of toxic / harmful content,Non-Toxicity,0,10,59,1642,10,59,1711,0.0,0.7039220456282407,0.401468959923954,0.8397045836745559,False
xcomet,absence of toxic / harmful content,Non-Toxicity,0,13,59,1639,13,59,1711,0.0,0.9159202030788932,0.3385484788520829,0.8397045836745559,False
auroc,absence of toxic / harmful content,Non-Toxicity,0,10,59,1642,10,59,1711,0.0,0.7039220456282407,0.401468959923954,0.8397045836745559,False
entailment,absence of toxic / harmful content,Non-Toxicity,1,10,58,1642,11,59,1711,2.664576802507837,0.741253926530812,0.3892594966056788,0.8397045836745559,False
sacrebleu,absence of toxic / harmful content,Non-Toxicity,0,18,59,1634,18,59,1711,0.0,1.2700991453099704,0.2597480811327496,0.8397045836745559,False
gleu,absence of toxic / harmful content,Non-Toxicity,1,13,58,1639,14,59,1711,2.0899014778325125,0.4467928003073564,0.5038619504190355,0.8397045836745559,False
entropy,absence of toxic / harmful content,Non-Toxicity,0,18,59,1634,18,59,1711,0.0,1.2700991453099704,0.2597480811327496,0.8397045836745559,False
maude,absence of toxic / harmful content,Non-Toxicity,0,10,59,1642,10,59,1711,0.0,0.7039220456282407,0.401468959923954,0.8397045836745559,False
nist,absence of toxic / harmful content,Non-Toxicity,0,16,59,1636,16,59,1711,0.0,1.128299960718091,0.2881382510044757,0.8397045836745559,False
auc,absence of toxic / harmful content,Non-Toxicity,2,10,57,1642,12,59,1711,4.9678362573099415,3.4024130745972787,0.0651011171375032,0.6714832207893412,False
prism,absence of toxic / harmful content,Non-Toxicity,0,11,59,1641,11,59,1711,0.0,0.7745457827481185,0.3788144413750854,0.8397045836745559,False
bleu,translation accuracy,Translation Accuracy,39,703,20,949,742,59,1711,2.546563342318059,12.792322877852726,0.000348044689001,0.0301200177609826,True
comet,translation accuracy,Translation Accuracy,18,52,41,1600,70,59,1711,10.291986062717768,49.97093956592723,1.5603994768204357e-12,1.4623172239917222e-09,True
rouge,translation accuracy,Translation Accuracy,3,662,56,990,665,59,1711,0.0842642320085929,38.07598651697281,6.804241496033898e-10,4.463582421398238e-07,True
roc auc,translation accuracy,Translation Accuracy,1,10,58,1642,11,59,1711,2.664576802507837,0.741253926530812,0.3892594966056788,0.8397045836745559,False
bertscore,translation accuracy,Translation Accuracy,7,355,52,1297,362,59,1711,0.5016468338291542,3.5982886480998655,0.0578390832571248,0.6452795683107804,False
distinct,translation accuracy,Translation Accuracy,0,125,59,1527,125,59,1711,0.0,9.116103351534084,0.0025336908856139,0.1162308546127813,False
f1,translation accuracy,Translation Accuracy,7,228,52,1424,235,59,1711,0.8454991816693945,0.1875472720311077,0.6649658900121633,0.8397045836745559,False
recall,translation accuracy,Translation Accuracy,1,111,58,1541,112,59,1711,0.2461514778325123,3.2481881530730323,0.0715024561925874,0.7011302131888989,False
meteor,translation accuracy,Translation Accuracy,6,252,53,1400,258,59,1711,0.6375603334795963,1.2701047024426648,0.2597470387135124,0.8397045836745559,False
knowledge f1,translation accuracy,Translation Accuracy,0,13,59,1639,13,59,1711,0.0,0.9159202030788932,0.3385484788520829,0.8397045836745559,False
acc,translation accuracy,Translation Accuracy,1,10,58,1642,11,59,1711,2.664576802507837,0.741253926530812,0.3892594966056788,0.8397045836745559,False
dae,translation accuracy,Translation Accuracy,0,17,59,1635,17,59,1711,0.0,1.19917825098733,0.2734859813108599,0.8397045836745559,False
mauve,translation accuracy,Translation Accuracy,0,10,59,1642,10,59,1711,0.0,0.7039220456282407,0.401468959923954,0.8397045836745559,False
factcc,translation accuracy,Translation Accuracy,1,32,58,1620,33,59,1711,0.8766980146290491,0.0183751311319077,0.8921731602057292,0.915908596392736,False
comet qe,translation accuracy,Translation Accuracy,1,9,58,1643,10,59,1711,2.932758620689655,0.8721828901368276,0.3503517004517655,0.8397045836745559,False
unieval,translation accuracy,Translation Accuracy,0,22,59,1630,22,59,1711,0.0,1.55420978960084,0.2125150364153269,0.8397045836745559,False
chrf,translation accuracy,Translation Accuracy,10,50,49,1602,60,59,1711,5.615646258503401,17.98717584254996,2.223981868420188e-05,0.0034736478706753,True
questeval,translation accuracy,Translation Accuracy,0,27,59,1625,27,59,1711,0.0,1.9103128641362253,0.166928509349633,0.8397045836745559,False
qafacteval,translation accuracy,Translation Accuracy,0,12,59,1640,12,59,1711,0.0,0.8452118183305951,0.3579104297786436,0.8397045836745559,False
spearman correlation,translation accuracy,Translation Accuracy,1,24,58,1628,25,59,1711,1.1627586206896552,0.0221068085772697,0.8818033141830549,0.9076776621749318,False
pearson correlation,translation accuracy,Translation Accuracy,4,29,55,1623,33,59,1711,3.698071625344352,4.746692231041796,0.0293546690557655,0.4886772346784259,False
moverscore,translation accuracy,Translation Accuracy,3,52,56,1600,55,59,1711,1.612987012987013,0.5898650367555409,0.4424713129110451,0.8397045836745559,False
g eval,translation accuracy,Translation Accuracy,0,19,59,1633,19,59,1711,0.0,1.3410626949399116,0.2468466467556437,0.8397045836745559,False
usr,translation accuracy,Translation Accuracy,0,12,59,1640,12,59,1711,0.0,0.8452118183305951,0.3579104297786436,0.8397045836745559,False
bartscore,translation accuracy,Translation Accuracy,1,63,58,1589,64,59,1711,0.4436961206896551,0.8804227220562564,0.3480859254079953,0.8397045836745559,False
qags,translation accuracy,Translation Accuracy,1,9,58,1643,10,59,1711,2.932758620689655,0.8721828901368276,0.3503517004517655,0.8397045836745559,False
perplexity,translation accuracy,Translation Accuracy,0,166,59,1486,166,59,1711,0.0,12.266417465649436,0.0004611827799154,0.036560470031583,True
ndcg,translation accuracy,Translation Accuracy,1,20,58,1632,21,59,1711,1.38752052545156,0.0989475666446778,0.7530962691472142,0.8397045836745559,False
map,translation accuracy,Translation Accuracy,0,12,59,1640,12,59,1711,0.0,0.8452118183305951,0.3579104297786436,0.8397045836745559,False
precision,translation accuracy,Translation Accuracy,1,78,58,1574,79,59,1711,0.3561763422086425,1.536832562198533,0.2150898883527973,0.8397045836745559,False
bleurt,translation accuracy,Translation Accuracy,7,103,52,1549,110,59,1711,1.959265734265734,2.458835111035346,0.1168654229598624,0.8397045836745559,False
ter,translation accuracy,Translation Accuracy,7,43,52,1609,50,59,1711,4.471923076923077,10.182609707038392,0.0014177138395366,0.0781529645996673,False
feqa,translation accuracy,Translation Accuracy,0,10,59,1642,10,59,1711,0.0,0.7039220456282407,0.401468959923954,0.8397045836745559,False
sari,translation accuracy,Translation Accuracy,1,24,58,1628,25,59,1711,1.1627586206896552,0.0221068085772697,0.8818033141830549,0.9076776621749318,False
cosine similarity,translation accuracy,Translation Accuracy,0,24,59,1628,24,59,1711,0.0,1.6965220730714503,0.1927434429131468,0.8397045836745559,False
accuracy,translation accuracy,Translation Accuracy,4,182,55,1470,186,59,1711,0.5962854349951124,1.1957322893811089,0.2741763276053678,0.8397045836745559,False
summac,translation accuracy,Translation Accuracy,0,15,59,1637,15,59,1711,0.0,1.0574642233413742,0.3037942501023938,0.8397045836745559,False
clip,translation accuracy,Translation Accuracy,0,13,59,1639,13,59,1711,0.0,0.9159202030788932,0.3385484788520829,0.8397045836745559,False
cider,translation accuracy,Translation Accuracy,0,76,59,1576,76,59,1711,0.0,5.458206839171269,0.0194766241956234,0.391922253752422,False
exact match,translation accuracy,Translation Accuracy,2,65,57,1587,67,59,1711,0.8609583660644148,0.0469342632648992,0.8284864395280777,0.8650121030246999,False
chrf++,translation accuracy,Translation Accuracy,4,19,55,1633,23,59,1711,5.337549407114624,7.204465450168007,0.0072722406489669,0.2338524443981541,False
blanc,translation accuracy,Translation Accuracy,0,13,59,1639,13,59,1711,0.0,0.9159202030788932,0.3385484788520829,0.8397045836745559,False
diversity,translation accuracy,Translation Accuracy,0,10,59,1642,10,59,1711,0.0,0.7039220456282407,0.401468959923954,0.8397045836745559,False
coherence,translation accuracy,Translation Accuracy,0,10,59,1642,10,59,1711,0.0,0.7039220456282407,0.401468959923954,0.8397045836745559,False
clipscore,translation accuracy,Translation Accuracy,0,15,59,1637,15,59,1711,0.0,1.0574642233413742,0.3037942501023938,0.8397045836745559,False
hits,translation accuracy,Translation Accuracy,0,16,59,1636,16,59,1711,0.0,1.128299960718091,0.2881382510044757,0.8397045836745559,False
win rate,translation accuracy,Translation Accuracy,0,14,59,1638,14,59,1711,0.0,0.9866709877870884,0.320557377549741,0.8397045836745559,False
balanced accuracy,translation accuracy,Translation Accuracy,0,10,59,1642,10,59,1711,0.0,0.7039220456282407,0.401468959923954,0.8397045836745559,False
ibleu,translation accuracy,Translation Accuracy,0,12,59,1640,12,59,1711,0.0,0.8452118183305951,0.3579104297786436,0.8397045836745559,False
self bleu,translation accuracy,Translation Accuracy,0,30,59,1622,30,59,1711,0.0,2.124491742811838,0.144960859964969,0.8397045836745559,False
spearman,translation accuracy,Translation Accuracy,1,11,58,1641,12,59,1711,2.4410919540229883,0.6286317413302294,0.4278576447203395,0.8397045836745559,False
kendall,translation accuracy,Translation Accuracy,2,9,57,1643,11,59,1711,5.422647527910685,3.716587960523796,0.0538743563816939,0.6288536972667478,False
coverage,translation accuracy,Translation Accuracy,1,21,58,1631,22,59,1711,1.323667711598746,0.0735390278413315,0.7862519770662221,0.8414530350982423,False
density,translation accuracy,Translation Accuracy,0,10,59,1642,10,59,1711,0.0,0.7039220456282407,0.401468959923954,0.8397045836745559,False
ppl,translation accuracy,Translation Accuracy,0,19,59,1633,19,59,1711,0.0,1.3410626949399116,0.2468466467556437,0.8397045836745559,False
kendall s tau,translation accuracy,Translation Accuracy,1,10,58,1642,11,59,1711,2.664576802507837,0.741253926530812,0.3892594966056788,0.8397045836745559,False
success rate,translation accuracy,Translation Accuracy,0,25,59,1627,25,59,1711,0.0,1.7677426360722246,0.1836616924967085,0.8397045836745559,False
supert,translation accuracy,Translation Accuracy,0,10,59,1642,10,59,1711,0.0,0.7039220456282407,0.401468959923954,0.8397045836745559,False
summaqa,translation accuracy,Translation Accuracy,0,10,59,1642,10,59,1711,0.0,0.7039220456282407,0.401468959923954,0.8397045836745559,False
spice,translation accuracy,Translation Accuracy,0,24,59,1628,24,59,1711,0.0,1.6965220730714503,0.1927434429131468,0.8397045836745559,False
length,translation accuracy,Translation Accuracy,0,16,59,1636,16,59,1711,0.0,1.128299960718091,0.2881382510044757,0.8397045836745559,False
parent,translation accuracy,Translation Accuracy,0,17,59,1635,17,59,1711,0.0,1.19917825098733,0.2734859813108599,0.8397045836745559,False
consistency,translation accuracy,Translation Accuracy,1,13,58,1639,14,59,1711,2.0899014778325125,0.4467928003073564,0.5038619504190355,0.8397045836745559,False
mrr,translation accuracy,Translation Accuracy,0,26,59,1626,26,59,1711,0.0,1.839006215760146,0.1750674695073864,0.8397045836745559,False
embedding,translation accuracy,Translation Accuracy,0,26,59,1626,26,59,1711,0.0,1.839006215760146,0.1750674695073864,0.8397045836745559,False
vector extrema,translation accuracy,Translation Accuracy,1,15,58,1637,16,59,1711,1.8265086206896552,0.3095678813878668,0.5779454716839239,0.8397045836745559,False
greedy matching,translation accuracy,Translation Accuracy,1,13,58,1639,14,59,1711,2.0899014778325125,0.4467928003073564,0.5038619504190355,0.8397045836745559,False
dist,translation accuracy,Translation Accuracy,0,23,59,1629,23,59,1711,0.0,1.6253444748518235,0.2023481842279862,0.8397045836745559,False
ruber,translation accuracy,Translation Accuracy,0,11,59,1641,11,59,1711,0.0,0.7745457827481185,0.3788144413750854,0.8397045836745559,False
bert,translation accuracy,Translation Accuracy,0,10,59,1642,10,59,1711,0.0,0.7039220456282407,0.401468959923954,0.8397045836745559,False
xcomet,translation accuracy,Translation Accuracy,3,10,56,1642,13,59,1711,6.997252747252748,6.977120760791125,0.008255832684125,0.2456276349733291,False
auroc,translation accuracy,Translation Accuracy,2,8,57,1644,10,59,1711,5.968421052631579,4.07141595231324,0.0436146996441503,0.5770368803960764,False
entailment,translation accuracy,Translation Accuracy,0,11,59,1641,11,59,1711,0.0,0.7745457827481185,0.3788144413750854,0.8397045836745559,False
sacrebleu,translation accuracy,Translation Accuracy,2,16,57,1636,18,59,1711,3.300194931773879,2.0681619311631487,0.1504026919488104,0.8397045836745559,False
gleu,translation accuracy,Translation Accuracy,0,14,59,1638,14,59,1711,0.0,0.9866709877870884,0.320557377549741,0.8397045836745559,False
entropy,translation accuracy,Translation Accuracy,0,18,59,1634,18,59,1711,0.0,1.2700991453099704,0.2597480811327496,0.8397045836745559,False
maude,translation accuracy,Translation Accuracy,0,10,59,1642,10,59,1711,0.0,0.7039220456282407,0.401468959923954,0.8397045836745559,False
nist,translation accuracy,Translation Accuracy,0,16,59,1636,16,59,1711,0.0,1.128299960718091,0.2881382510044757,0.8397045836745559,False
auc,translation accuracy,Translation Accuracy,0,12,59,1640,12,59,1711,0.0,0.8452118183305951,0.3579104297786436,0.8397045836745559,False
prism,translation accuracy,Translation Accuracy,2,9,57,1643,11,59,1711,5.422647527910685,3.716587960523796,0.0538743563816939,0.6288536972667478,False
bleu,detectability of speaker/author trait,Trait Detectability,20,722,44,925,742,64,1711,0.5936045086988483,4.102882365397543,0.0428101712537756,0.5719648134923999,False
comet,detectability of speaker/author trait,Trait Detectability,0,70,64,1577,70,64,1711,0.0,5.45163437768338,0.0195500287870577,0.3921962961562657,False
rouge,detectability of speaker/author trait,Trait Detectability,14,651,50,996,665,64,1711,0.4404210526315789,8.732191792509123,0.0031264045041828,0.1358226062744355,False
roc auc,detectability of speaker/author trait,Trait Detectability,0,11,64,1636,11,64,1711,0.0,0.8414560596228032,0.3589806688598178,0.8397045836745559,False
bertscore,detectability of speaker/author trait,Trait Detectability,10,352,54,1295,362,64,1711,0.6900961735215879,1.3073994895228864,0.2528660322174131,0.8397045836745559,False
distinct,detectability of speaker/author trait,Trait Detectability,8,117,56,1530,125,64,1711,1.8125714285714285,2.234312090963101,0.1349766844267975,0.8397045836745559,False
f1,detectability of speaker/author trait,Trait Detectability,15,220,49,1427,235,64,1711,1.922709509335649,4.538188424430908,0.0331466534357884,0.5080421648102156,False
recall,detectability of speaker/author trait,Trait Detectability,3,109,61,1538,112,64,1711,0.7021370023419203,0.4125956596725531,0.5206549825142469,0.8397045836745559,False
meteor,detectability of speaker/author trait,Trait Detectability,5,253,59,1394,258,64,1711,0.4772697411641046,3.2143426319134907,0.0729955066023388,0.7098049943874851,False
knowledge f1,detectability of speaker/author trait,Trait Detectability,1,12,63,1635,13,64,1711,2.0732600732600734,0.4402458087634082,0.5070038378031357,0.8397045836745559,False
acc,detectability of speaker/author trait,Trait Detectability,0,11,64,1636,11,64,1711,0.0,0.8414560596228032,0.3589806688598178,0.8397045836745559,False
dae,detectability of speaker/author trait,Trait Detectability,0,17,64,1630,17,64,1711,0.0,1.3027746263178348,0.2537070275347128,0.8397045836745559,False
mauve,detectability of speaker/author trait,Trait Detectability,0,10,64,1637,10,64,1711,0.0,0.7647310363128416,0.381852000229161,0.8397045836745559,False
factcc,detectability of speaker/author trait,Trait Detectability,0,33,64,1614,33,64,1711,0.0,2.541149213716708,0.1109140320216536,0.8397045836745559,False
comet qe,detectability of speaker/author trait,Trait Detectability,0,10,64,1637,10,64,1711,0.0,0.7647310363128416,0.381852000229161,0.8397045836745559,False
unieval,detectability of speaker/author trait,Trait Detectability,1,21,63,1626,22,64,1711,1.2186147186147187,0.0376377995254126,0.8461722503836695,0.8792223806209507,False
chrf,detectability of speaker/author trait,Trait Detectability,0,60,64,1587,60,64,1711,0.0,4.658467180498597,0.0309007657630334,0.491642485251565,False
questeval,detectability of speaker/author trait,Trait Detectability,2,25,62,1622,27,64,1711,2.01194743130227,0.8073655237183932,0.3689002824581298,0.8397045836745559,False
qafacteval,detectability of speaker/author trait,Trait Detectability,0,12,64,1635,12,64,1711,0.0,0.9182271062406936,0.3379409072454126,0.8397045836745559,False
spearman correlation,detectability of speaker/author trait,Trait Detectability,0,25,64,1622,25,64,1711,0.0,1.9204641104085585,0.1658055061276556,0.8397045836745559,False
pearson correlation,detectability of speaker/author trait,Trait Detectability,4,29,60,1618,33,64,1711,3.38989898989899,4.2511478520814645,0.0392238105718372,0.5439919605734723,False
moverscore,detectability of speaker/author trait,Trait Detectability,0,55,64,1592,55,64,1711,0.0,4.263719346801337,0.0389345866232179,0.5422736480855835,False
g eval,detectability of speaker/author trait,Trait Detectability,0,19,64,1628,19,64,1711,0.0,1.4569177390773926,0.2274211781004031,0.8397045836745559,False
usr,detectability of speaker/author trait,Trait Detectability,0,12,64,1635,12,64,1711,0.0,0.9182271062406936,0.3379409072454126,0.8397045836745559,False
bartscore,detectability of speaker/author trait,Trait Detectability,1,63,63,1584,64,64,1711,0.4084821428571428,1.1058118413898446,0.2929941766376037,0.8397045836745559,False
qags,detectability of speaker/author trait,Trait Detectability,0,10,64,1637,10,64,1711,0.0,0.7647310363128416,0.381852000229161,0.8397045836745559,False
perplexity,detectability of speaker/author trait,Trait Detectability,12,154,52,1493,166,64,1711,2.1478220574606115,5.0669439369257105,0.0243863401859918,0.4431423590584661,False
ndcg,detectability of speaker/author trait,Trait Detectability,1,20,63,1627,21,64,1711,1.2773998488284202,0.0569075978956022,0.8114521093342479,0.8502037753126763,False
map,detectability of speaker/author trait,Trait Detectability,0,12,64,1635,12,64,1711,0.0,0.9182271062406936,0.3379409072454126,0.8397045836745559,False
precision,detectability of speaker/author trait,Trait Detectability,4,75,60,1572,79,64,1711,1.3772151898734175,0.3654812075560252,0.5454777598184783,0.8397045836745559,False
bleurt,detectability of speaker/author trait,Trait Detectability,2,108,62,1539,110,64,1711,0.4695014662756597,1.4622273768220388,0.2265760540888333,0.8397045836745559,False
ter,detectability of speaker/author trait,Trait Detectability,0,50,64,1597,50,64,1711,0.0,3.870185317323216,0.0491510941296947,0.6060736418999948,False
feqa,detectability of speaker/author trait,Trait Detectability,0,10,64,1637,10,64,1711,0.0,0.7647310363128416,0.381852000229161,0.8397045836745559,False
sari,detectability of speaker/author trait,Trait Detectability,1,24,63,1623,25,64,1711,1.0704761904761906,0.0046444444961118,0.9456661001340964,0.9583492485878818,False
cosine similarity,detectability of speaker/author trait,Trait Detectability,3,21,61,1626,24,64,1711,3.456967213114754,3.305429993061513,0.0690512714476184,0.6983500387895398,False
accuracy,detectability of speaker/author trait,Trait Detectability,12,174,52,1473,186,64,1711,1.8920595533498756,3.6175225389235663,0.0571739542756423,0.6452795683107804,False
summac,detectability of speaker/author trait,Trait Detectability,0,15,64,1632,15,64,1711,0.0,1.1488169389759175,0.2837969426965805,0.8397045836745559,False
clip,detectability of speaker/author trait,Trait Detectability,0,13,64,1634,13,64,1711,0.0,0.9950442314200094,0.3185126375180064,0.8397045836745559,False
cider,detectability of speaker/author trait,Trait Detectability,0,76,64,1571,76,64,1711,0.0,5.929904959573705,0.0148860446610105,0.3425597131228505,False
exact match,detectability of speaker/author trait,Trait Detectability,0,67,64,1580,67,64,1711,0.0,5.213167654518417,0.0224164574294298,0.4222166574244494,False
chrf++,detectability of speaker/author trait,Trait Detectability,0,23,64,1624,23,64,1711,0.0,1.7657620314445943,0.1839074318316563,0.8397045836745559,False
blanc,detectability of speaker/author trait,Trait Detectability,0,13,64,1634,13,64,1711,0.0,0.9950442314200094,0.3185126375180064,0.8397045836745559,False
diversity,detectability of speaker/author trait,Trait Detectability,1,9,63,1638,10,64,1711,2.7,0.7628643277197849,0.3824336224673175,0.8397045836745559,False
coherence,detectability of speaker/author trait,Trait Detectability,0,10,64,1637,10,64,1711,0.0,0.7647310363128416,0.381852000229161,0.8397045836745559,False
clipscore,detectability of speaker/author trait,Trait Detectability,0,15,64,1632,15,64,1711,0.0,1.1488169389759175,0.2837969426965805,0.8397045836745559,False
hits,detectability of speaker/author trait,Trait Detectability,4,12,60,1635,16,64,1711,7.0625,9.400751544951344,0.0021689651712194,0.1046206729647015,False
win rate,detectability of speaker/author trait,Trait Detectability,0,14,64,1633,14,64,1711,0.0,1.07190749051356,0.3005149860666363,0.8397045836745559,False
balanced accuracy,detectability of speaker/author trait,Trait Detectability,0,10,64,1637,10,64,1711,0.0,0.7647310363128416,0.381852000229161,0.8397045836745559,False
ibleu,detectability of speaker/author trait,Trait Detectability,0,12,64,1635,12,64,1711,0.0,0.9182271062406936,0.3379409072454126,0.8397045836745559,False
self bleu,detectability of speaker/author trait,Trait Detectability,0,30,64,1617,30,64,1711,0.0,2.3080394065366376,0.1287063007187066,0.8397045836745559,False
spearman,detectability of speaker/author trait,Trait Detectability,3,9,61,1638,12,64,1711,6.963114754098361,7.013650118004798,0.0080890596781241,0.2456276349733291,False
kendall,detectability of speaker/author trait,Trait Detectability,2,9,62,1638,11,64,1711,4.9853372434017595,3.4405023086109483,0.063616348786339,0.6635381484623435,False
coverage,detectability of speaker/author trait,Trait Detectability,1,21,63,1626,22,64,1711,1.2186147186147187,0.0376377995254126,0.8461722503836695,0.8792223806209507,False
density,detectability of speaker/author trait,Trait Detectability,0,10,64,1637,10,64,1711,0.0,0.7647310363128416,0.381852000229161,0.8397045836745559,False
ppl,detectability of speaker/author trait,Trait Detectability,3,16,61,1631,19,64,1711,4.379637618636755,4.448496275834452,0.034931993061774,0.5255822809294436,False
kendall s tau,detectability of speaker/author trait,Trait Detectability,0,11,64,1636,11,64,1711,0.0,0.8414560596228032,0.3589806688598178,0.8397045836745559,False
success rate,detectability of speaker/author trait,Trait Detectability,1,24,63,1623,25,64,1711,1.0704761904761906,0.0046444444961118,0.9456661001340964,0.9583492485878818,False
supert,detectability of speaker/author trait,Trait Detectability,0,10,64,1637,10,64,1711,0.0,0.7647310363128416,0.381852000229161,0.8397045836745559,False
summaqa,detectability of speaker/author trait,Trait Detectability,0,10,64,1637,10,64,1711,0.0,0.7647310363128416,0.381852000229161,0.8397045836745559,False
spice,detectability of speaker/author trait,Trait Detectability,0,24,64,1623,24,64,1711,0.0,1.8430896962051544,0.1745892473047544,0.8397045836745559,False
length,detectability of speaker/author trait,Trait Detectability,0,16,64,1631,16,64,1711,0.0,1.2257726323595877,0.2682307384245605,0.8397045836745559,False
parent,detectability of speaker/author trait,Trait Detectability,0,17,64,1630,17,64,1711,0.0,1.3027746263178348,0.2537070275347128,0.8397045836745559,False
consistency,detectability of speaker/author trait,Trait Detectability,1,13,63,1634,14,64,1711,1.9240362811791385,0.3618868414331705,0.5474601949667091,0.8397045836745559,False
mrr,detectability of speaker/author trait,Trait Detectability,1,25,63,1622,26,64,1711,1.0286935286935288,0.0008112720115199,0.977277056454686,0.9814662416323852,False
embedding,detectability of speaker/author trait,Trait Detectability,1,25,63,1622,26,64,1711,1.0286935286935288,0.0008112720115199,0.977277056454686,0.9814662416323852,False
vector extrema,detectability of speaker/author trait,Trait Detectability,1,15,63,1632,16,64,1711,1.681547619047619,0.23689060980753,0.626460955547758,0.8397045836745559,False
greedy matching,detectability of speaker/author trait,Trait Detectability,1,13,63,1634,14,64,1711,1.9240362811791385,0.3618868414331705,0.5474601949667091,0.8397045836745559,False
dist,detectability of speaker/author trait,Trait Detectability,1,22,63,1625,23,64,1711,1.1649413388543823,0.0227475804055407,0.8801153343855959,0.90650912130154,False
ruber,detectability of speaker/author trait,Trait Detectability,2,9,62,1638,11,64,1711,4.9853372434017595,3.4405023086109483,0.063616348786339,0.6635381484623435,False
bert,detectability of speaker/author trait,Trait Detectability,0,10,64,1637,10,64,1711,0.0,0.7647310363128416,0.381852000229161,0.8397045836745559,False
xcomet,detectability of speaker/author trait,Trait Detectability,0,13,64,1634,13,64,1711,0.0,0.9950442314200094,0.3185126375180064,0.8397045836745559,False
auroc,detectability of speaker/author trait,Trait Detectability,0,10,64,1637,10,64,1711,0.0,0.7647310363128416,0.381852000229161,0.8397045836745559,False
entailment,detectability of speaker/author trait,Trait Detectability,1,10,63,1637,11,64,1711,2.4531024531024532,0.63803293000113,0.424424000550441,0.8397045836745559,False
sacrebleu,detectability of speaker/author trait,Trait Detectability,0,18,64,1629,18,64,1711,0.0,1.379822976605596,0.2401313031537918,0.8397045836745559,False
gleu,detectability of speaker/author trait,Trait Detectability,0,14,64,1633,14,64,1711,0.0,1.07190749051356,0.3005149860666363,0.8397045836745559,False
entropy,detectability of speaker/author trait,Trait Detectability,1,17,63,1630,18,64,1711,1.4929453262786596,0.1456912107211022,0.70268747541595,0.8397045836745559,False
maude,detectability of speaker/author trait,Trait Detectability,0,10,64,1637,10,64,1711,0.0,0.7647310363128416,0.381852000229161,0.8397045836745559,False
nist,detectability of speaker/author trait,Trait Detectability,1,15,63,1632,16,64,1711,1.681547619047619,0.23689060980753,0.626460955547758,0.8397045836745559,False
auc,detectability of speaker/author trait,Trait Detectability,1,11,63,1636,12,64,1711,2.247354497354497,0.5315120309903558,0.4659718631015953,0.8397045836745559,False
prism,detectability of speaker/author trait,Trait Detectability,0,11,64,1636,11,64,1711,0.0,0.8414560596228032,0.3589806688598178,0.8397045836745559,False
bleu,humanlikeness,Humanlikeness,25,717,32,937,742,57,1711,1.0202577493261455,0.005834947831275,0.9391113469530192,0.9529111269933188,False
comet,humanlikeness,Humanlikeness,0,70,57,1584,70,57,1711,0.0,4.844915152745722,0.0277277564861505,0.4687991818276994,False
rouge,humanlikeness,Humanlikeness,11,654,46,1000,665,57,1711,0.3761359921542987,10.461403816617924,0.0012189461068461,0.0716215841372713,False
roc auc,humanlikeness,Humanlikeness,1,10,56,1644,11,57,1711,2.75974025974026,0.7865559911052653,0.3751435539762018,0.8397045836745559,False
bertscore,humanlikeness,Humanlikeness,8,354,49,1300,362,57,1711,0.6084113203292366,1.9682122343578856,0.160637751124082,0.8397045836745559,False
distinct,humanlikeness,Humanlikeness,4,121,53,1533,125,57,1711,0.9575849056603776,0.0073145886951185,0.931843728032074,0.947709522207507,False
f1,humanlikeness,Humanlikeness,11,224,46,1430,235,57,1711,1.5019426456984273,1.400119629893748,0.2367035417256955,0.8397045836745559,False
recall,humanlikeness,Humanlikeness,5,107,52,1547,112,57,1711,1.372767857142857,0.4359495869145746,0.5090839240534477,0.8397045836745559,False
meteor,humanlikeness,Humanlikeness,8,250,49,1404,258,57,1711,0.9194747666508464,0.051124470127045,0.8211180375207038,0.8580016448129686,False
knowledge f1,humanlikeness,Humanlikeness,1,12,56,1642,13,57,1711,2.3324175824175826,0.5716904642509681,0.4495879518277234,0.8397045836745559,False
acc,humanlikeness,Humanlikeness,0,11,57,1643,11,57,1711,0.0,0.7478385482337199,0.3871614231867176,0.8397045836745559,False
dae,humanlikeness,Humanlikeness,0,17,57,1637,17,57,1711,0.0,1.1578279232569524,0.281916465906421,0.8397045836745559,False
mauve,humanlikeness,Humanlikeness,0,10,57,1644,10,57,1711,0.0,0.679650123514304,0.4097072288538769,0.8397045836745559,False
factcc,humanlikeness,Humanlikeness,0,33,57,1621,33,57,1711,0.0,2.258397432357717,0.1328915191581583,0.8397045836745559,False
comet qe,humanlikeness,Humanlikeness,0,10,57,1644,10,57,1711,0.0,0.679650123514304,0.4097072288538769,0.8397045836745559,False
unieval,humanlikeness,Humanlikeness,0,22,57,1632,22,57,1711,0.0,1.5006158021744591,0.2205766350098642,0.8397045836745559,False
chrf,humanlikeness,Humanlikeness,0,60,57,1594,60,57,1711,0.0,4.14004861246445,0.0418799666875858,0.5639112905887259,False
questeval,humanlikeness,Humanlikeness,0,27,57,1627,27,57,1711,0.0,1.844437625113255,0.1744317198484549,0.8397045836745559,False
qafacteval,humanlikeness,Humanlikeness,0,12,57,1642,12,57,1711,0.0,0.8160677878257396,0.3663323664706389,0.8397045836745559,False
spearman correlation,humanlikeness,Humanlikeness,1,24,56,1630,25,57,1711,1.2042857142857144,0.0331788311476856,0.8554645612264747,0.8880910779626008,False
pearson correlation,humanlikeness,Humanlikeness,0,33,57,1621,33,57,1711,0.0,2.258397432357717,0.1328915191581583,0.8397045836745559,False
moverscore,humanlikeness,Humanlikeness,0,55,57,1599,55,57,1711,0.0,3.789243132882983,0.0515829683271553,0.6196991870521323,False
g eval,humanlikeness,Humanlikeness,0,19,57,1635,19,57,1711,0.0,1.2948193996285864,0.2551616926810926,0.8397045836745559,False
usr,humanlikeness,Humanlikeness,0,12,57,1642,12,57,1711,0.0,0.8160677878257396,0.3663323664706389,0.8397045836745559,False
bartscore,humanlikeness,Humanlikeness,0,64,57,1590,64,57,1711,0.0,4.421472404670625,0.0354893998669811,0.5279148823750486,False
qags,humanlikeness,Humanlikeness,0,10,57,1644,10,57,1711,0.0,0.679650123514304,0.4097072288538769,0.8397045836745559,False
perplexity,humanlikeness,Humanlikeness,7,159,50,1495,166,57,1711,1.3030120481927712,0.4173950772365158,0.5182397202291332,0.8397045836745559,False
ndcg,humanlikeness,Humanlikeness,1,20,56,1634,21,57,1711,1.4370748299319729,0.119829527917568,0.7292194538218275,0.8397045836745559,False
map,humanlikeness,Humanlikeness,0,12,57,1642,12,57,1711,0.0,0.8160677878257396,0.3663323664706389,0.8397045836745559,False
precision,humanlikeness,Humanlikeness,4,75,53,1579,79,57,1711,1.5591115357057557,0.6731874302298437,0.4119425261813552,0.8397045836745559,False
bleurt,humanlikeness,Humanlikeness,1,109,56,1545,110,57,1711,0.2599025974025974,2.9334075291590187,0.0867641858273353,0.7617043131910327,False
ter,humanlikeness,Humanlikeness,0,50,57,1604,50,57,1711,0.0,3.4395139651337634,0.0636544159012964,0.6635381484623435,False
feqa,humanlikeness,Humanlikeness,0,10,57,1644,10,57,1711,0.0,0.679650123514304,0.4097072288538769,0.8397045836745559,False
sari,humanlikeness,Humanlikeness,0,25,57,1629,25,57,1711,0.0,1.7067844234870808,0.1914031071852639,0.8397045836745559,False
cosine similarity,humanlikeness,Humanlikeness,1,23,56,1631,24,57,1711,1.2552083333333333,0.0489989733042179,0.8248143797708452,0.8615895432001185,False
accuracy,humanlikeness,Humanlikeness,6,180,51,1474,186,57,1711,0.9645793801391525,0.0072890513315527,0.9319625194757054,0.947709522207507,False
summac,humanlikeness,Humanlikeness,0,15,57,1639,15,57,1711,0.0,1.0210008852198,0.3122817139687269,0.8397045836745559,False
clip,humanlikeness,Humanlikeness,1,12,56,1642,13,57,1711,2.3324175824175826,0.5716904642509681,0.4495879518277234,0.8397045836745559,False
cider,humanlikeness,Humanlikeness,4,72,53,1582,76,57,1711,1.6236345580933464,0.7932822505479682,0.3731094866831569,0.8397045836745559,False
exact match,humanlikeness,Humanlikeness,1,66,56,1588,67,57,1711,0.4381663113006396,0.9099883601825488,0.3401175071226902,0.8397045836745559,False
chrf++,humanlikeness,Humanlikeness,0,23,57,1631,23,57,1711,0.0,1.569297251836854,0.2103090991257872,0.8397045836745559,False
blanc,humanlikeness,Humanlikeness,0,13,57,1641,13,57,1711,0.0,0.8843378911850387,0.3470163122552137,0.8397045836745559,False
diversity,humanlikeness,Humanlikeness,0,10,57,1644,10,57,1711,0.0,0.679650123514304,0.4097072288538769,0.8397045836745559,False
coherence,humanlikeness,Humanlikeness,1,9,56,1645,10,57,1711,3.0375,0.91991878532723,0.3374962974897863,0.8397045836745559,False
clipscore,humanlikeness,Humanlikeness,1,14,56,1640,15,57,1711,2.019047619047619,0.4089380721455075,0.5225089906302801,0.8397045836745559,False
hits,humanlikeness,Humanlikeness,0,16,57,1638,16,57,1711,0.0,1.0893938741258868,0.2966055457766759,0.8397045836745559,False
win rate,humanlikeness,Humanlikeness,1,13,56,1641,14,57,1711,2.1645408163265305,0.4847844751013554,0.4862631013975789,0.8397045836745559,False
balanced accuracy,humanlikeness,Humanlikeness,0,10,57,1644,10,57,1711,0.0,0.679650123514304,0.4097072288538769,0.8397045836745559,False
ibleu,humanlikeness,Humanlikeness,0,12,57,1642,12,57,1711,0.0,0.8160677878257396,0.3663323664706389,0.8397045836745559,False
self bleu,humanlikeness,Humanlikeness,0,30,57,1624,30,57,1711,0.0,2.051229612482987,0.1520833183449269,0.8397045836745559,False
spearman,humanlikeness,Humanlikeness,0,12,57,1642,12,57,1711,0.0,0.8160677878257396,0.3663323664706389,0.8397045836745559,False
kendall,humanlikeness,Humanlikeness,0,11,57,1643,11,57,1711,0.0,0.7478385482337199,0.3871614231867176,0.8397045836745559,False
coverage,humanlikeness,Humanlikeness,0,22,57,1632,22,57,1711,0.0,1.5006158021744591,0.2205766350098642,0.8397045836745559,False
density,humanlikeness,Humanlikeness,0,10,57,1644,10,57,1711,0.0,0.679650123514304,0.4097072288538769,0.8397045836745559,False
ppl,humanlikeness,Humanlikeness,0,19,57,1635,19,57,1711,0.0,1.2948193996285864,0.2551616926810926,0.8397045836745559,False
kendall s tau,humanlikeness,Humanlikeness,0,11,57,1643,11,57,1711,0.0,0.7478385482337199,0.3871614231867176,0.8397045836745559,False
success rate,humanlikeness,Humanlikeness,2,23,55,1631,25,57,1711,2.4523636363636365,1.252462601775317,0.2630826544134902,0.8397045836745559,False
supert,humanlikeness,Humanlikeness,0,10,57,1644,10,57,1711,0.0,0.679650123514304,0.4097072288538769,0.8397045836745559,False
summaqa,humanlikeness,Humanlikeness,0,10,57,1644,10,57,1711,0.0,0.679650123514304,0.4097072288538769,0.8397045836745559,False
spice,humanlikeness,Humanlikeness,2,22,55,1632,24,57,1711,2.5560606060606057,1.3564929245632174,0.2441462142988766,0.8397045836745559,False
length,humanlikeness,Humanlikeness,0,16,57,1638,16,57,1711,0.0,1.0893938741258868,0.2966055457766759,0.8397045836745559,False
parent,humanlikeness,Humanlikeness,0,17,57,1637,17,57,1711,0.0,1.1578279232569524,0.281916465906421,0.8397045836745559,False
consistency,humanlikeness,Humanlikeness,0,14,57,1640,14,57,1711,0.0,0.9526489072927672,0.3290459560671777,0.8397045836745559,False
mrr,humanlikeness,Humanlikeness,1,25,56,1629,26,57,1711,1.15728021978022,0.0207355589929822,0.8855016788212228,0.910199155917772,False
embedding,humanlikeness,Humanlikeness,0,26,57,1628,26,57,1711,0.0,1.775590245491932,0.1826917525496728,0.8397045836745559,False
vector extrema,humanlikeness,Humanlikeness,0,16,57,1638,16,57,1711,0.0,1.0893938741258868,0.2966055457766759,0.8397045836745559,False
greedy matching,humanlikeness,Humanlikeness,0,14,57,1640,14,57,1711,0.0,0.9526489072927672,0.3290459560671777,0.8397045836745559,False
dist,humanlikeness,Humanlikeness,1,22,56,1632,23,57,1711,1.31055900621118,0.0684862968195347,0.7935536143533714,0.8442212853557884,False
ruber,humanlikeness,Humanlikeness,1,10,56,1644,11,57,1711,2.75974025974026,0.7865559911052653,0.3751435539762018,0.8397045836745559,False
bert,humanlikeness,Humanlikeness,0,10,57,1644,10,57,1711,0.0,0.679650123514304,0.4097072288538769,0.8397045836745559,False
xcomet,humanlikeness,Humanlikeness,0,13,57,1641,13,57,1711,0.0,0.8843378911850387,0.3470163122552137,0.8397045836745559,False
auroc,humanlikeness,Humanlikeness,0,10,57,1644,10,57,1711,0.0,0.679650123514304,0.4097072288538769,0.8397045836745559,False
entailment,humanlikeness,Humanlikeness,0,11,57,1643,11,57,1711,0.0,0.7478385482337199,0.3871614231867176,0.8397045836745559,False
sacrebleu,humanlikeness,Humanlikeness,0,18,57,1636,18,57,1711,0.0,1.2263030819491187,0.2681272071617685,0.8397045836745559,False
gleu,humanlikeness,Humanlikeness,1,13,56,1641,14,57,1711,2.1645408163265305,0.4847844751013554,0.4862631013975789,0.8397045836745559,False
entropy,humanlikeness,Humanlikeness,3,15,54,1639,18,57,1711,5.2253086419753085,5.3140870245097025,0.0211536752491635,0.415447701238251,False
maude,humanlikeness,Humanlikeness,2,8,55,1646,10,57,1711,6.1854545454545455,4.1923899016178,0.0406058157199529,0.5561046996302529,False
nist,humanlikeness,Humanlikeness,3,13,54,1641,16,57,1711,5.885416666666667,5.962223024906564,0.0146156015296869,0.3399941348749877,False
auc,humanlikeness,Humanlikeness,0,12,57,1642,12,57,1711,0.0,0.8160677878257396,0.3663323664706389,0.8397045836745559,False
prism,humanlikeness,Humanlikeness,0,11,57,1643,11,57,1711,0.0,0.7478385482337199,0.3871614231867176,0.8397045836745559,False
bleu,effect on user opinion,User-Opinion Effect,2,740,4,965,742,6,1711,0.6529649595687332,0.2531807553780243,0.6148442614815386,0.8397045836745559,False
comet,effect on user opinion,User-Opinion Effect,0,70,6,1635,70,6,1711,0.0,0.502165857860314,0.4785500058236865,0.8397045836745559,False
rouge,effect on user opinion,User-Opinion Effect,1,664,5,1041,665,6,1711,0.3145864661654135,1.4087825491749348,0.235258602156981,0.8397045836745559,False
roc auc,effect on user opinion,User-Opinion Effect,0,11,6,1694,11,6,1711,0.0,0.0775333896212124,0.7806683380072018,0.8414530350982423,False
bertscore,effect on user opinion,User-Opinion Effect,1,361,5,1344,362,6,1711,0.7453038674033149,0.0770429929313064,0.7813453847952494,0.8414530350982423,False
distinct,effect on user opinion,User-Opinion Effect,1,124,5,1581,125,6,1711,2.5376,0.5876692545560354,0.4433218214252242,0.8397045836745559,False
f1,effect on user opinion,User-Opinion Effect,0,235,6,1470,235,6,1711,0.0,1.77626562043748,0.1826085561566544,0.8397045836745559,False
recall,effect on user opinion,User-Opinion Effect,0,112,6,1593,112,6,1711,0.0,0.8138720524405874,0.3669779478285671,0.8397045836745559,False
meteor,effect on user opinion,User-Opinion Effect,0,258,6,1447,258,6,1711,0.0,1.9651168582836915,0.1609671352640301,0.8397045836745559,False
knowledge f1,effect on user opinion,User-Opinion Effect,0,13,6,1692,13,6,1711,0.0,0.0916843494162631,0.7620466762739271,0.8397045836745559,False
acc,effect on user opinion,User-Opinion Effect,0,11,6,1694,11,6,1711,0.0,0.0775333896212124,0.7806683380072018,0.8414530350982423,False
dae,effect on user opinion,User-Opinion Effect,0,17,6,1688,17,6,1711,0.0,0.1200364300831706,0.72899498154073,0.8397045836745559,False
mauve,effect on user opinion,User-Opinion Effect,0,10,6,1695,10,6,1711,0.0,0.0704641626162719,0.7906621551883105,0.8414530350982423,False
factcc,effect on user opinion,User-Opinion Effect,0,33,6,1672,33,6,1711,0.0,0.2341194065905595,0.6284860314837333,0.8397045836745559,False
comet qe,effect on user opinion,User-Opinion Effect,0,10,6,1695,10,6,1711,0.0,0.0704641626162719,0.7906621551883105,0.8414530350982423,False
unieval,effect on user opinion,User-Opinion Effect,0,22,6,1683,22,6,1711,0.0,0.155570991516008,0.6932673727537813,0.8397045836745559,False
chrf,effect on user opinion,User-Opinion Effect,0,60,6,1645,60,6,1711,0.0,0.4291284240125562,0.5124169274481135,0.8397045836745559,False
questeval,effect on user opinion,User-Opinion Effect,0,27,6,1678,27,6,1711,0.0,0.1912110910795334,0.6619105427393461,0.8397045836745559,False
qafacteval,effect on user opinion,User-Opinion Effect,0,12,6,1693,12,6,1711,0.0,0.0846067835824931,0.7711488705829672,0.8397045836745559,False
spearman correlation,effect on user opinion,User-Opinion Effect,0,25,6,1680,25,6,1711,0.0,0.176942346562945,0.6740142153777432,0.8397045836745559,False
pearson correlation,effect on user opinion,User-Opinion Effect,0,33,6,1672,33,6,1711,0.0,0.2341194065905595,0.6284860314837333,0.8397045836745559,False
moverscore,effect on user opinion,User-Opinion Effect,0,55,6,1650,55,6,1711,0.0,0.3927757357591536,0.5308439540357055,0.8397045836745559,False
g eval,effect on user opinion,User-Opinion Effect,0,19,6,1686,19,6,1711,0.0,0.1342376300892595,0.7140781553225075,0.8397045836745559,False
usr,effect on user opinion,User-Opinion Effect,0,12,6,1693,12,6,1711,0.0,0.0846067835824931,0.7711488705829672,0.8397045836745559,False
bartscore,effect on user opinion,User-Opinion Effect,0,64,6,1641,64,6,1711,0.0,0.4582900745426368,0.4984241951585118,0.8397045836745559,False
qags,effect on user opinion,User-Opinion Effect,0,10,6,1695,10,6,1711,0.0,0.0704641626162719,0.7906621551883105,0.8414530350982423,False
perplexity,effect on user opinion,User-Opinion Effect,1,165,5,1540,166,6,1711,1.8614457831325304,0.2806672886700145,0.5962641853497155,0.8397045836745559,False
ndcg,effect on user opinion,User-Opinion Effect,0,21,6,1684,21,6,1711,0.0,0.148455656201061,0.7000155785597011,0.8397045836745559,False
map,effect on user opinion,User-Opinion Effect,0,12,6,1693,12,6,1711,0.0,0.0846067835824931,0.7711488705829672,0.8397045836745559,False
precision,effect on user opinion,User-Opinion Effect,0,79,6,1626,79,6,1711,0.0,0.5682818019271363,0.4509424914313704,0.8397045836745559,False
bleurt,effect on user opinion,User-Opinion Effect,0,110,6,1595,110,6,1711,0.0,0.7988438549656025,0.3714392628145344,0.8397045836745559,False
ter,effect on user opinion,User-Opinion Effect,0,50,6,1655,50,6,1711,0.0,0.3565328415963079,0.5504381404768122,0.8397045836745559,False
feqa,effect on user opinion,User-Opinion Effect,0,10,6,1695,10,6,1711,0.0,0.0704641626162719,0.7906621551883105,0.8414530350982423,False
sari,effect on user opinion,User-Opinion Effect,0,25,6,1680,25,6,1711,0.0,0.176942346562945,0.6740142153777432,0.8397045836745559,False
cosine similarity,effect on user opinion,User-Opinion Effect,0,24,6,1681,24,6,1711,0.0,0.1698143316800758,0.6802768697053236,0.8397045836745559,False
accuracy,effect on user opinion,User-Opinion Effect,2,184,4,1521,186,6,1711,4.099462365591398,2.169863957427132,0.1407386839280838,0.8397045836745559,False
summac,effect on user opinion,User-Opinion Effect,0,15,6,1690,15,6,1711,0.0,0.1058520164048996,0.7449168977616281,0.8397045836745559,False
clip,effect on user opinion,User-Opinion Effect,0,13,6,1692,13,6,1711,0.0,0.0916843494162631,0.7620466762739271,0.8397045836745559,False
cider,effect on user opinion,User-Opinion Effect,0,76,6,1629,76,6,1711,0.0,0.5462026539480275,0.4598734522625894,0.8397045836745559,False
exact match,effect on user opinion,User-Opinion Effect,0,67,6,1638,67,6,1711,0.0,0.4802079132282755,0.4883281555712201,0.8397045836745559,False
chrf++,effect on user opinion,User-Opinion Effect,0,23,6,1682,23,6,1711,0.0,0.1626905483383281,0.6866913785782673,0.8397045836745559,False
blanc,effect on user opinion,User-Opinion Effect,0,13,6,1692,13,6,1711,0.0,0.0916843494162631,0.7620466762739271,0.8397045836745559,False
diversity,effect on user opinion,User-Opinion Effect,0,10,6,1695,10,6,1711,0.0,0.0704641626162719,0.7906621551883105,0.8414530350982423,False
coherence,effect on user opinion,User-Opinion Effect,0,10,6,1695,10,6,1711,0.0,0.0704641626162719,0.7906621551883105,0.8414530350982423,False
clipscore,effect on user opinion,User-Opinion Effect,0,15,6,1690,15,6,1711,0.0,0.1058520164048996,0.7449168977616281,0.8397045836745559,False
hits,effect on user opinion,User-Opinion Effect,0,16,6,1689,16,6,1711,0.0,0.1129421274337219,0.7368191098815816,0.8397045836745559,False
win rate,effect on user opinion,User-Opinion Effect,0,14,6,1691,14,6,1711,0.0,0.0987660920462233,0.7533154265437032,0.8397045836745559,False
balanced accuracy,effect on user opinion,User-Opinion Effect,0,10,6,1695,10,6,1711,0.0,0.0704641626162719,0.7906621551883105,0.8414530350982423,False
ibleu,effect on user opinion,User-Opinion Effect,0,12,6,1693,12,6,1711,0.0,0.0846067835824931,0.7711488705829672,0.8397045836745559,False
self bleu,effect on user opinion,User-Opinion Effect,0,30,6,1675,30,6,1711,0.0,0.2126460704546277,0.6447012994522111,0.8397045836745559,False
spearman,effect on user opinion,User-Opinion Effect,0,12,6,1693,12,6,1711,0.0,0.0846067835824931,0.7711488705829672,0.8397045836745559,False
kendall,effect on user opinion,User-Opinion Effect,0,11,6,1694,11,6,1711,0.0,0.0775333896212124,0.7806683380072018,0.8414530350982423,False
coverage,effect on user opinion,User-Opinion Effect,0,22,6,1683,22,6,1711,0.0,0.155570991516008,0.6932673727537813,0.8397045836745559,False
density,effect on user opinion,User-Opinion Effect,0,10,6,1695,10,6,1711,0.0,0.0704641626162719,0.7906621551883105,0.8414530350982423,False
ppl,effect on user opinion,User-Opinion Effect,0,19,6,1686,19,6,1711,0.0,0.1342376300892595,0.7140781553225075,0.8397045836745559,False
kendall s tau,effect on user opinion,User-Opinion Effect,0,11,6,1694,11,6,1711,0.0,0.0775333896212124,0.7806683380072018,0.8414530350982423,False
success rate,effect on user opinion,User-Opinion Effect,0,25,6,1680,25,6,1711,0.0,0.176942346562945,0.6740142153777432,0.8397045836745559,False
supert,effect on user opinion,User-Opinion Effect,0,10,6,1695,10,6,1711,0.0,0.0704641626162719,0.7906621551883105,0.8414530350982423,False
summaqa,effect on user opinion,User-Opinion Effect,0,10,6,1695,10,6,1711,0.0,0.0704641626162719,0.7906621551883105,0.8414530350982423,False
spice,effect on user opinion,User-Opinion Effect,0,24,6,1681,24,6,1711,0.0,0.1698143316800758,0.6802768697053236,0.8397045836745559,False
length,effect on user opinion,User-Opinion Effect,0,16,6,1689,16,6,1711,0.0,0.1129421274337219,0.7368191098815816,0.8397045836745559,False
parent,effect on user opinion,User-Opinion Effect,0,17,6,1688,17,6,1711,0.0,0.1200364300831706,0.72899498154073,0.8397045836745559,False
consistency,effect on user opinion,User-Opinion Effect,0,14,6,1691,14,6,1711,0.0,0.0987660920462233,0.7533154265437032,0.8397045836745559,False
mrr,effect on user opinion,User-Opinion Effect,0,26,6,1679,26,6,1711,0.0,0.1840745980162527,0.6678947290147941,0.8397045836745559,False
embedding,effect on user opinion,User-Opinion Effect,0,26,6,1679,26,6,1711,0.0,0.1840745980162527,0.6678947290147941,0.8397045836745559,False
vector extrema,effect on user opinion,User-Opinion Effect,0,16,6,1689,16,6,1711,0.0,0.1129421274337219,0.7368191098815816,0.8397045836745559,False
greedy matching,effect on user opinion,User-Opinion Effect,0,14,6,1691,14,6,1711,0.0,0.0987660920462233,0.7533154265437032,0.8397045836745559,False
dist,effect on user opinion,User-Opinion Effect,0,23,6,1682,23,6,1711,0.0,0.1626905483383281,0.6866913785782673,0.8397045836745559,False
ruber,effect on user opinion,User-Opinion Effect,0,11,6,1694,11,6,1711,0.0,0.0775333896212124,0.7806683380072018,0.8414530350982423,False
bert,effect on user opinion,User-Opinion Effect,0,10,6,1695,10,6,1711,0.0,0.0704641626162719,0.7906621551883105,0.8414530350982423,False
xcomet,effect on user opinion,User-Opinion Effect,0,13,6,1692,13,6,1711,0.0,0.0916843494162631,0.7620466762739271,0.8397045836745559,False
auroc,effect on user opinion,User-Opinion Effect,0,10,6,1695,10,6,1711,0.0,0.0704641626162719,0.7906621551883105,0.8414530350982423,False
entailment,effect on user opinion,User-Opinion Effect,0,11,6,1694,11,6,1711,0.0,0.0775333896212124,0.7806683380072018,0.8414530350982423,False
sacrebleu,effect on user opinion,User-Opinion Effect,0,18,6,1687,18,6,1711,0.0,0.1271349293125325,0.7214213365005449,0.8397045836745559,False
gleu,effect on user opinion,User-Opinion Effect,0,14,6,1691,14,6,1711,0.0,0.0987660920462233,0.7533154265437032,0.8397045836745559,False
entropy,effect on user opinion,User-Opinion Effect,0,18,6,1687,18,6,1711,0.0,0.1271349293125325,0.7214213365005449,0.8397045836745559,False
maude,effect on user opinion,User-Opinion Effect,0,10,6,1695,10,6,1711,0.0,0.0704641626162719,0.7906621551883105,0.8414530350982423,False
nist,effect on user opinion,User-Opinion Effect,0,16,6,1689,16,6,1711,0.0,0.1129421274337219,0.7368191098815816,0.8397045836745559,False
auc,effect on user opinion,User-Opinion Effect,0,12,6,1693,12,6,1711,0.0,0.0846067835824931,0.7711488705829672,0.8397045836745559,False
prism,effect on user opinion,User-Opinion Effect,0,11,6,1694,11,6,1711,0.0,0.0775333896212124,0.7806683380072018,0.8414530350982423,False
bleu,naturalness (form),Naturalness (form),2,740,5,964,742,7,1711,0.5223719676549865,0.6544111140841768,0.4185399919962624,0.8397045836745559,False
comet,naturalness (form),Naturalness (form),1,69,6,1635,70,7,1711,3.907142857142857,1.15995530380666,0.2814748102213367,0.8397045836745559,False
rouge,naturalness (form),Naturalness (form),0,665,7,1039,665,7,1711,0.0,6.907737425454682,0.0085823525406027,0.2502232562949075,False
roc auc,naturalness (form),Naturalness (form),0,11,7,1693,11,7,1711,0.0,0.090482228635181,0.7635649946476775,0.8397045836745559,False
bertscore,naturalness (form),Naturalness (form),1,361,6,1343,362,7,1711,0.6210865561694291,0.2181363878189457,0.6404635808196296,0.8397045836745559,False
distinct,naturalness (form),Naturalness (form),0,125,7,1579,125,7,1711,0.0,1.0643437339178057,0.302226566607452,0.8397045836745559,False
f1,naturalness (form),Naturalness (form),1,234,6,1470,235,7,1711,1.0468085106382978,0.0017816585220621,0.9663315323513566,0.9754015775080628,False
recall,naturalness (form),Naturalness (form),0,112,7,1592,112,7,1711,0.0,0.9498054648799482,0.3297688194931185,0.8397045836745559,False
meteor,naturalness (form),Naturalness (form),0,258,7,1446,258,7,1711,0.0,2.2933668037514416,0.1299278133945005,0.8397045836745559,False
knowledge f1,naturalness (form),Naturalness (form),0,13,7,1691,13,7,1711,0.0,0.1069965565731263,0.7435897701710247,0.8397045836745559,False
acc,naturalness (form),Naturalness (form),0,11,7,1693,11,7,1711,0.0,0.090482228635181,0.7635649946476775,0.8397045836745559,False
dae,naturalness (form),Naturalness (form),0,17,7,1687,17,7,1711,0.0,0.1400837683264085,0.7081977494489685,0.8397045836745559,False
mauve,naturalness (form),Naturalness (form),0,10,7,1694,10,7,1711,0.0,0.0822323640177975,0.7742946686962483,0.8397045836745559,False
factcc,naturalness (form),Naturalness (form),0,33,7,1671,33,7,1711,0.0,0.2732201791696296,0.6011797831720811,0.8397045836745559,False
comet qe,naturalness (form),Naturalness (form),1,9,6,1695,10,7,1711,28.35,4.709230393222958,0.0300010794337328,0.4886772346784259,False
unieval,naturalness (form),Naturalness (form),0,22,7,1682,22,7,1711,0.0,0.181553052388931,0.6700419551603198,0.8397045836745559,False
chrf,naturalness (form),Naturalness (form),0,60,7,1644,60,7,1711,0.0,0.5007992780417803,0.4791491367460871,0.8397045836745559,False
questeval,naturalness (form),Naturalness (form),0,27,7,1677,27,7,1711,0.0,0.223145537474576,0.6366535581245945,0.8397045836745559,False
qafacteval,naturalness (form),Naturalness (form),0,12,7,1692,12,7,1711,0.0,0.0987369575740051,0.7533506313286653,0.8397045836745559,False
spearman correlation,naturalness (form),Naturalness (form),0,25,7,1679,25,7,1711,0.0,0.2064937124742814,0.6495295877973415,0.8397045836745559,False
pearson correlation,naturalness (form),Naturalness (form),0,33,7,1671,33,7,1711,0.0,0.2732201791696296,0.6011797831720811,0.8397045836745559,False
moverscore,naturalness (form),Naturalness (form),0,55,7,1649,55,7,1711,0.0,0.4583749395226638,0.498384428178571,0.8397045836745559,False
g eval,naturalness (form),Naturalness (form),0,19,7,1685,19,7,1711,0.0,0.1566567445471801,0.6922534113860863,0.8397045836745559,False
usr,naturalness (form),Naturalness (form),0,12,7,1692,12,7,1711,0.0,0.0987369575740051,0.7533506313286653,0.8397045836745559,False
bartscore,naturalness (form),Naturalness (form),0,64,7,1640,64,7,1711,0.0,0.5348315551779128,0.464582626235407,0.8397045836745559,False
qags,naturalness (form),Naturalness (form),0,10,7,1694,10,7,1711,0.0,0.0822323640177975,0.7742946686962483,0.8397045836745559,False
perplexity,naturalness (form),Naturalness (form),1,165,6,1539,166,7,1711,1.5512048192771086,0.1494015939327907,0.6991078736370147,0.8397045836745559,False
ndcg,naturalness (form),Naturalness (form),0,21,7,1683,21,7,1711,0.0,0.1732493628749083,0.6772399953787926,0.8397045836745559,False
map,naturalness (form),Naturalness (form),0,12,7,1692,12,7,1711,0.0,0.0987369575740051,0.7533506313286653,0.8397045836745559,False
precision,naturalness (form),Naturalness (form),0,79,7,1625,79,7,1711,0.0,0.6631945084509241,0.4154344219103262,0.8397045836745559,False
bleurt,naturalness (form),Naturalness (form),2,108,5,1596,110,7,1711,5.821818181818182,3.2896732124447867,0.0697168964639228,0.7003402152984511,False
ter,naturalness (form),Naturalness (form),0,50,7,1654,50,7,1711,0.0,0.4160787717887838,0.5189001743599783,0.8397045836745559,False
feqa,naturalness (form),Naturalness (form),0,10,7,1694,10,7,1711,0.0,0.0822323640177975,0.7742946686962483,0.8397045836745559,False
sari,naturalness (form),Naturalness (form),0,25,7,1679,25,7,1711,0.0,0.2064937124742814,0.6495295877973415,0.8397045836745559,False
cosine similarity,naturalness (form),Naturalness (form),0,24,7,1680,24,7,1711,0.0,0.1981752213307812,0.6561978039500735,0.8397045836745559,False
accuracy,naturalness (form),Naturalness (form),0,186,7,1518,186,7,1711,0.0,1.6146732529993535,0.2038361289740044,0.8397045836745559,False
summac,naturalness (form),Naturalness (form),0,15,7,1689,15,7,1711,0.0,0.1235303877634169,0.7252366001779749,0.8397045836745559,False
clip,naturalness (form),Naturalness (form),0,13,7,1691,13,7,1711,0.0,0.1069965565731263,0.7435897701710247,0.8397045836745559,False
cider,naturalness (form),Naturalness (form),0,76,7,1628,76,7,1711,0.0,0.6374275904109411,0.4246438418509303,0.8397045836745559,False
exact match,naturalness (form),Naturalness (form),0,67,7,1637,67,7,1711,0.0,0.5604101637602938,0.4540950285643426,0.8397045836745559,False
chrf++,naturalness (form),Naturalness (form),0,23,7,1681,23,7,1711,0.0,0.1898616699237764,0.6630317733633004,0.8397045836745559,False
blanc,naturalness (form),Naturalness (form),0,13,7,1691,13,7,1711,0.0,0.1069965565731263,0.7435897701710247,0.8397045836745559,False
diversity,naturalness (form),Naturalness (form),0,10,7,1694,10,7,1711,0.0,0.0822323640177975,0.7742946686962483,0.8397045836745559,False
coherence,naturalness (form),Naturalness (form),0,10,7,1694,10,7,1711,0.0,0.0822323640177975,0.7742946686962483,0.8397045836745559,False
clipscore,naturalness (form),Naturalness (form),0,15,7,1689,15,7,1711,0.0,0.1235303877634169,0.7252366001779749,0.8397045836745559,False
hits,naturalness (form),Naturalness (form),0,16,7,1688,16,7,1711,0.0,0.1318046314843245,0.71656822446408,0.8397045836745559,False
win rate,naturalness (form),Naturalness (form),0,14,7,1690,14,7,1711,0.0,0.1152610313828187,0.7342322303095483,0.8397045836745559,False
balanced accuracy,naturalness (form),Naturalness (form),0,10,7,1694,10,7,1711,0.0,0.0822323640177975,0.7742946686962483,0.8397045836745559,False
ibleu,naturalness (form),Naturalness (form),0,12,7,1692,12,7,1711,0.0,0.0987369575740051,0.7533506313286653,0.8397045836745559,False
self bleu,naturalness (form),Naturalness (form),0,30,7,1674,30,7,1711,0.0,0.2481604701790385,0.6183733356020297,0.8397045836745559,False
spearman,naturalness (form),Naturalness (form),0,12,7,1692,12,7,1711,0.0,0.0987369575740051,0.7533506313286653,0.8397045836745559,False
kendall,naturalness (form),Naturalness (form),0,11,7,1693,11,7,1711,0.0,0.090482228635181,0.7635649946476775,0.8397045836745559,False
coverage,naturalness (form),Naturalness (form),0,22,7,1682,22,7,1711,0.0,0.181553052388931,0.6700419551603198,0.8397045836745559,False
density,naturalness (form),Naturalness (form),0,10,7,1694,10,7,1711,0.0,0.0822323640177975,0.7742946686962483,0.8397045836745559,False
ppl,naturalness (form),Naturalness (form),0,19,7,1685,19,7,1711,0.0,0.1566567445471801,0.6922534113860863,0.8397045836745559,False
kendall s tau,naturalness (form),Naturalness (form),0,11,7,1693,11,7,1711,0.0,0.090482228635181,0.7635649946476775,0.8397045836745559,False
success rate,naturalness (form),Naturalness (form),0,25,7,1679,25,7,1711,0.0,0.2064937124742814,0.6495295877973415,0.8397045836745559,False
supert,naturalness (form),Naturalness (form),0,10,7,1694,10,7,1711,0.0,0.0822323640177975,0.7742946686962483,0.8397045836745559,False
summaqa,naturalness (form),Naturalness (form),0,10,7,1694,10,7,1711,0.0,0.0822323640177975,0.7742946686962483,0.8397045836745559,False
spice,naturalness (form),Naturalness (form),0,24,7,1680,24,7,1711,0.0,0.1981752213307812,0.6561978039500735,0.8397045836745559,False
length,naturalness (form),Naturalness (form),0,16,7,1688,16,7,1711,0.0,0.1318046314843245,0.71656822446408,0.8397045836745559,False
parent,naturalness (form),Naturalness (form),0,17,7,1687,17,7,1711,0.0,0.1400837683264085,0.7081977494489685,0.8397045836745559,False
consistency,naturalness (form),Naturalness (form),0,14,7,1690,14,7,1711,0.0,0.1152610313828187,0.7342322303095483,0.8397045836745559,False
mrr,naturalness (form),Naturalness (form),0,26,7,1678,26,7,1711,0.0,0.2148171492276533,0.6430176888171181,0.8397045836745559,False
embedding,naturalness (form),Naturalness (form),0,26,7,1678,26,7,1711,0.0,0.2148171492276533,0.6430176888171181,0.8397045836745559,False
vector extrema,naturalness (form),Naturalness (form),0,16,7,1688,16,7,1711,0.0,0.1318046314843245,0.71656822446408,0.8397045836745559,False
greedy matching,naturalness (form),Naturalness (form),0,14,7,1690,14,7,1711,0.0,0.1152610313828187,0.7342322303095483,0.8397045836745559,False
dist,naturalness (form),Naturalness (form),0,23,7,1681,23,7,1711,0.0,0.1898616699237764,0.6630317733633004,0.8397045836745559,False
ruber,naturalness (form),Naturalness (form),0,11,7,1693,11,7,1711,0.0,0.090482228635181,0.7635649946476775,0.8397045836745559,False
bert,naturalness (form),Naturalness (form),0,10,7,1694,10,7,1711,0.0,0.0822323640177975,0.7742946686962483,0.8397045836745559,False
xcomet,naturalness (form),Naturalness (form),0,13,7,1691,13,7,1711,0.0,0.1069965565731263,0.7435897701710247,0.8397045836745559,False
auroc,naturalness (form),Naturalness (form),1,9,6,1695,10,7,1711,28.35,4.709230393222958,0.0300010794337328,0.4886772346784259,False
entailment,naturalness (form),Naturalness (form),0,11,7,1693,11,7,1711,0.0,0.090482228635181,0.7635649946476775,0.8397045836745559,False
sacrebleu,naturalness (form),Naturalness (form),0,18,7,1686,18,7,1711,0.0,0.1483678040806583,0.7001000482705368,0.8397045836745559,False
gleu,naturalness (form),Naturalness (form),0,14,7,1690,14,7,1711,0.0,0.1152610313828187,0.7342322303095483,0.8397045836745559,False
entropy,naturalness (form),Naturalness (form),0,18,7,1686,18,7,1711,0.0,0.1483678040806583,0.7001000482705368,0.8397045836745559,False
maude,naturalness (form),Naturalness (form),0,10,7,1694,10,7,1711,0.0,0.0822323640177975,0.7742946686962483,0.8397045836745559,False
nist,naturalness (form),Naturalness (form),0,16,7,1688,16,7,1711,0.0,0.1318046314843245,0.71656822446408,0.8397045836745559,False
auc,naturalness (form),Naturalness (form),0,12,7,1692,12,7,1711,0.0,0.0987369575740051,0.7533506313286653,0.8397045836745559,False
prism,naturalness (form),Naturalness (form),0,11,7,1693,11,7,1711,0.0,0.090482228635181,0.7635649946476775,0.8397045836745559,False
bleu,diversity/non-diversity (form),Diversity (form),4,738,3,966,742,7,1711,1.7412398921832883,0.536793114862425,0.4637648107434554,0.8397045836745559,False
comet,diversity/non-diversity (form),Diversity (form),0,70,7,1634,70,7,1711,0.0,0.5860355911966001,0.4439562386376706,0.8397045836745559,False
rouge,diversity/non-diversity (form),Diversity (form),4,661,3,1043,665,7,1711,2.097243107769424,0.9563277987082296,0.3281138236809078,0.8397045836745559,False
roc auc,diversity/non-diversity (form),Diversity (form),0,11,7,1693,11,7,1711,0.0,0.090482228635181,0.7635649946476775,0.8397045836745559,False
bertscore,diversity/non-diversity (form),Diversity (form),1,361,6,1343,362,7,1711,0.6210865561694291,0.2181363878189457,0.6404635808196296,0.8397045836745559,False
distinct,diversity/non-diversity (form),Diversity (form),0,125,7,1579,125,7,1711,0.0,1.0643437339178057,0.302226566607452,0.8397045836745559,False
f1,diversity/non-diversity (form),Diversity (form),0,235,7,1469,235,7,1711,0.0,2.072964841782846,0.149929809215086,0.8397045836745559,False
recall,diversity/non-diversity (form),Diversity (form),0,112,7,1592,112,7,1711,0.0,0.9498054648799482,0.3297688194931185,0.8397045836745559,False
meteor,diversity/non-diversity (form),Diversity (form),1,257,6,1447,258,7,1711,0.9386304909560724,0.00350437330706,0.9527946037462776,0.9641111523331144,False
knowledge f1,diversity/non-diversity (form),Diversity (form),0,13,7,1691,13,7,1711,0.0,0.1069965565731263,0.7435897701710247,0.8397045836745559,False
acc,diversity/non-diversity (form),Diversity (form),0,11,7,1693,11,7,1711,0.0,0.090482228635181,0.7635649946476775,0.8397045836745559,False
dae,diversity/non-diversity (form),Diversity (form),0,17,7,1687,17,7,1711,0.0,0.1400837683264085,0.7081977494489685,0.8397045836745559,False
mauve,diversity/non-diversity (form),Diversity (form),0,10,7,1694,10,7,1711,0.0,0.0822323640177975,0.7742946686962483,0.8397045836745559,False
factcc,diversity/non-diversity (form),Diversity (form),0,33,7,1671,33,7,1711,0.0,0.2732201791696296,0.6011797831720811,0.8397045836745559,False
comet qe,diversity/non-diversity (form),Diversity (form),0,10,7,1694,10,7,1711,0.0,0.0822323640177975,0.7742946686962483,0.8397045836745559,False
unieval,diversity/non-diversity (form),Diversity (form),0,22,7,1682,22,7,1711,0.0,0.181553052388931,0.6700419551603198,0.8397045836745559,False
chrf,diversity/non-diversity (form),Diversity (form),0,60,7,1644,60,7,1711,0.0,0.5007992780417803,0.4791491367460871,0.8397045836745559,False
questeval,diversity/non-diversity (form),Diversity (form),0,27,7,1677,27,7,1711,0.0,0.223145537474576,0.6366535581245945,0.8397045836745559,False
qafacteval,diversity/non-diversity (form),Diversity (form),0,12,7,1692,12,7,1711,0.0,0.0987369575740051,0.7533506313286653,0.8397045836745559,False
spearman correlation,diversity/non-diversity (form),Diversity (form),0,25,7,1679,25,7,1711,0.0,0.2064937124742814,0.6495295877973415,0.8397045836745559,False
pearson correlation,diversity/non-diversity (form),Diversity (form),1,32,6,1672,33,7,1711,8.474747474747476,2.412143827420071,0.1203973838214417,0.8397045836745559,False
moverscore,diversity/non-diversity (form),Diversity (form),0,55,7,1649,55,7,1711,0.0,0.4583749395226638,0.498384428178571,0.8397045836745559,False
g eval,diversity/non-diversity (form),Diversity (form),0,19,7,1685,19,7,1711,0.0,0.1566567445471801,0.6922534113860863,0.8397045836745559,False
usr,diversity/non-diversity (form),Diversity (form),0,12,7,1692,12,7,1711,0.0,0.0987369575740051,0.7533506313286653,0.8397045836745559,False
bartscore,diversity/non-diversity (form),Diversity (form),0,64,7,1640,64,7,1711,0.0,0.5348315551779128,0.464582626235407,0.8397045836745559,False
qags,diversity/non-diversity (form),Diversity (form),0,10,7,1694,10,7,1711,0.0,0.0822323640177975,0.7742946686962483,0.8397045836745559,False
perplexity,diversity/non-diversity (form),Diversity (form),1,165,6,1539,166,7,1711,1.5512048192771086,0.1494015939327907,0.6991078736370147,0.8397045836745559,False
ndcg,diversity/non-diversity (form),Diversity (form),0,21,7,1683,21,7,1711,0.0,0.1732493628749083,0.6772399953787926,0.8397045836745559,False
map,diversity/non-diversity (form),Diversity (form),0,12,7,1692,12,7,1711,0.0,0.0987369575740051,0.7533506313286653,0.8397045836745559,False
precision,diversity/non-diversity (form),Diversity (form),0,79,7,1625,79,7,1711,0.0,0.6631945084509241,0.4154344219103262,0.8397045836745559,False
bleurt,diversity/non-diversity (form),Diversity (form),1,109,6,1595,110,7,1711,2.4257575757575753,0.5474274050219372,0.4593707644014486,0.8397045836745559,False
ter,diversity/non-diversity (form),Diversity (form),0,50,7,1654,50,7,1711,0.0,0.4160787717887838,0.5189001743599783,0.8397045836745559,False
feqa,diversity/non-diversity (form),Diversity (form),0,10,7,1694,10,7,1711,0.0,0.0822323640177975,0.7742946686962483,0.8397045836745559,False
sari,diversity/non-diversity (form),Diversity (form),0,25,7,1679,25,7,1711,0.0,0.2064937124742814,0.6495295877973415,0.8397045836745559,False
cosine similarity,diversity/non-diversity (form),Diversity (form),0,24,7,1680,24,7,1711,0.0,0.1981752213307812,0.6561978039500735,0.8397045836745559,False
accuracy,diversity/non-diversity (form),Diversity (form),0,186,7,1518,186,7,1711,0.0,1.6146732529993535,0.2038361289740044,0.8397045836745559,False
summac,diversity/non-diversity (form),Diversity (form),0,15,7,1689,15,7,1711,0.0,0.1235303877634169,0.7252366001779749,0.8397045836745559,False
clip,diversity/non-diversity (form),Diversity (form),0,13,7,1691,13,7,1711,0.0,0.1069965565731263,0.7435897701710247,0.8397045836745559,False
cider,diversity/non-diversity (form),Diversity (form),0,76,7,1628,76,7,1711,0.0,0.6374275904109411,0.4246438418509303,0.8397045836745559,False
exact match,diversity/non-diversity (form),Diversity (form),0,67,7,1637,67,7,1711,0.0,0.5604101637602938,0.4540950285643426,0.8397045836745559,False
chrf++,diversity/non-diversity (form),Diversity (form),0,23,7,1681,23,7,1711,0.0,0.1898616699237764,0.6630317733633004,0.8397045836745559,False
blanc,diversity/non-diversity (form),Diversity (form),0,13,7,1691,13,7,1711,0.0,0.1069965565731263,0.7435897701710247,0.8397045836745559,False
diversity,diversity/non-diversity (form),Diversity (form),0,10,7,1694,10,7,1711,0.0,0.0822323640177975,0.7742946686962483,0.8397045836745559,False
coherence,diversity/non-diversity (form),Diversity (form),0,10,7,1694,10,7,1711,0.0,0.0822323640177975,0.7742946686962483,0.8397045836745559,False
clipscore,diversity/non-diversity (form),Diversity (form),0,15,7,1689,15,7,1711,0.0,0.1235303877634169,0.7252366001779749,0.8397045836745559,False
hits,diversity/non-diversity (form),Diversity (form),0,16,7,1688,16,7,1711,0.0,0.1318046314843245,0.71656822446408,0.8397045836745559,False
win rate,diversity/non-diversity (form),Diversity (form),0,14,7,1690,14,7,1711,0.0,0.1152610313828187,0.7342322303095483,0.8397045836745559,False
balanced accuracy,diversity/non-diversity (form),Diversity (form),0,10,7,1694,10,7,1711,0.0,0.0822323640177975,0.7742946686962483,0.8397045836745559,False
ibleu,diversity/non-diversity (form),Diversity (form),1,11,6,1693,12,7,1711,23.59722222222222,4.3409688886701865,0.037205745148606,0.5349119920704362,False
self bleu,diversity/non-diversity (form),Diversity (form),1,29,6,1675,30,7,1711,9.338888888888889,2.5843870083756944,0.1079221818461201,0.8397045836745559,False
spearman,diversity/non-diversity (form),Diversity (form),0,12,7,1692,12,7,1711,0.0,0.0987369575740051,0.7533506313286653,0.8397045836745559,False
kendall,diversity/non-diversity (form),Diversity (form),0,11,7,1693,11,7,1711,0.0,0.090482228635181,0.7635649946476775,0.8397045836745559,False
coverage,diversity/non-diversity (form),Diversity (form),0,22,7,1682,22,7,1711,0.0,0.181553052388931,0.6700419551603198,0.8397045836745559,False
density,diversity/non-diversity (form),Diversity (form),0,10,7,1694,10,7,1711,0.0,0.0822323640177975,0.7742946686962483,0.8397045836745559,False
ppl,diversity/non-diversity (form),Diversity (form),0,19,7,1685,19,7,1711,0.0,0.1566567445471801,0.6922534113860863,0.8397045836745559,False
kendall s tau,diversity/non-diversity (form),Diversity (form),0,11,7,1693,11,7,1711,0.0,0.090482228635181,0.7635649946476775,0.8397045836745559,False
success rate,diversity/non-diversity (form),Diversity (form),0,25,7,1679,25,7,1711,0.0,0.2064937124742814,0.6495295877973415,0.8397045836745559,False
supert,diversity/non-diversity (form),Diversity (form),0,10,7,1694,10,7,1711,0.0,0.0822323640177975,0.7742946686962483,0.8397045836745559,False
summaqa,diversity/non-diversity (form),Diversity (form),0,10,7,1694,10,7,1711,0.0,0.0822323640177975,0.7742946686962483,0.8397045836745559,False
spice,diversity/non-diversity (form),Diversity (form),0,24,7,1680,24,7,1711,0.0,0.1981752213307812,0.6561978039500735,0.8397045836745559,False
length,diversity/non-diversity (form),Diversity (form),1,15,6,1689,16,7,1711,17.65625,3.7720347472616433,0.0521161983679327,0.6196991870521323,False
parent,diversity/non-diversity (form),Diversity (form),0,17,7,1687,17,7,1711,0.0,0.1400837683264085,0.7081977494489685,0.8397045836745559,False
consistency,diversity/non-diversity (form),Diversity (form),0,14,7,1690,14,7,1711,0.0,0.1152610313828187,0.7342322303095483,0.8397045836745559,False
mrr,diversity/non-diversity (form),Diversity (form),0,26,7,1678,26,7,1711,0.0,0.2148171492276533,0.6430176888171181,0.8397045836745559,False
embedding,diversity/non-diversity (form),Diversity (form),0,26,7,1678,26,7,1711,0.0,0.2148171492276533,0.6430176888171181,0.8397045836745559,False
vector extrema,diversity/non-diversity (form),Diversity (form),0,16,7,1688,16,7,1711,0.0,0.1318046314843245,0.71656822446408,0.8397045836745559,False
greedy matching,diversity/non-diversity (form),Diversity (form),0,14,7,1690,14,7,1711,0.0,0.1152610313828187,0.7342322303095483,0.8397045836745559,False
dist,diversity/non-diversity (form),Diversity (form),0,23,7,1681,23,7,1711,0.0,0.1898616699237764,0.6630317733633004,0.8397045836745559,False
ruber,diversity/non-diversity (form),Diversity (form),0,11,7,1693,11,7,1711,0.0,0.090482228635181,0.7635649946476775,0.8397045836745559,False
bert,diversity/non-diversity (form),Diversity (form),0,10,7,1694,10,7,1711,0.0,0.0822323640177975,0.7742946686962483,0.8397045836745559,False
xcomet,diversity/non-diversity (form),Diversity (form),0,13,7,1691,13,7,1711,0.0,0.1069965565731263,0.7435897701710247,0.8397045836745559,False
auroc,diversity/non-diversity (form),Diversity (form),0,10,7,1694,10,7,1711,0.0,0.0822323640177975,0.7742946686962483,0.8397045836745559,False
entailment,diversity/non-diversity (form),Diversity (form),0,11,7,1693,11,7,1711,0.0,0.090482228635181,0.7635649946476775,0.8397045836745559,False
sacrebleu,diversity/non-diversity (form),Diversity (form),0,18,7,1686,18,7,1711,0.0,0.1483678040806583,0.7001000482705368,0.8397045836745559,False
gleu,diversity/non-diversity (form),Diversity (form),0,14,7,1690,14,7,1711,0.0,0.1152610313828187,0.7342322303095483,0.8397045836745559,False
entropy,diversity/non-diversity (form),Diversity (form),0,18,7,1686,18,7,1711,0.0,0.1483678040806583,0.7001000482705368,0.8397045836745559,False
maude,diversity/non-diversity (form),Diversity (form),0,10,7,1694,10,7,1711,0.0,0.0822323640177975,0.7742946686962483,0.8397045836745559,False
nist,diversity/non-diversity (form),Diversity (form),0,16,7,1688,16,7,1711,0.0,0.1318046314843245,0.71656822446408,0.8397045836745559,False
auc,diversity/non-diversity (form),Diversity (form),0,12,7,1692,12,7,1711,0.0,0.0987369575740051,0.7533506313286653,0.8397045836745559,False
prism,diversity/non-diversity (form),Diversity (form),0,11,7,1693,11,7,1711,0.0,0.090482228635181,0.7635649946476775,0.8397045836745559,False
bleu,ease of communication,Ease of Communication,3,739,6,963,742,9,1711,0.6529649595687331,0.3804235198945604,0.5373766628057361,0.8397045836745559,False
comet,ease of communication,Ease of Communication,1,69,8,1633,70,9,1711,2.9303571428571424,0.7880476754643837,0.374691119143185,0.8397045836745559,False
rouge,ease of communication,Ease of Communication,3,662,6,1040,665,9,1711,0.7864661654135339,0.1188910147186063,0.7302403996719187,0.8397045836745559,False
roc auc,ease of communication,Ease of Communication,0,11,9,1691,11,9,1711,0.0,0.1164027936199675,0.7329691805123731,0.8397045836745559,False
bertscore,ease of communication,Ease of Communication,1,361,8,1341,362,9,1711,0.4658149171270718,0.6337087115100692,0.4259981886728491,0.8397045836745559,False
distinct,ease of communication,Ease of Communication,0,125,9,1577,125,9,1711,0.0,1.3692764888054862,0.2419362318255615,0.8397045836745559,False
f1,ease of communication,Ease of Communication,1,234,8,1468,235,9,1711,0.7851063829787234,0.0556704864052828,0.813474619791288,0.8521867623492253,False
recall,ease of communication,Ease of Communication,0,112,9,1590,112,9,1711,0.0,1.2219201076824622,0.2689841590268212,0.8397045836745559,False
meteor,ease of communication,Ease of Communication,1,257,8,1445,258,9,1711,0.7039728682170543,0.1205163049172681,0.7284751885221109,0.8397045836745559,False
knowledge f1,ease of communication,Ease of Communication,0,13,9,1689,13,9,1711,0.0,0.1376480511055827,0.7106304539037731,0.8397045836745559,False
acc,ease of communication,Ease of Communication,0,11,9,1691,11,9,1711,0.0,0.1164027936199675,0.7329691805123731,0.8397045836745559,False
dae,ease of communication,Ease of Communication,0,17,9,1685,17,9,1711,0.0,0.1802139413891685,0.6711894471432183,0.8397045836745559,False
mauve,ease of communication,Ease of Communication,0,10,9,1692,10,9,1711,0.0,0.1057895608596575,0.7449895446280232,0.8397045836745559,False
factcc,ease of communication,Ease of Communication,0,33,9,1669,33,9,1711,0.0,0.3514912893518851,0.5532701589359228,0.8397045836745559,False
comet qe,ease of communication,Ease of Communication,0,10,9,1692,10,9,1711,0.0,0.1057895608596575,0.7449895446280232,0.8397045836745559,False
unieval,ease of communication,Ease of Communication,0,22,9,1680,22,9,1711,0.0,0.2335632474615405,0.6288942292217647,0.8397045836745559,False
chrf,ease of communication,Ease of Communication,1,59,8,1643,60,9,1711,3.439583333333333,1.0013122045150955,0.316993200971459,0.8397045836745559,False
questeval,ease of communication,Ease of Communication,0,27,9,1675,27,9,1711,0.0,0.2870711434236492,0.592103552702645,0.8397045836745559,False
qafacteval,ease of communication,Ease of Communication,0,12,9,1690,12,9,1711,0.0,0.1270222879047149,0.7215396344324752,0.8397045836745559,False
spearman correlation,ease of communication,Ease of Communication,0,25,9,1677,25,9,1711,0.0,0.2656488939169144,0.606265579673331,0.8397045836745559,False
pearson correlation,ease of communication,Ease of Communication,0,33,9,1669,33,9,1711,0.0,0.3514912893518851,0.5532701589359228,0.8397045836745559,False
moverscore,ease of communication,Ease of Communication,1,54,8,1648,55,9,1711,3.763636363636364,1.128368266141215,0.2881236584355603,0.8397045836745559,False
g eval,ease of communication,Ease of Communication,0,19,9,1683,19,9,1711,0.0,0.2015346932051797,0.6534849272401186,0.8397045836745559,False
usr,ease of communication,Ease of Communication,0,12,9,1690,12,9,1711,0.0,0.1270222879047149,0.7215396344324752,0.8397045836745559,False
bartscore,ease of communication,Ease of Communication,0,64,9,1638,64,9,1711,0.0,0.6880519811559443,0.4068277654884666,0.8397045836745559,False
qags,ease of communication,Ease of Communication,0,10,9,1692,10,9,1711,0.0,0.1057895608596575,0.7449895446280232,0.8397045836745559,False
perplexity,ease of communication,Ease of Communication,0,166,9,1536,166,9,1711,0.0,1.8420788436638056,0.1747074893999825,0.8397045836745559,False
ndcg,ease of communication,Ease of Communication,0,21,9,1681,21,9,1711,0.0,0.2228807291693775,0.6368536593662624,0.8397045836745559,False
map,ease of communication,Ease of Communication,0,12,9,1690,12,9,1711,0.0,0.1270222879047149,0.7215396344324752,0.8397045836745559,False
precision,ease of communication,Ease of Communication,0,79,9,1623,79,9,1711,0.0,0.8531911711229723,0.3556511357162033,0.8397045836745559,False
bleurt,ease of communication,Ease of Communication,1,109,8,1593,110,9,1711,1.8193181818181816,0.2746574536476732,0.6002244862353772,0.8397045836745559,False
ter,ease of communication,Ease of Communication,0,50,9,1652,50,9,1711,0.0,0.5352771172721503,0.464396660128634,0.8397045836745559,False
feqa,ease of communication,Ease of Communication,0,10,9,1692,10,9,1711,0.0,0.1057895608596575,0.7449895446280232,0.8397045836745559,False
sari,ease of communication,Ease of Communication,0,25,9,1677,25,9,1711,0.0,0.2656488939169144,0.606265579673331,0.8397045836745559,False
cosine similarity,ease of communication,Ease of Communication,0,24,9,1678,24,9,1711,0.0,0.2549473222897069,0.6136128589700403,0.8397045836745559,False
accuracy,ease of communication,Ease of Communication,1,185,8,1517,186,9,1711,1.0248655913978495,0.00053566859665,0.9815349969689898,0.9845366330453476,False
summac,ease of communication,Ease of Communication,0,15,9,1687,15,9,1711,0.0,0.1589184138939748,0.6901542649377342,0.8397045836745559,False
clip,ease of communication,Ease of Communication,0,13,9,1689,13,9,1711,0.0,0.1376480511055827,0.7106304539037731,0.8397045836745559,False
cider,ease of communication,Ease of Communication,0,76,9,1626,76,9,1711,0.0,0.8200419061621221,0.3651679137416362,0.8397045836745559,False
exact match,ease of communication,Ease of Communication,0,67,9,1635,67,9,1711,0.0,0.7209588369737914,0.3958295732618628,0.8397045836745559,False
chrf++,ease of communication,Ease of Communication,0,23,9,1679,23,9,1711,0.0,0.2442521093220558,0.6211517446408312,0.8397045836745559,False
blanc,ease of communication,Ease of Communication,0,13,9,1689,13,9,1711,0.0,0.1376480511055827,0.7106304539037731,0.8397045836745559,False
diversity,ease of communication,Ease of Communication,0,10,9,1692,10,9,1711,0.0,0.1057895608596575,0.7449895446280232,0.8397045836745559,False
coherence,ease of communication,Ease of Communication,0,10,9,1692,10,9,1711,0.0,0.1057895608596575,0.7449895446280232,0.8397045836745559,False
clipscore,ease of communication,Ease of Communication,0,15,9,1687,15,9,1711,0.0,0.1589184138939748,0.6901542649377342,0.8397045836745559,False
hits,ease of communication,Ease of Communication,0,16,9,1686,16,9,1711,0.0,0.1695630283321351,0.6805004505071475,0.8397045836745559,False
win rate,ease of communication,Ease of Communication,0,14,9,1688,14,9,1711,0.0,0.1482800906292688,0.7001844133068669,0.8397045836745559,False
balanced accuracy,ease of communication,Ease of Communication,0,10,9,1692,10,9,1711,0.0,0.1057895608596575,0.7449895446280232,0.8397045836745559,False
ibleu,ease of communication,Ease of Communication,0,12,9,1690,12,9,1711,0.0,0.1270222879047149,0.7215396344324752,0.8397045836745559,False
self bleu,ease of communication,Ease of Communication,0,30,9,1672,30,9,1711,0.0,0.3192523972006374,0.5720572735712155,0.8397045836745559,False
spearman,ease of communication,Ease of Communication,0,12,9,1690,12,9,1711,0.0,0.1270222879047149,0.7215396344324752,0.8397045836745559,False
kendall,ease of communication,Ease of Communication,0,11,9,1691,11,9,1711,0.0,0.1164027936199675,0.7329691805123731,0.8397045836745559,False
coverage,ease of communication,Ease of Communication,0,22,9,1680,22,9,1711,0.0,0.2335632474615405,0.6288942292217647,0.8397045836745559,False
density,ease of communication,Ease of Communication,0,10,9,1692,10,9,1711,0.0,0.1057895608596575,0.7449895446280232,0.8397045836745559,False
ppl,ease of communication,Ease of Communication,0,19,9,1683,19,9,1711,0.0,0.2015346932051797,0.6534849272401186,0.8397045836745559,False
kendall s tau,ease of communication,Ease of Communication,0,11,9,1691,11,9,1711,0.0,0.1164027936199675,0.7329691805123731,0.8397045836745559,False
success rate,ease of communication,Ease of Communication,0,25,9,1677,25,9,1711,0.0,0.2656488939169144,0.606265579673331,0.8397045836745559,False
supert,ease of communication,Ease of Communication,0,10,9,1692,10,9,1711,0.0,0.1057895608596575,0.7449895446280232,0.8397045836745559,False
summaqa,ease of communication,Ease of Communication,0,10,9,1692,10,9,1711,0.0,0.1057895608596575,0.7449895446280232,0.8397045836745559,False
spice,ease of communication,Ease of Communication,0,24,9,1678,24,9,1711,0.0,0.2549473222897069,0.6136128589700403,0.8397045836745559,False
length,ease of communication,Ease of Communication,1,15,8,1687,16,9,1711,13.2421875,3.270073504256011,0.0705544623212665,0.7003402152984511,False
parent,ease of communication,Ease of Communication,0,17,9,1685,17,9,1711,0.0,0.1802139413891685,0.6711894471432183,0.8397045836745559,False
consistency,ease of communication,Ease of Communication,0,14,9,1688,14,9,1711,0.0,0.1482800906292688,0.7001844133068669,0.8397045836745559,False
mrr,ease of communication,Ease of Communication,0,26,9,1676,26,9,1711,0.0,0.2763568317682038,0.5990990816890732,0.8397045836745559,False
embedding,ease of communication,Ease of Communication,0,26,9,1676,26,9,1711,0.0,0.2763568317682038,0.5990990816890732,0.8397045836745559,False
vector extrema,ease of communication,Ease of Communication,0,16,9,1686,16,9,1711,0.0,0.1695630283321351,0.6805004505071475,0.8397045836745559,False
greedy matching,ease of communication,Ease of Communication,0,14,9,1688,14,9,1711,0.0,0.1482800906292688,0.7001844133068669,0.8397045836745559,False
dist,ease of communication,Ease of Communication,0,23,9,1679,23,9,1711,0.0,0.2442521093220558,0.6211517446408312,0.8397045836745559,False
ruber,ease of communication,Ease of Communication,0,11,9,1691,11,9,1711,0.0,0.1164027936199675,0.7329691805123731,0.8397045836745559,False
bert,ease of communication,Ease of Communication,0,10,9,1692,10,9,1711,0.0,0.1057895608596575,0.7449895446280232,0.8397045836745559,False
xcomet,ease of communication,Ease of Communication,0,13,9,1689,13,9,1711,0.0,0.1376480511055827,0.7106304539037731,0.8397045836745559,False
auroc,ease of communication,Ease of Communication,0,10,9,1692,10,9,1711,0.0,0.1057895608596575,0.7449895446280232,0.8397045836745559,False
entailment,ease of communication,Ease of Communication,0,11,9,1691,11,9,1711,0.0,0.1164027936199675,0.7329691805123731,0.8397045836745559,False
sacrebleu,ease of communication,Ease of Communication,0,18,9,1684,18,9,1711,0.0,0.1908711605228771,0.6621925451575673,0.8397045836745559,False
gleu,ease of communication,Ease of Communication,0,14,9,1688,14,9,1711,0.0,0.1482800906292688,0.7001844133068669,0.8397045836745559,False
entropy,ease of communication,Ease of Communication,0,18,9,1684,18,9,1711,0.0,0.1908711605228771,0.6621925451575673,0.8397045836745559,False
maude,ease of communication,Ease of Communication,0,10,9,1692,10,9,1711,0.0,0.1057895608596575,0.7449895446280232,0.8397045836745559,False
nist,ease of communication,Ease of Communication,0,16,9,1686,16,9,1711,0.0,0.1695630283321351,0.6805004505071475,0.8397045836745559,False
auc,ease of communication,Ease of Communication,1,11,8,1691,12,9,1711,17.697916666666668,3.829540184518269,0.0503567456099136,0.6128761617829935,False
prism,ease of communication,Ease of Communication,0,11,9,1691,11,9,1711,0.0,0.1164027936199675,0.7329691805123731,0.8397045836745559,False
bleu,wellorderedness,Wellorderedness,7,735,12,957,742,19,1711,0.7617924528301886,0.3379421892601773,0.5610194444195078,0.8397045836745559,False
comet,wellorderedness,Wellorderedness,1,69,18,1623,70,19,1711,1.3023809523809524,0.0619243549055129,0.8034798711517451,0.8482552722877735,False
rouge,wellorderedness,Wellorderedness,4,661,15,1031,665,19,1711,0.4194486215538847,2.7951647498625674,0.0945490481638543,0.8003119431675925,False
roc auc,wellorderedness,Wellorderedness,0,11,19,1681,11,19,1711,0.0,0.2464657058918378,0.6195747510729686,0.8397045836745559,False
bertscore,wellorderedness,Wellorderedness,5,357,14,1335,362,19,1711,1.330899763220205,0.2906033900079785,0.5898341230358534,0.8397045836745559,False
distinct,wellorderedness,Wellorderedness,1,124,18,1568,125,19,1711,0.7048888888888889,0.1301176501656828,0.7183100863864251,0.8397045836745559,False
f1,wellorderedness,Wellorderedness,3,232,16,1460,235,19,1711,1.1776595744680851,0.0658314749439973,0.7975057563291446,0.8459317997315188,False
recall,wellorderedness,Wellorderedness,1,111,18,1581,112,19,1711,0.7931547619047619,0.0551285473109683,0.8143680878973913,0.8527142309029349,False
meteor,wellorderedness,Wellorderedness,2,256,17,1436,258,19,1711,0.6625626994984041,0.3413248420003496,0.5590654944777238,0.8397045836745559,False
knowledge f1,wellorderedness,Wellorderedness,0,13,19,1679,13,19,1711,0.0,0.291449908244062,0.5892928897334485,0.8397045836745559,False
acc,wellorderedness,Wellorderedness,0,11,19,1681,11,19,1711,0.0,0.2464657058918378,0.6195747510729686,0.8397045836745559,False
dae,wellorderedness,Wellorderedness,0,17,19,1675,17,19,1711,0.0,0.3815783867254789,0.5367597187284248,0.8397045836745559,False
mauve,wellorderedness,Wellorderedness,0,10,19,1682,10,19,1711,0.0,0.2239935587033192,0.6360137302115412,0.8397045836745559,False
factcc,wellorderedness,Wellorderedness,0,33,19,1659,33,19,1711,0.0,0.7442453255461066,0.3883043335221615,0.8397045836745559,False
comet qe,wellorderedness,Wellorderedness,0,10,19,1682,10,19,1711,0.0,0.2239935587033192,0.6360137302115412,0.8397045836745559,False
unieval,wellorderedness,Wellorderedness,0,22,19,1670,22,19,1711,0.0,0.494540432097523,0.4819088824128053,0.8397045836745559,False
chrf,wellorderedness,Wellorderedness,2,58,17,1634,60,19,1711,3.2372549019607844,1.8601045534588243,0.1726127337807888,0.8397045836745559,False
questeval,wellorderedness,Wellorderedness,0,27,19,1665,27,19,1711,0.0,0.607839283151622,0.4356025200051304,0.8397045836745559,False
qafacteval,wellorderedness,Wellorderedness,0,12,19,1680,12,19,1711,0.0,0.2689511504899928,0.6040362186228043,0.8397045836745559,False
spearman correlation,wellorderedness,Wellorderedness,0,25,19,1667,25,19,1711,0.0,0.5624791975264125,0.4532630574123721,0.8397045836745559,False
pearson correlation,wellorderedness,Wellorderedness,1,32,18,1660,33,19,1711,2.824915824915825,0.7750893559381309,0.3786472095697056,0.8397045836745559,False
moverscore,wellorderedness,Wellorderedness,2,53,17,1639,55,19,1711,3.5422459893048126,2.1110107933059523,0.146242692753164,0.8397045836745559,False
g eval,wellorderedness,Wellorderedness,0,19,19,1673,19,19,1711,0.0,0.4267229163701388,0.5136013600032909,0.8397045836745559,False
usr,wellorderedness,Wellorderedness,0,12,19,1680,12,19,1711,0.0,0.2689511504899928,0.6040362186228043,0.8397045836745559,False
bartscore,wellorderedness,Wellorderedness,1,63,18,1629,64,19,1711,1.4296875,0.1103898883193781,0.7397006894279847,0.8397045836745559,False
qags,wellorderedness,Wellorderedness,0,10,19,1682,10,19,1711,0.0,0.2239935587033192,0.6360137302115412,0.8397045836745559,False
perplexity,wellorderedness,Wellorderedness,0,166,19,1526,166,19,1711,0.0,3.9009028504836913,0.0482601661097558,0.6007337565085354,False
ndcg,wellorderedness,Wellorderedness,1,20,18,1672,21,19,1711,4.470899470899471,1.4389251583210962,0.2303133523908286,0.8397045836745559,False
map,wellorderedness,Wellorderedness,0,12,19,1680,12,19,1711,0.0,0.2689511504899928,0.6040362186228043,0.8397045836745559,False
precision,wellorderedness,Wellorderedness,1,78,18,1614,79,19,1711,1.1476793248945147,0.0174577588871075,0.8948831974161786,0.9181160111120006,False
bleurt,wellorderedness,Wellorderedness,2,108,17,1584,110,19,1711,1.7122994652406416,0.4558253996255663,0.499581468354523,0.8397045836745559,False
ter,wellorderedness,Wellorderedness,2,48,17,1644,50,19,1711,3.908235294117647,2.396683543395379,0.1215927850074003,0.8397045836745559,False
feqa,wellorderedness,Wellorderedness,0,10,19,1682,10,19,1711,0.0,0.2239935587033192,0.6360137302115412,0.8397045836745559,False
sari,wellorderedness,Wellorderedness,1,24,18,1668,25,19,1711,3.7466666666666666,1.168135412364816,0.2797846945193589,0.8397045836745559,False
cosine similarity,wellorderedness,Wellorderedness,0,24,19,1668,24,19,1711,0.0,0.5398194434314256,0.4625075645724129,0.8397045836745559,False
accuracy,wellorderedness,Wellorderedness,1,185,18,1507,186,19,1711,0.4554958183990442,0.7527971540238858,0.3855920777144509,0.8397045836745559,False
summac,wellorderedness,Wellorderedness,0,15,19,1677,15,19,1711,0.0,0.336487426344517,0.5618637973649256,0.8397045836745559,False
clip,wellorderedness,Wellorderedness,0,13,19,1679,13,19,1711,0.0,0.291449908244062,0.5892928897334485,0.8397045836745559,False
cider,wellorderedness,Wellorderedness,1,75,18,1617,76,19,1711,1.195175438596491,0.028908098469537,0.8649914058104843,0.8954305857845631,False
exact match,wellorderedness,Wellorderedness,1,66,18,1626,67,19,1711,1.36318407960199,0.0840591664094936,0.7718701048409662,0.8397045836745559,False
chrf++,wellorderedness,Wellorderedness,1,22,18,1670,23,19,1711,4.077294685990338,1.2955681734817628,0.2550243373202875,0.8397045836745559,False
blanc,wellorderedness,Wellorderedness,1,12,18,1680,13,19,1711,7.256410256410256,2.2577310736544307,0.1329487219960305,0.8397045836745559,False
diversity,wellorderedness,Wellorderedness,0,10,19,1682,10,19,1711,0.0,0.2239935587033192,0.6360137302115412,0.8397045836745559,False
coherence,wellorderedness,Wellorderedness,0,10,19,1682,10,19,1711,0.0,0.2239935587033192,0.6360137302115412,0.8397045836745559,False
clipscore,wellorderedness,Wellorderedness,0,15,19,1677,15,19,1711,0.0,0.336487426344517,0.5618637973649256,0.8397045836745559,False
hits,wellorderedness,Wellorderedness,0,16,19,1676,16,19,1711,0.0,0.3590262183237863,0.5490475468665074,0.8397045836745559,False
win rate,wellorderedness,Wellorderedness,0,14,19,1678,14,19,1711,0.0,0.3139619949276799,0.5752590625708633,0.8397045836745559,False
balanced accuracy,wellorderedness,Wellorderedness,0,10,19,1682,10,19,1711,0.0,0.2239935587033192,0.6360137302115412,0.8397045836745559,False
ibleu,wellorderedness,Wellorderedness,0,12,19,1680,12,19,1711,0.0,0.2689511504899928,0.6040362186228043,0.8397045836745559,False
self bleu,wellorderedness,Wellorderedness,1,29,18,1663,30,19,1711,3.112962962962963,0.904153928106762,0.3416703268403329,0.8397045836745559,False
spearman,wellorderedness,Wellorderedness,0,12,19,1680,12,19,1711,0.0,0.2689511504899928,0.6040362186228043,0.8397045836745559,False
kendall,wellorderedness,Wellorderedness,0,11,19,1681,11,19,1711,0.0,0.2464657058918378,0.6195747510729686,0.8397045836745559,False
coverage,wellorderedness,Wellorderedness,0,22,19,1670,22,19,1711,0.0,0.494540432097523,0.4819088824128053,0.8397045836745559,False
density,wellorderedness,Wellorderedness,0,10,19,1682,10,19,1711,0.0,0.2239935587033192,0.6360137302115412,0.8397045836745559,False
ppl,wellorderedness,Wellorderedness,0,19,19,1673,19,19,1711,0.0,0.4267229163701388,0.5136013600032909,0.8397045836745559,False
kendall s tau,wellorderedness,Wellorderedness,0,11,19,1681,11,19,1711,0.0,0.2464657058918378,0.6195747510729686,0.8397045836745559,False
success rate,wellorderedness,Wellorderedness,0,25,19,1667,25,19,1711,0.0,0.5624791975264125,0.4532630574123721,0.8397045836745559,False
supert,wellorderedness,Wellorderedness,1,9,18,1683,10,19,1711,9.45,2.743108260411399,0.097674611604533,0.8016006112360292,False
summaqa,wellorderedness,Wellorderedness,0,10,19,1682,10,19,1711,0.0,0.2239935587033192,0.6360137302115412,0.8397045836745559,False
spice,wellorderedness,Wellorderedness,1,23,18,1669,24,19,1711,3.905092592592592,1.2300321618565413,0.2674007834474534,0.8397045836745559,False
length,wellorderedness,Wellorderedness,0,16,19,1676,16,19,1711,0.0,0.3590262183237863,0.5490475468665074,0.8397045836745559,False
parent,wellorderedness,Wellorderedness,1,16,18,1676,17,19,1711,5.5359477124183005,1.7875996610943392,0.1812188940465618,0.8397045836745559,False
consistency,wellorderedness,Wellorderedness,0,14,19,1678,14,19,1711,0.0,0.3139619949276799,0.5752590625708633,0.8397045836745559,False
mrr,wellorderedness,Wellorderedness,1,25,18,1667,26,19,1711,3.6004273504273505,1.109587579771632,0.2921716171005701,0.8397045836745559,False
embedding,wellorderedness,Wellorderedness,2,24,17,1668,26,19,1711,7.624434389140271,4.599000854561515,0.0319905948349646,0.4978767162866473,False
vector extrema,wellorderedness,Wellorderedness,2,14,17,1678,16,19,1711,12.463235294117649,6.4420003579461245,0.0111453073532394,0.2833384801111728,False
greedy matching,wellorderedness,Wellorderedness,2,12,17,1680,14,19,1711,14.26050420168067,6.975091964262024,0.008265197511756,0.2456276349733291,False
dist,wellorderedness,Wellorderedness,0,23,19,1669,23,19,1711,0.0,0.5171731936501924,0.4720500143611975,0.8397045836745559,False
ruber,wellorderedness,Wellorderedness,1,10,18,1682,11,19,1711,8.585858585858587,2.5640566730334324,0.10931774862132,0.8397045836745559,False
bert,wellorderedness,Wellorderedness,0,10,19,1682,10,19,1711,0.0,0.2239935587033192,0.6360137302115412,0.8397045836745559,False
xcomet,wellorderedness,Wellorderedness,0,13,19,1679,13,19,1711,0.0,0.291449908244062,0.5892928897334485,0.8397045836745559,False
auroc,wellorderedness,Wellorderedness,0,10,19,1682,10,19,1711,0.0,0.2239935587033192,0.6360137302115412,0.8397045836745559,False
entailment,wellorderedness,Wellorderedness,0,11,19,1681,11,19,1711,0.0,0.2464657058918378,0.6195747510729686,0.8397045836745559,False
sacrebleu,wellorderedness,Wellorderedness,0,18,19,1674,18,19,1711,0.0,0.404143947435586,0.5249568725040462,0.8397045836745559,False
gleu,wellorderedness,Wellorderedness,0,14,19,1678,14,19,1711,0.0,0.3139619949276799,0.5752590625708633,0.8397045836745559,False
entropy,wellorderedness,Wellorderedness,0,18,19,1674,18,19,1711,0.0,0.404143947435586,0.5249568725040462,0.8397045836745559,False
maude,wellorderedness,Wellorderedness,1,9,18,1683,10,19,1711,9.45,2.743108260411399,0.097674611604533,0.8016006112360292,False
nist,wellorderedness,Wellorderedness,0,16,19,1676,16,19,1711,0.0,0.3590262183237863,0.5490475468665074,0.8397045836745559,False
auc,wellorderedness,Wellorderedness,0,12,19,1680,12,19,1711,0.0,0.2689511504899928,0.6040362186228043,0.8397045836745559,False
prism,wellorderedness,Wellorderedness,1,10,18,1682,11,19,1711,8.585858585858587,2.5640566730334324,0.10931774862132,0.8397045836745559,False
bleu,coverage of topics (given in input),Coverage,16,726,28,941,742,44,1711,0.7462456680785522,0.916119585207217,0.3384959094970097,0.8397045836745559,False
comet,coverage of topics (given in input),Coverage,0,70,44,1597,70,44,1711,0.0,3.725080609010248,0.053601040590756,0.6288536972667478,False
rouge,coverage of topics (given in input),Coverage,30,635,14,1032,665,44,1711,3.370569280343716,15.859565107969058,6.822083762610762e-05,0.0082875684227271,True
roc auc,coverage of topics (given in input),Coverage,0,11,44,1656,11,44,1711,0.0,0.5750273558124819,0.4482680663303278,0.8397045836745559,False
bertscore,coverage of topics (given in input),Coverage,13,349,31,1318,362,44,1711,1.5627339155230795,1.7575255467466755,0.1849334564395399,0.8397045836745559,False
distinct,coverage of topics (given in input),Coverage,2,123,42,1544,125,44,1711,0.6041904761904762,0.5797344209496567,0.4464164382668777,0.8397045836745559,False
f1,coverage of topics (given in input),Coverage,3,232,41,1435,235,44,1711,0.4595744680851064,2.1689650727341077,0.1408209764577859,0.8397045836745559,False
recall,coverage of topics (given in input),Coverage,1,111,43,1556,112,44,1711,0.3320182724252491,1.763835356733801,0.1841468459518208,0.8397045836745559,False
meteor,coverage of topics (given in input),Coverage,8,250,36,1417,258,44,1711,1.251507321274763,0.3226926785643784,0.5699939196108538,0.8397045836745559,False
knowledge f1,coverage of topics (given in input),Coverage,0,13,44,1654,13,44,1711,0.0,0.6799827036987924,0.4095926801025661,0.8397045836745559,False
acc,coverage of topics (given in input),Coverage,0,11,44,1656,11,44,1711,0.0,0.5750273558124819,0.4482680663303278,0.8397045836745559,False
dae,coverage of topics (given in input),Coverage,0,17,44,1650,17,44,1711,0.0,0.8902697019505802,0.3454042317095073,0.8397045836745559,False
mauve,coverage of topics (given in input),Coverage,1,9,43,1658,10,44,1711,3.955813953488372,1.30159069964405,0.25392286834935,0.8397045836745559,False
factcc,coverage of topics (given in input),Coverage,0,33,44,1634,33,44,1711,0.0,1.736479377209298,0.1875855318865286,0.8397045836745559,False
comet qe,coverage of topics (given in input),Coverage,0,10,44,1657,10,44,1711,0.0,0.5225965888465802,0.4697361480022705,0.8397045836745559,False
unieval,coverage of topics (given in input),Coverage,1,21,43,1646,22,44,1711,1.7854122621564483,0.2840328249014662,0.5940700611719683,0.8397045836745559,False
chrf,coverage of topics (given in input),Coverage,0,60,44,1607,60,44,1711,0.0,3.1831738240415772,0.0744000865291335,0.7149997016226993,False
questeval,coverage of topics (given in input),Coverage,0,27,44,1640,27,44,1711,0.0,1.4181963577272274,0.2337005019807644,0.8397045836745559,False
qafacteval,coverage of topics (given in input),Coverage,0,12,44,1655,12,44,1711,0.0,0.6274893816643116,0.4282777233770638,0.8397045836745559,False
spearman correlation,coverage of topics (given in input),Coverage,0,25,44,1642,25,44,1711,0.0,1.312357338181399,0.2519682896244148,0.8397045836745559,False
pearson correlation,coverage of topics (given in input),Coverage,1,32,43,1635,33,44,1711,1.182522903453136,0.0267846855796715,0.8699985918372032,0.8994784495590311,False
moverscore,coverage of topics (given in input),Coverage,4,51,40,1616,55,44,1711,3.0109090909090908,3.4368191349200217,0.0637583336425504,0.6635381484623435,False
g eval,coverage of topics (given in input),Coverage,3,16,41,1651,19,44,1711,6.516046213093709,6.37501939019027,0.0115737777581772,0.2908964831174042,False
usr,coverage of topics (given in input),Coverage,0,12,44,1655,12,44,1711,0.0,0.6274893816643116,0.4282777233770638,0.8397045836745559,False
bartscore,coverage of topics (given in input),Coverage,6,58,38,1609,64,44,1711,4.063322368421053,7.600880522762207,0.0058339802677636,0.2025005959473355,False
qags,coverage of topics (given in input),Coverage,0,10,44,1657,10,44,1711,0.0,0.5225965888465802,0.4697361480022705,0.8397045836745559,False
perplexity,coverage of topics (given in input),Coverage,1,165,43,1502,166,44,1711,0.2164471840851779,3.9695962517303887,0.046328879645953,0.5932779641970509,False
ndcg,coverage of topics (given in input),Coverage,1,20,43,1647,21,44,1711,1.8715393133997784,0.3277453358385338,0.5669897417713521,0.8397045836745559,False
map,coverage of topics (given in input),Coverage,0,12,44,1655,12,44,1711,0.0,0.6274893816643116,0.4282777233770638,0.8397045836745559,False
precision,coverage of topics (given in input),Coverage,1,78,43,1589,79,44,1711,0.4804239034442155,0.6850959097418099,0.4078374695346525,0.8397045836745559,False
bleurt,coverage of topics (given in input),Coverage,7,103,37,1564,110,44,1711,2.7535626535626534,4.955831308314171,0.0260028200783675,0.4572634138598881,False
ter,coverage of topics (given in input),Coverage,2,48,42,1619,50,44,1711,1.581904761904762,0.3615134183347048,0.5476669207970304,0.8397045836745559,False
feqa,coverage of topics (given in input),Coverage,0,10,44,1657,10,44,1711,0.0,0.5225965888465802,0.4697361480022705,0.8397045836745559,False
sari,coverage of topics (given in input),Coverage,0,25,44,1642,25,44,1711,0.0,1.312357338181399,0.2519682896244148,0.8397045836745559,False
cosine similarity,coverage of topics (given in input),Coverage,0,24,44,1643,24,44,1711,0.0,1.259485528304797,0.261748495522024,0.8397045836745559,False
accuracy,coverage of topics (given in input),Coverage,3,183,41,1484,186,44,1711,0.599921321793863,0.8668989496342014,0.3518152434245006,0.8397045836745559,False
summac,coverage of topics (given in input),Coverage,2,13,42,1654,15,44,1711,5.384126984126984,3.6017776673085824,0.0577178217374077,0.6452795683107804,False
clip,coverage of topics (given in input),Coverage,1,12,43,1655,13,44,1711,3.037567084078712,0.9060893937310364,0.3411541512133871,0.8397045836745559,False
cider,coverage of topics (given in input),Coverage,3,73,41,1594,76,44,1711,1.5741335044929397,0.5217013838213607,0.4701168211149926,0.8397045836745559,False
exact match,coverage of topics (given in input),Coverage,1,66,43,1601,67,44,1711,0.5706351961124609,0.3784376715375528,0.5384405562935349,0.8397045836745559,False
chrf++,coverage of topics (given in input),Coverage,1,22,43,1645,23,44,1711,1.7067745197168858,0.2446849477404094,0.6208426875075985,0.8397045836745559,False
blanc,coverage of topics (given in input),Coverage,3,10,41,1657,13,44,1711,9.557223264540337,8.610046007494422,0.0033431385747761,0.1414902519389151,False
diversity,coverage of topics (given in input),Coverage,0,10,44,1657,10,44,1711,0.0,0.5225965888465802,0.4697361480022705,0.8397045836745559,False
coherence,coverage of topics (given in input),Coverage,0,10,44,1657,10,44,1711,0.0,0.5225965888465802,0.4697361480022705,0.8397045836745559,False
clipscore,coverage of topics (given in input),Coverage,0,15,44,1652,15,44,1711,0.0,0.7850633858398771,0.3755970359461368,0.8397045836745559,False
hits,coverage of topics (given in input),Coverage,1,15,43,1652,16,44,1711,2.4636627906976742,0.6297183662157251,0.4274586378248787,0.8397045836745559,False
win rate,coverage of topics (given in input),Coverage,0,14,44,1653,14,44,1711,0.0,0.7325073592807051,0.3920716611634782,0.8397045836745559,False
balanced accuracy,coverage of topics (given in input),Coverage,0,10,44,1657,10,44,1711,0.0,0.5225965888465802,0.4697361480022705,0.8397045836745559,False
ibleu,coverage of topics (given in input),Coverage,0,12,44,1655,12,44,1711,0.0,0.6274893816643116,0.4282777233770638,0.8397045836745559,False
self bleu,coverage of topics (given in input),Coverage,0,30,44,1637,30,44,1711,0.0,1.5771939612686263,0.2091653441410641,0.8397045836745559,False
spearman,coverage of topics (given in input),Coverage,0,12,44,1655,12,44,1711,0.0,0.6274893816643116,0.4282777233770638,0.8397045836745559,False
kendall,coverage of topics (given in input),Coverage,0,11,44,1656,11,44,1711,0.0,0.5750273558124819,0.4482680663303278,0.8397045836745559,False
coverage,coverage of topics (given in input),Coverage,3,19,41,1648,22,44,1711,5.617516629711751,5.5709875759028575,0.0182604588853104,0.3816483679498907,False
density,coverage of topics (given in input),Coverage,0,10,44,1657,10,44,1711,0.0,0.5225965888465802,0.4697361480022705,0.8397045836745559,False
ppl,coverage of topics (given in input),Coverage,0,19,44,1648,19,44,1711,0.0,0.995601952822782,0.3183770518822049,0.8397045836745559,False
kendall s tau,coverage of topics (given in input),Coverage,0,11,44,1656,11,44,1711,0.0,0.5750273558124819,0.4482680663303278,0.8397045836745559,False
success rate,coverage of topics (given in input),Coverage,0,25,44,1642,25,44,1711,0.0,1.312357338181399,0.2519682896244148,0.8397045836745559,False
supert,coverage of topics (given in input),Coverage,2,8,42,1659,10,44,1711,8.100000000000001,5.123577369343998,0.0236029108393087,0.43615519748131,False
summaqa,coverage of topics (given in input),Coverage,1,9,43,1658,10,44,1711,3.955813953488372,1.30159069964405,0.25392286834935,0.8397045836745559,False
spice,coverage of topics (given in input),Coverage,2,22,42,1645,24,44,1711,3.3472222222222223,2.0664685484059877,0.1505698202813274,0.8397045836745559,False
length,coverage of topics (given in input),Coverage,0,16,44,1651,16,44,1711,0.0,0.8376508208749408,0.3600695026515056,0.8397045836745559,False
parent,coverage of topics (given in input),Coverage,3,14,41,1653,17,44,1711,7.291248206599714,7.00715129426029,0.008118475737204,0.2456276349733291,False
consistency,coverage of topics (given in input),Coverage,1,13,43,1654,14,44,1711,2.818936877076412,0.8034066232565706,0.3700767929422593,0.8397045836745559,False
mrr,coverage of topics (given in input),Coverage,2,24,42,1643,26,44,1711,3.086080586080586,1.833654600844144,0.1756964914749209,0.8397045836745559,False
embedding,coverage of topics (given in input),Coverage,1,25,43,1642,26,44,1711,1.507155635062612,0.1492858093282839,0.6992188007890203,0.8397045836745559,False
vector extrema,coverage of topics (given in input),Coverage,1,15,43,1652,16,44,1711,2.4636627906976742,0.6297183662157251,0.4274586378248787,0.8397045836745559,False
greedy matching,coverage of topics (given in input),Coverage,1,13,43,1654,14,44,1711,2.818936877076412,0.8034066232565706,0.3700767929422593,0.8397045836745559,False
dist,coverage of topics (given in input),Coverage,0,23,44,1644,23,44,1711,0.0,1.2066454674323654,0.2719974975331026,0.8397045836745559,False
ruber,coverage of topics (given in input),Coverage,1,10,43,1657,11,44,1711,3.5940803382663846,1.152479792078715,0.283030643375073,0.8397045836745559,False
bert,coverage of topics (given in input),Coverage,0,10,44,1657,10,44,1711,0.0,0.5225965888465802,0.4697361480022705,0.8397045836745559,False
xcomet,coverage of topics (given in input),Coverage,0,13,44,1654,13,44,1711,0.0,0.6799827036987924,0.4095926801025661,0.8397045836745559,False
auroc,coverage of topics (given in input),Coverage,0,10,44,1657,10,44,1711,0.0,0.5225965888465802,0.4697361480022705,0.8397045836745559,False
entailment,coverage of topics (given in input),Coverage,0,11,44,1656,11,44,1711,0.0,0.5750273558124819,0.4482680663303278,0.8397045836745559,False
sacrebleu,coverage of topics (given in input),Coverage,0,18,44,1649,18,44,1711,0.0,0.9429200667000092,0.3315280049514308,0.8397045836745559,False
gleu,coverage of topics (given in input),Coverage,0,14,44,1653,14,44,1711,0.0,0.7325073592807051,0.3920716611634782,0.8397045836745559,False
entropy,coverage of topics (given in input),Coverage,0,18,44,1649,18,44,1711,0.0,0.9429200667000092,0.3315280049514308,0.8397045836745559,False
maude,coverage of topics (given in input),Coverage,1,9,43,1658,10,44,1711,3.955813953488372,1.30159069964405,0.25392286834935,0.8397045836745559,False
nist,coverage of topics (given in input),Coverage,0,16,44,1651,16,44,1711,0.0,0.8376508208749408,0.3600695026515056,0.8397045836745559,False
auc,coverage of topics (given in input),Coverage,0,12,44,1655,12,44,1711,0.0,0.6274893816643116,0.4282777233770638,0.8397045836745559,False
prism,coverage of topics (given in input),Coverage,0,11,44,1656,11,44,1711,0.0,0.5750273558124819,0.4482680663303278,0.8397045836745559,False
bleu,control over multiple attributes,Multi-Attribute Control,1,741,7,962,742,8,1711,0.186561417019638,3.617181406789374,0.0571856799900828,0.6452795683107804,False
comet,control over multiple attributes,Multi-Attribute Control,0,70,8,1633,70,8,1711,0.0,0.6699556058305524,0.4130670852878243,0.8397045836745559,False
rouge,control over multiple attributes,Multi-Attribute Control,1,664,7,1039,665,8,1711,0.224704618689581,2.762225723255064,0.0965138769526588,0.8010858284512915,False
roc auc,control over multiple attributes,Multi-Attribute Control,0,11,8,1692,11,8,1711,0.0,0.1034386936389335,0.747741451202653,0.8397045836745559,False
bertscore,control over multiple attributes,Multi-Attribute Control,1,361,7,1342,362,8,1711,0.5323599052880821,0.407745102710169,0.5231162265887026,0.8397045836745559,False
distinct,control over multiple attributes,Multi-Attribute Control,2,123,6,1580,125,8,1711,4.229333333333334,2.396506168623807,0.1216065758449681,0.8397045836745559,False
f1,control over multiple attributes,Multi-Attribute Control,1,234,7,1469,235,8,1711,0.8972644376899697,0.0106130468143286,0.9179473811539683,0.9365617159863489,False
recall,control over multiple attributes,Multi-Attribute Control,0,112,8,1591,112,8,1711,0.0,1.0858214498217655,0.2973988984312131,0.8397045836745559,False
meteor,control over multiple attributes,Multi-Attribute Control,1,257,7,1446,258,8,1711,0.8045404208194906,0.0438864857225212,0.8340649481087655,0.8696108553628925,False
knowledge f1,control over multiple attributes,Multi-Attribute Control,0,13,8,1690,13,8,1711,0.0,0.1223177869227191,0.7265341326751111,0.8397045836745559,False
acc,control over multiple attributes,Multi-Attribute Control,0,11,8,1692,11,8,1711,0.0,0.1034386936389335,0.747741451202653,0.8397045836745559,False
dae,control over multiple attributes,Multi-Attribute Control,0,17,8,1686,17,8,1711,0.0,0.160142934107055,0.6890249549478697,0.8397045836745559,False
mauve,control over multiple attributes,Multi-Attribute Control,0,10,8,1693,10,8,1711,0.0,0.0940074940440459,0.7591429698220056,0.8397045836745559,False
factcc,control over multiple attributes,Multi-Attribute Control,0,33,8,1670,33,8,1711,0.0,0.3123441309241057,0.5762452827225644,0.8397045836745559,False
comet qe,control over multiple attributes,Multi-Attribute Control,0,10,8,1693,10,8,1711,0.0,0.0940074940440459,0.7591429698220056,0.8397045836745559,False
unieval,control over multiple attributes,Multi-Attribute Control,0,22,8,1681,22,8,1711,0.0,0.2075504649871047,0.6486941364877972,0.8397045836745559,False
chrf,control over multiple attributes,Multi-Attribute Control,0,60,8,1643,60,8,1711,0.0,0.5725129681698481,0.4492620542376538,0.8397045836745559,False
questeval,control over multiple attributes,Multi-Attribute Control,0,27,8,1676,27,8,1711,0.0,0.2550988807965986,0.6135074632281783,0.8397045836745559,False
qafacteval,control over multiple attributes,Multi-Attribute Control,0,12,8,1691,12,8,1711,0.0,0.1128754557435644,0.7368939216332349,0.8397045836745559,False
spearman correlation,control over multiple attributes,Multi-Attribute Control,0,25,8,1678,25,8,1711,0.0,0.236062554697881,0.6270645221431461,0.8397045836745559,False
pearson correlation,control over multiple attributes,Multi-Attribute Control,0,33,8,1670,33,8,1711,0.0,0.3123441309241057,0.5762452827225644,0.8397045836745559,False
moverscore,control over multiple attributes,Multi-Attribute Control,0,55,8,1648,55,8,1711,0.0,0.5240132906490216,0.4691347291818279,0.8397045836745559,False
g eval,control over multiple attributes,Multi-Attribute Control,0,19,8,1684,19,8,1711,0.0,0.1790890937077441,0.6721572304091078,0.8397045836745559,False
usr,control over multiple attributes,Multi-Attribute Control,0,12,8,1691,12,8,1711,0.0,0.1128754557435644,0.7368939216332349,0.8397045836745559,False
bartscore,control over multiple attributes,Multi-Attribute Control,0,64,8,1639,64,8,1711,0.0,0.6114188390965227,0.4342540917730623,0.8397045836745559,False
qags,control over multiple attributes,Multi-Attribute Control,0,10,8,1693,10,8,1711,0.0,0.0940074940440459,0.7591429698220056,0.8397045836745559,False
perplexity,control over multiple attributes,Multi-Attribute Control,2,164,6,1539,166,8,1711,3.1024096385542173,1.5687301206999442,0.210391526829957,0.8397045836745559,False
ndcg,control over multiple attributes,Multi-Attribute Control,0,21,8,1682,21,8,1711,0.0,0.1980577147601258,0.6562931914552839,0.8397045836745559,False
map,control over multiple attributes,Multi-Attribute Control,0,12,8,1691,12,8,1711,0.0,0.1128754557435644,0.7368939216332349,0.8397045836745559,False
precision,control over multiple attributes,Multi-Attribute Control,0,79,8,1624,79,8,1711,0.0,0.7581642752955324,0.3839036192154401,0.8397045836745559,False
bleurt,control over multiple attributes,Multi-Attribute Control,0,110,8,1593,110,8,1711,0.0,1.0657712799038774,0.3019025707958375,0.8397045836745559,False
ter,control over multiple attributes,Multi-Attribute Control,0,50,8,1653,50,8,1711,0.0,0.4756601829102969,0.4903946794950587,0.8397045836745559,False
feqa,control over multiple attributes,Multi-Attribute Control,0,10,8,1693,10,8,1711,0.0,0.0940074940440459,0.7591429698220056,0.8397045836745559,False
sari,control over multiple attributes,Multi-Attribute Control,0,25,8,1678,25,8,1711,0.0,0.236062554697881,0.6270645221431461,0.8397045836745559,False
cosine similarity,control over multiple attributes,Multi-Attribute Control,0,24,8,1679,24,8,1711,0.0,0.2265528782548013,0.6340916815227524,0.8397045836745559,False
accuracy,control over multiple attributes,Multi-Attribute Control,0,186,8,1517,186,8,1711,0.0,1.8459146888048688,0.1742592887919569,0.8397045836745559,False
summac,control over multiple attributes,Multi-Attribute Control,0,15,8,1688,15,8,1711,0.0,0.1412191828267678,0.707071975358851,0.8397045836745559,False
clip,control over multiple attributes,Multi-Attribute Control,0,13,8,1690,13,8,1711,0.0,0.1223177869227191,0.7265341326751111,0.8397045836745559,False
cider,control over multiple attributes,Multi-Attribute Control,0,76,8,1627,76,8,1711,0.0,0.728707319191808,0.3933025178016058,0.8397045836745559,False
exact match,control over multiple attributes,Multi-Attribute Control,1,66,7,1637,67,8,1711,3.5053304904051172,1.0185829782413305,0.3128553666383217,0.8397045836745559,False
chrf++,control over multiple attributes,Multi-Attribute Control,0,23,8,1680,23,8,1711,0.0,0.2170488505864791,0.6412978051974794,0.8397045836745559,False
blanc,control over multiple attributes,Multi-Attribute Control,0,13,8,1690,13,8,1711,0.0,0.1223177869227191,0.7265341326751111,0.8397045836745559,False
diversity,control over multiple attributes,Multi-Attribute Control,0,10,8,1693,10,8,1711,0.0,0.0940074940440459,0.7591429698220056,0.8397045836745559,False
coherence,control over multiple attributes,Multi-Attribute Control,0,10,8,1693,10,8,1711,0.0,0.0940074940440459,0.7591429698220056,0.8397045836745559,False
clipscore,control over multiple attributes,Multi-Attribute Control,0,15,8,1688,15,8,1711,0.0,0.1412191828267678,0.707071975358851,0.8397045836745559,False
hits,control over multiple attributes,Multi-Attribute Control,0,16,8,1687,16,8,1711,0.0,0.1506782607399338,0.6978880289407012,0.8397045836745559,False
win rate,control over multiple attributes,Multi-Attribute Control,0,14,8,1689,14,8,1711,0.0,0.1317656937541935,0.7166082862822096,0.8397045836745559,False
balanced accuracy,control over multiple attributes,Multi-Attribute Control,0,10,8,1693,10,8,1711,0.0,0.0940074940440459,0.7591429698220056,0.8397045836745559,False
ibleu,control over multiple attributes,Multi-Attribute Control,0,12,8,1691,12,8,1711,0.0,0.1128754557435644,0.7368939216332349,0.8397045836745559,False
self bleu,control over multiple attributes,Multi-Attribute Control,0,30,8,1673,30,8,1711,0.0,0.283695904116978,0.5942889593217751,0.8397045836745559,False
spearman,control over multiple attributes,Multi-Attribute Control,0,12,8,1691,12,8,1711,0.0,0.1128754557435644,0.7368939216332349,0.8397045836745559,False
kendall,control over multiple attributes,Multi-Attribute Control,0,11,8,1692,11,8,1711,0.0,0.1034386936389335,0.747741451202653,0.8397045836745559,False
coverage,control over multiple attributes,Multi-Attribute Control,0,22,8,1681,22,8,1711,0.0,0.2075504649871047,0.6486941364877972,0.8397045836745559,False
density,control over multiple attributes,Multi-Attribute Control,0,10,8,1693,10,8,1711,0.0,0.0940074940440459,0.7591429698220056,0.8397045836745559,False
ppl,control over multiple attributes,Multi-Attribute Control,0,19,8,1684,19,8,1711,0.0,0.1790890937077441,0.6721572304091078,0.8397045836745559,False
kendall s tau,control over multiple attributes,Multi-Attribute Control,0,11,8,1692,11,8,1711,0.0,0.1034386936389335,0.747741451202653,0.8397045836745559,False
success rate,control over multiple attributes,Multi-Attribute Control,0,25,8,1678,25,8,1711,0.0,0.236062554697881,0.6270645221431461,0.8397045836745559,False
supert,control over multiple attributes,Multi-Attribute Control,0,10,8,1693,10,8,1711,0.0,0.0940074940440459,0.7591429698220056,0.8397045836745559,False
summaqa,control over multiple attributes,Multi-Attribute Control,0,10,8,1693,10,8,1711,0.0,0.0940074940440459,0.7591429698220056,0.8397045836745559,False
spice,control over multiple attributes,Multi-Attribute Control,0,24,8,1679,24,8,1711,0.0,0.2265528782548013,0.6340916815227524,0.8397045836745559,False
length,control over multiple attributes,Multi-Attribute Control,0,16,8,1687,16,8,1711,0.0,0.1506782607399338,0.6978880289407012,0.8397045836745559,False
parent,control over multiple attributes,Multi-Attribute Control,0,17,8,1686,17,8,1711,0.0,0.160142934107055,0.6890249549478697,0.8397045836745559,False
consistency,control over multiple attributes,Multi-Attribute Control,0,14,8,1689,14,8,1711,0.0,0.1317656937541935,0.7166082862822096,0.8397045836745559,False
mrr,control over multiple attributes,Multi-Attribute Control,0,26,8,1677,26,8,1711,0.0,0.2455778866350139,0.6202061808942274,0.8397045836745559,False
embedding,control over multiple attributes,Multi-Attribute Control,0,26,8,1677,26,8,1711,0.0,0.2455778866350139,0.6202061808942274,0.8397045836745559,False
vector extrema,control over multiple attributes,Multi-Attribute Control,0,16,8,1687,16,8,1711,0.0,0.1506782607399338,0.6978880289407012,0.8397045836745559,False
greedy matching,control over multiple attributes,Multi-Attribute Control,0,14,8,1689,14,8,1711,0.0,0.1317656937541935,0.7166082862822096,0.8397045836745559,False
dist,control over multiple attributes,Multi-Attribute Control,0,23,8,1680,23,8,1711,0.0,0.2170488505864791,0.6412978051974794,0.8397045836745559,False
ruber,control over multiple attributes,Multi-Attribute Control,0,11,8,1692,11,8,1711,0.0,0.1034386936389335,0.747741451202653,0.8397045836745559,False
bert,control over multiple attributes,Multi-Attribute Control,0,10,8,1693,10,8,1711,0.0,0.0940074940440459,0.7591429698220056,0.8397045836745559,False
xcomet,control over multiple attributes,Multi-Attribute Control,0,13,8,1690,13,8,1711,0.0,0.1223177869227191,0.7265341326751111,0.8397045836745559,False
auroc,control over multiple attributes,Multi-Attribute Control,0,10,8,1693,10,8,1711,0.0,0.0940074940440459,0.7591429698220056,0.8397045836745559,False
entailment,control over multiple attributes,Multi-Attribute Control,0,11,8,1692,11,8,1711,0.0,0.1034386936389335,0.747741451202653,0.8397045836745559,False
sacrebleu,control over multiple attributes,Multi-Attribute Control,0,18,8,1685,18,8,1711,0.0,0.1696132095511039,0.6804557895557767,0.8397045836745559,False
gleu,control over multiple attributes,Multi-Attribute Control,0,14,8,1689,14,8,1711,0.0,0.1317656937541935,0.7166082862822096,0.8397045836745559,False
entropy,control over multiple attributes,Multi-Attribute Control,0,18,8,1685,18,8,1711,0.0,0.1696132095511039,0.6804557895557767,0.8397045836745559,False
maude,control over multiple attributes,Multi-Attribute Control,0,10,8,1693,10,8,1711,0.0,0.0940074940440459,0.7591429698220056,0.8397045836745559,False
nist,control over multiple attributes,Multi-Attribute Control,0,16,8,1687,16,8,1711,0.0,0.1506782607399338,0.6978880289407012,0.8397045836745559,False
auc,control over multiple attributes,Multi-Attribute Control,0,12,8,1691,12,8,1711,0.0,0.1128754557435644,0.7368939216332349,0.8397045836745559,False
prism,control over multiple attributes,Multi-Attribute Control,0,11,8,1692,11,8,1711,0.0,0.1034386936389335,0.747741451202653,0.8397045836745559,False
bleu,effect on user stance,User-Stance Effect,4,738,15,954,742,19,1711,0.3482479784366577,4.227346579402891,0.0397775803326512,0.5471942706118337,False
comet,effect on user stance,User-Stance Effect,0,70,19,1622,70,19,1711,0.0,1.596411665955512,0.2064124721654596,0.8397045836745559,False
rouge,effect on user stance,User-Stance Effect,3,662,16,1030,665,19,1711,0.2949248120300752,4.891237726000851,0.0269933278454129,0.4599382614698937,False
roc auc,effect on user stance,User-Stance Effect,0,11,19,1681,11,19,1711,0.0,0.2464657058918378,0.6195747510729686,0.8397045836745559,False
bertscore,effect on user stance,User-Stance Effect,4,358,15,1334,362,19,1711,0.9937384898710864,0.0001261398083942,0.9910389889112092,0.9920976296745816,False
distinct,effect on user stance,User-Stance Effect,0,125,19,1567,125,19,1711,0.0,2.8995471186563124,0.0886044431374773,0.7714021477429107,False
f1,effect on user stance,User-Stance Effect,3,232,16,1460,235,19,1711,1.1776595744680851,0.0658314749439973,0.7975057563291446,0.8459317997315188,False
recall,effect on user stance,User-Stance Effect,1,111,18,1581,112,19,1711,0.7931547619047619,0.0551285473109683,0.8143680878973913,0.8527142309029349,False
meteor,effect on user stance,User-Stance Effect,1,257,18,1435,258,19,1711,0.3128768303186907,1.848584810035914,0.173948079076304,0.8397045836745559,False
knowledge f1,effect on user stance,User-Stance Effect,0,13,19,1679,13,19,1711,0.0,0.291449908244062,0.5892928897334485,0.8397045836745559,False
acc,effect on user stance,User-Stance Effect,0,11,19,1681,11,19,1711,0.0,0.2464657058918378,0.6195747510729686,0.8397045836745559,False
dae,effect on user stance,User-Stance Effect,0,17,19,1675,17,19,1711,0.0,0.3815783867254789,0.5367597187284248,0.8397045836745559,False
mauve,effect on user stance,User-Stance Effect,0,10,19,1682,10,19,1711,0.0,0.2239935587033192,0.6360137302115412,0.8397045836745559,False
factcc,effect on user stance,User-Stance Effect,0,33,19,1659,33,19,1711,0.0,0.7442453255461066,0.3883043335221615,0.8397045836745559,False
comet qe,effect on user stance,User-Stance Effect,0,10,19,1682,10,19,1711,0.0,0.2239935587033192,0.6360137302115412,0.8397045836745559,False
unieval,effect on user stance,User-Stance Effect,0,22,19,1670,22,19,1711,0.0,0.494540432097523,0.4819088824128053,0.8397045836745559,False
chrf,effect on user stance,User-Stance Effect,0,60,19,1632,60,19,1711,0.0,1.3642054630154827,0.2428099657913597,0.8397045836745559,False
questeval,effect on user stance,User-Stance Effect,0,27,19,1665,27,19,1711,0.0,0.607839283151622,0.4356025200051304,0.8397045836745559,False
qafacteval,effect on user stance,User-Stance Effect,0,12,19,1680,12,19,1711,0.0,0.2689511504899928,0.6040362186228043,0.8397045836745559,False
spearman correlation,effect on user stance,User-Stance Effect,0,25,19,1667,25,19,1711,0.0,0.5624791975264125,0.4532630574123721,0.8397045836745559,False
pearson correlation,effect on user stance,User-Stance Effect,1,32,18,1660,33,19,1711,2.824915824915825,0.7750893559381309,0.3786472095697056,0.8397045836745559,False
moverscore,effect on user stance,User-Stance Effect,0,55,19,1637,55,19,1711,0.0,1.2486323113482856,0.2638138592447244,0.8397045836745559,False
g eval,effect on user stance,User-Stance Effect,0,19,19,1673,19,19,1711,0.0,0.4267229163701388,0.5136013600032909,0.8397045836745559,False
usr,effect on user stance,User-Stance Effect,0,12,19,1680,12,19,1711,0.0,0.2689511504899928,0.6040362186228043,0.8397045836745559,False
bartscore,effect on user stance,User-Stance Effect,0,64,19,1628,64,19,1711,0.0,1.4569177390773926,0.2274211781004031,0.8397045836745559,False
qags,effect on user stance,User-Stance Effect,0,10,19,1682,10,19,1711,0.0,0.2239935587033192,0.6360137302115412,0.8397045836745559,False
perplexity,effect on user stance,User-Stance Effect,1,165,18,1527,166,19,1711,0.5170682730923695,0.5091311678277632,0.4755152089353207,0.8397045836745559,False
ndcg,effect on user stance,User-Stance Effect,0,21,19,1671,21,19,1711,0.0,0.4719211427143899,0.4921046782384163,0.8397045836745559,False
map,effect on user stance,User-Stance Effect,0,12,19,1680,12,19,1711,0.0,0.2689511504899928,0.6040362186228043,0.8397045836745559,False
precision,effect on user stance,User-Stance Effect,0,79,19,1613,79,19,1711,0.0,1.8066174181887251,0.178914535660389,0.8397045836745559,False
bleurt,effect on user stance,User-Stance Effect,0,110,19,1582,110,19,1711,0.0,2.5396916298151275,0.1110164663602114,0.8397045836745559,False
ter,effect on user stance,User-Stance Effect,0,50,19,1642,50,19,1711,0.0,1.133409602040928,0.2870492314693881,0.8397045836745559,False
feqa,effect on user stance,User-Stance Effect,0,10,19,1682,10,19,1711,0.0,0.2239935587033192,0.6360137302115412,0.8397045836745559,False
sari,effect on user stance,User-Stance Effect,0,25,19,1667,25,19,1711,0.0,0.5624791975264125,0.4532630574123721,0.8397045836745559,False
cosine similarity,effect on user stance,User-Stance Effect,1,23,18,1669,24,19,1711,3.905092592592592,1.2300321618565413,0.2674007834474534,0.8397045836745559,False
accuracy,effect on user stance,User-Stance Effect,0,186,19,1506,186,19,1711,0.0,4.399113739994586,0.0359576122191923,0.5324648671735935,False
summac,effect on user stance,User-Stance Effect,0,15,19,1677,15,19,1711,0.0,0.336487426344517,0.5618637973649256,0.8397045836745559,False
clip,effect on user stance,User-Stance Effect,0,13,19,1679,13,19,1711,0.0,0.291449908244062,0.5892928897334485,0.8397045836745559,False
cider,effect on user stance,User-Stance Effect,0,76,19,1616,76,19,1711,0.0,1.7364195531679387,0.1875931332155124,0.8397045836745559,False
exact match,effect on user stance,User-Stance Effect,1,66,18,1626,67,19,1711,1.36318407960199,0.0840591664094936,0.7718701048409662,0.8397045836745559,False
chrf++,effect on user stance,User-Stance Effect,0,23,19,1669,23,19,1711,0.0,0.5171731936501924,0.4720500143611975,0.8397045836745559,False
blanc,effect on user stance,User-Stance Effect,0,13,19,1679,13,19,1711,0.0,0.291449908244062,0.5892928897334485,0.8397045836745559,False
diversity,effect on user stance,User-Stance Effect,0,10,19,1682,10,19,1711,0.0,0.2239935587033192,0.6360137302115412,0.8397045836745559,False
coherence,effect on user stance,User-Stance Effect,0,10,19,1682,10,19,1711,0.0,0.2239935587033192,0.6360137302115412,0.8397045836745559,False
clipscore,effect on user stance,User-Stance Effect,0,15,19,1677,15,19,1711,0.0,0.336487426344517,0.5618637973649256,0.8397045836745559,False
hits,effect on user stance,User-Stance Effect,0,16,19,1676,16,19,1711,0.0,0.3590262183237863,0.5490475468665074,0.8397045836745559,False
win rate,effect on user stance,User-Stance Effect,0,14,19,1678,14,19,1711,0.0,0.3139619949276799,0.5752590625708633,0.8397045836745559,False
balanced accuracy,effect on user stance,User-Stance Effect,0,10,19,1682,10,19,1711,0.0,0.2239935587033192,0.6360137302115412,0.8397045836745559,False
ibleu,effect on user stance,User-Stance Effect,0,12,19,1680,12,19,1711,0.0,0.2689511504899928,0.6040362186228043,0.8397045836745559,False
self bleu,effect on user stance,User-Stance Effect,0,30,19,1662,30,19,1711,0.0,0.6759810977741907,0.410974063375546,0.8397045836745559,False
spearman,effect on user stance,User-Stance Effect,0,12,19,1680,12,19,1711,0.0,0.2689511504899928,0.6040362186228043,0.8397045836745559,False
kendall,effect on user stance,User-Stance Effect,0,11,19,1681,11,19,1711,0.0,0.2464657058918378,0.6195747510729686,0.8397045836745559,False
coverage,effect on user stance,User-Stance Effect,0,22,19,1670,22,19,1711,0.0,0.494540432097523,0.4819088824128053,0.8397045836745559,False
density,effect on user stance,User-Stance Effect,0,10,19,1682,10,19,1711,0.0,0.2239935587033192,0.6360137302115412,0.8397045836745559,False
ppl,effect on user stance,User-Stance Effect,0,19,19,1673,19,19,1711,0.0,0.4267229163701388,0.5136013600032909,0.8397045836745559,False
kendall s tau,effect on user stance,User-Stance Effect,0,11,19,1681,11,19,1711,0.0,0.2464657058918378,0.6195747510729686,0.8397045836745559,False
success rate,effect on user stance,User-Stance Effect,3,22,16,1670,25,19,1711,12.644999999999998,9.568468518166856,0.0019794784580085,0.0980048701485536,False
supert,effect on user stance,User-Stance Effect,0,10,19,1682,10,19,1711,0.0,0.2239935587033192,0.6360137302115412,0.8397045836745559,False
summaqa,effect on user stance,User-Stance Effect,0,10,19,1682,10,19,1711,0.0,0.2239935587033192,0.6360137302115412,0.8397045836745559,False
spice,effect on user stance,User-Stance Effect,0,24,19,1668,24,19,1711,0.0,0.5398194434314256,0.4625075645724129,0.8397045836745559,False
length,effect on user stance,User-Stance Effect,0,16,19,1676,16,19,1711,0.0,0.3590262183237863,0.5490475468665074,0.8397045836745559,False
parent,effect on user stance,User-Stance Effect,0,17,19,1675,17,19,1711,0.0,0.3815783867254789,0.5367597187284248,0.8397045836745559,False
consistency,effect on user stance,User-Stance Effect,0,14,19,1678,14,19,1711,0.0,0.3139619949276799,0.5752590625708633,0.8397045836745559,False
mrr,effect on user stance,User-Stance Effect,0,26,19,1666,26,19,1711,0.0,0.585152472052094,0.4442997736157883,0.8397045836745559,False
embedding,effect on user stance,User-Stance Effect,0,26,19,1666,26,19,1711,0.0,0.585152472052094,0.4442997736157883,0.8397045836745559,False
vector extrema,effect on user stance,User-Stance Effect,0,16,19,1676,16,19,1711,0.0,0.3590262183237863,0.5490475468665074,0.8397045836745559,False
greedy matching,effect on user stance,User-Stance Effect,0,14,19,1678,14,19,1711,0.0,0.3139619949276799,0.5752590625708633,0.8397045836745559,False
dist,effect on user stance,User-Stance Effect,0,23,19,1669,23,19,1711,0.0,0.5171731936501924,0.4720500143611975,0.8397045836745559,False
ruber,effect on user stance,User-Stance Effect,0,11,19,1681,11,19,1711,0.0,0.2464657058918378,0.6195747510729686,0.8397045836745559,False
bert,effect on user stance,User-Stance Effect,0,10,19,1682,10,19,1711,0.0,0.2239935587033192,0.6360137302115412,0.8397045836745559,False
xcomet,effect on user stance,User-Stance Effect,0,13,19,1679,13,19,1711,0.0,0.291449908244062,0.5892928897334485,0.8397045836745559,False
auroc,effect on user stance,User-Stance Effect,0,10,19,1682,10,19,1711,0.0,0.2239935587033192,0.6360137302115412,0.8397045836745559,False
entailment,effect on user stance,User-Stance Effect,0,11,19,1681,11,19,1711,0.0,0.2464657058918378,0.6195747510729686,0.8397045836745559,False
sacrebleu,effect on user stance,User-Stance Effect,0,18,19,1674,18,19,1711,0.0,0.404143947435586,0.5249568725040462,0.8397045836745559,False
gleu,effect on user stance,User-Stance Effect,0,14,19,1678,14,19,1711,0.0,0.3139619949276799,0.5752590625708633,0.8397045836745559,False
entropy,effect on user stance,User-Stance Effect,0,18,19,1674,18,19,1711,0.0,0.404143947435586,0.5249568725040462,0.8397045836745559,False
maude,effect on user stance,User-Stance Effect,0,10,19,1682,10,19,1711,0.0,0.2239935587033192,0.6360137302115412,0.8397045836745559,False
nist,effect on user stance,User-Stance Effect,0,16,19,1676,16,19,1711,0.0,0.3590262183237863,0.5490475468665074,0.8397045836745559,False
auc,effect on user stance,User-Stance Effect,0,12,19,1680,12,19,1711,0.0,0.2689511504899928,0.6040362186228043,0.8397045836745559,False
prism,effect on user stance,User-Stance Effect,0,11,19,1681,11,19,1711,0.0,0.2464657058918378,0.6195747510729686,0.8397045836745559,False
bleu,similarity/dissimilarity to non-target reference (content/meaning),Reference Similarity (content),11,731,11,958,742,22,1711,1.3059299191374665,0.3958183793472627,0.5292567603589994,0.8397045836745559,False
comet,similarity/dissimilarity to non-target reference (content/meaning),Reference Similarity (content),3,67,19,1622,70,22,1711,3.701503759398496,3.30705271556773,0.0689831088891926,0.6983500387895398,False
rouge,similarity/dissimilarity to non-target reference (content/meaning),Reference Similarity (content),5,660,17,1029,665,22,1711,0.462627156125608,2.6311771028098283,0.1047840041432366,0.8243145738950655,False
roc auc,similarity/dissimilarity to non-target reference (content/meaning),Reference Similarity (content),0,11,22,1678,11,22,1711,0.0,0.2856349948123782,0.5930314035405809,0.8397045836745559,False
bertscore,similarity/dissimilarity to non-target reference (content/meaning),Reference Similarity (content),5,357,17,1332,362,22,1711,1.0960350991225218,0.03236926839339,0.8572196019630628,0.8896314806008055,False
distinct,similarity/dissimilarity to non-target reference (content/meaning),Reference Similarity (content),0,125,22,1564,125,22,1711,0.0,3.3604617376952057,0.0667793420026145,0.6834204111344012,False
f1,similarity/dissimilarity to non-target reference (content/meaning),Reference Similarity (content),4,231,18,1458,235,22,1711,1.3957446808510638,0.3433629376007365,0.5578944728793311,0.8397045836745559,False
recall,similarity/dissimilarity to non-target reference (content/meaning),Reference Similarity (content),2,110,20,1579,112,22,1711,1.4276785714285714,0.2123706795336486,0.6449156013801556,0.8397045836745559,False
meteor,similarity/dissimilarity to non-target reference (content/meaning),Reference Similarity (content),4,254,18,1435,258,22,1711,1.251507321274763,0.1591299143932683,0.6899588497697658,0.8397045836745559,False
knowledge f1,similarity/dissimilarity to non-target reference (content/meaning),Reference Similarity (content),0,13,22,1676,13,22,1711,0.0,0.3377684403064854,0.5611201613638681,0.8397045836745559,False
acc,similarity/dissimilarity to non-target reference (content/meaning),Reference Similarity (content),0,11,22,1678,11,22,1711,0.0,0.2856349948123782,0.5930314035405809,0.8397045836745559,False
dae,similarity/dissimilarity to non-target reference (content/meaning),Reference Similarity (content),0,17,22,1672,17,22,1711,0.0,0.4422210117817181,0.5060524110406779,0.8397045836745559,False
mauve,similarity/dissimilarity to non-target reference (content/meaning),Reference Similarity (content),0,10,22,1679,10,22,1711,0.0,0.2595914179977956,0.6104009950986331,0.8397045836745559,False
factcc,similarity/dissimilarity to non-target reference (content/meaning),Reference Similarity (content),0,33,22,1656,33,22,1711,0.0,0.8625287577361029,0.3530320029932179,0.8397045836745559,False
comet qe,similarity/dissimilarity to non-target reference (content/meaning),Reference Similarity (content),0,10,22,1679,10,22,1711,0.0,0.2595914179977956,0.6104009950986331,0.8397045836745559,False
unieval,similarity/dissimilarity to non-target reference (content/meaning),Reference Similarity (content),0,22,22,1667,22,22,1711,0.0,0.5731363967358882,0.4490152806772329,0.8397045836745559,False
chrf,similarity/dissimilarity to non-target reference (content/meaning),Reference Similarity (content),0,60,22,1629,60,22,1711,0.0,1.5810312835376938,0.2086122079569528,0.8397045836745559,False
questeval,similarity/dissimilarity to non-target reference (content/meaning),Reference Similarity (content),0,27,22,1662,27,22,1711,0.0,0.7044424690532948,0.4012949743897084,0.8397045836745559,False
qafacteval,similarity/dissimilarity to non-target reference (content/meaning),Reference Similarity (content),0,12,22,1677,12,22,1711,0.0,0.3116939961550033,0.576642537279986,0.8397045836745559,False
spearman correlation,similarity/dissimilarity to non-target reference (content/meaning),Reference Similarity (content),1,24,21,1665,25,22,1711,3.2114285714285717,0.9533001422870606,0.3288806946878358,0.8397045836745559,False
pearson correlation,similarity/dissimilarity to non-target reference (content/meaning),Reference Similarity (content),0,33,22,1656,33,22,1711,0.0,0.8625287577361029,0.3530320029932179,0.8397045836745559,False
moverscore,similarity/dissimilarity to non-target reference (content/meaning),Reference Similarity (content),1,54,21,1635,55,22,1711,1.4337662337662336,0.1129725273330978,0.7367850065634102,0.8397045836745559,False
g eval,similarity/dissimilarity to non-target reference (content/meaning),Reference Similarity (content),0,19,22,1670,19,22,1711,0.0,0.494540432097523,0.4819088824128053,0.8397045836745559,False
usr,similarity/dissimilarity to non-target reference (content/meaning),Reference Similarity (content),0,12,22,1677,12,22,1711,0.0,0.3116939961550033,0.576642537279986,0.8397045836745559,False
bartscore,similarity/dissimilarity to non-target reference (content/meaning),Reference Similarity (content),1,63,21,1626,64,22,1711,1.2254464285714284,0.0376377995254126,0.8461722503836695,0.8792223806209507,False
qags,similarity/dissimilarity to non-target reference (content/meaning),Reference Similarity (content),0,10,22,1679,10,22,1711,0.0,0.2595914179977956,0.6104009950986331,0.8397045836745559,False
perplexity,similarity/dissimilarity to non-target reference (content/meaning),Reference Similarity (content),2,164,20,1525,166,22,1711,0.9307228915662652,0.0096791321434495,0.921628506327582,0.9392392421172812,False
ndcg,similarity/dissimilarity to non-target reference (content/meaning),Reference Similarity (content),0,21,22,1668,21,22,1711,0.0,0.5469221392315778,0.4595780406083672,0.8397045836745559,False
map,similarity/dissimilarity to non-target reference (content/meaning),Reference Similarity (content),1,11,21,1678,12,22,1711,6.742063492063492,2.141824547502787,0.1433313331707398,0.8397045836745559,False
precision,similarity/dissimilarity to non-target reference (content/meaning),Reference Similarity (content),2,77,20,1612,79,22,1711,2.0658227848101265,0.8014982907751109,0.3706457824394112,0.8397045836745559,False
bleurt,similarity/dissimilarity to non-target reference (content/meaning),Reference Similarity (content),2,108,20,1581,110,22,1711,1.4554545454545456,0.2347868243409876,0.6279969636537674,0.8397045836745559,False
ter,similarity/dissimilarity to non-target reference (content/meaning),Reference Similarity (content),0,50,22,1639,50,22,1711,0.0,1.313549269245698,0.2517530449553036,0.8397045836745559,False
feqa,similarity/dissimilarity to non-target reference (content/meaning),Reference Similarity (content),0,10,22,1679,10,22,1711,0.0,0.2595914179977956,0.6104009950986331,0.8397045836745559,False
sari,similarity/dissimilarity to non-target reference (content/meaning),Reference Similarity (content),0,25,22,1664,25,22,1711,0.0,0.6518730084253734,0.4194438251416202,0.8397045836745559,False
cosine similarity,similarity/dissimilarity to non-target reference (content/meaning),Reference Similarity (content),0,24,22,1665,24,22,1711,0.0,0.6256118126725314,0.4289695134906149,0.8397045836745559,False
accuracy,similarity/dissimilarity to non-target reference (content/meaning),Reference Similarity (content),2,184,20,1505,186,22,1711,0.8198924731182796,0.0766379219133448,0.7819063823526613,0.8414530350982423,False
summac,similarity/dissimilarity to non-target reference (content/meaning),Reference Similarity (content),0,15,22,1674,15,22,1711,0.0,0.3899637303280366,0.5323184672346434,0.8397045836745559,False
clip,similarity/dissimilarity to non-target reference (content/meaning),Reference Similarity (content),1,12,21,1677,13,22,1711,6.219780219780221,1.999846280000351,0.1573151605510002,0.8397045836745559,False
cider,similarity/dissimilarity to non-target reference (content/meaning),Reference Similarity (content),0,76,22,1613,76,22,1711,0.0,2.0124138207346194,0.1560169139933262,0.8397045836745559,False
exact match,similarity/dissimilarity to non-target reference (content/meaning),Reference Similarity (content),1,66,21,1623,67,22,1711,1.1684434968017057,0.022377194597878,0.8810880283677617,0.9073685190098144,False
chrf++,similarity/dissimilarity to non-target reference (content/meaning),Reference Similarity (content),2,21,20,1668,23,22,1711,7.339130434782609,4.507709741043955,0.0337423926410836,0.5116019320138794,False
blanc,similarity/dissimilarity to non-target reference (content/meaning),Reference Similarity (content),0,13,22,1676,13,22,1711,0.0,0.3377684403064854,0.5611201613638681,0.8397045836745559,False
diversity,similarity/dissimilarity to non-target reference (content/meaning),Reference Similarity (content),0,10,22,1679,10,22,1711,0.0,0.2595914179977956,0.6104009950986331,0.8397045836745559,False
coherence,similarity/dissimilarity to non-target reference (content/meaning),Reference Similarity (content),0,10,22,1679,10,22,1711,0.0,0.2595914179977956,0.6104009950986331,0.8397045836745559,False
clipscore,similarity/dissimilarity to non-target reference (content/meaning),Reference Similarity (content),3,12,19,1677,15,22,1711,17.85263157894737,11.803904926323536,0.0005910661740376,0.0435662258616522,True
hits,similarity/dissimilarity to non-target reference (content/meaning),Reference Similarity (content),0,16,22,1673,16,22,1711,0.0,0.4160846129239681,0.5188972403132373,0.8397045836745559,False
win rate,similarity/dissimilarity to non-target reference (content/meaning),Reference Similarity (content),0,14,22,1675,14,22,1711,0.0,0.3638583455824791,0.5463711785930916,0.8397045836745559,False
balanced accuracy,similarity/dissimilarity to non-target reference (content/meaning),Reference Similarity (content),0,10,22,1679,10,22,1711,0.0,0.2595914179977956,0.6104009950986331,0.8397045836745559,False
ibleu,similarity/dissimilarity to non-target reference (content/meaning),Reference Similarity (content),1,11,21,1678,12,22,1711,6.742063492063492,2.141824547502787,0.1433313331707398,0.8397045836745559,False
self bleu,similarity/dissimilarity to non-target reference (content/meaning),Reference Similarity (content),1,29,21,1660,30,22,1711,2.668253968253968,0.7073475226308321,0.400325778896145,0.8397045836745559,False
spearman,similarity/dissimilarity to non-target reference (content/meaning),Reference Similarity (content),0,12,22,1677,12,22,1711,0.0,0.3116939961550033,0.576642537279986,0.8397045836745559,False
kendall,similarity/dissimilarity to non-target reference (content/meaning),Reference Similarity (content),0,11,22,1678,11,22,1711,0.0,0.2856349948123782,0.5930314035405809,0.8397045836745559,False
coverage,similarity/dissimilarity to non-target reference (content/meaning),Reference Similarity (content),0,22,22,1667,22,22,1711,0.0,0.5731363967358882,0.4490152806772329,0.8397045836745559,False
density,similarity/dissimilarity to non-target reference (content/meaning),Reference Similarity (content),0,10,22,1679,10,22,1711,0.0,0.2595914179977956,0.6104009950986331,0.8397045836745559,False
ppl,similarity/dissimilarity to non-target reference (content/meaning),Reference Similarity (content),0,19,22,1670,19,22,1711,0.0,0.494540432097523,0.4819088824128053,0.8397045836745559,False
kendall s tau,similarity/dissimilarity to non-target reference (content/meaning),Reference Similarity (content),0,11,22,1678,11,22,1711,0.0,0.2856349948123782,0.5930314035405809,0.8397045836745559,False
success rate,similarity/dissimilarity to non-target reference (content/meaning),Reference Similarity (content),0,25,22,1664,25,22,1711,0.0,0.6518730084253734,0.4194438251416202,0.8397045836745559,False
supert,similarity/dissimilarity to non-target reference (content/meaning),Reference Similarity (content),0,10,22,1679,10,22,1711,0.0,0.2595914179977956,0.6104009950986331,0.8397045836745559,False
summaqa,similarity/dissimilarity to non-target reference (content/meaning),Reference Similarity (content),0,10,22,1679,10,22,1711,0.0,0.2595914179977956,0.6104009950986331,0.8397045836745559,False
spice,similarity/dissimilarity to non-target reference (content/meaning),Reference Similarity (content),0,24,22,1665,24,22,1711,0.0,0.6256118126725314,0.4289695134906149,0.8397045836745559,False
length,similarity/dissimilarity to non-target reference (content/meaning),Reference Similarity (content),0,16,22,1673,16,22,1711,0.0,0.4160846129239681,0.5188972403132373,0.8397045836745559,False
parent,similarity/dissimilarity to non-target reference (content/meaning),Reference Similarity (content),1,16,21,1673,17,22,1711,4.745098039215686,1.5440304163749357,0.2140188813683796,0.8397045836745559,False
consistency,similarity/dissimilarity to non-target reference (content/meaning),Reference Similarity (content),0,14,22,1675,14,22,1711,0.0,0.3638583455824791,0.5463711785930916,0.8397045836745559,False
mrr,similarity/dissimilarity to non-target reference (content/meaning),Reference Similarity (content),0,26,22,1663,26,22,1711,0.0,0.6781498876376472,0.4102245325125844,0.8397045836745559,False
embedding,similarity/dissimilarity to non-target reference (content/meaning),Reference Similarity (content),0,26,22,1663,26,22,1711,0.0,0.6781498876376472,0.4102245325125844,0.8397045836745559,False
vector extrema,similarity/dissimilarity to non-target reference (content/meaning),Reference Similarity (content),0,16,22,1673,16,22,1711,0.0,0.4160846129239681,0.5188972403132373,0.8397045836745559,False
greedy matching,similarity/dissimilarity to non-target reference (content/meaning),Reference Similarity (content),0,14,22,1675,14,22,1711,0.0,0.3638583455824791,0.5463711785930916,0.8397045836745559,False
dist,similarity/dissimilarity to non-target reference (content/meaning),Reference Similarity (content),1,22,21,1667,23,22,1711,3.494824016563147,1.0735364988009606,0.3001479986180242,0.8397045836745559,False
ruber,similarity/dissimilarity to non-target reference (content/meaning),Reference Similarity (content),0,11,22,1678,11,22,1711,0.0,0.2856349948123782,0.5930314035405809,0.8397045836745559,False
bert,similarity/dissimilarity to non-target reference (content/meaning),Reference Similarity (content),1,9,21,1680,10,22,1711,8.100000000000001,2.4745091753484214,0.1157055578462207,0.8397045836745559,False
xcomet,similarity/dissimilarity to non-target reference (content/meaning),Reference Similarity (content),0,13,22,1676,13,22,1711,0.0,0.3377684403064854,0.5611201613638681,0.8397045836745559,False
auroc,similarity/dissimilarity to non-target reference (content/meaning),Reference Similarity (content),0,10,22,1679,10,22,1711,0.0,0.2595914179977956,0.6104009950986331,0.8397045836745559,False
entailment,similarity/dissimilarity to non-target reference (content/meaning),Reference Similarity (content),0,11,22,1678,11,22,1711,0.0,0.2856349948123782,0.5930314035405809,0.8397045836745559,False
sacrebleu,similarity/dissimilarity to non-target reference (content/meaning),Reference Similarity (content),0,18,22,1671,18,22,1711,0.0,0.4683729453468433,0.4937366435338135,0.8397045836745559,False
gleu,similarity/dissimilarity to non-target reference (content/meaning),Reference Similarity (content),0,14,22,1675,14,22,1711,0.0,0.3638583455824791,0.5463711785930916,0.8397045836745559,False
entropy,similarity/dissimilarity to non-target reference (content/meaning),Reference Similarity (content),0,18,22,1671,18,22,1711,0.0,0.4683729453468433,0.4937366435338135,0.8397045836745559,False
maude,similarity/dissimilarity to non-target reference (content/meaning),Reference Similarity (content),0,10,22,1679,10,22,1711,0.0,0.2595914179977956,0.6104009950986331,0.8397045836745559,False
nist,similarity/dissimilarity to non-target reference (content/meaning),Reference Similarity (content),1,15,21,1674,16,22,1711,5.044642857142858,1.644170982482289,0.1997541520109516,0.8397045836745559,False
auc,similarity/dissimilarity to non-target reference (content/meaning),Reference Similarity (content),0,12,22,1677,12,22,1711,0.0,0.3116939961550033,0.576642537279986,0.8397045836745559,False
prism,similarity/dissimilarity to non-target reference (content/meaning),Reference Similarity (content),0,11,22,1678,11,22,1711,0.0,0.2856349948123782,0.5930314035405809,0.8397045836745559,False
bleu,task completion speed,Task Completion Speed,7,735,7,962,742,14,1711,1.3059299191374665,0.2506862174349769,0.6165923046454926,0.8397045836745559,False
comet,task completion speed,Task Completion Speed,1,69,13,1628,70,14,1711,1.803296703296703,0.2765775161811544,0.5989532587438855,0.8397045836745559,False
rouge,task completion speed,Task Completion Speed,4,661,10,1036,665,14,1711,0.629172932330827,0.6560643120089162,0.4179528372859212,0.8397045836745559,False
roc auc,task completion speed,Task Completion Speed,0,11,14,1686,11,14,1711,0.0,0.1813381338688013,0.6702257825865003,0.8397045836745559,False
bertscore,task completion speed,Task Completion Speed,2,360,12,1337,362,14,1711,0.6210865561694291,0.4379125463711366,0.5081317048656209,0.8397045836745559,False
distinct,task completion speed,Task Completion Speed,0,125,14,1572,125,14,1711,0.0,2.1332403701309226,0.1441357737640994,0.8397045836745559,False
f1,task completion speed,Task Completion Speed,2,233,12,1464,235,14,1711,1.0468085106382978,0.0035781805952609,0.9523006727288624,0.964057471157614,False
recall,task completion speed,Task Completion Speed,1,111,13,1586,112,14,1711,1.0982142857142856,0.008002759029944,0.9287178186264184,0.9448493936397806,False
meteor,task completion speed,Task Completion Speed,2,256,12,1441,258,14,1711,0.9386304909560724,0.0070372314088342,0.933145315319412,0.9484712222645404,False
knowledge f1,task completion speed,Task Completion Speed,0,13,14,1684,13,14,1711,0.0,0.2144352532645228,0.643313087344787,0.8397045836745559,False
acc,task completion speed,Task Completion Speed,0,11,14,1686,11,14,1711,0.0,0.1813381338688013,0.6702257825865003,0.8397045836745559,False
dae,task completion speed,Task Completion Speed,0,17,14,1680,17,14,1711,0.0,0.2807470908104529,0.5962119646066446,0.8397045836745559,False
mauve,task completion speed,Task Completion Speed,0,10,14,1687,10,14,1711,0.0,0.1648042334976582,0.6847713468570514,0.8397045836745559,False
factcc,task completion speed,Task Completion Speed,0,33,14,1664,33,14,1711,0.0,0.5475761474819116,0.4593097736813883,0.8397045836745559,False
comet qe,task completion speed,Task Completion Speed,0,10,14,1687,10,14,1711,0.0,0.1648042334976582,0.6847713468570514,0.8397045836745559,False
unieval,task completion speed,Task Completion Speed,0,22,14,1675,22,14,1711,0.0,0.3638583455824791,0.5463711785930916,0.8397045836745559,False
chrf,task completion speed,Task Completion Speed,1,59,13,1638,60,14,1711,2.1166666666666667,0.4286984258909978,0.5126283028546208,0.8397045836745559,False
questeval,task completion speed,Task Completion Speed,0,27,14,1670,27,14,1711,0.0,0.4472170321440943,0.503659512760365,0.8397045836745559,False
qafacteval,task completion speed,Task Completion Speed,0,12,14,1685,12,14,1711,0.0,0.1978818032741748,0.6564360533024336,0.8397045836745559,False
spearman correlation,task completion speed,Task Completion Speed,0,25,14,1672,25,14,1711,0.0,0.4138437714292972,0.5200249779924832,0.8397045836745559,False
pearson correlation,task completion speed,Task Completion Speed,0,33,14,1664,33,14,1711,0.0,0.5475761474819116,0.4593097736813883,0.8397045836745559,False
moverscore,task completion speed,Task Completion Speed,1,54,13,1643,55,14,1711,2.3160839160839157,0.5253223042080499,0.4685801265024297,0.8397045836745559,False
g eval,task completion speed,Task Completion Speed,0,19,14,1678,19,14,1711,0.0,0.3139619949276799,0.5752590625708633,0.8397045836745559,False
usr,task completion speed,Task Completion Speed,0,12,14,1685,12,14,1711,0.0,0.1978818032741748,0.6564360533024336,0.8397045836745559,False
bartscore,task completion speed,Task Completion Speed,0,64,14,1633,64,14,1711,0.0,1.07190749051356,0.3005149860666363,0.8397045836745559,False
qags,task completion speed,Task Completion Speed,0,10,14,1687,10,14,1711,0.0,0.1648042334976582,0.6847713468570514,0.8397045836745559,False
perplexity,task completion speed,Task Completion Speed,0,166,14,1531,166,14,1711,0.0,2.8698935225458393,0.0902508406019704,0.7790072557222713,False
ndcg,task completion speed,Task Completion Speed,1,20,13,1677,21,14,1711,6.19047619047619,1.9505700718506531,0.1625254333008436,0.8397045836745559,False
map,task completion speed,Task Completion Speed,0,12,14,1685,12,14,1711,0.0,0.1978818032741748,0.6564360533024336,0.8397045836745559,False
precision,task completion speed,Task Completion Speed,1,78,13,1619,79,14,1711,1.5890944498539437,0.1765894503578328,0.6743207458437018,0.8397045836745559,False
bleurt,task completion speed,Task Completion Speed,0,110,14,1587,110,14,1711,0.0,1.8685029894638965,0.1716466324939186,0.8397045836745559,False
ter,task completion speed,Task Completion Speed,1,49,13,1648,50,14,1711,2.5553846153846154,0.6390913627547521,0.4240400194919356,0.8397045836745559,False
feqa,task completion speed,Task Completion Speed,0,10,14,1687,10,14,1711,0.0,0.1648042334976582,0.6847713468570514,0.8397045836745559,False
sari,task completion speed,Task Completion Speed,0,25,14,1672,25,14,1711,0.0,0.4138437714292972,0.5200249779924832,0.8397045836745559,False
cosine similarity,task completion speed,Task Completion Speed,0,24,14,1673,24,14,1711,0.0,0.3971720459377413,0.5285533558158657,0.8397045836745559,False
accuracy,task completion speed,Task Completion Speed,2,184,12,1513,186,14,1711,1.3664874551971329,0.1564866677955458,0.6924119734463152,0.8397045836745559,False
summac,task completion speed,Task Completion Speed,0,15,14,1682,15,14,1711,0.0,0.2475715413054484,0.6187902444386513,0.8397045836745559,False
clip,task completion speed,Task Completion Speed,0,13,14,1684,13,14,1711,0.0,0.2144352532645228,0.643313087344787,0.8397045836745559,False
cider,task completion speed,Task Completion Speed,1,75,13,1622,76,14,1711,1.6548582995951415,0.2065812191543229,0.6494603086054783,0.8397045836745559,False
exact match,task completion speed,Task Completion Speed,0,67,14,1630,67,14,1711,0.0,1.1231742189367004,0.2892359877717792,0.8397045836745559,False
chrf++,task completion speed,Task Completion Speed,0,23,14,1674,23,14,1711,0.0,0.3805102412555813,0.5373302903185739,0.8397045836745559,False
blanc,task completion speed,Task Completion Speed,0,13,14,1684,13,14,1711,0.0,0.2144352532645228,0.643313087344787,0.8397045836745559,False
diversity,task completion speed,Task Completion Speed,0,10,14,1687,10,14,1711,0.0,0.1648042334976582,0.6847713468570514,0.8397045836745559,False
coherence,task completion speed,Task Completion Speed,0,10,14,1687,10,14,1711,0.0,0.1648042334976582,0.6847713468570514,0.8397045836745559,False
clipscore,task completion speed,Task Completion Speed,0,15,14,1682,15,14,1711,0.0,0.2475715413054484,0.6187902444386513,0.8397045836745559,False
hits,task completion speed,Task Completion Speed,1,15,13,1682,16,14,1711,8.149038461538462,2.4327824216148253,0.118821823955864,0.8397045836745559,False
win rate,task completion speed,Task Completion Speed,0,14,14,1683,14,14,1711,0.0,0.2309984954109216,0.6307844455850777,0.8397045836745559,False
balanced accuracy,task completion speed,Task Completion Speed,0,10,14,1687,10,14,1711,0.0,0.1648042334976582,0.6847713468570514,0.8397045836745559,False
ibleu,task completion speed,Task Completion Speed,0,12,14,1685,12,14,1711,0.0,0.1978818032741748,0.6564360533024336,0.8397045836745559,False
self bleu,task completion speed,Task Completion Speed,0,30,14,1667,30,14,1711,0.0,0.497351625503683,0.480666112052421,0.8397045836745559,False
spearman,task completion speed,Task Completion Speed,0,12,14,1685,12,14,1711,0.0,0.1978818032741748,0.6564360533024336,0.8397045836745559,False
kendall,task completion speed,Task Completion Speed,0,11,14,1686,11,14,1711,0.0,0.1813381338688013,0.6702257825865003,0.8397045836745559,False
coverage,task completion speed,Task Completion Speed,0,22,14,1675,22,14,1711,0.0,0.3638583455824791,0.5463711785930916,0.8397045836745559,False
density,task completion speed,Task Completion Speed,0,10,14,1687,10,14,1711,0.0,0.1648042334976582,0.6847713468570514,0.8397045836745559,False
ppl,task completion speed,Task Completion Speed,1,18,13,1679,19,14,1711,6.850202429149797,2.1250537388993154,0.1449076982992491,0.8397045836745559,False
kendall s tau,task completion speed,Task Completion Speed,0,11,14,1686,11,14,1711,0.0,0.1813381338688013,0.6702257825865003,0.8397045836745559,False
success rate,task completion speed,Task Completion Speed,3,22,11,1675,25,14,1711,18.39272727272727,11.46371930063983,0.0007096812191588,0.0506033564965466,False
supert,task completion speed,Task Completion Speed,0,10,14,1687,10,14,1711,0.0,0.1648042334976582,0.6847713468570514,0.8397045836745559,False
summaqa,task completion speed,Task Completion Speed,0,10,14,1687,10,14,1711,0.0,0.1648042334976582,0.6847713468570514,0.8397045836745559,False
spice,task completion speed,Task Completion Speed,0,24,14,1673,24,14,1711,0.0,0.3971720459377413,0.5285533558158657,0.8397045836745559,False
length,task completion speed,Task Completion Speed,0,16,14,1681,16,14,1711,0.0,0.2641544025610714,0.6072802828016451,0.8397045836745559,False
parent,task completion speed,Task Completion Speed,0,17,14,1680,17,14,1711,0.0,0.2807470908104529,0.5962119646066446,0.8397045836745559,False
consistency,task completion speed,Task Completion Speed,1,13,13,1684,14,14,1711,9.324175824175825,2.678415072756062,0.1017169174072533,0.8137353392580267,False
mrr,task completion speed,Task Completion Speed,1,25,13,1672,26,14,1711,4.985207100591716,1.5913281425099022,0.2071364819094035,0.8397045836745559,False
embedding,task completion speed,Task Completion Speed,1,25,13,1672,26,14,1711,4.985207100591716,1.5913281425099022,0.2071364819094035,0.8397045836745559,False
vector extrema,task completion speed,Task Completion Speed,1,15,13,1682,16,14,1711,8.149038461538462,2.4327824216148253,0.118821823955864,0.8397045836745559,False
greedy matching,task completion speed,Task Completion Speed,1,13,13,1684,14,14,1711,9.324175824175825,2.678415072756062,0.1017169174072533,0.8137353392580267,False
dist,task completion speed,Task Completion Speed,0,23,14,1674,23,14,1711,0.0,0.3805102412555813,0.5373302903185739,0.8397045836745559,False
ruber,task completion speed,Task Completion Speed,0,11,14,1686,11,14,1711,0.0,0.1813381338688013,0.6702257825865003,0.8397045836745559,False
bert,task completion speed,Task Completion Speed,0,10,14,1687,10,14,1711,0.0,0.1648042334976582,0.6847713468570514,0.8397045836745559,False
xcomet,task completion speed,Task Completion Speed,0,13,14,1684,13,14,1711,0.0,0.2144352532645228,0.643313087344787,0.8397045836745559,False
auroc,task completion speed,Task Completion Speed,0,10,14,1687,10,14,1711,0.0,0.1648042334976582,0.6847713468570514,0.8397045836745559,False
entailment,task completion speed,Task Completion Speed,0,11,14,1686,11,14,1711,0.0,0.1813381338688013,0.6702257825865003,0.8397045836745559,False
sacrebleu,task completion speed,Task Completion Speed,0,18,14,1679,18,14,1711,0.0,0.2973496177080982,0.5855487629683784,0.8397045836745559,False
gleu,task completion speed,Task Completion Speed,0,14,14,1683,14,14,1711,0.0,0.2309984954109216,0.6307844455850777,0.8397045836745559,False
entropy,task completion speed,Task Completion Speed,0,18,14,1679,18,14,1711,0.0,0.2973496177080982,0.5855487629683784,0.8397045836745559,False
maude,task completion speed,Task Completion Speed,0,10,14,1687,10,14,1711,0.0,0.1648042334976582,0.6847713468570514,0.8397045836745559,False
nist,task completion speed,Task Completion Speed,0,16,14,1681,16,14,1711,0.0,0.2641544025610714,0.6072802828016451,0.8397045836745559,False
auc,task completion speed,Task Completion Speed,0,12,14,1685,12,14,1711,0.0,0.1978818032741748,0.6564360533024336,0.8397045836745559,False
prism,task completion speed,Task Completion Speed,0,11,14,1686,11,14,1711,0.0,0.1813381338688013,0.6702257825865003,0.8397045836745559,False
bleu,effect on user behaviour,User-Behaviour Effect,4,738,16,953,742,20,1711,0.3264824797843666,4.914533113069142,0.0266316600439861,0.4585398684738829,False
comet,effect on user behaviour,User-Behaviour Effect,1,69,19,1622,70,20,1711,1.2338345864661653,0.0399076269475156,0.8416612987242683,0.8759793938808822,False
rouge,effect on user behaviour,User-Behaviour Effect,3,662,17,1029,665,20,1711,0.2775762936753648,5.550127551410679,0.0184793402782193,0.3824115843063687,False
roc auc,effect on user behaviour,User-Behaviour Effect,0,11,20,1680,11,20,1711,0.0,0.2595143883857045,0.6104539728640275,0.8397045836745559,False
bertscore,effect on user behaviour,User-Behaviour Effect,2,360,18,1331,362,20,1711,0.4140577041129527,1.784782149945089,0.1815632007316968,0.8397045836745559,False
distinct,effect on user behaviour,User-Behaviour Effect,0,125,20,1566,125,20,1711,0.0,3.053090879147165,0.0805836467208436,0.7372785529828927,False
f1,effect on user behaviour,User-Behaviour Effect,1,234,19,1457,235,20,1711,0.3305711086226203,1.6592919091756726,0.1976989559768168,0.8397045836745559,False
recall,effect on user behaviour,User-Behaviour Effect,1,111,19,1580,112,20,1711,0.7514097744360901,0.0855656549036196,0.769892070010354,0.8397045836745559,False
meteor,effect on user behaviour,User-Behaviour Effect,1,257,19,1434,258,20,1711,0.2964096287229702,2.0728717172330464,0.1499389620299185,0.8397045836745559,False
knowledge f1,effect on user behaviour,User-Behaviour Effect,0,13,20,1678,13,20,1711,0.0,0.3068802522979375,0.5796009267477354,0.8397045836745559,False
acc,effect on user behaviour,User-Behaviour Effect,0,11,20,1680,11,20,1711,0.0,0.2595143883857045,0.6104539728640275,0.8397045836745559,False
dae,effect on user behaviour,User-Behaviour Effect,0,17,20,1674,17,20,1711,0.0,0.4017805792925523,0.5261711214306048,0.8397045836745559,False
mauve,effect on user behaviour,User-Behaviour Effect,0,10,20,1681,10,20,1711,0.0,0.2358524731316396,0.6272178579546889,0.8397045836745559,False
factcc,effect on user behaviour,User-Behaviour Effect,0,33,20,1658,33,20,1711,0.0,0.783649586384031,0.3760272854311672,0.8397045836745559,False
comet qe,effect on user behaviour,User-Behaviour Effect,0,10,20,1681,10,20,1711,0.0,0.2358524731316396,0.6272178579546889,0.8397045836745559,False
unieval,effect on user behaviour,User-Behaviour Effect,0,22,20,1669,22,20,1711,0.0,0.5207234905440087,0.4705332246111353,0.8397045836745559,False
chrf,effect on user behaviour,User-Behaviour Effect,1,59,19,1632,60,20,1711,1.4482456140350877,0.118408590719115,0.7307669516229454,0.8397045836745559,False
questeval,effect on user behaviour,User-Behaviour Effect,0,27,20,1664,27,20,1711,0.0,0.6400211465152216,0.4237031398119896,0.8397045836745559,False
qafacteval,effect on user behaviour,User-Behaviour Effect,0,12,20,1679,12,20,1711,0.0,0.2831903092442027,0.5946177586648311,0.8397045836745559,False
spearman correlation,effect on user behaviour,User-Behaviour Effect,0,25,20,1666,25,20,1711,0.0,0.5922593793532368,0.4415467582961722,0.8397045836745559,False
pearson correlation,effect on user behaviour,User-Behaviour Effect,0,33,20,1658,33,20,1711,0.0,0.783649586384031,0.3760272854311672,0.8397045836745559,False
moverscore,effect on user behaviour,User-Behaviour Effect,0,55,20,1636,55,20,1711,0.0,1.314744101898204,0.251537502946106,0.8397045836745559,False
g eval,effect on user behaviour,User-Behaviour Effect,0,19,20,1672,19,20,1711,0.0,0.4493153094723461,0.5026602824133839,0.8397045836745559,False
usr,effect on user behaviour,User-Behaviour Effect,0,12,20,1679,12,20,1711,0.0,0.2831903092442027,0.5946177586648311,0.8397045836745559,False
bartscore,effect on user behaviour,User-Behaviour Effect,0,64,20,1627,64,20,1711,0.0,1.5340589696894795,0.2155042864891822,0.8397045836745559,False
qags,effect on user behaviour,User-Behaviour Effect,0,10,20,1681,10,20,1711,0.0,0.2358524731316396,0.6272178579546889,0.8397045836745559,False
perplexity,effect on user behaviour,User-Behaviour Effect,0,166,20,1525,166,20,1711,0.0,4.107489825295174,0.0426936847713848,0.57157259612303,False
ndcg,effect on user behaviour,User-Behaviour Effect,0,21,20,1670,21,20,1711,0.0,0.4969065962997402,0.4808624995246118,0.8397045836745559,False
map,effect on user behaviour,User-Behaviour Effect,0,12,20,1679,12,20,1711,0.0,0.2831903092442027,0.5946177586648311,0.8397045836745559,False
precision,effect on user behaviour,User-Behaviour Effect,1,78,19,1613,79,20,1711,1.0872751499000666,0.0065659054566218,0.9354178757431838,0.9502742129146364,False
bleurt,effect on user behaviour,User-Behaviour Effect,1,109,19,1582,110,20,1711,0.7660287081339713,0.0739816949175893,0.7856252774556383,0.8414530350982423,False
ter,effect on user behaviour,User-Behaviour Effect,0,50,20,1641,50,20,1711,0.0,1.1934201064004857,0.2746407643020223,0.8397045836745559,False
feqa,effect on user behaviour,User-Behaviour Effect,0,10,20,1681,10,20,1711,0.0,0.2358524731316396,0.6272178579546889,0.8397045836745559,False
sari,effect on user behaviour,User-Behaviour Effect,0,25,20,1666,25,20,1711,0.0,0.5922593793532368,0.4415467582961722,0.8397045836745559,False
cosine similarity,effect on user behaviour,User-Behaviour Effect,0,24,20,1667,24,20,1711,0.0,0.5683998651374853,0.4508954688376063,0.8397045836745559,False
accuracy,effect on user behaviour,User-Behaviour Effect,3,183,17,1508,186,20,1711,1.4468690702087286,0.3231659946761043,0.5697111814519271,0.8397045836745559,False
summac,effect on user behaviour,User-Behaviour Effect,0,15,20,1676,15,20,1711,0.0,0.3543022714968531,0.5516877641545341,0.8397045836745559,False
clip,effect on user behaviour,User-Behaviour Effect,0,13,20,1678,13,20,1711,0.0,0.3068802522979375,0.5796009267477354,0.8397045836745559,False
cider,effect on user behaviour,User-Behaviour Effect,0,76,20,1615,76,20,1711,0.0,1.8283619618855016,0.1763211449536136,0.8397045836745559,False
exact match,effect on user behaviour,User-Behaviour Effect,0,67,20,1624,67,20,1711,0.0,1.6074319621003077,0.2048531650920029,0.8397045836745559,False
chrf++,effect on user behaviour,User-Behaviour Effect,0,23,20,1668,23,20,1711,0.0,0.5445545745175301,0.460551268350772,0.8397045836745559,False
blanc,effect on user behaviour,User-Behaviour Effect,0,13,20,1678,13,20,1711,0.0,0.3068802522979375,0.5796009267477354,0.8397045836745559,False
diversity,effect on user behaviour,User-Behaviour Effect,0,10,20,1681,10,20,1711,0.0,0.2358524731316396,0.6272178579546889,0.8397045836745559,False
coherence,effect on user behaviour,User-Behaviour Effect,0,10,20,1681,10,20,1711,0.0,0.2358524731316396,0.6272178579546889,0.8397045836745559,False
clipscore,effect on user behaviour,User-Behaviour Effect,0,15,20,1676,15,20,1711,0.0,0.3543022714968531,0.5516877641545341,0.8397045836745559,False
hits,effect on user behaviour,User-Behaviour Effect,0,16,20,1675,16,20,1711,0.0,0.3780343809697287,0.5386570841592226,0.8397045836745559,False
win rate,effect on user behaviour,User-Behaviour Effect,0,14,20,1677,14,20,1711,0.0,0.3305842341656698,0.5653152721847343,0.8397045836745559,False
balanced accuracy,effect on user behaviour,User-Behaviour Effect,0,10,20,1681,10,20,1711,0.0,0.2358524731316396,0.6272178579546889,0.8397045836745559,False
ibleu,effect on user behaviour,User-Behaviour Effect,0,12,20,1679,12,20,1711,0.0,0.2831903092442027,0.5946177586648311,0.8397045836745559,False
self bleu,effect on user behaviour,User-Behaviour Effect,0,30,20,1661,30,20,1711,0.0,0.7117708996876937,0.398856542270103,0.8397045836745559,False
spearman,effect on user behaviour,User-Behaviour Effect,0,12,20,1679,12,20,1711,0.0,0.2831903092442027,0.5946177586648311,0.8397045836745559,False
kendall,effect on user behaviour,User-Behaviour Effect,0,11,20,1680,11,20,1711,0.0,0.2595143883857045,0.6104539728640275,0.8397045836745559,False
coverage,effect on user behaviour,User-Behaviour Effect,0,22,20,1669,22,20,1711,0.0,0.5207234905440087,0.4705332246111353,0.8397045836745559,False
density,effect on user behaviour,User-Behaviour Effect,0,10,20,1681,10,20,1711,0.0,0.2358524731316396,0.6272178579546889,0.8397045836745559,False
ppl,effect on user behaviour,User-Behaviour Effect,0,19,20,1672,19,20,1711,0.0,0.4493153094723461,0.5026602824133839,0.8397045836745559,False
kendall s tau,effect on user behaviour,User-Behaviour Effect,0,11,20,1680,11,20,1711,0.0,0.2595143883857045,0.6104539728640275,0.8397045836745559,False
success rate,effect on user behaviour,User-Behaviour Effect,1,24,19,1667,25,20,1711,3.5494736842105263,1.0914040242987348,0.296160331756866,0.8397045836745559,False
supert,effect on user behaviour,User-Behaviour Effect,0,10,20,1681,10,20,1711,0.0,0.2358524731316396,0.6272178579546889,0.8397045836745559,False
summaqa,effect on user behaviour,User-Behaviour Effect,0,10,20,1681,10,20,1711,0.0,0.2358524731316396,0.6272178579546889,0.8397045836745559,False
spice,effect on user behaviour,User-Behaviour Effect,0,24,20,1667,24,20,1711,0.0,0.5683998651374853,0.4508954688376063,0.8397045836745559,False
length,effect on user behaviour,User-Behaviour Effect,0,16,20,1675,16,20,1711,0.0,0.3780343809697287,0.5386570841592226,0.8397045836745559,False
parent,effect on user behaviour,User-Behaviour Effect,0,17,20,1674,17,20,1711,0.0,0.4017805792925523,0.5261711214306048,0.8397045836745559,False
consistency,effect on user behaviour,User-Behaviour Effect,1,13,19,1678,14,20,1711,6.379699248120301,2.035172273181761,0.1536967694506877,0.8397045836745559,False
mrr,effect on user behaviour,User-Behaviour Effect,0,26,20,1665,26,20,1711,0.0,0.6161331341426363,0.4324878776808205,0.8397045836745559,False
embedding,effect on user behaviour,User-Behaviour Effect,0,26,20,1665,26,20,1711,0.0,0.6161331341426363,0.4324878776808205,0.8397045836745559,False
vector extrema,effect on user behaviour,User-Behaviour Effect,0,16,20,1675,16,20,1711,0.0,0.3780343809697287,0.5386570841592226,0.8397045836745559,False
greedy matching,effect on user behaviour,User-Behaviour Effect,0,14,20,1677,14,20,1711,0.0,0.3305842341656698,0.5653152721847343,0.8397045836745559,False
dist,effect on user behaviour,User-Behaviour Effect,0,23,20,1668,23,20,1711,0.0,0.5445545745175301,0.460551268350772,0.8397045836745559,False
ruber,effect on user behaviour,User-Behaviour Effect,0,11,20,1680,11,20,1711,0.0,0.2595143883857045,0.6104539728640275,0.8397045836745559,False
bert,effect on user behaviour,User-Behaviour Effect,0,10,20,1681,10,20,1711,0.0,0.2358524731316396,0.6272178579546889,0.8397045836745559,False
xcomet,effect on user behaviour,User-Behaviour Effect,1,12,19,1679,13,20,1711,6.874493927125506,2.16665842263692,0.1410323967773239,0.8397045836745559,False
auroc,effect on user behaviour,User-Behaviour Effect,0,10,20,1681,10,20,1711,0.0,0.2358524731316396,0.6272178579546889,0.8397045836745559,False
entailment,effect on user behaviour,User-Behaviour Effect,1,10,19,1681,11,20,1711,8.133971291866029,2.470603777689507,0.1159933596814495,0.8397045836745559,False
sacrebleu,effect on user behaviour,User-Behaviour Effect,0,18,20,1673,18,20,1711,0.0,0.4255408832043463,0.5141851201992796,0.8397045836745559,False
gleu,effect on user behaviour,User-Behaviour Effect,1,13,19,1678,14,20,1711,6.379699248120301,2.035172273181761,0.1536967694506877,0.8397045836745559,False
entropy,effect on user behaviour,User-Behaviour Effect,0,18,20,1673,18,20,1711,0.0,0.4255408832043463,0.5141851201992796,0.8397045836745559,False
maude,effect on user behaviour,User-Behaviour Effect,0,10,20,1681,10,20,1711,0.0,0.2358524731316396,0.6272178579546889,0.8397045836745559,False
nist,effect on user behaviour,User-Behaviour Effect,0,16,20,1675,16,20,1711,0.0,0.3780343809697287,0.5386570841592226,0.8397045836745559,False
auc,effect on user behaviour,User-Behaviour Effect,0,12,20,1679,12,20,1711,0.0,0.2831903092442027,0.5946177586648311,0.8397045836745559,False
prism,effect on user behaviour,User-Behaviour Effect,0,11,20,1680,11,20,1711,0.0,0.2595143883857045,0.6104539728640275,0.8397045836745559,False
bleu,effect on user emotion,User-Emotion Effect,10,732,12,957,742,22,1711,1.088274932614555,0.0394307649815159,0.8425977043396159,0.8765367809178369,False
comet,effect on user emotion,User-Emotion Effect,0,70,22,1619,70,22,1711,0.0,1.8501493328416987,0.1737660270658356,0.8397045836745559,False
rouge,effect on user emotion,User-Emotion Effect,8,657,14,1032,665,22,1711,0.8988184747583243,0.0592265216164475,0.8077226573579441,0.8482552722877735,False
roc auc,effect on user emotion,User-Emotion Effect,0,11,22,1678,11,22,1711,0.0,0.2856349948123782,0.5930314035405809,0.8397045836745559,False
bertscore,effect on user emotion,User-Emotion Effect,4,358,18,1331,362,22,1711,0.8281154082259055,0.1226219280974802,0.7262080131675024,0.8397045836745559,False
distinct,effect on user emotion,User-Emotion Effect,3,122,19,1567,125,22,1711,2.003368421052632,1.0734116461290035,0.3001761053397886,0.8397045836745559,False
f1,effect on user emotion,User-Emotion Effect,4,231,18,1458,235,22,1711,1.3957446808510638,0.3433629376007365,0.5578944728793311,0.8397045836745559,False
recall,effect on user emotion,User-Emotion Effect,1,111,21,1578,112,22,1711,0.6798469387755102,0.16199703397323,0.6873245123148513,0.8397045836745559,False
meteor,effect on user emotion,User-Emotion Effect,2,256,20,1433,258,22,1711,0.5631782945736434,0.7094235732504846,0.3996352380350032,0.8397045836745559,False
knowledge f1,effect on user emotion,User-Emotion Effect,0,13,22,1676,13,22,1711,0.0,0.3377684403064854,0.5611201613638681,0.8397045836745559,False
acc,effect on user emotion,User-Emotion Effect,1,10,21,1679,11,22,1711,7.35930735930736,2.29902689300867,0.1294550799474757,0.8397045836745559,False
dae,effect on user emotion,User-Emotion Effect,0,17,22,1672,17,22,1711,0.0,0.4422210117817181,0.5060524110406779,0.8397045836745559,False
mauve,effect on user emotion,User-Emotion Effect,0,10,22,1679,10,22,1711,0.0,0.2595914179977956,0.6104009950986331,0.8397045836745559,False
factcc,effect on user emotion,User-Emotion Effect,0,33,22,1656,33,22,1711,0.0,0.8625287577361029,0.3530320029932179,0.8397045836745559,False
comet qe,effect on user emotion,User-Emotion Effect,0,10,22,1679,10,22,1711,0.0,0.2595914179977956,0.6104009950986331,0.8397045836745559,False
unieval,effect on user emotion,User-Emotion Effect,0,22,22,1667,22,22,1711,0.0,0.5731363967358882,0.4490152806772329,0.8397045836745559,False
chrf,effect on user emotion,User-Emotion Effect,0,60,22,1629,60,22,1711,0.0,1.5810312835376938,0.2086122079569528,0.8397045836745559,False
questeval,effect on user emotion,User-Emotion Effect,0,27,22,1662,27,22,1711,0.0,0.7044424690532948,0.4012949743897084,0.8397045836745559,False
qafacteval,effect on user emotion,User-Emotion Effect,0,12,22,1677,12,22,1711,0.0,0.3116939961550033,0.576642537279986,0.8397045836745559,False
spearman correlation,effect on user emotion,User-Emotion Effect,3,22,19,1667,25,22,1711,10.648421052631578,8.695719840015657,0.003189581297117,0.1376556138755772,False
pearson correlation,effect on user emotion,User-Emotion Effect,1,32,21,1657,33,22,1711,2.421356421356421,0.5891263298594289,0.4427571605277142,0.8397045836745559,False
moverscore,effect on user emotion,User-Emotion Effect,0,55,22,1634,55,22,1711,0.0,1.447087016209161,0.2289959411169135,0.8397045836745559,False
g eval,effect on user emotion,User-Emotion Effect,0,19,22,1670,19,22,1711,0.0,0.494540432097523,0.4819088824128053,0.8397045836745559,False
usr,effect on user emotion,User-Emotion Effect,0,12,22,1677,12,22,1711,0.0,0.3116939961550033,0.576642537279986,0.8397045836745559,False
bartscore,effect on user emotion,User-Emotion Effect,0,64,22,1625,64,22,1711,0.0,1.6884810596632305,0.1938013200022227,0.8397045836745559,False
qags,effect on user emotion,User-Emotion Effect,0,10,22,1679,10,22,1711,0.0,0.2595914179977956,0.6104009950986331,0.8397045836745559,False
perplexity,effect on user emotion,User-Emotion Effect,2,164,20,1525,166,22,1711,0.9307228915662652,0.0096791321434495,0.921628506327582,0.9392392421172812,False
ndcg,effect on user emotion,User-Emotion Effect,0,21,22,1668,21,22,1711,0.0,0.5469221392315778,0.4595780406083672,0.8397045836745559,False
map,effect on user emotion,User-Emotion Effect,0,12,22,1677,12,22,1711,0.0,0.3116939961550033,0.576642537279986,0.8397045836745559,False
precision,effect on user emotion,User-Emotion Effect,1,78,21,1611,79,22,1711,0.98372513562387,0.0002616384468584,0.987094587072286,0.988903556993616,False
bleurt,effect on user emotion,User-Emotion Effect,1,109,21,1580,110,22,1711,0.6930735930735931,0.1453497814961597,0.7030194840538613,0.8397045836745559,False
ter,effect on user emotion,User-Emotion Effect,0,50,22,1639,50,22,1711,0.0,1.313549269245698,0.2517530449553036,0.8397045836745559,False
feqa,effect on user emotion,User-Emotion Effect,0,10,22,1679,10,22,1711,0.0,0.2595914179977956,0.6104009950986331,0.8397045836745559,False
sari,effect on user emotion,User-Emotion Effect,0,25,22,1664,25,22,1711,0.0,0.6518730084253734,0.4194438251416202,0.8397045836745559,False
cosine similarity,effect on user emotion,User-Emotion Effect,2,22,20,1667,24,22,1711,7.029166666666667,4.35363067108565,0.0369301369460871,0.5347940361287675,False
accuracy,effect on user emotion,User-Emotion Effect,2,184,20,1505,186,22,1711,0.8198924731182796,0.0766379219133448,0.7819063823526613,0.8414530350982423,False
summac,effect on user emotion,User-Emotion Effect,0,15,22,1674,15,22,1711,0.0,0.3899637303280366,0.5323184672346434,0.8397045836745559,False
clip,effect on user emotion,User-Emotion Effect,0,13,22,1676,13,22,1711,0.0,0.3377684403064854,0.5611201613638681,0.8397045836745559,False
cider,effect on user emotion,User-Emotion Effect,0,76,22,1613,76,22,1711,0.0,2.0124138207346194,0.1560169139933262,0.8397045836745559,False
exact match,effect on user emotion,User-Emotion Effect,0,67,22,1622,67,22,1711,0.0,1.7692409433799252,0.1834760461709894,0.8397045836745559,False
chrf++,effect on user emotion,User-Emotion Effect,0,23,22,1666,23,22,1711,0.0,0.5993662816685712,0.4388199205285525,0.8397045836745559,False
blanc,effect on user emotion,User-Emotion Effect,0,13,22,1676,13,22,1711,0.0,0.3377684403064854,0.5611201613638681,0.8397045836745559,False
diversity,effect on user emotion,User-Emotion Effect,0,10,22,1679,10,22,1711,0.0,0.2595914179977956,0.6104009950986331,0.8397045836745559,False
coherence,effect on user emotion,User-Emotion Effect,0,10,22,1679,10,22,1711,0.0,0.2595914179977956,0.6104009950986331,0.8397045836745559,False
clipscore,effect on user emotion,User-Emotion Effect,0,15,22,1674,15,22,1711,0.0,0.3899637303280366,0.5323184672346434,0.8397045836745559,False
hits,effect on user emotion,User-Emotion Effect,0,16,22,1673,16,22,1711,0.0,0.4160846129239681,0.5188972403132373,0.8397045836745559,False
win rate,effect on user emotion,User-Emotion Effect,1,13,21,1676,14,22,1711,5.772108843537415,1.8707446316428624,0.1713898202917964,0.8397045836745559,False
balanced accuracy,effect on user emotion,User-Emotion Effect,0,10,22,1679,10,22,1711,0.0,0.2595914179977956,0.6104009950986331,0.8397045836745559,False
ibleu,effect on user emotion,User-Emotion Effect,0,12,22,1677,12,22,1711,0.0,0.3116939961550033,0.576642537279986,0.8397045836745559,False
self bleu,effect on user emotion,User-Emotion Effect,0,30,22,1659,30,22,1711,0.0,0.7834146144665878,0.3760988595150814,0.8397045836745559,False
spearman,effect on user emotion,User-Emotion Effect,0,12,22,1677,12,22,1711,0.0,0.3116939961550033,0.576642537279986,0.8397045836745559,False
kendall,effect on user emotion,User-Emotion Effect,0,11,22,1678,11,22,1711,0.0,0.2856349948123782,0.5930314035405809,0.8397045836745559,False
coverage,effect on user emotion,User-Emotion Effect,0,22,22,1667,22,22,1711,0.0,0.5731363967358882,0.4490152806772329,0.8397045836745559,False
density,effect on user emotion,User-Emotion Effect,0,10,22,1679,10,22,1711,0.0,0.2595914179977956,0.6104009950986331,0.8397045836745559,False
ppl,effect on user emotion,User-Emotion Effect,1,18,21,1671,19,22,1711,4.2406015037593985,1.365073438383532,0.2426601419845619,0.8397045836745559,False
kendall s tau,effect on user emotion,User-Emotion Effect,0,11,22,1678,11,22,1711,0.0,0.2856349948123782,0.5930314035405809,0.8397045836745559,False
success rate,effect on user emotion,User-Emotion Effect,1,24,21,1665,25,22,1711,3.2114285714285717,0.9533001422870606,0.3288806946878358,0.8397045836745559,False
supert,effect on user emotion,User-Emotion Effect,0,10,22,1679,10,22,1711,0.0,0.2595914179977956,0.6104009950986331,0.8397045836745559,False
summaqa,effect on user emotion,User-Emotion Effect,0,10,22,1679,10,22,1711,0.0,0.2595914179977956,0.6104009950986331,0.8397045836745559,False
spice,effect on user emotion,User-Emotion Effect,0,24,22,1665,24,22,1711,0.0,0.6256118126725314,0.4289695134906149,0.8397045836745559,False
length,effect on user emotion,User-Emotion Effect,0,16,22,1673,16,22,1711,0.0,0.4160846129239681,0.5188972403132373,0.8397045836745559,False
parent,effect on user emotion,User-Emotion Effect,0,17,22,1672,17,22,1711,0.0,0.4422210117817181,0.5060524110406779,0.8397045836745559,False
consistency,effect on user emotion,User-Emotion Effect,0,14,22,1675,14,22,1711,0.0,0.3638583455824791,0.5463711785930916,0.8397045836745559,False
mrr,effect on user emotion,User-Emotion Effect,0,26,22,1663,26,22,1711,0.0,0.6781498876376472,0.4102245325125844,0.8397045836745559,False
embedding,effect on user emotion,User-Emotion Effect,0,26,22,1663,26,22,1711,0.0,0.6781498876376472,0.4102245325125844,0.8397045836745559,False
vector extrema,effect on user emotion,User-Emotion Effect,0,16,22,1673,16,22,1711,0.0,0.4160846129239681,0.5188972403132373,0.8397045836745559,False
greedy matching,effect on user emotion,User-Emotion Effect,0,14,22,1675,14,22,1711,0.0,0.3638583455824791,0.5463711785930916,0.8397045836745559,False
dist,effect on user emotion,User-Emotion Effect,2,21,20,1668,23,22,1711,7.339130434782609,4.507709741043955,0.0337423926410836,0.5116019320138794,False
ruber,effect on user emotion,User-Emotion Effect,0,11,22,1678,11,22,1711,0.0,0.2856349948123782,0.5930314035405809,0.8397045836745559,False
bert,effect on user emotion,User-Emotion Effect,0,10,22,1679,10,22,1711,0.0,0.2595914179977956,0.6104009950986331,0.8397045836745559,False
xcomet,effect on user emotion,User-Emotion Effect,0,13,22,1676,13,22,1711,0.0,0.3377684403064854,0.5611201613638681,0.8397045836745559,False
auroc,effect on user emotion,User-Emotion Effect,0,10,22,1679,10,22,1711,0.0,0.2595914179977956,0.6104009950986331,0.8397045836745559,False
entailment,effect on user emotion,User-Emotion Effect,0,11,22,1678,11,22,1711,0.0,0.2856349948123782,0.5930314035405809,0.8397045836745559,False
sacrebleu,effect on user emotion,User-Emotion Effect,0,18,22,1671,18,22,1711,0.0,0.4683729453468433,0.4937366435338135,0.8397045836745559,False
gleu,effect on user emotion,User-Emotion Effect,0,14,22,1675,14,22,1711,0.0,0.3638583455824791,0.5463711785930916,0.8397045836745559,False
entropy,effect on user emotion,User-Emotion Effect,0,18,22,1671,18,22,1711,0.0,0.4683729453468433,0.4937366435338135,0.8397045836745559,False
maude,effect on user emotion,User-Emotion Effect,0,10,22,1679,10,22,1711,0.0,0.2595914179977956,0.6104009950986331,0.8397045836745559,False
nist,effect on user emotion,User-Emotion Effect,0,16,22,1673,16,22,1711,0.0,0.4160846129239681,0.5188972403132373,0.8397045836745559,False
auc,effect on user emotion,User-Emotion Effect,0,12,22,1677,12,22,1711,0.0,0.3116939961550033,0.576642537279986,0.8397045836745559,False
prism,effect on user emotion,User-Emotion Effect,0,11,22,1678,11,22,1711,0.0,0.2856349948123782,0.5930314035405809,0.8397045836745559,False
bleu,spelling accuracy,Spelling,5,737,2,967,742,7,1711,3.264824797843666,2.2625628253467247,0.1325345679374343,0.8397045836745559,False
comet,spelling accuracy,Spelling,1,69,6,1635,70,7,1711,3.907142857142857,1.15995530380666,0.2814748102213367,0.8397045836745559,False
rouge,spelling accuracy,Spelling,4,661,3,1043,665,7,1711,2.097243107769424,0.9563277987082296,0.3281138236809078,0.8397045836745559,False
roc auc,spelling accuracy,Spelling,0,11,7,1693,11,7,1711,0.0,0.090482228635181,0.7635649946476775,0.8397045836745559,False
bertscore,spelling accuracy,Spelling,2,360,5,1344,362,7,1711,1.4906077348066298,0.2150741413778407,0.6428190835477163,0.8397045836745559,False
distinct,spelling accuracy,Spelling,0,125,7,1579,125,7,1711,0.0,1.0643437339178057,0.302226566607452,0.8397045836745559,False
f1,spelling accuracy,Spelling,0,235,7,1469,235,7,1711,0.0,2.072964841782846,0.149929809215086,0.8397045836745559,False
recall,spelling accuracy,Spelling,0,112,7,1592,112,7,1711,0.0,0.9498054648799482,0.3297688194931185,0.8397045836745559,False
meteor,spelling accuracy,Spelling,1,257,6,1447,258,7,1711,0.9386304909560724,0.00350437330706,0.9527946037462776,0.9641111523331144,False
knowledge f1,spelling accuracy,Spelling,0,13,7,1691,13,7,1711,0.0,0.1069965565731263,0.7435897701710247,0.8397045836745559,False
acc,spelling accuracy,Spelling,0,11,7,1693,11,7,1711,0.0,0.090482228635181,0.7635649946476775,0.8397045836745559,False
dae,spelling accuracy,Spelling,0,17,7,1687,17,7,1711,0.0,0.1400837683264085,0.7081977494489685,0.8397045836745559,False
mauve,spelling accuracy,Spelling,0,10,7,1694,10,7,1711,0.0,0.0822323640177975,0.7742946686962483,0.8397045836745559,False
factcc,spelling accuracy,Spelling,0,33,7,1671,33,7,1711,0.0,0.2732201791696296,0.6011797831720811,0.8397045836745559,False
comet qe,spelling accuracy,Spelling,0,10,7,1694,10,7,1711,0.0,0.0822323640177975,0.7742946686962483,0.8397045836745559,False
unieval,spelling accuracy,Spelling,0,22,7,1682,22,7,1711,0.0,0.181553052388931,0.6700419551603198,0.8397045836745559,False
chrf,spelling accuracy,Spelling,0,60,7,1644,60,7,1711,0.0,0.5007992780417803,0.4791491367460871,0.8397045836745559,False
questeval,spelling accuracy,Spelling,0,27,7,1677,27,7,1711,0.0,0.223145537474576,0.6366535581245945,0.8397045836745559,False
qafacteval,spelling accuracy,Spelling,0,12,7,1692,12,7,1711,0.0,0.0987369575740051,0.7533506313286653,0.8397045836745559,False
spearman correlation,spelling accuracy,Spelling,0,25,7,1679,25,7,1711,0.0,0.2064937124742814,0.6495295877973415,0.8397045836745559,False
pearson correlation,spelling accuracy,Spelling,0,33,7,1671,33,7,1711,0.0,0.2732201791696296,0.6011797831720811,0.8397045836745559,False
moverscore,spelling accuracy,Spelling,0,55,7,1649,55,7,1711,0.0,0.4583749395226638,0.498384428178571,0.8397045836745559,False
g eval,spelling accuracy,Spelling,0,19,7,1685,19,7,1711,0.0,0.1566567445471801,0.6922534113860863,0.8397045836745559,False
usr,spelling accuracy,Spelling,0,12,7,1692,12,7,1711,0.0,0.0987369575740051,0.7533506313286653,0.8397045836745559,False
bartscore,spelling accuracy,Spelling,0,64,7,1640,64,7,1711,0.0,0.5348315551779128,0.464582626235407,0.8397045836745559,False
qags,spelling accuracy,Spelling,0,10,7,1694,10,7,1711,0.0,0.0822323640177975,0.7742946686962483,0.8397045836745559,False
perplexity,spelling accuracy,Spelling,0,166,7,1538,166,7,1711,0.0,1.4318430428336106,0.2314638883080319,0.8397045836745559,False
ndcg,spelling accuracy,Spelling,0,21,7,1683,21,7,1711,0.0,0.1732493628749083,0.6772399953787926,0.8397045836745559,False
map,spelling accuracy,Spelling,0,12,7,1692,12,7,1711,0.0,0.0987369575740051,0.7533506313286653,0.8397045836745559,False
precision,spelling accuracy,Spelling,0,79,7,1625,79,7,1711,0.0,0.6631945084509241,0.4154344219103262,0.8397045836745559,False
bleurt,spelling accuracy,Spelling,1,109,6,1595,110,7,1711,2.4257575757575753,0.5474274050219372,0.4593707644014486,0.8397045836745559,False
ter,spelling accuracy,Spelling,2,48,5,1656,50,7,1711,13.288,6.119525943787378,0.0133696650242918,0.3236346957909753,False
feqa,spelling accuracy,Spelling,0,10,7,1694,10,7,1711,0.0,0.0822323640177975,0.7742946686962483,0.8397045836745559,False
sari,spelling accuracy,Spelling,1,24,6,1680,25,7,1711,11.24,2.920160658288894,0.0874791537363796,0.7651509980142002,False
cosine similarity,spelling accuracy,Spelling,0,24,7,1680,24,7,1711,0.0,0.1981752213307812,0.6561978039500735,0.8397045836745559,False
accuracy,spelling accuracy,Spelling,0,186,7,1518,186,7,1711,0.0,1.6146732529993535,0.2038361289740044,0.8397045836745559,False
summac,spelling accuracy,Spelling,0,15,7,1689,15,7,1711,0.0,0.1235303877634169,0.7252366001779749,0.8397045836745559,False
clip,spelling accuracy,Spelling,0,13,7,1691,13,7,1711,0.0,0.1069965565731263,0.7435897701710247,0.8397045836745559,False
cider,spelling accuracy,Spelling,0,76,7,1628,76,7,1711,0.0,0.6374275904109411,0.4246438418509303,0.8397045836745559,False
exact match,spelling accuracy,Spelling,1,66,6,1638,67,7,1711,4.08955223880597,1.226248560762102,0.2681378461143828,0.8397045836745559,False
chrf++,spelling accuracy,Spelling,2,21,5,1683,23,7,1711,29.356521739130436,9.162251007860046,0.0024705848139557,0.1149435204223374,False
blanc,spelling accuracy,Spelling,0,13,7,1691,13,7,1711,0.0,0.1069965565731263,0.7435897701710247,0.8397045836745559,False
diversity,spelling accuracy,Spelling,0,10,7,1694,10,7,1711,0.0,0.0822323640177975,0.7742946686962483,0.8397045836745559,False
coherence,spelling accuracy,Spelling,0,10,7,1694,10,7,1711,0.0,0.0822323640177975,0.7742946686962483,0.8397045836745559,False
clipscore,spelling accuracy,Spelling,0,15,7,1689,15,7,1711,0.0,0.1235303877634169,0.7252366001779749,0.8397045836745559,False
hits,spelling accuracy,Spelling,0,16,7,1688,16,7,1711,0.0,0.1318046314843245,0.71656822446408,0.8397045836745559,False
win rate,spelling accuracy,Spelling,0,14,7,1690,14,7,1711,0.0,0.1152610313828187,0.7342322303095483,0.8397045836745559,False
balanced accuracy,spelling accuracy,Spelling,0,10,7,1694,10,7,1711,0.0,0.0822323640177975,0.7742946686962483,0.8397045836745559,False
ibleu,spelling accuracy,Spelling,0,12,7,1692,12,7,1711,0.0,0.0987369575740051,0.7533506313286653,0.8397045836745559,False
self bleu,spelling accuracy,Spelling,0,30,7,1674,30,7,1711,0.0,0.2481604701790385,0.6183733356020297,0.8397045836745559,False
spearman,spelling accuracy,Spelling,0,12,7,1692,12,7,1711,0.0,0.0987369575740051,0.7533506313286653,0.8397045836745559,False
kendall,spelling accuracy,Spelling,0,11,7,1693,11,7,1711,0.0,0.090482228635181,0.7635649946476775,0.8397045836745559,False
coverage,spelling accuracy,Spelling,0,22,7,1682,22,7,1711,0.0,0.181553052388931,0.6700419551603198,0.8397045836745559,False
density,spelling accuracy,Spelling,0,10,7,1694,10,7,1711,0.0,0.0822323640177975,0.7742946686962483,0.8397045836745559,False
ppl,spelling accuracy,Spelling,0,19,7,1685,19,7,1711,0.0,0.1566567445471801,0.6922534113860863,0.8397045836745559,False
kendall s tau,spelling accuracy,Spelling,0,11,7,1693,11,7,1711,0.0,0.090482228635181,0.7635649946476775,0.8397045836745559,False
success rate,spelling accuracy,Spelling,0,25,7,1679,25,7,1711,0.0,0.2064937124742814,0.6495295877973415,0.8397045836745559,False
supert,spelling accuracy,Spelling,0,10,7,1694,10,7,1711,0.0,0.0822323640177975,0.7742946686962483,0.8397045836745559,False
summaqa,spelling accuracy,Spelling,0,10,7,1694,10,7,1711,0.0,0.0822323640177975,0.7742946686962483,0.8397045836745559,False
spice,spelling accuracy,Spelling,0,24,7,1680,24,7,1711,0.0,0.1981752213307812,0.6561978039500735,0.8397045836745559,False
length,spelling accuracy,Spelling,0,16,7,1688,16,7,1711,0.0,0.1318046314843245,0.71656822446408,0.8397045836745559,False
parent,spelling accuracy,Spelling,0,17,7,1687,17,7,1711,0.0,0.1400837683264085,0.7081977494489685,0.8397045836745559,False
consistency,spelling accuracy,Spelling,0,14,7,1690,14,7,1711,0.0,0.1152610313828187,0.7342322303095483,0.8397045836745559,False
mrr,spelling accuracy,Spelling,0,26,7,1678,26,7,1711,0.0,0.2148171492276533,0.6430176888171181,0.8397045836745559,False
embedding,spelling accuracy,Spelling,0,26,7,1678,26,7,1711,0.0,0.2148171492276533,0.6430176888171181,0.8397045836745559,False
vector extrema,spelling accuracy,Spelling,1,15,6,1689,16,7,1711,17.65625,3.7720347472616433,0.0521161983679327,0.6196991870521323,False
greedy matching,spelling accuracy,Spelling,1,13,6,1691,14,7,1711,20.20238095238095,4.034269855253548,0.044584964225606,0.5831536961101547,False
dist,spelling accuracy,Spelling,0,23,7,1681,23,7,1711,0.0,0.1898616699237764,0.6630317733633004,0.8397045836745559,False
ruber,spelling accuracy,Spelling,0,11,7,1693,11,7,1711,0.0,0.090482228635181,0.7635649946476775,0.8397045836745559,False
bert,spelling accuracy,Spelling,0,10,7,1694,10,7,1711,0.0,0.0822323640177975,0.7742946686962483,0.8397045836745559,False
xcomet,spelling accuracy,Spelling,0,13,7,1691,13,7,1711,0.0,0.1069965565731263,0.7435897701710247,0.8397045836745559,False
auroc,spelling accuracy,Spelling,0,10,7,1694,10,7,1711,0.0,0.0822323640177975,0.7742946686962483,0.8397045836745559,False
entailment,spelling accuracy,Spelling,0,11,7,1693,11,7,1711,0.0,0.090482228635181,0.7635649946476775,0.8397045836745559,False
sacrebleu,spelling accuracy,Spelling,1,17,6,1687,18,7,1711,15.675925925925926,3.5434310413973886,0.0597816797444635,0.6527157366493639,False
gleu,spelling accuracy,Spelling,0,14,7,1690,14,7,1711,0.0,0.1152610313828187,0.7342322303095483,0.8397045836745559,False
entropy,spelling accuracy,Spelling,0,18,7,1686,18,7,1711,0.0,0.1483678040806583,0.7001000482705368,0.8397045836745559,False
maude,spelling accuracy,Spelling,0,10,7,1694,10,7,1711,0.0,0.0822323640177975,0.7742946686962483,0.8397045836745559,False
nist,spelling accuracy,Spelling,0,16,7,1688,16,7,1711,0.0,0.1318046314843245,0.71656822446408,0.8397045836745559,False
auc,spelling accuracy,Spelling,0,12,7,1692,12,7,1711,0.0,0.0987369575740051,0.7533506313286653,0.8397045836745559,False
prism,spelling accuracy,Spelling,1,10,6,1694,11,7,1711,25.75757575757576,4.5159649463731455,0.0335799392849238,0.5116019320138794,False
bleu,appropriateness of system response type,Response-Type Appropriateness,7,735,8,961,742,15,1711,1.142688679245283,0.0667640932762831,0.7961078729707057,0.8459317997315188,False
comet,appropriateness of system response type,Response-Type Appropriateness,0,70,15,1626,70,15,1711,0.0,1.2588086663605949,0.2618767142959567,0.8397045836745559,False
rouge,appropriateness of system response type,Response-Type Appropriateness,4,661,11,1035,665,15,1711,0.5719753930280246,0.9975235053939152,0.317910489983446,0.8397045836745559,False
roc auc,appropriateness of system response type,Response-Type Appropriateness,0,11,15,1685,11,15,1711,0.0,0.1943482333481317,0.6593219948657361,0.8397045836745559,False
bertscore,appropriateness of system response type,Response-Type Appropriateness,1,361,14,1335,362,15,1711,0.266179952644041,2.4311560234481187,0.1189451521935945,0.8397045836745559,False
distinct,appropriateness of system response type,Response-Type Appropriateness,0,125,15,1571,125,15,1711,0.0,2.2863138308937327,0.130519576279098,0.8397045836745559,False
f1,appropriateness of system response type,Response-Type Appropriateness,3,232,12,1464,235,15,1711,1.5702127659574463,0.4496286175705153,0.5025113707225629,0.8397045836745559,False
recall,appropriateness of system response type,Response-Type Appropriateness,2,110,13,1586,112,15,1711,2.196428571428571,0.8953115999188228,0.3440419620613645,0.8397045836745559,False
meteor,appropriateness of system response type,Response-Type Appropriateness,0,258,15,1438,258,15,1711,0.0,4.926927954507006,0.0264412831423734,0.4572634138598881,False
knowledge f1,appropriateness of system response type,Response-Type Appropriateness,0,13,15,1683,13,15,1711,0.0,0.2298199449596616,0.6316573687261513,0.8397045836745559,False
acc,appropriateness of system response type,Response-Type Appropriateness,0,11,15,1685,11,15,1711,0.0,0.1943482333481317,0.6593219948657361,0.8397045836745559,False
dae,appropriateness of system response type,Response-Type Appropriateness,0,17,15,1679,17,15,1711,0.0,0.3008894417436609,0.5833253572884878,0.8397045836745559,False
mauve,appropriateness of system response type,Response-Type Appropriateness,0,10,15,1686,10,15,1711,0.0,0.1766280932867088,0.6742871625057778,0.8397045836745559,False
factcc,appropriateness of system response type,Response-Type Appropriateness,0,33,15,1663,33,15,1711,0.0,0.5868631261734925,0.4436346983860029,0.8397045836745559,False
comet qe,appropriateness of system response type,Response-Type Appropriateness,0,10,15,1686,10,15,1711,0.0,0.1766280932867088,0.6742871625057778,0.8397045836745559,False
unieval,appropriateness of system response type,Response-Type Appropriateness,1,21,14,1675,22,15,1711,5.483766233766234,1.7526771178556588,0.1855405350306068,0.8397045836745559,False
chrf,appropriateness of system response type,Response-Type Appropriateness,0,60,15,1636,60,15,1711,0.0,1.0757125256834124,0.2996586770938363,0.8397045836745559,False
questeval,appropriateness of system response type,Response-Type Appropriateness,0,27,15,1669,27,15,1711,0.0,0.4793032827696906,0.4887380704756617,0.8397045836745559,False
qafacteval,appropriateness of system response type,Response-Type Appropriateness,0,12,15,1684,12,15,1711,0.0,0.2120788464435685,0.6451428820909051,0.8397045836745559,False
spearman correlation,appropriateness of system response type,Response-Type Appropriateness,0,25,15,1671,25,15,1711,0.0,0.4435355290297255,0.505420923862848,0.8397045836745559,False
pearson correlation,appropriateness of system response type,Response-Type Appropriateness,0,33,15,1663,33,15,1711,0.0,0.5868631261734925,0.4436346983860029,0.8397045836745559,False
moverscore,appropriateness of system response type,Response-Type Appropriateness,0,55,15,1641,55,15,1711,0.0,0.9845818127756244,0.3210702422307857,0.8397045836745559,False
g eval,appropriateness of system response type,Response-Type Appropriateness,0,19,15,1677,19,15,1711,0.0,0.336487426344517,0.5618637973649256,0.8397045836745559,False
usr,appropriateness of system response type,Response-Type Appropriateness,0,12,15,1684,12,15,1711,0.0,0.2120788464435685,0.6451428820909051,0.8397045836745559,False
bartscore,appropriateness of system response type,Response-Type Appropriateness,0,64,15,1632,64,15,1711,0.0,1.1488169389759175,0.2837969426965805,0.8397045836745559,False
qags,appropriateness of system response type,Response-Type Appropriateness,0,10,15,1686,10,15,1711,0.0,0.1766280932867088,0.6742871625057778,0.8397045836745559,False
perplexity,appropriateness of system response type,Response-Type Appropriateness,3,163,12,1533,166,15,1711,2.3268072289156625,1.4504028016814612,0.2284633305745644,0.8397045836745559,False
ndcg,appropriateness of system response type,Response-Type Appropriateness,0,21,15,1675,21,15,1711,0.0,0.3721277019624928,0.5418467664802036,0.8397045836745559,False
map,appropriateness of system response type,Response-Type Appropriateness,0,12,15,1684,12,15,1711,0.0,0.2120788464435685,0.6451428820909051,0.8397045836745559,False
precision,appropriateness of system response type,Response-Type Appropriateness,2,77,13,1619,79,15,1711,3.1781888997078873,1.773380510143051,0.1829642670278976,0.8397045836745559,False
bleurt,appropriateness of system response type,Response-Type Appropriateness,0,110,15,1586,110,15,1711,0.0,2.002576940020256,0.1570320384947899,0.8397045836745559,False
ter,appropriateness of system response type,Response-Type Appropriateness,0,50,15,1646,50,15,1711,0.0,0.8937270905046354,0.3444692963020579,0.8397045836745559,False
feqa,appropriateness of system response type,Response-Type Appropriateness,0,10,15,1686,10,15,1711,0.0,0.1766280932867088,0.6742871625057778,0.8397045836745559,False
sari,appropriateness of system response type,Response-Type Appropriateness,0,25,15,1671,25,15,1711,0.0,0.4435355290297255,0.505420923862848,0.8397045836745559,False
cosine similarity,appropriateness of system response type,Response-Type Appropriateness,0,24,15,1672,24,15,1711,0.0,0.4256676312183688,0.5141224689899015,0.8397045836745559,False
accuracy,appropriateness of system response type,Response-Type Appropriateness,2,184,13,1512,186,15,1711,1.261373035566584,0.0891163591566049,0.765303541795421,0.8397045836745559,False
summac,appropriateness of system response type,Response-Type Appropriateness,0,15,15,1681,15,15,1711,0.0,0.2653336479123042,0.606479318715897,0.8397045836745559,False
clip,appropriateness of system response type,Response-Type Appropriateness,0,13,15,1683,13,15,1711,0.0,0.2298199449596616,0.6316573687261513,0.8397045836745559,False
cider,appropriateness of system response type,Response-Type Appropriateness,0,76,15,1620,76,15,1711,0.0,1.3692051537218977,0.2419484962297474,0.8397045836745559,False
exact match,appropriateness of system response type,Response-Type Appropriateness,0,67,15,1629,67,15,1711,0.0,1.2037623932594572,0.2725709918006715,0.8397045836745559,False
chrf++,appropriateness of system response type,Response-Type Appropriateness,0,23,15,1673,23,15,1711,0.0,0.4078103692026454,0.5230829728274422,0.8397045836745559,False
blanc,appropriateness of system response type,Response-Type Appropriateness,0,13,15,1683,13,15,1711,0.0,0.2298199449596616,0.6316573687261513,0.8397045836745559,False
diversity,appropriateness of system response type,Response-Type Appropriateness,0,10,15,1686,10,15,1711,0.0,0.1766280932867088,0.6742871625057778,0.8397045836745559,False
coherence,appropriateness of system response type,Response-Type Appropriateness,0,10,15,1686,10,15,1711,0.0,0.1766280932867088,0.6742871625057778,0.8397045836745559,False
clipscore,appropriateness of system response type,Response-Type Appropriateness,0,15,15,1681,15,15,1711,0.0,0.2653336479123042,0.606479318715897,0.8397045836745559,False
hits,appropriateness of system response type,Response-Type Appropriateness,0,16,15,1680,16,15,1711,0.0,0.2831062772331043,0.594672443005476,0.8397045836745559,False
win rate,appropriateness of system response type,Response-Type Appropriateness,1,13,14,1683,14,15,1711,8.658163265306122,2.5508208958384335,0.110236965287699,0.8397045836745559,False
balanced accuracy,appropriateness of system response type,Response-Type Appropriateness,0,10,15,1686,10,15,1711,0.0,0.1766280932867088,0.6742871625057778,0.8397045836745559,False
ibleu,appropriateness of system response type,Response-Type Appropriateness,0,12,15,1684,12,15,1711,0.0,0.2120788464435685,0.6451428820909051,0.8397045836745559,False
self bleu,appropriateness of system response type,Response-Type Appropriateness,0,30,15,1666,30,15,1711,0.0,0.5330349995082749,0.4653336701566236,0.8397045836745559,False
spearman,appropriateness of system response type,Response-Type Appropriateness,0,12,15,1684,12,15,1711,0.0,0.2120788464435685,0.6451428820909051,0.8397045836745559,False
kendall,appropriateness of system response type,Response-Type Appropriateness,0,11,15,1685,11,15,1711,0.0,0.1943482333481317,0.6593219948657361,0.8397045836745559,False
coverage,appropriateness of system response type,Response-Type Appropriateness,0,22,15,1674,22,15,1711,0.0,0.3899637303280366,0.5323184672346434,0.8397045836745559,False
density,appropriateness of system response type,Response-Type Appropriateness,0,10,15,1686,10,15,1711,0.0,0.1766280932867088,0.6742871625057778,0.8397045836745559,False
ppl,appropriateness of system response type,Response-Type Appropriateness,0,19,15,1677,19,15,1711,0.0,0.336487426344517,0.5618637973649256,0.8397045836745559,False
kendall s tau,appropriateness of system response type,Response-Type Appropriateness,0,11,15,1685,11,15,1711,0.0,0.1943482333481317,0.6593219948657361,0.8397045836745559,False
success rate,appropriateness of system response type,Response-Type Appropriateness,2,23,13,1673,25,15,1711,10.375384615384617,5.639347137641221,0.0175617454105079,0.3740423697822463,False
supert,appropriateness of system response type,Response-Type Appropriateness,0,10,15,1686,10,15,1711,0.0,0.1766280932867088,0.6742871625057778,0.8397045836745559,False
summaqa,appropriateness of system response type,Response-Type Appropriateness,0,10,15,1686,10,15,1711,0.0,0.1766280932867088,0.6742871625057778,0.8397045836745559,False
spice,appropriateness of system response type,Response-Type Appropriateness,0,24,15,1672,24,15,1711,0.0,0.4256676312183688,0.5141224689899015,0.8397045836745559,False
length,appropriateness of system response type,Response-Type Appropriateness,0,16,15,1680,16,15,1711,0.0,0.2831062772331043,0.594672443005476,0.8397045836745559,False
parent,appropriateness of system response type,Response-Type Appropriateness,0,17,15,1679,17,15,1711,0.0,0.3008894417436609,0.5833253572884878,0.8397045836745559,False
consistency,appropriateness of system response type,Response-Type Appropriateness,0,14,15,1682,14,15,1711,0.0,0.2475715413054484,0.6187902444386513,0.8397045836745559,False
mrr,appropriateness of system response type,Response-Type Appropriateness,0,26,15,1670,26,15,1711,0.0,0.4614140753136156,0.4969638437421787,0.8397045836745559,False
embedding,appropriateness of system response type,Response-Type Appropriateness,1,25,14,1671,26,15,1711,4.62912087912088,1.4780410314983683,0.224081272788763,0.8397045836745559,False
vector extrema,appropriateness of system response type,Response-Type Appropriateness,0,16,15,1680,16,15,1711,0.0,0.2831062772331043,0.594672443005476,0.8397045836745559,False
greedy matching,appropriateness of system response type,Response-Type Appropriateness,0,14,15,1682,14,15,1711,0.0,0.2475715413054484,0.6187902444386513,0.8397045836745559,False
dist,appropriateness of system response type,Response-Type Appropriateness,0,23,15,1673,23,15,1711,0.0,0.4078103692026454,0.5230829728274422,0.8397045836745559,False
ruber,appropriateness of system response type,Response-Type Appropriateness,0,11,15,1685,11,15,1711,0.0,0.1943482333481317,0.6593219948657361,0.8397045836745559,False
bert,appropriateness of system response type,Response-Type Appropriateness,0,10,15,1686,10,15,1711,0.0,0.1766280932867088,0.6742871625057778,0.8397045836745559,False
xcomet,appropriateness of system response type,Response-Type Appropriateness,0,13,15,1683,13,15,1711,0.0,0.2298199449596616,0.6316573687261513,0.8397045836745559,False
auroc,appropriateness of system response type,Response-Type Appropriateness,0,10,15,1686,10,15,1711,0.0,0.1766280932867088,0.6742871625057778,0.8397045836745559,False
entailment,appropriateness of system response type,Response-Type Appropriateness,0,11,15,1685,11,15,1711,0.0,0.1943482333481317,0.6593219948657361,0.8397045836745559,False
sacrebleu,appropriateness of system response type,Response-Type Appropriateness,0,18,15,1678,18,15,1711,0.0,0.3186831539407949,0.5724000979040134,0.8397045836745559,False
gleu,appropriateness of system response type,Response-Type Appropriateness,0,14,15,1682,14,15,1711,0.0,0.2475715413054484,0.6187902444386513,0.8397045836745559,False
entropy,appropriateness of system response type,Response-Type Appropriateness,0,18,15,1678,18,15,1711,0.0,0.3186831539407949,0.5724000979040134,0.8397045836745559,False
maude,appropriateness of system response type,Response-Type Appropriateness,0,10,15,1686,10,15,1711,0.0,0.1766280932867088,0.6742871625057778,0.8397045836745559,False
nist,appropriateness of system response type,Response-Type Appropriateness,0,16,15,1680,16,15,1711,0.0,0.2831062772331043,0.594672443005476,0.8397045836745559,False
auc,appropriateness of system response type,Response-Type Appropriateness,0,12,15,1684,12,15,1711,0.0,0.2120788464435685,0.6451428820909051,0.8397045836745559,False
prism,appropriateness of system response type,Response-Type Appropriateness,0,11,15,1685,11,15,1711,0.0,0.1943482333481317,0.6593219948657361,0.8397045836745559,False
bleu,system usability as affected by outputs,System Usability,3,739,11,958,742,14,1711,0.356162705219309,2.9958046073810767,0.0834804341834531,0.7563954740798876,False
comet,system usability as affected by outputs,System Usability,1,69,13,1628,70,14,1711,1.803296703296703,0.2765775161811544,0.5989532587438855,0.8397045836745559,False
rouge,system usability as affected by outputs,System Usability,3,662,11,1035,665,14,1711,0.4289815447710184,1.9631177894577565,0.1611802686537808,0.8397045836745559,False
roc auc,system usability as affected by outputs,System Usability,0,11,14,1686,11,14,1711,0.0,0.1813381338688013,0.6702257825865003,0.8397045836745559,False
bertscore,system usability as affected by outputs,System Usability,0,362,14,1335,362,14,1711,0.0,6.686935133310731,0.0097122035812028,0.2660972169656821,False
distinct,system usability as affected by outputs,System Usability,1,124,13,1573,125,14,1711,0.976,0.0005563228262592,0.9811824432339556,0.9845366330453476,False
f1,system usability as affected by outputs,System Usability,1,234,13,1463,235,14,1711,0.4831423895253683,0.6111036098745666,0.4343725838820838,0.8397045836745559,False
recall,system usability as affected by outputs,System Usability,0,112,14,1585,112,14,1711,0.0,1.9036570182137016,0.1676695529332797,0.8397045836745559,False
meteor,system usability as affected by outputs,System Usability,0,258,14,1439,258,14,1711,0.0,4.596995140724745,0.0320280448586837,0.4978767162866473,False
knowledge f1,system usability as affected by outputs,System Usability,0,13,14,1684,13,14,1711,0.0,0.2144352532645228,0.643313087344787,0.8397045836745559,False
acc,system usability as affected by outputs,System Usability,0,11,14,1686,11,14,1711,0.0,0.1813381338688013,0.6702257825865003,0.8397045836745559,False
dae,system usability as affected by outputs,System Usability,0,17,14,1680,17,14,1711,0.0,0.2807470908104529,0.5962119646066446,0.8397045836745559,False
mauve,system usability as affected by outputs,System Usability,0,10,14,1687,10,14,1711,0.0,0.1648042334976582,0.6847713468570514,0.8397045836745559,False
factcc,system usability as affected by outputs,System Usability,0,33,14,1664,33,14,1711,0.0,0.5475761474819116,0.4593097736813883,0.8397045836745559,False
comet qe,system usability as affected by outputs,System Usability,0,10,14,1687,10,14,1711,0.0,0.1648042334976582,0.6847713468570514,0.8397045836745559,False
unieval,system usability as affected by outputs,System Usability,0,22,14,1675,22,14,1711,0.0,0.3638583455824791,0.5463711785930916,0.8397045836745559,False
chrf,system usability as affected by outputs,System Usability,1,59,13,1638,60,14,1711,2.1166666666666667,0.4286984258909978,0.5126283028546208,0.8397045836745559,False
questeval,system usability as affected by outputs,System Usability,0,27,14,1670,27,14,1711,0.0,0.4472170321440943,0.503659512760365,0.8397045836745559,False
qafacteval,system usability as affected by outputs,System Usability,0,12,14,1685,12,14,1711,0.0,0.1978818032741748,0.6564360533024336,0.8397045836745559,False
spearman correlation,system usability as affected by outputs,System Usability,0,25,14,1672,25,14,1711,0.0,0.4138437714292972,0.5200249779924832,0.8397045836745559,False
pearson correlation,system usability as affected by outputs,System Usability,0,33,14,1664,33,14,1711,0.0,0.5475761474819116,0.4593097736813883,0.8397045836745559,False
moverscore,system usability as affected by outputs,System Usability,0,55,14,1642,55,14,1711,0.0,0.9186681162372832,0.3378249246170218,0.8397045836745559,False
g eval,system usability as affected by outputs,System Usability,0,19,14,1678,19,14,1711,0.0,0.3139619949276799,0.5752590625708633,0.8397045836745559,False
usr,system usability as affected by outputs,System Usability,0,12,14,1685,12,14,1711,0.0,0.1978818032741748,0.6564360533024336,0.8397045836745559,False
bartscore,system usability as affected by outputs,System Usability,0,64,14,1633,64,14,1711,0.0,1.07190749051356,0.3005149860666363,0.8397045836745559,False
qags,system usability as affected by outputs,System Usability,0,10,14,1687,10,14,1711,0.0,0.1648042334976582,0.6847713468570514,0.8397045836745559,False
perplexity,system usability as affected by outputs,System Usability,0,166,14,1531,166,14,1711,0.0,2.8698935225458393,0.0902508406019704,0.7790072557222713,False
ndcg,system usability as affected by outputs,System Usability,0,21,14,1676,21,14,1711,0.0,0.347216347138288,0.5556931339612946,0.8397045836745559,False
map,system usability as affected by outputs,System Usability,1,11,13,1686,12,14,1711,10.89102564102564,2.968531314714197,0.0848988997601461,0.7597436777465535,False
precision,system usability as affected by outputs,System Usability,0,79,14,1618,79,14,1711,0.0,1.3291849968774538,0.2489502594335808,0.8397045836745559,False
bleurt,system usability as affected by outputs,System Usability,1,109,13,1588,110,14,1711,1.1195804195804195,0.0115703343254114,0.914340374258906,0.9335568188739752,False
ter,system usability as affected by outputs,System Usability,1,49,13,1648,50,14,1711,2.5553846153846154,0.6390913627547521,0.4240400194919356,0.8397045836745559,False
feqa,system usability as affected by outputs,System Usability,0,10,14,1687,10,14,1711,0.0,0.1648042334976582,0.6847713468570514,0.8397045836745559,False
sari,system usability as affected by outputs,System Usability,0,25,14,1672,25,14,1711,0.0,0.4138437714292972,0.5200249779924832,0.8397045836745559,False
cosine similarity,system usability as affected by outputs,System Usability,0,24,14,1673,24,14,1711,0.0,0.3971720459377413,0.5285533558158657,0.8397045836745559,False
accuracy,system usability as affected by outputs,System Usability,1,185,13,1512,186,14,1711,0.630686517783292,0.2270797801347486,0.6336976325491201,0.8397045836745559,False
summac,system usability as affected by outputs,System Usability,0,15,14,1682,15,14,1711,0.0,0.2475715413054484,0.6187902444386513,0.8397045836745559,False
clip,system usability as affected by outputs,System Usability,0,13,14,1684,13,14,1711,0.0,0.2144352532645228,0.643313087344787,0.8397045836745559,False
cider,system usability as affected by outputs,System Usability,0,76,14,1621,76,14,1711,0.0,1.2775400276571025,0.2583569270314376,0.8397045836745559,False
exact match,system usability as affected by outputs,System Usability,0,67,14,1630,67,14,1711,0.0,1.1231742189367004,0.2892359877717792,0.8397045836745559,False
chrf++,system usability as affected by outputs,System Usability,0,23,14,1674,23,14,1711,0.0,0.3805102412555813,0.5373302903185739,0.8397045836745559,False
blanc,system usability as affected by outputs,System Usability,0,13,14,1684,13,14,1711,0.0,0.2144352532645228,0.643313087344787,0.8397045836745559,False
diversity,system usability as affected by outputs,System Usability,0,10,14,1687,10,14,1711,0.0,0.1648042334976582,0.6847713468570514,0.8397045836745559,False
coherence,system usability as affected by outputs,System Usability,0,10,14,1687,10,14,1711,0.0,0.1648042334976582,0.6847713468570514,0.8397045836745559,False
clipscore,system usability as affected by outputs,System Usability,0,15,14,1682,15,14,1711,0.0,0.2475715413054484,0.6187902444386513,0.8397045836745559,False
hits,system usability as affected by outputs,System Usability,0,16,14,1681,16,14,1711,0.0,0.2641544025610714,0.6072802828016451,0.8397045836745559,False
win rate,system usability as affected by outputs,System Usability,0,14,14,1683,14,14,1711,0.0,0.2309984954109216,0.6307844455850777,0.8397045836745559,False
balanced accuracy,system usability as affected by outputs,System Usability,0,10,14,1687,10,14,1711,0.0,0.1648042334976582,0.6847713468570514,0.8397045836745559,False
ibleu,system usability as affected by outputs,System Usability,0,12,14,1685,12,14,1711,0.0,0.1978818032741748,0.6564360533024336,0.8397045836745559,False
self bleu,system usability as affected by outputs,System Usability,0,30,14,1667,30,14,1711,0.0,0.497351625503683,0.480666112052421,0.8397045836745559,False
spearman,system usability as affected by outputs,System Usability,0,12,14,1685,12,14,1711,0.0,0.1978818032741748,0.6564360533024336,0.8397045836745559,False
kendall,system usability as affected by outputs,System Usability,0,11,14,1686,11,14,1711,0.0,0.1813381338688013,0.6702257825865003,0.8397045836745559,False
coverage,system usability as affected by outputs,System Usability,0,22,14,1675,22,14,1711,0.0,0.3638583455824791,0.5463711785930916,0.8397045836745559,False
density,system usability as affected by outputs,System Usability,0,10,14,1687,10,14,1711,0.0,0.1648042334976582,0.6847713468570514,0.8397045836745559,False
ppl,system usability as affected by outputs,System Usability,0,19,14,1678,19,14,1711,0.0,0.3139619949276799,0.5752590625708633,0.8397045836745559,False
kendall s tau,system usability as affected by outputs,System Usability,0,11,14,1686,11,14,1711,0.0,0.1813381338688013,0.6702257825865003,0.8397045836745559,False
success rate,system usability as affected by outputs,System Usability,0,25,14,1672,25,14,1711,0.0,0.4138437714292972,0.5200249779924832,0.8397045836745559,False
supert,system usability as affected by outputs,System Usability,0,10,14,1687,10,14,1711,0.0,0.1648042334976582,0.6847713468570514,0.8397045836745559,False
summaqa,system usability as affected by outputs,System Usability,0,10,14,1687,10,14,1711,0.0,0.1648042334976582,0.6847713468570514,0.8397045836745559,False
spice,system usability as affected by outputs,System Usability,0,24,14,1673,24,14,1711,0.0,0.3971720459377413,0.5285533558158657,0.8397045836745559,False
length,system usability as affected by outputs,System Usability,1,15,13,1682,16,14,1711,8.149038461538462,2.4327824216148253,0.118821823955864,0.8397045836745559,False
parent,system usability as affected by outputs,System Usability,0,17,14,1680,17,14,1711,0.0,0.2807470908104529,0.5962119646066446,0.8397045836745559,False
consistency,system usability as affected by outputs,System Usability,0,14,14,1683,14,14,1711,0.0,0.2309984954109216,0.6307844455850777,0.8397045836745559,False
mrr,system usability as affected by outputs,System Usability,0,26,14,1671,26,14,1711,0.0,0.4305254295506402,0.5117312405577128,0.8397045836745559,False
embedding,system usability as affected by outputs,System Usability,0,26,14,1671,26,14,1711,0.0,0.4305254295506402,0.5117312405577128,0.8397045836745559,False
vector extrema,system usability as affected by outputs,System Usability,0,16,14,1681,16,14,1711,0.0,0.2641544025610714,0.6072802828016451,0.8397045836745559,False
greedy matching,system usability as affected by outputs,System Usability,0,14,14,1683,14,14,1711,0.0,0.2309984954109216,0.6307844455850777,0.8397045836745559,False
dist,system usability as affected by outputs,System Usability,0,23,14,1674,23,14,1711,0.0,0.3805102412555813,0.5373302903185739,0.8397045836745559,False
ruber,system usability as affected by outputs,System Usability,0,11,14,1686,11,14,1711,0.0,0.1813381338688013,0.6702257825865003,0.8397045836745559,False
bert,system usability as affected by outputs,System Usability,0,10,14,1687,10,14,1711,0.0,0.1648042334976582,0.6847713468570514,0.8397045836745559,False
xcomet,system usability as affected by outputs,System Usability,1,12,13,1685,13,14,1711,10.04733727810651,2.8170377152746373,0.0932683893114991,0.7963676863721588,False
auroc,system usability as affected by outputs,System Usability,0,10,14,1687,10,14,1711,0.0,0.1648042334976582,0.6847713468570514,0.8397045836745559,False
entailment,system usability as affected by outputs,System Usability,0,11,14,1686,11,14,1711,0.0,0.1813381338688013,0.6702257825865003,0.8397045836745559,False
sacrebleu,system usability as affected by outputs,System Usability,0,18,14,1679,18,14,1711,0.0,0.2973496177080982,0.5855487629683784,0.8397045836745559,False
gleu,system usability as affected by outputs,System Usability,0,14,14,1683,14,14,1711,0.0,0.2309984954109216,0.6307844455850777,0.8397045836745559,False
entropy,system usability as affected by outputs,System Usability,0,18,14,1679,18,14,1711,0.0,0.2973496177080982,0.5855487629683784,0.8397045836745559,False
maude,system usability as affected by outputs,System Usability,0,10,14,1687,10,14,1711,0.0,0.1648042334976582,0.6847713468570514,0.8397045836745559,False
nist,system usability as affected by outputs,System Usability,0,16,14,1681,16,14,1711,0.0,0.2641544025610714,0.6072802828016451,0.8397045836745559,False
auc,system usability as affected by outputs,System Usability,1,11,13,1686,12,14,1711,10.89102564102564,2.968531314714197,0.0848988997601461,0.7597436777465535,False
prism,system usability as affected by outputs,System Usability,0,11,14,1686,11,14,1711,0.0,0.1813381338688013,0.6702257825865003,0.8397045836745559,False
bleu,appropriateness (content/meaning),Appropriateness (content),10,732,14,955,742,24,1711,0.9328070850981904,0.0287280342532938,0.8654085131567475,0.8957210233998523,False
comet,appropriateness (content/meaning),Appropriateness (content),1,69,23,1618,70,24,1711,1.0192546583850932,0.0003515081237235,0.9850416978220476,0.987299241820112,False
rouge,appropriateness (content/meaning),Appropriateness (content),7,658,17,1029,665,24,1711,0.6476780185758513,1.0011300200543252,0.3170372304961056,0.8397045836745559,False
roc auc,appropriateness (content/meaning),Appropriateness (content),0,11,24,1676,11,24,1711,0.0,0.3117866512229681,0.5765858886770123,0.8397045836745559,False
bertscore,appropriateness (content/meaning),Appropriateness (content),2,360,22,1327,362,24,1711,0.3387744851833249,2.9376539137005206,0.0865363385518717,0.7615845443177774,False
distinct,appropriateness (content/meaning),Appropriateness (content),3,122,21,1565,125,24,1711,1.8125714285714285,0.8140361455486427,0.3669296472243469,0.8397045836745559,False
f1,appropriateness (content/meaning),Appropriateness (content),2,233,22,1454,235,24,1711,0.5709864603481625,0.6819177783968353,0.4089271253002393,0.8397045836745559,False
recall,appropriateness (content/meaning),Appropriateness (content),0,112,24,1575,112,24,1711,0.0,3.273389574163923,0.0704120008155114,0.7003402152984511,False
meteor,appropriateness (content/meaning),Appropriateness (content),3,255,21,1432,258,24,1711,0.8045404208194906,0.1328461836531738,0.7154990802352054,0.8397045836745559,False
knowledge f1,appropriateness (content/meaning),Appropriateness (content),0,13,24,1674,13,24,1711,0.0,0.3686933675395031,0.5437173575914342,0.8397045836745559,False
acc,appropriateness (content/meaning),Appropriateness (content),0,11,24,1676,11,24,1711,0.0,0.3117866512229681,0.5765858886770123,0.8397045836745559,False
dae,appropriateness (content/meaning),Appropriateness (content),0,17,24,1670,17,24,1711,0.0,0.4827096028088566,0.487197534665827,0.8397045836745559,False
mauve,appropriateness (content/meaning),Appropriateness (content),0,10,24,1677,10,24,1711,0.0,0.2833585733095006,0.5945082910917401,0.8397045836745559,False
factcc,appropriateness (content/meaning),Appropriateness (content),0,33,24,1654,33,24,1711,0.0,0.9415023165384854,0.331891783545765,0.8397045836745559,False
comet qe,appropriateness (content/meaning),Appropriateness (content),0,10,24,1677,10,24,1711,0.0,0.2833585733095006,0.5945082910917401,0.8397045836745559,False
unieval,appropriateness (content/meaning),Appropriateness (content),1,21,23,1666,22,24,1711,3.3379446640316206,1.011597610555539,0.3145204049873212,0.8397045836745559,False
chrf,appropriateness (content/meaning),Appropriateness (content),0,60,24,1627,60,24,1711,0.0,1.7257998154751777,0.1889481899574563,0.8397045836745559,False
questeval,appropriateness (content/meaning),Appropriateness (content),0,27,24,1660,27,24,1711,0.0,0.7689407388920378,0.3805449428131116,0.8397045836745559,False
qafacteval,appropriateness (content/meaning),Appropriateness (content),0,12,24,1675,12,24,1711,0.0,0.3402315759729472,0.5596955823776756,0.8397045836745559,False
spearman correlation,appropriateness (content/meaning),Appropriateness (content),0,25,24,1662,25,24,1711,0.0,0.711557799364829,0.3989271448580141,0.8397045836745559,False
pearson correlation,appropriateness (content/meaning),Appropriateness (content),2,31,22,1656,33,24,1711,4.622589531680441,2.9573076589834337,0.0854901833623949,0.7597436777465535,False
moverscore,appropriateness (content/meaning),Appropriateness (content),0,55,24,1632,55,24,1711,0.0,1.579589360976776,0.2088198526427175,0.8397045836745559,False
g eval,appropriateness (content/meaning),Appropriateness (content),1,18,23,1669,19,24,1711,3.8718535469107542,1.2300321618565413,0.2674007834474534,0.8397045836745559,False
usr,appropriateness (content/meaning),Appropriateness (content),2,10,22,1677,12,24,1711,12.87121212121212,6.682707541079549,0.0097352640353298,0.2660972169656821,False
bartscore,appropriateness (content/meaning),Appropriateness (content),1,63,23,1624,64,24,1711,1.1188858695652173,0.0118597790088923,0.9132797344977738,0.9333408721460346,False
qags,appropriateness (content/meaning),Appropriateness (content),0,10,24,1677,10,24,1711,0.0,0.2833585733095006,0.5945082910917401,0.8397045836745559,False
perplexity,appropriateness (content/meaning),Appropriateness (content),5,161,19,1526,166,24,1711,2.449270767279645,2.6915145292906235,0.1008838828369575,0.8134039803883839,False
ndcg,appropriateness (content/meaning),Appropriateness (content),0,21,24,1666,21,24,1711,0.0,0.5969973147839617,0.4397259853202936,0.8397045836745559,False
map,appropriateness (content/meaning),Appropriateness (content),0,12,24,1675,12,24,1711,0.0,0.3402315759729472,0.5596955823776756,0.8397045836745559,False
precision,appropriateness (content/meaning),Appropriateness (content),0,79,24,1608,79,24,1711,0.0,2.2854971588222344,0.1305882911239079,0.8397045836745559,False
bleurt,appropriateness (content/meaning),Appropriateness (content),0,110,24,1577,110,24,1711,0.0,3.2129350149315874,0.0730583215849666,0.7098049943874851,False
ter,appropriateness (content/meaning),Appropriateness (content),1,49,23,1638,50,24,1711,1.4443478260869564,0.1179135787254815,0.7313084915190893,0.8397045836745559,False
feqa,appropriateness (content/meaning),Appropriateness (content),0,10,24,1677,10,24,1711,0.0,0.2833585733095006,0.5945082910917401,0.8397045836745559,False
sari,appropriateness (content/meaning),Appropriateness (content),0,25,24,1662,25,24,1711,0.0,0.711557799364829,0.3989271448580141,0.8397045836745559,False
cosine similarity,appropriateness (content/meaning),Appropriateness (content),1,23,23,1664,24,24,1711,3.056159420289855,0.8885503474516732,0.3458704525106635,0.8397045836745559,False
accuracy,appropriateness (content/meaning),Appropriateness (content),1,185,23,1502,186,24,1711,0.3564749883122954,1.433966207622889,0.2311182404105347,0.8397045836745559,False
summac,appropriateness (content/meaning),Appropriateness (content),0,15,24,1672,15,24,1711,0.0,0.4256676312183688,0.5141224689899015,0.8397045836745559,False
clip,appropriateness (content/meaning),Appropriateness (content),0,13,24,1674,13,24,1711,0.0,0.3686933675395031,0.5437173575914342,0.8397045836745559,False
cider,appropriateness (content/meaning),Appropriateness (content),0,76,24,1611,76,24,1711,0.0,2.196688851673416,0.13830754620405,0.8397045836745559,False
exact match,appropriateness (content/meaning),Appropriateness (content),0,67,24,1620,67,24,1711,0.0,1.9312455768015464,0.1646222369396179,0.8397045836745559,False
chrf++,appropriateness (content/meaning),Appropriateness (content),2,21,22,1666,23,24,1711,6.671936758893281,4.193646013266753,0.0405757430021557,0.5561046996302529,False
blanc,appropriateness (content/meaning),Appropriateness (content),0,13,24,1674,13,24,1711,0.0,0.3686933675395031,0.5437173575914342,0.8397045836745559,False
diversity,appropriateness (content/meaning),Appropriateness (content),0,10,24,1677,10,24,1711,0.0,0.2833585733095006,0.5945082910917401,0.8397045836745559,False
coherence,appropriateness (content/meaning),Appropriateness (content),0,10,24,1677,10,24,1711,0.0,0.2833585733095006,0.5945082910917401,0.8397045836745559,False
clipscore,appropriateness (content/meaning),Appropriateness (content),2,13,22,1674,15,24,1711,10.278787878787876,5.794212271217436,0.0160790175188618,0.3587699147065773,False
hits,appropriateness (content/meaning),Appropriateness (content),0,16,24,1671,16,24,1711,0.0,0.4541801434681374,0.5003565263783444,0.8397045836745559,False
win rate,appropriateness (content/meaning),Appropriateness (content),0,14,24,1673,14,24,1711,0.0,0.3971720459377413,0.5285533558158657,0.8397045836745559,False
balanced accuracy,appropriateness (content/meaning),Appropriateness (content),0,10,24,1677,10,24,1711,0.0,0.2833585733095006,0.5945082910917401,0.8397045836745559,False
ibleu,appropriateness (content/meaning),Appropriateness (content),0,12,24,1675,12,24,1711,0.0,0.3402315759729472,0.5596955823776756,0.8397045836745559,False
self bleu,appropriateness (content/meaning),Appropriateness (content),0,30,24,1657,30,24,1711,0.0,0.8551439808524764,0.3551011917375245,0.8397045836745559,False
spearman,appropriateness (content/meaning),Appropriateness (content),1,11,23,1676,12,24,1711,6.155797101449275,1.990051843335043,0.1583354587832068,0.8397045836745559,False
kendall,appropriateness (content/meaning),Appropriateness (content),1,10,23,1677,11,24,1711,6.719367588932807,2.1448696877428963,0.1430471820953457,0.8397045836745559,False
coverage,appropriateness (content/meaning),Appropriateness (content),0,22,24,1665,22,24,1711,0.0,0.6256118126725314,0.4289695134906149,0.8397045836745559,False
density,appropriateness (content/meaning),Appropriateness (content),0,10,24,1677,10,24,1711,0.0,0.2833585733095006,0.5945082910917401,0.8397045836745559,False
ppl,appropriateness (content/meaning),Appropriateness (content),0,19,24,1668,19,24,1711,0.0,0.5398194434314256,0.4625075645724129,0.8397045836745559,False
kendall s tau,appropriateness (content/meaning),Appropriateness (content),0,11,24,1676,11,24,1711,0.0,0.3117866512229681,0.5765858886770123,0.8397045836745559,False
success rate,appropriateness (content/meaning),Appropriateness (content),0,25,24,1662,25,24,1711,0.0,0.711557799364829,0.3989271448580141,0.8397045836745559,False
supert,appropriateness (content/meaning),Appropriateness (content),0,10,24,1677,10,24,1711,0.0,0.2833585733095006,0.5945082910917401,0.8397045836745559,False
summaqa,appropriateness (content/meaning),Appropriateness (content),0,10,24,1677,10,24,1711,0.0,0.2833585733095006,0.5945082910917401,0.8397045836745559,False
spice,appropriateness (content/meaning),Appropriateness (content),0,24,24,1663,24,24,1711,0.0,0.6828920345695209,0.4085926378226903,0.8397045836745559,False
length,appropriateness (content/meaning),Appropriateness (content),0,16,24,1671,16,24,1711,0.0,0.4541801434681374,0.5003565263783444,0.8397045836745559,False
parent,appropriateness (content/meaning),Appropriateness (content),0,17,24,1670,17,24,1711,0.0,0.4827096028088566,0.487197534665827,0.8397045836745559,False
consistency,appropriateness (content/meaning),Appropriateness (content),0,14,24,1673,14,24,1711,0.0,0.3971720459377413,0.5285533558158657,0.8397045836745559,False
mrr,appropriateness (content/meaning),Appropriateness (content),0,26,24,1661,26,24,1711,0.0,0.7402406939773614,0.3895837861650638,0.8397045836745559,False
embedding,appropriateness (content/meaning),Appropriateness (content),0,26,24,1661,26,24,1711,0.0,0.7402406939773614,0.3895837861650638,0.8397045836745559,False
vector extrema,appropriateness (content/meaning),Appropriateness (content),0,16,24,1671,16,24,1711,0.0,0.4541801434681374,0.5003565263783444,0.8397045836745559,False
greedy matching,appropriateness (content/meaning),Appropriateness (content),0,14,24,1673,14,24,1711,0.0,0.3971720459377413,0.5285533558158657,0.8397045836745559,False
dist,appropriateness (content/meaning),Appropriateness (content),0,23,24,1664,23,24,1711,0.0,0.6542433791425923,0.4185996337973846,0.8397045836745559,False
ruber,appropriateness (content/meaning),Appropriateness (content),0,11,24,1676,11,24,1711,0.0,0.3117866512229681,0.5765858886770123,0.8397045836745559,False
bert,appropriateness (content/meaning),Appropriateness (content),0,10,24,1677,10,24,1711,0.0,0.2833585733095006,0.5945082910917401,0.8397045836745559,False
xcomet,appropriateness (content/meaning),Appropriateness (content),0,13,24,1674,13,24,1711,0.0,0.3686933675395031,0.5437173575914342,0.8397045836745559,False
auroc,appropriateness (content/meaning),Appropriateness (content),0,10,24,1677,10,24,1711,0.0,0.2833585733095006,0.5945082910917401,0.8397045836745559,False
entailment,appropriateness (content/meaning),Appropriateness (content),1,10,23,1677,11,24,1711,6.719367588932807,2.1448696877428963,0.1430471820953457,0.8397045836745559,False
sacrebleu,appropriateness (content/meaning),Appropriateness (content),0,18,24,1669,18,24,1711,0.0,0.5112560293983238,0.4745956355167933,0.8397045836745559,False
gleu,appropriateness (content/meaning),Appropriateness (content),0,14,24,1673,14,24,1711,0.0,0.3971720459377413,0.5285533558158657,0.8397045836745559,False
entropy,appropriateness (content/meaning),Appropriateness (content),0,18,24,1669,18,24,1711,0.0,0.5112560293983238,0.4745956355167933,0.8397045836745559,False
maude,appropriateness (content/meaning),Appropriateness (content),0,10,24,1677,10,24,1711,0.0,0.2833585733095006,0.5945082910917401,0.8397045836745559,False
nist,appropriateness (content/meaning),Appropriateness (content),0,16,24,1671,16,24,1711,0.0,0.4541801434681374,0.5003565263783444,0.8397045836745559,False
auc,appropriateness (content/meaning),Appropriateness (content),0,12,24,1675,12,24,1711,0.0,0.3402315759729472,0.5596955823776756,0.8397045836745559,False
prism,appropriateness (content/meaning),Appropriateness (content),0,11,24,1676,11,24,1711,0.0,0.3117866512229681,0.5765858886770123,0.8397045836745559,False
bleu,degree to which output answers question in input,Question Answering,9,733,20,949,742,29,1711,0.5876684636118599,1.8885829242055907,0.1693618403635793,0.8397045836745559,False
comet,degree to which output answers question in input,Question Answering,0,70,29,1612,70,29,1711,0.0,2.443998715387464,0.1179751438697055,0.8397045836745559,False
rouge,degree to which output answers question in input,Question Answering,7,658,22,1024,665,29,1711,0.5004784688995215,2.8743144660447513,0.0900032947383208,0.7789203344107977,False
roc auc,degree to which output answers question in input,Question Answering,0,11,29,1671,11,29,1711,0.0,0.3773021215930693,0.5390506434925761,0.8397045836745559,False
bertscore,degree to which output answers question in input,Question Answering,2,360,27,1322,362,29,1711,0.2760384694086352,4.554742255773364,0.0328277044614652,0.5059269087763109,False
distinct,degree to which output answers question in input,Question Answering,0,125,29,1557,125,29,1711,0.0,4.43924703561928,0.035121734208805,0.5267096736218565,False
f1,degree to which output answers question in input,Question Answering,10,225,19,1457,235,29,1711,3.3057110862262036,8.139395998931075,0.0043313709273333,0.1675886262727983,False
recall,degree to which output answers question in input,Question Answering,3,109,26,1573,112,29,1711,1.6473214285714284,0.5997518105513193,0.4386727372673834,0.8397045836745559,False
meteor,degree to which output answers question in input,Question Answering,0,258,29,1424,258,29,1711,0.0,9.568327307221931,0.0019796307256441,0.0980048701485536,False
knowledge f1,degree to which output answers question in input,Question Answering,0,13,29,1669,13,29,1711,0.0,0.4461669947286087,0.5041608303124974,0.8397045836745559,False
acc,degree to which output answers question in input,Question Answering,1,10,28,1672,11,29,1711,5.51948051948052,1.8185557923995628,0.1774852809403833,0.8397045836745559,False
dae,degree to which output answers question in input,Question Answering,0,17,29,1665,17,29,1711,0.0,0.5841425286097088,0.4446931475145551,0.8397045836745559,False
mauve,degree to which output answers question in input,Question Answering,0,10,29,1672,10,29,1711,0.0,0.3429003234101492,0.5581598653416082,0.8397045836745559,False
factcc,degree to which output answers question in input,Question Answering,0,33,29,1649,33,29,1711,0.0,1.1393506448694777,0.2857895813337664,0.8397045836745559,False
comet qe,degree to which output answers question in input,Question Answering,0,10,29,1672,10,29,1711,0.0,0.3429003234101492,0.5581598653416082,0.8397045836745559,False
unieval,degree to which output answers question in input,Question Answering,0,22,29,1660,22,29,1711,0.0,0.7570748136396601,0.38424550534718,0.8397045836745559,False
chrf,degree to which output answers question in input,Question Answering,0,60,29,1622,60,29,1711,0.0,2.088487169032148,0.1484129738865878,0.8397045836745559,False
questeval,degree to which output answers question in input,Question Answering,0,27,29,1655,27,29,1711,0.0,0.9305242673310484,0.3347267315909737,0.8397045836745559,False
qafacteval,degree to which output answers question in input,Question Answering,0,12,29,1670,12,29,1711,0.0,0.4117243372824813,0.5210955948930586,0.8397045836745559,False
spearman correlation,degree to which output answers question in input,Question Answering,0,25,29,1657,25,29,1711,0.0,0.8610822276699441,0.3534360150134896,0.8397045836745559,False
pearson correlation,degree to which output answers question in input,Question Answering,0,33,29,1649,33,29,1711,0.0,1.1393506448694777,0.2857895813337664,0.8397045836745559,False
moverscore,degree to which output answers question in input,Question Answering,0,55,29,1627,55,29,1711,0.0,1.9115452586628652,0.166791709824316,0.8397045836745559,False
g eval,degree to which output answers question in input,Question Answering,0,19,29,1663,19,29,1711,0.0,0.6532535797958251,0.4189518361505622,0.8397045836745559,False
usr,degree to which output answers question in input,Question Answering,0,12,29,1670,12,29,1711,0.0,0.4117243372824813,0.5210955948930586,0.8397045836745559,False
bartscore,degree to which output answers question in input,Question Answering,0,64,29,1618,64,29,1711,0.0,2.230430394547713,0.1353161496871848,0.8397045836745559,False
qags,degree to which output answers question in input,Question Answering,0,10,29,1672,10,29,1711,0.0,0.3429003234101492,0.5581598653416082,0.8397045836745559,False
perplexity,degree to which output answers question in input,Question Answering,0,166,29,1516,166,29,1711,0.0,5.972585396454551,0.0145299624824048,0.3392048180945764,False
ndcg,degree to which output answers question in input,Question Answering,1,20,28,1662,21,29,1711,2.8741496598639453,0.8130422157098618,0.3672223445841108,0.8397045836745559,False
map,degree to which output answers question in input,Question Answering,0,12,29,1670,12,29,1711,0.0,0.4117243372824813,0.5210955948930586,0.8397045836745559,False
precision,degree to which output answers question in input,Question Answering,1,78,28,1604,79,29,1711,0.7377938517179022,0.0998317323920541,0.752031655244886,0.8397045836745559,False
bleurt,degree to which output answers question in input,Question Answering,0,110,29,1572,110,29,1711,0.0,3.888245768845855,0.0486251879279309,0.6018513826551455,False
ter,degree to which output answers question in input,Question Answering,0,50,29,1632,50,29,1711,0.0,1.7351415215737116,0.1877556073819036,0.8397045836745559,False
feqa,degree to which output answers question in input,Question Answering,0,10,29,1672,10,29,1711,0.0,0.3429003234101492,0.5581598653416082,0.8397045836745559,False
sari,degree to which output answers question in input,Question Answering,0,25,29,1657,25,29,1711,0.0,0.8610822276699441,0.3534360150134896,0.8397045836745559,False
cosine similarity,degree to which output answers question in input,Question Answering,1,23,28,1659,24,29,1711,2.5104166666666665,0.6401745548656386,0.423647595396567,0.8397045836745559,False
accuracy,degree to which output answers question in input,Question Answering,5,181,24,1501,186,29,1711,1.7081093189964158,1.0736882322189656,0.3001138450884728,0.8397045836745559,False
summac,degree to which output answers question in input,Question Answering,0,15,29,1667,15,29,1711,0.0,0.5151137321102456,0.4729335004527147,0.8397045836745559,False
clip,degree to which output answers question in input,Question Answering,1,12,28,1670,13,29,1711,4.664835164835165,1.5360966151058113,0.21519975258998,0.8397045836745559,False
cider,degree to which output answers question in input,Question Answering,1,75,28,1607,76,29,1711,0.7683270676691729,0.0740264307912501,0.785562055425927,0.8414530350982423,False
exact match,degree to which output answers question in input,Question Answering,7,60,22,1622,67,29,1711,7.807327001356852,15.624664731062676,7.724048875307771e-05,0.0089056431891263,True
chrf++,degree to which output answers question in input,Question Answering,0,23,29,1659,23,29,1711,0.0,0.7917232320006797,0.3735795661361384,0.8397045836745559,False
blanc,degree to which output answers question in input,Question Answering,0,13,29,1669,13,29,1711,0.0,0.4461669947286087,0.5041608303124974,0.8397045836745559,False
diversity,degree to which output answers question in input,Question Answering,1,9,28,1673,10,29,1711,6.075,1.9856848403908576,0.1587927994858158,0.8397045836745559,False
coherence,degree to which output answers question in input,Question Answering,0,10,29,1672,10,29,1711,0.0,0.3429003234101492,0.5581598653416082,0.8397045836745559,False
clipscore,degree to which output answers question in input,Question Answering,0,15,29,1667,15,29,1711,0.0,0.5151137321102456,0.4729335004527147,0.8397045836745559,False
hits,degree to which output answers question in input,Question Answering,0,16,29,1666,16,29,1711,0.0,0.5496178607641374,0.4584738780532016,0.8397045836745559,False
win rate,degree to which output answers question in input,Question Answering,0,14,29,1668,14,29,1711,0.0,0.4806301182254512,0.4881370375274678,0.8397045836745559,False
balanced accuracy,degree to which output answers question in input,Question Answering,0,10,29,1672,10,29,1711,0.0,0.3429003234101492,0.5581598653416082,0.8397045836745559,False
ibleu,degree to which output answers question in input,Question Answering,0,12,29,1670,12,29,1711,0.0,0.4117243372824813,0.5210955948930586,0.8397045836745559,False
self bleu,degree to which output answers question in input,Question Answering,0,30,29,1652,30,29,1711,0.0,1.0348434700378433,0.3090237844026618,0.8397045836745559,False
spearman,degree to which output answers question in input,Question Answering,0,12,29,1670,12,29,1711,0.0,0.4117243372824813,0.5210955948930586,0.8397045836745559,False
kendall,degree to which output answers question in input,Question Answering,0,11,29,1671,11,29,1711,0.0,0.3773021215930693,0.5390506434925761,0.8397045836745559,False
coverage,degree to which output answers question in input,Question Answering,1,21,28,1661,22,29,1711,2.741883116883117,0.7511917322640207,0.3860991834016739,0.8397045836745559,False
density,degree to which output answers question in input,Question Answering,0,10,29,1672,10,29,1711,0.0,0.3429003234101492,0.5581598653416082,0.8397045836745559,False
ppl,degree to which output answers question in input,Question Answering,0,19,29,1663,19,29,1711,0.0,0.6532535797958251,0.4189518361505622,0.8397045836745559,False
kendall s tau,degree to which output answers question in input,Question Answering,0,11,29,1671,11,29,1711,0.0,0.3773021215930693,0.5390506434925761,0.8397045836745559,False
success rate,degree to which output answers question in input,Question Answering,0,25,29,1657,25,29,1711,0.0,0.8610822276699441,0.3534360150134896,0.8397045836745559,False
supert,degree to which output answers question in input,Question Answering,0,10,29,1672,10,29,1711,0.0,0.3429003234101492,0.5581598653416082,0.8397045836745559,False
summaqa,degree to which output answers question in input,Question Answering,0,10,29,1672,10,29,1711,0.0,0.3429003234101492,0.5581598653416082,0.8397045836745559,False
spice,degree to which output answers question in input,Question Answering,0,24,29,1658,24,29,1711,0.0,0.8263923617524865,0.3633177939348383,0.8397045836745559,False
length,degree to which output answers question in input,Question Answering,0,16,29,1666,16,29,1711,0.0,0.5496178607641374,0.4584738780532016,0.8397045836745559,False
parent,degree to which output answers question in input,Question Answering,0,17,29,1665,17,29,1711,0.0,0.5841425286097088,0.4446931475145551,0.8397045836745559,False
consistency,degree to which output answers question in input,Question Answering,0,14,29,1668,14,29,1711,0.0,0.4806301182254512,0.4881370375274678,0.8397045836745559,False
mrr,degree to which output answers question in input,Question Answering,2,24,27,1658,26,29,1711,4.800569800569801,3.117033908314517,0.0774776940904521,0.7271154123510248,False
embedding,degree to which output answers question in input,Question Answering,0,26,29,1656,26,29,1711,0.0,0.8957928545744809,0.3439123119594189,0.8397045836745559,False
vector extrema,degree to which output answers question in input,Question Answering,0,16,29,1666,16,29,1711,0.0,0.5496178607641374,0.4584738780532016,0.8397045836745559,False
greedy matching,degree to which output answers question in input,Question Answering,0,14,29,1668,14,29,1711,0.0,0.4806301182254512,0.4881370375274678,0.8397045836745559,False
dist,degree to which output answers question in input,Question Answering,0,23,29,1659,23,29,1711,0.0,0.7917232320006797,0.3735795661361384,0.8397045836745559,False
ruber,degree to which output answers question in input,Question Answering,0,11,29,1671,11,29,1711,0.0,0.3773021215930693,0.5390506434925761,0.8397045836745559,False
bert,degree to which output answers question in input,Question Answering,0,10,29,1672,10,29,1711,0.0,0.3429003234101492,0.5581598653416082,0.8397045836745559,False
xcomet,degree to which output answers question in input,Question Answering,0,13,29,1669,13,29,1711,0.0,0.4461669947286087,0.5041608303124974,0.8397045836745559,False
auroc,degree to which output answers question in input,Question Answering,0,10,29,1672,10,29,1711,0.0,0.3429003234101492,0.5581598653416082,0.8397045836745559,False
entailment,degree to which output answers question in input,Question Answering,1,10,28,1672,11,29,1711,5.51948051948052,1.8185557923995628,0.1774852809403833,0.8397045836745559,False
sacrebleu,degree to which output answers question in input,Question Answering,0,18,29,1664,18,29,1711,0.0,0.6186877601168302,0.4315353408330799,0.8397045836745559,False
gleu,degree to which output answers question in input,Question Answering,0,14,29,1668,14,29,1711,0.0,0.4806301182254512,0.4881370375274678,0.8397045836745559,False
entropy,degree to which output answers question in input,Question Answering,0,18,29,1664,18,29,1711,0.0,0.6186877601168302,0.4315353408330799,0.8397045836745559,False
maude,degree to which output answers question in input,Question Answering,0,10,29,1672,10,29,1711,0.0,0.3429003234101492,0.5581598653416082,0.8397045836745559,False
nist,degree to which output answers question in input,Question Answering,0,16,29,1666,16,29,1711,0.0,0.5496178607641374,0.4584738780532016,0.8397045836745559,False
auc,degree to which output answers question in input,Question Answering,0,12,29,1670,12,29,1711,0.0,0.4117243372824813,0.5210955948930586,0.8397045836745559,False
prism,degree to which output answers question in input,Question Answering,0,11,29,1671,11,29,1711,0.0,0.3773021215930693,0.5390506434925761,0.8397045836745559,False
bleu,control over sentiment,Sentiment Control,4,738,14,955,742,18,1711,0.3731228340392761,3.569194914008926,0.058860842080375,0.6483557651616368,False
comet,control over sentiment,Sentiment Control,0,70,18,1623,70,18,1711,0.0,1.511934550974594,0.2188441282224461,0.8397045836745559,False
rouge,control over sentiment,Sentiment Control,6,659,12,1034,665,18,1711,0.7864661654135339,0.2390210258694751,0.6249140771964901,0.8397045836745559,False
roc auc,control over sentiment,Sentiment Control,0,11,18,1682,11,18,1711,0.0,0.2334247582979182,0.6289959677428154,0.8397045836745559,False
bertscore,control over sentiment,Sentiment Control,4,358,14,1335,362,18,1711,1.0647198105761642,0.0122231704464713,0.911966499026977,0.9325799272980466,False
distinct,control over sentiment,Sentiment Control,0,125,18,1568,125,18,1711,0.0,2.746097649272949,0.0974921086744754,0.8016006112360292,False
f1,control over sentiment,Sentiment Control,2,233,16,1460,235,18,1711,0.7851063829787234,0.1118993172047336,0.7379920654820289,0.8397045836745559,False
recall,control over sentiment,Sentiment Control,1,111,17,1582,112,18,1711,0.8398109243697478,0.0306309567147327,0.861066261259693,0.892635062241401,False
meteor,control over sentiment,Sentiment Control,0,258,18,1435,258,18,1711,0.0,5.917996937028245,0.0149869874491247,0.3425597131228505,False
knowledge f1,control over sentiment,Sentiment Control,0,13,18,1680,13,18,1711,0.0,0.2760287163233513,0.599316029917367,0.8397045836745559,False
acc,control over sentiment,Sentiment Control,0,11,18,1682,11,18,1711,0.0,0.2334247582979182,0.6289959677428154,0.8397045836745559,False
dae,control over sentiment,Sentiment Control,0,17,18,1676,17,18,1711,0.0,0.3613881909141698,0.5477362788447191,0.8397045836745559,False
mauve,control over sentiment,Sentiment Control,0,10,18,1683,10,18,1711,0.0,0.212141671821069,0.6450939374463184,0.8397045836745559,False
factcc,control over sentiment,Sentiment Control,0,33,18,1660,33,18,1711,0.0,0.7048645771248442,0.4011539376212842,0.8397045836745559,False
comet qe,control over sentiment,Sentiment Control,0,10,18,1683,10,18,1711,0.0,0.212141671821069,0.6450939374463184,0.8397045836745559,False
unieval,control over sentiment,Sentiment Control,1,21,17,1672,22,18,1711,4.516042780748663,1.4512711775074374,0.228324090821427,0.8397045836745559,False
chrf,control over sentiment,Sentiment Control,0,60,18,1633,60,18,1711,0.0,1.292017173566533,0.2556765438192497,0.8397045836745559,False
questeval,control over sentiment,Sentiment Control,0,27,18,1666,27,18,1711,0.0,0.5756765878951842,0.4480119677515253,0.8397045836745559,False
qafacteval,control over sentiment,Sentiment Control,0,12,18,1681,12,18,1711,0.0,0.2547204348305701,0.6137707129421035,0.8397045836745559,False
spearman correlation,control over sentiment,Sentiment Control,0,25,18,1668,25,18,1711,0.0,0.5327167426544986,0.4654669186431798,0.8397045836745559,False
pearson correlation,control over sentiment,Sentiment Control,0,33,18,1660,33,18,1711,0.0,0.7048645771248442,0.4011539376212842,0.8397045836745559,False
moverscore,control over sentiment,Sentiment Control,0,55,18,1638,55,18,1711,0.0,1.182560234807274,0.2768353983387262,0.8397045836745559,False
g eval,control over sentiment,Sentiment Control,2,17,16,1676,19,18,1711,11.13157894736842,5.981034526092187,0.0144605176424674,0.3392048180945764,False
usr,control over sentiment,Sentiment Control,0,12,18,1681,12,18,1711,0.0,0.2547204348305701,0.6137707129421035,0.8397045836745559,False
bartscore,control over sentiment,Sentiment Control,3,61,15,1632,64,18,1711,5.146875,4.729047341568611,0.0296573076333126,0.4886772346784259,False
qags,control over sentiment,Sentiment Control,0,10,18,1683,10,18,1711,0.0,0.212141671821069,0.6450939374463184,0.8397045836745559,False
perplexity,control over sentiment,Sentiment Control,3,163,15,1530,166,18,1711,1.8614457831325304,0.8491125529637045,0.3568035134885639,0.8397045836745559,False
ndcg,control over sentiment,Sentiment Control,0,21,18,1672,21,18,1711,0.0,0.4469505441264918,0.5037866609808794,0.8397045836745559,False
map,control over sentiment,Sentiment Control,0,12,18,1681,12,18,1711,0.0,0.2547204348305701,0.6137707129421035,0.8397045836745559,False
precision,control over sentiment,Sentiment Control,0,79,18,1614,79,18,1711,0.0,1.7110154286813577,0.1908536768124694,0.8397045836745559,False
bleurt,control over sentiment,Sentiment Control,3,107,15,1586,110,18,1711,2.9109090909090907,2.2729206840233407,0.1316515885202344,0.8397045836745559,False
ter,control over sentiment,Sentiment Control,0,50,18,1643,50,18,1711,0.0,1.0734350913873996,0.3001708271057435,0.8397045836745559,False
feqa,control over sentiment,Sentiment Control,0,10,18,1683,10,18,1711,0.0,0.212141671821069,0.6450939374463184,0.8397045836745559,False
sari,control over sentiment,Sentiment Control,0,25,18,1668,25,18,1711,0.0,0.5327167426544986,0.4654669186431798,0.8397045836745559,False
cosine similarity,control over sentiment,Sentiment Control,1,23,17,1670,24,18,1711,4.1348039215686265,1.313835407956308,0.2517014062692795,0.8397045836745559,False
accuracy,control over sentiment,Sentiment Control,2,184,16,1509,186,18,1711,1.0248655913978495,0.001077069493025,0.9738191363590674,0.9809222765079608,False
summac,control over sentiment,Sentiment Control,1,14,17,1679,15,18,1711,6.650980392156863,2.0979643670125516,0.1474953919502291,0.8397045836745559,False
clip,control over sentiment,Sentiment Control,1,12,17,1681,13,18,1711,7.683257918552036,2.354668695706817,0.124908419754704,0.8397045836745559,False
cider,control over sentiment,Sentiment Control,0,76,18,1617,76,18,1711,0.0,1.644532735126806,0.1997046915754159,0.8397045836745559,False
exact match,control over sentiment,Sentiment Control,0,67,18,1626,67,18,1711,0.0,1.4458181608926168,0.2292001510707094,0.8397045836745559,False
chrf++,control over sentiment,Sentiment Control,0,23,18,1670,23,18,1711,0.0,0.489808102038108,0.4840129182124012,0.8397045836745559,False
blanc,control over sentiment,Sentiment Control,0,13,18,1680,13,18,1711,0.0,0.2760287163233513,0.599316029917367,0.8397045836745559,False
diversity,control over sentiment,Sentiment Control,0,10,18,1683,10,18,1711,0.0,0.212141671821069,0.6450939374463184,0.8397045836745559,False
coherence,control over sentiment,Sentiment Control,0,10,18,1683,10,18,1711,0.0,0.212141671821069,0.6450939374463184,0.8397045836745559,False
clipscore,control over sentiment,Sentiment Control,0,15,18,1678,15,18,1711,0.0,0.3186831539407949,0.5724000979040134,0.8397045836745559,False
hits,control over sentiment,Sentiment Control,0,16,18,1677,16,18,1711,0.0,0.3400293400056861,0.559812286800734,0.8397045836745559,False
win rate,control over sentiment,Sentiment Control,0,14,18,1679,14,18,1711,0.0,0.2973496177080982,0.5855487629683784,0.8397045836745559,False
balanced accuracy,control over sentiment,Sentiment Control,0,10,18,1683,10,18,1711,0.0,0.212141671821069,0.6450939374463184,0.8397045836745559,False
ibleu,control over sentiment,Sentiment Control,0,12,18,1681,12,18,1711,0.0,0.2547204348305701,0.6137707129421035,0.8397045836745559,False
self bleu,control over sentiment,Sentiment Control,1,29,17,1664,30,18,1711,3.2960784313725493,0.980756446139656,0.3220121231337128,0.8397045836745559,False
spearman,control over sentiment,Sentiment Control,0,12,18,1681,12,18,1711,0.0,0.2547204348305701,0.6137707129421035,0.8397045836745559,False
kendall,control over sentiment,Sentiment Control,0,11,18,1682,11,18,1711,0.0,0.2334247582979182,0.6289959677428154,0.8397045836745559,False
coverage,control over sentiment,Sentiment Control,0,22,18,1671,22,18,1711,0.0,0.4683729453468433,0.4937366435338135,0.8397045836745559,False
density,control over sentiment,Sentiment Control,0,10,18,1683,10,18,1711,0.0,0.212141671821069,0.6450939374463184,0.8397045836745559,False
ppl,control over sentiment,Sentiment Control,0,19,18,1674,19,18,1711,0.0,0.404143947435586,0.5249568725040462,0.8397045836745559,False
kendall s tau,control over sentiment,Sentiment Control,0,11,18,1682,11,18,1711,0.0,0.2334247582979182,0.6289959677428154,0.8397045836745559,False
success rate,control over sentiment,Sentiment Control,0,25,18,1668,25,18,1711,0.0,0.5327167426544986,0.4654669186431798,0.8397045836745559,False
supert,control over sentiment,Sentiment Control,0,10,18,1683,10,18,1711,0.0,0.212141671821069,0.6450939374463184,0.8397045836745559,False
summaqa,control over sentiment,Sentiment Control,0,10,18,1683,10,18,1711,0.0,0.212141671821069,0.6450939374463184,0.8397045836745559,False
spice,control over sentiment,Sentiment Control,0,24,18,1669,24,18,1711,0.0,0.5112560293983238,0.4745956355167933,0.8397045836745559,False
length,control over sentiment,Sentiment Control,0,16,18,1677,16,18,1711,0.0,0.3400293400056861,0.559812286800734,0.8397045836745559,False
parent,control over sentiment,Sentiment Control,0,17,18,1676,17,18,1711,0.0,0.3613881909141698,0.5477362788447191,0.8397045836745559,False
consistency,control over sentiment,Sentiment Control,0,14,18,1679,14,18,1711,0.0,0.2973496177080982,0.5855487629683784,0.8397045836745559,False
mrr,control over sentiment,Sentiment Control,1,25,17,1668,26,18,1711,3.812217194570135,1.1909934626118548,0.2751292546817038,0.8397045836745559,False
embedding,control over sentiment,Sentiment Control,0,26,18,1667,26,18,1711,0.0,0.5541902570597855,0.4566105940252034,0.8397045836745559,False
vector extrema,control over sentiment,Sentiment Control,0,16,18,1677,16,18,1711,0.0,0.3400293400056861,0.559812286800734,0.8397045836745559,False
greedy matching,control over sentiment,Sentiment Control,0,14,18,1679,14,18,1711,0.0,0.2973496177080982,0.5855487629683784,0.8397045836745559,False
dist,control over sentiment,Sentiment Control,0,23,18,1670,23,18,1711,0.0,0.489808102038108,0.4840129182124012,0.8397045836745559,False
ruber,control over sentiment,Sentiment Control,0,11,18,1682,11,18,1711,0.0,0.2334247582979182,0.6289959677428154,0.8397045836745559,False
bert,control over sentiment,Sentiment Control,0,10,18,1683,10,18,1711,0.0,0.212141671821069,0.6450939374463184,0.8397045836745559,False
xcomet,control over sentiment,Sentiment Control,0,13,18,1680,13,18,1711,0.0,0.2760287163233513,0.599316029917367,0.8397045836745559,False
auroc,control over sentiment,Sentiment Control,0,10,18,1683,10,18,1711,0.0,0.212141671821069,0.6450939374463184,0.8397045836745559,False
entailment,control over sentiment,Sentiment Control,0,11,18,1682,11,18,1711,0.0,0.2334247582979182,0.6289959677428154,0.8397045836745559,False
sacrebleu,control over sentiment,Sentiment Control,1,17,17,1676,18,18,1711,5.5326797385620905,1.7822343336715083,0.1818752023228344,0.8397045836745559,False
gleu,control over sentiment,Sentiment Control,0,14,18,1679,14,18,1711,0.0,0.2973496177080982,0.5855487629683784,0.8397045836745559,False
entropy,control over sentiment,Sentiment Control,0,18,18,1675,18,18,1711,0.0,0.3827597217024996,0.5361299681382907,0.8397045836745559,False
maude,control over sentiment,Sentiment Control,0,10,18,1683,10,18,1711,0.0,0.212141671821069,0.6450939374463184,0.8397045836745559,False
nist,control over sentiment,Sentiment Control,0,16,18,1677,16,18,1711,0.0,0.3400293400056861,0.559812286800734,0.8397045836745559,False
auc,control over sentiment,Sentiment Control,0,12,18,1681,12,18,1711,0.0,0.2547204348305701,0.6137707129421035,0.8397045836745559,False
prism,control over sentiment,Sentiment Control,0,11,18,1682,11,18,1711,0.0,0.2334247582979182,0.6289959677428154,0.8397045836745559,False
bleu,success of style transfer from sample,Style-Transfer Success,11,731,2,967,742,13,1711,7.182614555256065,9.561516450130188,0.0019869889831947,0.0980048701485536,False
comet,success of style transfer from sample,Style-Transfer Success,0,70,13,1628,70,13,1711,0.0,1.090312013951307,0.2964020870128805,0.8397045836745559,False
rouge,success of style transfer from sample,Style-Transfer Success,1,664,12,1034,665,13,1711,0.131077694235589,6.69035742368092,0.0096935768437277,0.2660972169656821,False
roc auc,success of style transfer from sample,Style-Transfer Success,1,10,12,1688,11,13,1711,12.87878787878788,3.2774246990869633,0.0702390634170817,0.7003402152984511,False
bertscore,success of style transfer from sample,Style-Transfer Success,2,360,11,1338,362,13,1711,0.6775489703666498,0.2820621092617073,0.5953528117401174,0.8397045836745559,False
distinct,success of style transfer from sample,Style-Transfer Success,0,125,13,1573,125,13,1711,0.0,1.980260623634022,0.1593629533105004,0.8397045836745559,False
f1,success of style transfer from sample,Style-Transfer Success,0,235,13,1463,235,13,1711,0.0,3.8571115155065834,0.0495355388478374,0.6073890370875025,False
recall,success of style transfer from sample,Style-Transfer Success,0,112,13,1586,112,13,1711,0.0,1.767143483074937,0.1837359909388032,0.8397045836745559,False
meteor,success of style transfer from sample,Style-Transfer Success,1,257,12,1441,258,13,1711,0.4693152454780361,0.659802817057396,0.4166295648949955,0.8397045836745559,False
knowledge f1,success of style transfer from sample,Style-Transfer Success,0,13,13,1685,13,13,1711,0.0,0.1990596596437623,0.6554809346173229,0.8397045836745559,False
acc,success of style transfer from sample,Style-Transfer Success,3,8,10,1690,11,13,1711,46.36363636363636,17.229970936596967,3.311704242402664e-05,0.0047227782239481,True
dae,success of style transfer from sample,Style-Transfer Success,0,17,13,1681,17,13,1711,0.0,0.2606166656871473,0.609696813468233,0.8397045836745559,False
mauve,success of style transfer from sample,Style-Transfer Success,0,10,13,1688,10,13,1711,0.0,0.1529873597809953,0.6956967219884287,0.8397045836745559,False
factcc,success of style transfer from sample,Style-Transfer Success,0,33,13,1665,33,13,1711,0.0,0.5083125414882558,0.475870257764779,0.8397045836745559,False
comet qe,success of style transfer from sample,Style-Transfer Success,0,10,13,1688,10,13,1711,0.0,0.1529873597809953,0.6956967219884287,0.8397045836745559,False
unieval,success of style transfer from sample,Style-Transfer Success,0,22,13,1676,22,13,1711,0.0,0.3377684403064854,0.5611201613638681,0.8397045836745559,False
chrf,success of style transfer from sample,Style-Transfer Success,0,60,13,1638,60,13,1711,0.0,0.9317257569500974,0.3344148893749668,0.8397045836745559,False
questeval,success of style transfer from sample,Style-Transfer Success,0,27,13,1671,27,13,1711,0.0,0.4151498359296731,0.5193671574364556,0.8397045836745559,False
qafacteval,success of style transfer from sample,Style-Transfer Success,0,12,13,1686,12,13,1711,0.0,0.183693153343591,0.6682184269918159,0.8397045836745559,False
spearman correlation,success of style transfer from sample,Style-Transfer Success,0,25,13,1673,25,13,1711,0.0,0.3841696356969157,0.5353801223680523,0.8397045836745559,False
pearson correlation,success of style transfer from sample,Style-Transfer Success,0,33,13,1665,33,13,1711,0.0,0.5083125414882558,0.475870257764779,0.8397045836745559,False
moverscore,success of style transfer from sample,Style-Transfer Success,0,55,13,1643,55,13,1711,0.0,0.8527938961202481,0.3557631578189213,0.8397045836745559,False
g eval,success of style transfer from sample,Style-Transfer Success,0,19,13,1679,19,13,1711,0.0,0.291449908244062,0.5892928897334485,0.8397045836745559,False
usr,success of style transfer from sample,Style-Transfer Success,0,12,13,1686,12,13,1711,0.0,0.183693153343591,0.6682184269918159,0.8397045836745559,False
bartscore,success of style transfer from sample,Style-Transfer Success,0,64,13,1634,64,13,1711,0.0,0.9950442314200094,0.3185126375180064,0.8397045836745559,False
qags,success of style transfer from sample,Style-Transfer Success,0,10,13,1688,10,13,1711,0.0,0.1529873597809953,0.6956967219884287,0.8397045836745559,False
perplexity,success of style transfer from sample,Style-Transfer Success,4,162,9,1536,166,13,1711,4.136546184738956,4.5021261065051705,0.0338527378131053,0.5116911521980898,False
ndcg,success of style transfer from sample,Style-Transfer Success,0,21,13,1677,21,13,1711,0.0,0.3223197593560414,0.5702168783294115,0.8397045836745559,False
map,success of style transfer from sample,Style-Transfer Success,0,12,13,1686,12,13,1711,0.0,0.183693153343591,0.6682184269918159,0.8397045836745559,False
precision,success of style transfer from sample,Style-Transfer Success,0,79,13,1619,79,13,1711,0.0,1.2338714218523323,0.2666554577299204,0.8397045836745559,False
bleurt,success of style transfer from sample,Style-Transfer Success,1,109,12,1589,110,13,1711,1.2128787878787877,0.0328357549129562,0.8562055810101559,0.8887197169978832,False
ter,success of style transfer from sample,Style-Transfer Success,0,50,13,1648,50,13,1711,0.0,0.7741009360093375,0.3789513772127963,0.8397045836745559,False
feqa,success of style transfer from sample,Style-Transfer Success,0,10,13,1688,10,13,1711,0.0,0.1529873597809953,0.6956967219884287,0.8397045836745559,False
sari,success of style transfer from sample,Style-Transfer Success,0,25,13,1673,25,13,1711,0.0,0.3841696356969157,0.5353801223680523,0.8397045836745559,False
cosine similarity,success of style transfer from sample,Style-Transfer Success,0,24,13,1674,24,13,1711,0.0,0.3686933675395031,0.5437173575914342,0.8397045836745559,False
accuracy,success of style transfer from sample,Style-Transfer Success,2,184,11,1514,186,13,1711,1.4907135874877813,0.2478815402737608,0.6185707159257244,0.8397045836745559,False
summac,success of style transfer from sample,Style-Transfer Success,0,15,13,1683,15,13,1711,0.0,0.2298199449596616,0.6316573687261513,0.8397045836745559,False
clip,success of style transfer from sample,Style-Transfer Success,0,13,13,1685,13,13,1711,0.0,0.1990596596437623,0.6554809346173229,0.8397045836745559,False
cider,success of style transfer from sample,Style-Transfer Success,1,75,12,1623,76,13,1711,1.7927631578947367,0.2702026308489963,0.6031958782130515,0.8397045836745559,False
exact match,success of style transfer from sample,Style-Transfer Success,0,67,13,1631,67,13,1711,0.0,1.0426344881038967,0.3072095503002247,0.8397045836745559,False
chrf++,success of style transfer from sample,Style-Transfer Success,0,23,13,1675,23,13,1711,0.0,0.3532263060588301,0.5522924539128906,0.8397045836745559,False
blanc,success of style transfer from sample,Style-Transfer Success,0,13,13,1685,13,13,1711,0.0,0.1990596596437623,0.6554809346173229,0.8397045836745559,False
diversity,success of style transfer from sample,Style-Transfer Success,1,9,12,1689,10,13,1711,14.175,3.463595843286294,0.0627337496842215,0.6635381484623435,False
coherence,success of style transfer from sample,Style-Transfer Success,0,10,13,1688,10,13,1711,0.0,0.1529873597809953,0.6956967219884287,0.8397045836745559,False
clipscore,success of style transfer from sample,Style-Transfer Success,0,15,13,1683,15,13,1711,0.0,0.2298199449596616,0.6316573687261513,0.8397045836745559,False
hits,success of style transfer from sample,Style-Transfer Success,0,16,13,1682,16,13,1711,0.0,0.2452137455029331,0.6204655744830949,0.8397045836745559,False
win rate,success of style transfer from sample,Style-Transfer Success,0,14,13,1684,14,13,1711,0.0,0.2144352532645228,0.643313087344787,0.8397045836745559,False
balanced accuracy,success of style transfer from sample,Style-Transfer Success,0,10,13,1688,10,13,1711,0.0,0.1529873597809953,0.6956967219884287,0.8397045836745559,False
ibleu,success of style transfer from sample,Style-Transfer Success,0,12,13,1686,12,13,1711,0.0,0.183693153343591,0.6682184269918159,0.8397045836745559,False
self bleu,success of style transfer from sample,Style-Transfer Success,3,27,10,1671,30,13,1711,16.810000000000002,10.841405572610476,0.0009925536135821,0.0626072279336439,False
spearman,success of style transfer from sample,Style-Transfer Success,0,12,13,1686,12,13,1711,0.0,0.183693153343591,0.6682184269918159,0.8397045836745559,False
kendall,success of style transfer from sample,Style-Transfer Success,0,11,13,1687,11,13,1711,0.0,0.1683357236283353,0.6815951579764467,0.8397045836745559,False
coverage,success of style transfer from sample,Style-Transfer Success,0,22,13,1676,22,13,1711,0.0,0.3377684403064854,0.5611201613638681,0.8397045836745559,False
density,success of style transfer from sample,Style-Transfer Success,0,10,13,1688,10,13,1711,0.0,0.1529873597809953,0.6956967219884287,0.8397045836745559,False
ppl,success of style transfer from sample,Style-Transfer Success,2,17,11,1681,19,13,1711,16.19138755980861,7.275819881018421,0.0069888985152377,0.2303878103515552,False
kendall s tau,success of style transfer from sample,Style-Transfer Success,0,11,13,1687,11,13,1711,0.0,0.1683357236283353,0.6815951579764467,0.8397045836745559,False
success rate,success of style transfer from sample,Style-Transfer Success,0,25,13,1673,25,13,1711,0.0,0.3841696356969157,0.5353801223680523,0.8397045836745559,False
supert,success of style transfer from sample,Style-Transfer Success,0,10,13,1688,10,13,1711,0.0,0.1529873597809953,0.6956967219884287,0.8397045836745559,False
summaqa,success of style transfer from sample,Style-Transfer Success,0,10,13,1688,10,13,1711,0.0,0.1529873597809953,0.6956967219884287,0.8397045836745559,False
spice,success of style transfer from sample,Style-Transfer Success,0,24,13,1674,24,13,1711,0.0,0.3686933675395031,0.5437173575914342,0.8397045836745559,False
length,success of style transfer from sample,Style-Transfer Success,0,16,13,1682,16,13,1711,0.0,0.2452137455029331,0.6204655744830949,0.8397045836745559,False
parent,success of style transfer from sample,Style-Transfer Success,0,17,13,1681,17,13,1711,0.0,0.2606166656871473,0.609696813468233,0.8397045836745559,False
consistency,success of style transfer from sample,Style-Transfer Success,0,14,13,1684,14,13,1711,0.0,0.2144352532645228,0.643313087344787,0.8397045836745559,False
mrr,success of style transfer from sample,Style-Transfer Success,0,26,13,1672,26,13,1711,0.0,0.399655121498377,0.527267420222359,0.8397045836745559,False
embedding,success of style transfer from sample,Style-Transfer Success,1,25,12,1673,26,13,1711,5.400641025641026,1.7156522429169758,0.1902536600793313,0.8397045836745559,False
vector extrema,success of style transfer from sample,Style-Transfer Success,1,15,12,1683,16,13,1711,8.828125,2.569029061408214,0.1089745991022106,0.8397045836745559,False
greedy matching,success of style transfer from sample,Style-Transfer Success,1,13,12,1685,14,13,1711,10.101190476190474,2.817037715274637,0.0932683893114991,0.7963676863721588,False
dist,success of style transfer from sample,Style-Transfer Success,0,23,13,1675,23,13,1711,0.0,0.3532263060588301,0.5522924539128906,0.8397045836745559,False
ruber,success of style transfer from sample,Style-Transfer Success,0,11,13,1687,11,13,1711,0.0,0.1683357236283353,0.6815951579764467,0.8397045836745559,False
bert,success of style transfer from sample,Style-Transfer Success,1,9,12,1689,10,13,1711,14.175,3.463595843286294,0.0627337496842215,0.6635381484623435,False
xcomet,success of style transfer from sample,Style-Transfer Success,0,13,13,1685,13,13,1711,0.0,0.1990596596437623,0.6554809346173229,0.8397045836745559,False
auroc,success of style transfer from sample,Style-Transfer Success,0,10,13,1688,10,13,1711,0.0,0.1529873597809953,0.6956967219884287,0.8397045836745559,False
entailment,success of style transfer from sample,Style-Transfer Success,0,11,13,1687,11,13,1711,0.0,0.1683357236283353,0.6815951579764467,0.8397045836745559,False
sacrebleu,success of style transfer from sample,Style-Transfer Success,0,18,13,1680,18,13,1711,0.0,0.2760287163233513,0.599316029917367,0.8397045836745559,False
gleu,success of style transfer from sample,Style-Transfer Success,0,14,13,1684,14,13,1711,0.0,0.2144352532645228,0.643313087344787,0.8397045836745559,False
entropy,success of style transfer from sample,Style-Transfer Success,0,18,13,1680,18,13,1711,0.0,0.2760287163233513,0.599316029917367,0.8397045836745559,False
maude,success of style transfer from sample,Style-Transfer Success,0,10,13,1688,10,13,1711,0.0,0.1529873597809953,0.6956967219884287,0.8397045836745559,False
nist,success of style transfer from sample,Style-Transfer Success,0,16,13,1682,16,13,1711,0.0,0.2452137455029331,0.6204655744830949,0.8397045836745559,False
auc,success of style transfer from sample,Style-Transfer Success,0,12,13,1686,12,13,1711,0.0,0.183693153343591,0.6682184269918159,0.8397045836745559,False
prism,success of style transfer from sample,Style-Transfer Success,0,11,13,1687,11,13,1711,0.0,0.1683357236283353,0.6815951579764467,0.8397045836745559,False
bleu,non-ai likeness,Non-AI Likeness,6,736,5,964,742,11,1711,1.5671159029649595,0.5569139352943151,0.4555063441813453,0.8397045836745559,False
comet,non-ai likeness,Non-AI Likeness,1,69,10,1631,70,11,1711,2.3442857142857143,0.5306715063380645,0.4663246810524337,0.8397045836745559,False
rouge,non-ai likeness,Non-AI Likeness,3,662,8,1038,665,11,1711,0.5898496240601504,0.657019233682604,0.4176142423601174,0.8397045836745559,False
roc auc,non-ai likeness,Non-AI Likeness,0,11,11,1689,11,11,1711,0.0,0.1423539345440296,0.705952006928853,0.8397045836745559,False
bertscore,non-ai likeness,Non-AI Likeness,1,361,10,1339,362,11,1711,0.3726519337016574,1.164879233673651,0.2804559238880311,0.8397045836745559,False
distinct,non-ai likeness,Non-AI Likeness,0,125,11,1575,125,11,1711,0.0,1.6745818147167393,0.1956459603656798,0.8397045836745559,False
f1,non-ai likeness,Non-AI Likeness,0,235,11,1465,235,11,1711,0.0,3.2616417268087874,0.0709180919111172,0.7007812876122272,False
recall,non-ai likeness,Non-AI Likeness,0,112,11,1588,112,11,1711,0.0,1.494365844744142,0.2215403080043868,0.8397045836745559,False
meteor,non-ai likeness,Non-AI Likeness,1,257,10,1443,258,11,1711,0.5631782945736434,0.3526970694953502,0.5525903408816331,0.8397045836745559,False
knowledge f1,non-ai likeness,Non-AI Likeness,0,13,11,1687,13,11,1711,0.0,0.1683357236283353,0.6815951579764467,0.8397045836745559,False
acc,non-ai likeness,Non-AI Likeness,0,11,11,1689,11,11,1711,0.0,0.1423539345440296,0.705952006928853,0.8397045836745559,False
dae,non-ai likeness,Non-AI Likeness,0,17,11,1683,17,11,1711,0.0,0.2203915364386564,0.6387417490793583,0.8397045836745559,False
mauve,non-ai likeness,Non-AI Likeness,0,10,11,1690,10,11,1711,0.0,0.1293745375816822,0.7190814231221156,0.8397045836745559,False
factcc,non-ai likeness,Non-AI Likeness,0,33,11,1667,33,11,1711,0.0,0.4298553364673224,0.5120599409647995,0.8397045836745559,False
comet qe,non-ai likeness,Non-AI Likeness,0,10,11,1690,10,11,1711,0.0,0.1293745375816822,0.7190814231221156,0.8397045836745559,False
unieval,non-ai likeness,Non-AI Likeness,0,22,11,1678,22,11,1711,0.0,0.2856349948123782,0.5930314035405809,0.8397045836745559,False
chrf,non-ai likeness,Non-AI Likeness,0,60,11,1640,60,11,1711,0.0,0.7879115680185207,0.3747323694190154,0.8397045836745559,False
questeval,non-ai likeness,Non-AI Likeness,0,27,11,1673,27,11,1711,0.0,0.3510725163015782,0.5535066316475672,0.8397045836745559,False
qafacteval,non-ai likeness,Non-AI Likeness,0,12,11,1688,12,11,1711,0.0,0.1553409935425665,0.69348268738107,0.8397045836745559,False
spearman correlation,non-ai likeness,Non-AI Likeness,2,23,9,1677,25,11,1711,14.986666666666666,6.879412835149627,0.0087194203707678,0.251979725252145,False
pearson correlation,non-ai likeness,Non-AI Likeness,0,33,11,1667,33,11,1711,0.0,0.4298553364673224,0.5120599409647995,0.8397045836745559,False
moverscore,non-ai likeness,Non-AI Likeness,0,55,11,1645,55,11,1711,0.0,0.721163696185436,0.3957624608237342,0.8397045836745559,False
g eval,non-ai likeness,Non-AI Likeness,0,19,11,1681,19,11,1711,0.0,0.2464657058918378,0.6195747510729686,0.8397045836745559,False
usr,non-ai likeness,Non-AI Likeness,1,11,10,1689,12,11,1711,14.158333333333331,3.43247490893314,0.0639262362542989,0.6635381484623435,False
bartscore,non-ai likeness,Non-AI Likeness,0,64,11,1636,64,11,1711,0.0,0.8414560596228032,0.3589806688598178,0.8397045836745559,False
qags,non-ai likeness,Non-AI Likeness,0,10,11,1690,10,11,1711,0.0,0.1293745375816822,0.7190814231221156,0.8397045836745559,False
perplexity,non-ai likeness,Non-AI Likeness,0,166,11,1534,166,11,1711,0.0,2.2528226256913286,0.1333709309608421,0.8397045836745559,False
ndcg,non-ai likeness,Non-AI Likeness,0,21,11,1679,21,11,1711,0.0,0.272570814959818,0.6016124382626901,0.8397045836745559,False
map,non-ai likeness,Non-AI Likeness,0,12,11,1688,12,11,1711,0.0,0.1553409935425665,0.69348268738107,0.8397045836745559,False
precision,non-ai likeness,Non-AI Likeness,0,79,11,1621,79,11,1711,0.0,1.043416624995963,0.307028184558606,0.8397045836745559,False
bleurt,non-ai likeness,Non-AI Likeness,0,110,11,1590,110,11,1711,0.0,1.466770874362027,0.2258558688564854,0.8397045836745559,False
ter,non-ai likeness,Non-AI Likeness,1,49,10,1651,50,11,1711,3.322,0.9663793276815228,0.3255848270995047,0.8397045836745559,False
feqa,non-ai likeness,Non-AI Likeness,0,10,11,1690,10,11,1711,0.0,0.1293745375816822,0.7190814231221156,0.8397045836745559,False
sari,non-ai likeness,Non-AI Likeness,0,25,11,1675,25,11,1711,0.0,0.3248741462573089,0.5686930803098966,0.8397045836745559,False
cosine similarity,non-ai likeness,Non-AI Likeness,1,23,10,1677,24,11,1711,7.029166666666667,2.1448696877428963,0.1430471820953457,0.8397045836745559,False
accuracy,non-ai likeness,Non-AI Likeness,2,184,9,1516,186,11,1711,1.821983273596177,0.5207175487779407,0.4705357565326837,0.8397045836745559,False
summac,non-ai likeness,Non-AI Likeness,0,15,11,1685,15,11,1711,0.0,0.1943482333481317,0.6593219948657361,0.8397045836745559,False
clip,non-ai likeness,Non-AI Likeness,0,13,11,1687,13,11,1711,0.0,0.1683357236283353,0.6815951579764467,0.8397045836745559,False
cider,non-ai likeness,Non-AI Likeness,0,76,11,1624,76,11,1711,0.0,1.002875918746275,0.3166156189425967,0.8397045836745559,False
exact match,non-ai likeness,Non-AI Likeness,0,67,11,1633,67,11,1711,0.0,0.8817001241600946,0.3477364516297201,0.8397045836745559,False
chrf++,non-ai likeness,Non-AI Likeness,1,22,10,1678,23,11,1711,7.339130434782609,2.219966518576473,0.1362360140828315,0.8397045836745559,False
blanc,non-ai likeness,Non-AI Likeness,0,13,11,1687,13,11,1711,0.0,0.1683357236283353,0.6815951579764467,0.8397045836745559,False
diversity,non-ai likeness,Non-AI Likeness,0,10,11,1690,10,11,1711,0.0,0.1293745375816822,0.7190814231221156,0.8397045836745559,False
coherence,non-ai likeness,Non-AI Likeness,0,10,11,1690,10,11,1711,0.0,0.1293745375816822,0.7190814231221156,0.8397045836745559,False
clipscore,non-ai likeness,Non-AI Likeness,0,15,11,1685,15,11,1711,0.0,0.1943482333481317,0.6593219948657361,0.8397045836745559,False
hits,non-ai likeness,Non-AI Likeness,0,16,11,1684,16,11,1711,0.0,0.2073660311666123,0.6488397616095898,0.8397045836745559,False
win rate,non-ai likeness,Non-AI Likeness,0,14,11,1686,14,11,1711,0.0,0.1813381338688013,0.6702257825865003,0.8397045836745559,False
balanced accuracy,non-ai likeness,Non-AI Likeness,0,10,11,1690,10,11,1711,0.0,0.1293745375816822,0.7190814231221156,0.8397045836745559,False
ibleu,non-ai likeness,Non-AI Likeness,0,12,11,1688,12,11,1711,0.0,0.1553409935425665,0.69348268738107,0.8397045836745559,False
self bleu,non-ai likeness,Non-AI Likeness,0,30,11,1670,30,11,1711,0.0,0.3904286607498184,0.5320741655213197,0.8397045836745559,False
spearman,non-ai likeness,Non-AI Likeness,0,12,11,1688,12,11,1711,0.0,0.1553409935425665,0.69348268738107,0.8397045836745559,False
kendall,non-ai likeness,Non-AI Likeness,0,11,11,1689,11,11,1711,0.0,0.1423539345440296,0.705952006928853,0.8397045836745559,False
coverage,non-ai likeness,Non-AI Likeness,0,22,11,1678,22,11,1711,0.0,0.2856349948123782,0.5930314035405809,0.8397045836745559,False
density,non-ai likeness,Non-AI Likeness,0,10,11,1690,10,11,1711,0.0,0.1293745375816822,0.7190814231221156,0.8397045836745559,False
ppl,non-ai likeness,Non-AI Likeness,1,18,10,1682,19,11,1711,8.905263157894737,2.564056673033432,0.1093177486213201,0.8397045836745559,False
kendall s tau,non-ai likeness,Non-AI Likeness,0,11,11,1689,11,11,1711,0.0,0.1423539345440296,0.705952006928853,0.8397045836745559,False
success rate,non-ai likeness,Non-AI Likeness,0,25,11,1675,25,11,1711,0.0,0.3248741462573089,0.5686930803098966,0.8397045836745559,False
supert,non-ai likeness,Non-AI Likeness,0,10,11,1690,10,11,1711,0.0,0.1293745375816822,0.7190814231221156,0.8397045836745559,False
summaqa,non-ai likeness,Non-AI Likeness,0,10,11,1690,10,11,1711,0.0,0.1293745375816822,0.7190814231221156,0.8397045836745559,False
spice,non-ai likeness,Non-AI Likeness,0,24,11,1676,24,11,1711,0.0,0.3117866512229681,0.5765858886770123,0.8397045836745559,False
length,non-ai likeness,Non-AI Likeness,0,16,11,1684,16,11,1711,0.0,0.2073660311666123,0.6488397616095898,0.8397045836745559,False
parent,non-ai likeness,Non-AI Likeness,0,17,11,1683,17,11,1711,0.0,0.2203915364386564,0.6387417490793583,0.8397045836745559,False
consistency,non-ai likeness,Non-AI Likeness,0,14,11,1686,14,11,1711,0.0,0.1813381338688013,0.6702257825865003,0.8397045836745559,False
mrr,non-ai likeness,Non-AI Likeness,0,26,11,1674,26,11,1711,0.0,0.3379694315235537,0.5610036560557903,0.8397045836745559,False
embedding,non-ai likeness,Non-AI Likeness,0,26,11,1674,26,11,1711,0.0,0.3379694315235537,0.5610036560557903,0.8397045836745559,False
vector extrema,non-ai likeness,Non-AI Likeness,0,16,11,1684,16,11,1711,0.0,0.2073660311666123,0.6488397616095898,0.8397045836745559,False
greedy matching,non-ai likeness,Non-AI Likeness,0,14,11,1686,14,11,1711,0.0,0.1813381338688013,0.6702257825865003,0.8397045836745559,False
dist,non-ai likeness,Non-AI Likeness,0,23,11,1677,23,11,1711,0.0,0.2987069371567043,0.5846941927983043,0.8397045836745559,False
ruber,non-ai likeness,Non-AI Likeness,0,11,11,1689,11,11,1711,0.0,0.1423539345440296,0.705952006928853,0.8397045836745559,False
bert,non-ai likeness,Non-AI Likeness,0,10,11,1690,10,11,1711,0.0,0.1293745375816822,0.7190814231221156,0.8397045836745559,False
xcomet,non-ai likeness,Non-AI Likeness,0,13,11,1687,13,11,1711,0.0,0.1683357236283353,0.6815951579764467,0.8397045836745559,False
auroc,non-ai likeness,Non-AI Likeness,0,10,11,1690,10,11,1711,0.0,0.1293745375816822,0.7190814231221156,0.8397045836745559,False
entailment,non-ai likeness,Non-AI Likeness,0,11,11,1689,11,11,1711,0.0,0.1423539345440296,0.705952006928853,0.8397045836745559,False
sacrebleu,non-ai likeness,Non-AI Likeness,0,18,11,1682,18,11,1711,0.0,0.2334247582979182,0.6289959677428154,0.8397045836745559,False
gleu,non-ai likeness,Non-AI Likeness,1,13,10,1687,14,11,1711,12.12142857142857,3.1352433366631764,0.0766169524660052,0.7223482113594301,False
entropy,non-ai likeness,Non-AI Likeness,0,18,11,1682,18,11,1711,0.0,0.2334247582979182,0.6289959677428154,0.8397045836745559,False
maude,non-ai likeness,Non-AI Likeness,0,10,11,1690,10,11,1711,0.0,0.1293745375816822,0.7190814231221156,0.8397045836745559,False
nist,non-ai likeness,Non-AI Likeness,0,16,11,1684,16,11,1711,0.0,0.2073660311666123,0.6488397616095898,0.8397045836745559,False
auc,non-ai likeness,Non-AI Likeness,0,12,11,1688,12,11,1711,0.0,0.1553409935425665,0.69348268738107,0.8397045836745559,False
prism,non-ai likeness,Non-AI Likeness,0,11,11,1689,11,11,1711,0.0,0.1423539345440296,0.705952006928853,0.8397045836745559,False
bleu,similarity/dissimilarity to non-target reference (outputs as a whole),Reference Similarity,4,738,3,966,742,7,1711,1.7412398921832883,0.536793114862425,0.4637648107434554,0.8397045836745559,False
comet,similarity/dissimilarity to non-target reference (outputs as a whole),Reference Similarity,0,70,7,1634,70,7,1711,0.0,0.5860355911966001,0.4439562386376706,0.8397045836745559,False
rouge,similarity/dissimilarity to non-target reference (outputs as a whole),Reference Similarity,2,663,5,1041,665,7,1711,0.629172932330827,0.3267394515997599,0.5675853540833202,0.8397045836745559,False
roc auc,similarity/dissimilarity to non-target reference (outputs as a whole),Reference Similarity,0,11,7,1693,11,7,1711,0.0,0.090482228635181,0.7635649946476775,0.8397045836745559,False
bertscore,similarity/dissimilarity to non-target reference (outputs as a whole),Reference Similarity,2,360,5,1344,362,7,1711,1.4906077348066298,0.2150741413778407,0.6428190835477163,0.8397045836745559,False
distinct,similarity/dissimilarity to non-target reference (outputs as a whole),Reference Similarity,0,125,7,1579,125,7,1711,0.0,1.0643437339178057,0.302226566607452,0.8397045836745559,False
f1,similarity/dissimilarity to non-target reference (outputs as a whole),Reference Similarity,1,234,6,1470,235,7,1711,1.0468085106382978,0.0017816585220621,0.9663315323513566,0.9754015775080628,False
recall,similarity/dissimilarity to non-target reference (outputs as a whole),Reference Similarity,0,112,7,1592,112,7,1711,0.0,0.9498054648799482,0.3297688194931185,0.8397045836745559,False
meteor,similarity/dissimilarity to non-target reference (outputs as a whole),Reference Similarity,1,257,6,1447,258,7,1711,0.9386304909560724,0.00350437330706,0.9527946037462776,0.9641111523331144,False
knowledge f1,similarity/dissimilarity to non-target reference (outputs as a whole),Reference Similarity,0,13,7,1691,13,7,1711,0.0,0.1069965565731263,0.7435897701710247,0.8397045836745559,False
acc,similarity/dissimilarity to non-target reference (outputs as a whole),Reference Similarity,0,11,7,1693,11,7,1711,0.0,0.090482228635181,0.7635649946476775,0.8397045836745559,False
dae,similarity/dissimilarity to non-target reference (outputs as a whole),Reference Similarity,0,17,7,1687,17,7,1711,0.0,0.1400837683264085,0.7081977494489685,0.8397045836745559,False
mauve,similarity/dissimilarity to non-target reference (outputs as a whole),Reference Similarity,0,10,7,1694,10,7,1711,0.0,0.0822323640177975,0.7742946686962483,0.8397045836745559,False
factcc,similarity/dissimilarity to non-target reference (outputs as a whole),Reference Similarity,0,33,7,1671,33,7,1711,0.0,0.2732201791696296,0.6011797831720811,0.8397045836745559,False
comet qe,similarity/dissimilarity to non-target reference (outputs as a whole),Reference Similarity,0,10,7,1694,10,7,1711,0.0,0.0822323640177975,0.7742946686962483,0.8397045836745559,False
unieval,similarity/dissimilarity to non-target reference (outputs as a whole),Reference Similarity,0,22,7,1682,22,7,1711,0.0,0.181553052388931,0.6700419551603198,0.8397045836745559,False
chrf,similarity/dissimilarity to non-target reference (outputs as a whole),Reference Similarity,0,60,7,1644,60,7,1711,0.0,0.5007992780417803,0.4791491367460871,0.8397045836745559,False
questeval,similarity/dissimilarity to non-target reference (outputs as a whole),Reference Similarity,0,27,7,1677,27,7,1711,0.0,0.223145537474576,0.6366535581245945,0.8397045836745559,False
qafacteval,similarity/dissimilarity to non-target reference (outputs as a whole),Reference Similarity,0,12,7,1692,12,7,1711,0.0,0.0987369575740051,0.7533506313286653,0.8397045836745559,False
spearman correlation,similarity/dissimilarity to non-target reference (outputs as a whole),Reference Similarity,0,25,7,1679,25,7,1711,0.0,0.2064937124742814,0.6495295877973415,0.8397045836745559,False
pearson correlation,similarity/dissimilarity to non-target reference (outputs as a whole),Reference Similarity,0,33,7,1671,33,7,1711,0.0,0.2732201791696296,0.6011797831720811,0.8397045836745559,False
moverscore,similarity/dissimilarity to non-target reference (outputs as a whole),Reference Similarity,0,55,7,1649,55,7,1711,0.0,0.4583749395226638,0.498384428178571,0.8397045836745559,False
g eval,similarity/dissimilarity to non-target reference (outputs as a whole),Reference Similarity,0,19,7,1685,19,7,1711,0.0,0.1566567445471801,0.6922534113860863,0.8397045836745559,False
usr,similarity/dissimilarity to non-target reference (outputs as a whole),Reference Similarity,0,12,7,1692,12,7,1711,0.0,0.0987369575740051,0.7533506313286653,0.8397045836745559,False
bartscore,similarity/dissimilarity to non-target reference (outputs as a whole),Reference Similarity,0,64,7,1640,64,7,1711,0.0,0.5348315551779128,0.464582626235407,0.8397045836745559,False
qags,similarity/dissimilarity to non-target reference (outputs as a whole),Reference Similarity,0,10,7,1694,10,7,1711,0.0,0.0822323640177975,0.7742946686962483,0.8397045836745559,False
perplexity,similarity/dissimilarity to non-target reference (outputs as a whole),Reference Similarity,0,166,7,1538,166,7,1711,0.0,1.4318430428336106,0.2314638883080319,0.8397045836745559,False
ndcg,similarity/dissimilarity to non-target reference (outputs as a whole),Reference Similarity,0,21,7,1683,21,7,1711,0.0,0.1732493628749083,0.6772399953787926,0.8397045836745559,False
map,similarity/dissimilarity to non-target reference (outputs as a whole),Reference Similarity,0,12,7,1692,12,7,1711,0.0,0.0987369575740051,0.7533506313286653,0.8397045836745559,False
precision,similarity/dissimilarity to non-target reference (outputs as a whole),Reference Similarity,0,79,7,1625,79,7,1711,0.0,0.6631945084509241,0.4154344219103262,0.8397045836745559,False
bleurt,similarity/dissimilarity to non-target reference (outputs as a whole),Reference Similarity,0,110,7,1594,110,7,1711,0.0,0.93226706931511,0.3342745206186417,0.8397045836745559,False
ter,similarity/dissimilarity to non-target reference (outputs as a whole),Reference Similarity,0,50,7,1654,50,7,1711,0.0,0.4160787717887838,0.5189001743599783,0.8397045836745559,False
feqa,similarity/dissimilarity to non-target reference (outputs as a whole),Reference Similarity,0,10,7,1694,10,7,1711,0.0,0.0822323640177975,0.7742946686962483,0.8397045836745559,False
sari,similarity/dissimilarity to non-target reference (outputs as a whole),Reference Similarity,0,25,7,1679,25,7,1711,0.0,0.2064937124742814,0.6495295877973415,0.8397045836745559,False
cosine similarity,similarity/dissimilarity to non-target reference (outputs as a whole),Reference Similarity,0,24,7,1680,24,7,1711,0.0,0.1981752213307812,0.6561978039500735,0.8397045836745559,False
accuracy,similarity/dissimilarity to non-target reference (outputs as a whole),Reference Similarity,1,185,6,1519,186,7,1711,1.3664874551971329,0.0778939874621451,0.7801719635541368,0.8414530350982423,False
summac,similarity/dissimilarity to non-target reference (outputs as a whole),Reference Similarity,0,15,7,1689,15,7,1711,0.0,0.1235303877634169,0.7252366001779749,0.8397045836745559,False
clip,similarity/dissimilarity to non-target reference (outputs as a whole),Reference Similarity,0,13,7,1691,13,7,1711,0.0,0.1069965565731263,0.7435897701710247,0.8397045836745559,False
cider,similarity/dissimilarity to non-target reference (outputs as a whole),Reference Similarity,1,75,6,1629,76,7,1711,3.5855263157894735,1.0383776593072267,0.3081990858096324,0.8397045836745559,False
exact match,similarity/dissimilarity to non-target reference (outputs as a whole),Reference Similarity,0,67,7,1637,67,7,1711,0.0,0.5604101637602938,0.4540950285643426,0.8397045836745559,False
chrf++,similarity/dissimilarity to non-target reference (outputs as a whole),Reference Similarity,0,23,7,1681,23,7,1711,0.0,0.1898616699237764,0.6630317733633004,0.8397045836745559,False
blanc,similarity/dissimilarity to non-target reference (outputs as a whole),Reference Similarity,0,13,7,1691,13,7,1711,0.0,0.1069965565731263,0.7435897701710247,0.8397045836745559,False
diversity,similarity/dissimilarity to non-target reference (outputs as a whole),Reference Similarity,0,10,7,1694,10,7,1711,0.0,0.0822323640177975,0.7742946686962483,0.8397045836745559,False
coherence,similarity/dissimilarity to non-target reference (outputs as a whole),Reference Similarity,0,10,7,1694,10,7,1711,0.0,0.0822323640177975,0.7742946686962483,0.8397045836745559,False
clipscore,similarity/dissimilarity to non-target reference (outputs as a whole),Reference Similarity,0,15,7,1689,15,7,1711,0.0,0.1235303877634169,0.7252366001779749,0.8397045836745559,False
hits,similarity/dissimilarity to non-target reference (outputs as a whole),Reference Similarity,0,16,7,1688,16,7,1711,0.0,0.1318046314843245,0.71656822446408,0.8397045836745559,False
win rate,similarity/dissimilarity to non-target reference (outputs as a whole),Reference Similarity,0,14,7,1690,14,7,1711,0.0,0.1152610313828187,0.7342322303095483,0.8397045836745559,False
balanced accuracy,similarity/dissimilarity to non-target reference (outputs as a whole),Reference Similarity,0,10,7,1694,10,7,1711,0.0,0.0822323640177975,0.7742946686962483,0.8397045836745559,False
ibleu,similarity/dissimilarity to non-target reference (outputs as a whole),Reference Similarity,3,9,4,1695,12,7,1711,106.1875,21.05762153791975,4.456765753977958e-06,0.0010441565480748,True
self bleu,similarity/dissimilarity to non-target reference (outputs as a whole),Reference Similarity,3,27,4,1677,30,7,1711,42.025,15.133995510458856,0.0001001436276627,0.0102647218354271,True
spearman,similarity/dissimilarity to non-target reference (outputs as a whole),Reference Similarity,0,12,7,1692,12,7,1711,0.0,0.0987369575740051,0.7533506313286653,0.8397045836745559,False
kendall,similarity/dissimilarity to non-target reference (outputs as a whole),Reference Similarity,0,11,7,1693,11,7,1711,0.0,0.090482228635181,0.7635649946476775,0.8397045836745559,False
coverage,similarity/dissimilarity to non-target reference (outputs as a whole),Reference Similarity,0,22,7,1682,22,7,1711,0.0,0.181553052388931,0.6700419551603198,0.8397045836745559,False
density,similarity/dissimilarity to non-target reference (outputs as a whole),Reference Similarity,0,10,7,1694,10,7,1711,0.0,0.0822323640177975,0.7742946686962483,0.8397045836745559,False
ppl,similarity/dissimilarity to non-target reference (outputs as a whole),Reference Similarity,0,19,7,1685,19,7,1711,0.0,0.1566567445471801,0.6922534113860863,0.8397045836745559,False
kendall s tau,similarity/dissimilarity to non-target reference (outputs as a whole),Reference Similarity,0,11,7,1693,11,7,1711,0.0,0.090482228635181,0.7635649946476775,0.8397045836745559,False
success rate,similarity/dissimilarity to non-target reference (outputs as a whole),Reference Similarity,0,25,7,1679,25,7,1711,0.0,0.2064937124742814,0.6495295877973415,0.8397045836745559,False
supert,similarity/dissimilarity to non-target reference (outputs as a whole),Reference Similarity,0,10,7,1694,10,7,1711,0.0,0.0822323640177975,0.7742946686962483,0.8397045836745559,False
summaqa,similarity/dissimilarity to non-target reference (outputs as a whole),Reference Similarity,0,10,7,1694,10,7,1711,0.0,0.0822323640177975,0.7742946686962483,0.8397045836745559,False
spice,similarity/dissimilarity to non-target reference (outputs as a whole),Reference Similarity,1,23,6,1681,24,7,1711,11.715277777777777,2.996390106155065,0.0834502649814057,0.7563954740798876,False
length,similarity/dissimilarity to non-target reference (outputs as a whole),Reference Similarity,0,16,7,1688,16,7,1711,0.0,0.1318046314843245,0.71656822446408,0.8397045836745559,False
parent,similarity/dissimilarity to non-target reference (outputs as a whole),Reference Similarity,0,17,7,1687,17,7,1711,0.0,0.1400837683264085,0.7081977494489685,0.8397045836745559,False
consistency,similarity/dissimilarity to non-target reference (outputs as a whole),Reference Similarity,0,14,7,1690,14,7,1711,0.0,0.1152610313828187,0.7342322303095483,0.8397045836745559,False
mrr,similarity/dissimilarity to non-target reference (outputs as a whole),Reference Similarity,0,26,7,1678,26,7,1711,0.0,0.2148171492276533,0.6430176888171181,0.8397045836745559,False
embedding,similarity/dissimilarity to non-target reference (outputs as a whole),Reference Similarity,0,26,7,1678,26,7,1711,0.0,0.2148171492276533,0.6430176888171181,0.8397045836745559,False
vector extrema,similarity/dissimilarity to non-target reference (outputs as a whole),Reference Similarity,0,16,7,1688,16,7,1711,0.0,0.1318046314843245,0.71656822446408,0.8397045836745559,False
greedy matching,similarity/dissimilarity to non-target reference (outputs as a whole),Reference Similarity,0,14,7,1690,14,7,1711,0.0,0.1152610313828187,0.7342322303095483,0.8397045836745559,False
dist,similarity/dissimilarity to non-target reference (outputs as a whole),Reference Similarity,0,23,7,1681,23,7,1711,0.0,0.1898616699237764,0.6630317733633004,0.8397045836745559,False
ruber,similarity/dissimilarity to non-target reference (outputs as a whole),Reference Similarity,0,11,7,1693,11,7,1711,0.0,0.090482228635181,0.7635649946476775,0.8397045836745559,False
bert,similarity/dissimilarity to non-target reference (outputs as a whole),Reference Similarity,0,10,7,1694,10,7,1711,0.0,0.0822323640177975,0.7742946686962483,0.8397045836745559,False
xcomet,similarity/dissimilarity to non-target reference (outputs as a whole),Reference Similarity,0,13,7,1691,13,7,1711,0.0,0.1069965565731263,0.7435897701710247,0.8397045836745559,False
auroc,similarity/dissimilarity to non-target reference (outputs as a whole),Reference Similarity,0,10,7,1694,10,7,1711,0.0,0.0822323640177975,0.7742946686962483,0.8397045836745559,False
entailment,similarity/dissimilarity to non-target reference (outputs as a whole),Reference Similarity,0,11,7,1693,11,7,1711,0.0,0.090482228635181,0.7635649946476775,0.8397045836745559,False
sacrebleu,similarity/dissimilarity to non-target reference (outputs as a whole),Reference Similarity,0,18,7,1686,18,7,1711,0.0,0.1483678040806583,0.7001000482705368,0.8397045836745559,False
gleu,similarity/dissimilarity to non-target reference (outputs as a whole),Reference Similarity,0,14,7,1690,14,7,1711,0.0,0.1152610313828187,0.7342322303095483,0.8397045836745559,False
entropy,similarity/dissimilarity to non-target reference (outputs as a whole),Reference Similarity,0,18,7,1686,18,7,1711,0.0,0.1483678040806583,0.7001000482705368,0.8397045836745559,False
maude,similarity/dissimilarity to non-target reference (outputs as a whole),Reference Similarity,0,10,7,1694,10,7,1711,0.0,0.0822323640177975,0.7742946686962483,0.8397045836745559,False
nist,similarity/dissimilarity to non-target reference (outputs as a whole),Reference Similarity,0,16,7,1688,16,7,1711,0.0,0.1318046314843245,0.71656822446408,0.8397045836745559,False
auc,similarity/dissimilarity to non-target reference (outputs as a whole),Reference Similarity,0,12,7,1692,12,7,1711,0.0,0.0987369575740051,0.7533506313286653,0.8397045836745559,False
prism,similarity/dissimilarity to non-target reference (outputs as a whole),Reference Similarity,0,11,7,1693,11,7,1711,0.0,0.090482228635181,0.7635649946476775,0.8397045836745559,False
bleu,creativity/non-creativity (outputs as a whole),Creativity,3,739,8,961,742,11,1711,0.4897237196765499,1.2265500034094785,0.2680790309115939,0.8397045836745559,False
comet,creativity/non-creativity (outputs as a whole),Creativity,0,70,11,1630,70,11,1711,0.0,0.922017941396203,0.3369456840174464,0.8397045836745559,False
rouge,creativity/non-creativity (outputs as a whole),Creativity,4,661,7,1039,665,11,1711,0.8988184747583243,0.029423243223733,0.8638054338122744,0.8950496927970902,False
roc auc,creativity/non-creativity (outputs as a whole),Creativity,0,11,11,1689,11,11,1711,0.0,0.1423539345440296,0.705952006928853,0.8397045836745559,False
bertscore,creativity/non-creativity (outputs as a whole),Creativity,0,362,11,1338,362,11,1711,0.0,5.248787141468259,0.0219620739238587,0.4200326674650533,False
distinct,creativity/non-creativity (outputs as a whole),Creativity,0,125,11,1575,125,11,1711,0.0,1.6745818147167393,0.1956459603656798,0.8397045836745559,False
f1,creativity/non-creativity (outputs as a whole),Creativity,2,233,9,1467,235,11,1711,1.3957446808510638,0.1704757729855144,0.6796893189116977,0.8397045836745559,False
recall,creativity/non-creativity (outputs as a whole),Creativity,1,111,10,1589,112,11,1711,1.4276785714285714,0.1054200986921237,0.7454197804130798,0.8397045836745559,False
meteor,creativity/non-creativity (outputs as a whole),Creativity,2,256,9,1444,258,11,1711,1.251507321274763,0.0790222195116909,0.778626867107802,0.8414530350982423,False
knowledge f1,creativity/non-creativity (outputs as a whole),Creativity,0,13,11,1687,13,11,1711,0.0,0.1683357236283353,0.6815951579764467,0.8397045836745559,False
acc,creativity/non-creativity (outputs as a whole),Creativity,0,11,11,1689,11,11,1711,0.0,0.1423539345440296,0.705952006928853,0.8397045836745559,False
dae,creativity/non-creativity (outputs as a whole),Creativity,0,17,11,1683,17,11,1711,0.0,0.2203915364386564,0.6387417490793583,0.8397045836745559,False
mauve,creativity/non-creativity (outputs as a whole),Creativity,0,10,11,1690,10,11,1711,0.0,0.1293745375816822,0.7190814231221156,0.8397045836745559,False
factcc,creativity/non-creativity (outputs as a whole),Creativity,0,33,11,1667,33,11,1711,0.0,0.4298553364673224,0.5120599409647995,0.8397045836745559,False
comet qe,creativity/non-creativity (outputs as a whole),Creativity,0,10,11,1690,10,11,1711,0.0,0.1293745375816822,0.7190814231221156,0.8397045836745559,False
unieval,creativity/non-creativity (outputs as a whole),Creativity,0,22,11,1678,22,11,1711,0.0,0.2856349948123782,0.5930314035405809,0.8397045836745559,False
chrf,creativity/non-creativity (outputs as a whole),Creativity,0,60,11,1640,60,11,1711,0.0,0.7879115680185207,0.3747323694190154,0.8397045836745559,False
questeval,creativity/non-creativity (outputs as a whole),Creativity,0,27,11,1673,27,11,1711,0.0,0.3510725163015782,0.5535066316475672,0.8397045836745559,False
qafacteval,creativity/non-creativity (outputs as a whole),Creativity,0,12,11,1688,12,11,1711,0.0,0.1553409935425665,0.69348268738107,0.8397045836745559,False
spearman correlation,creativity/non-creativity (outputs as a whole),Creativity,0,25,11,1675,25,11,1711,0.0,0.3248741462573089,0.5686930803098966,0.8397045836745559,False
pearson correlation,creativity/non-creativity (outputs as a whole),Creativity,0,33,11,1667,33,11,1711,0.0,0.4298553364673224,0.5120599409647995,0.8397045836745559,False
moverscore,creativity/non-creativity (outputs as a whole),Creativity,0,55,11,1645,55,11,1711,0.0,0.721163696185436,0.3957624608237342,0.8397045836745559,False
g eval,creativity/non-creativity (outputs as a whole),Creativity,0,19,11,1681,19,11,1711,0.0,0.2464657058918378,0.6195747510729686,0.8397045836745559,False
usr,creativity/non-creativity (outputs as a whole),Creativity,0,12,11,1688,12,11,1711,0.0,0.1553409935425665,0.69348268738107,0.8397045836745559,False
bartscore,creativity/non-creativity (outputs as a whole),Creativity,0,64,11,1636,64,11,1711,0.0,0.8414560596228032,0.3589806688598178,0.8397045836745559,False
qags,creativity/non-creativity (outputs as a whole),Creativity,0,10,11,1690,10,11,1711,0.0,0.1293745375816822,0.7190814231221156,0.8397045836745559,False
perplexity,creativity/non-creativity (outputs as a whole),Creativity,0,166,11,1534,166,11,1711,0.0,2.2528226256913286,0.1333709309608421,0.8397045836745559,False
ndcg,creativity/non-creativity (outputs as a whole),Creativity,0,21,11,1679,21,11,1711,0.0,0.272570814959818,0.6016124382626901,0.8397045836745559,False
map,creativity/non-creativity (outputs as a whole),Creativity,0,12,11,1688,12,11,1711,0.0,0.1553409935425665,0.69348268738107,0.8397045836745559,False
precision,creativity/non-creativity (outputs as a whole),Creativity,1,78,10,1622,79,11,1711,2.0658227848101265,0.3974525768996449,0.5284077932869832,0.8397045836745559,False
bleurt,creativity/non-creativity (outputs as a whole),Creativity,0,110,11,1590,110,11,1711,0.0,1.466770874362027,0.2258558688564854,0.8397045836745559,False
ter,creativity/non-creativity (outputs as a whole),Creativity,0,50,11,1650,50,11,1711,0.0,0.6546177253420948,0.4184665442557755,0.8397045836745559,False
feqa,creativity/non-creativity (outputs as a whole),Creativity,0,10,11,1690,10,11,1711,0.0,0.1293745375816822,0.7190814231221156,0.8397045836745559,False
sari,creativity/non-creativity (outputs as a whole),Creativity,0,25,11,1675,25,11,1711,0.0,0.3248741462573089,0.5686930803098966,0.8397045836745559,False
cosine similarity,creativity/non-creativity (outputs as a whole),Creativity,0,24,11,1676,24,11,1711,0.0,0.3117866512229681,0.5765858886770123,0.8397045836745559,False
accuracy,creativity/non-creativity (outputs as a whole),Creativity,2,184,9,1516,186,11,1711,1.821983273596177,0.5207175487779407,0.4705357565326837,0.8397045836745559,False
summac,creativity/non-creativity (outputs as a whole),Creativity,0,15,11,1685,15,11,1711,0.0,0.1943482333481317,0.6593219948657361,0.8397045836745559,False
clip,creativity/non-creativity (outputs as a whole),Creativity,0,13,11,1687,13,11,1711,0.0,0.1683357236283353,0.6815951579764467,0.8397045836745559,False
cider,creativity/non-creativity (outputs as a whole),Creativity,0,76,11,1624,76,11,1711,0.0,1.002875918746275,0.3166156189425967,0.8397045836745559,False
exact match,creativity/non-creativity (outputs as a whole),Creativity,0,67,11,1633,67,11,1711,0.0,0.8817001241600946,0.3477364516297201,0.8397045836745559,False
chrf++,creativity/non-creativity (outputs as a whole),Creativity,0,23,11,1677,23,11,1711,0.0,0.2987069371567043,0.5846941927983043,0.8397045836745559,False
blanc,creativity/non-creativity (outputs as a whole),Creativity,0,13,11,1687,13,11,1711,0.0,0.1683357236283353,0.6815951579764467,0.8397045836745559,False
diversity,creativity/non-creativity (outputs as a whole),Creativity,0,10,11,1690,10,11,1711,0.0,0.1293745375816822,0.7190814231221156,0.8397045836745559,False
coherence,creativity/non-creativity (outputs as a whole),Creativity,0,10,11,1690,10,11,1711,0.0,0.1293745375816822,0.7190814231221156,0.8397045836745559,False
clipscore,creativity/non-creativity (outputs as a whole),Creativity,1,14,10,1686,15,11,1711,11.306666666666665,3.0040883278411328,0.0830546894634683,0.7563954740798876,False
hits,creativity/non-creativity (outputs as a whole),Creativity,0,16,11,1684,16,11,1711,0.0,0.2073660311666123,0.6488397616095898,0.8397045836745559,False
win rate,creativity/non-creativity (outputs as a whole),Creativity,0,14,11,1686,14,11,1711,0.0,0.1813381338688013,0.6702257825865003,0.8397045836745559,False
balanced accuracy,creativity/non-creativity (outputs as a whole),Creativity,0,10,11,1690,10,11,1711,0.0,0.1293745375816822,0.7190814231221156,0.8397045836745559,False
ibleu,creativity/non-creativity (outputs as a whole),Creativity,1,11,10,1689,12,11,1711,14.158333333333331,3.43247490893314,0.0639262362542989,0.6635381484623435,False
self bleu,creativity/non-creativity (outputs as a whole),Creativity,0,30,11,1670,30,11,1711,0.0,0.3904286607498184,0.5320741655213197,0.8397045836745559,False
spearman,creativity/non-creativity (outputs as a whole),Creativity,0,12,11,1688,12,11,1711,0.0,0.1553409935425665,0.69348268738107,0.8397045836745559,False
kendall,creativity/non-creativity (outputs as a whole),Creativity,0,11,11,1689,11,11,1711,0.0,0.1423539345440296,0.705952006928853,0.8397045836745559,False
coverage,creativity/non-creativity (outputs as a whole),Creativity,0,22,11,1678,22,11,1711,0.0,0.2856349948123782,0.5930314035405809,0.8397045836745559,False
density,creativity/non-creativity (outputs as a whole),Creativity,0,10,11,1690,10,11,1711,0.0,0.1293745375816822,0.7190814231221156,0.8397045836745559,False
ppl,creativity/non-creativity (outputs as a whole),Creativity,0,19,11,1681,19,11,1711,0.0,0.2464657058918378,0.6195747510729686,0.8397045836745559,False
kendall s tau,creativity/non-creativity (outputs as a whole),Creativity,0,11,11,1689,11,11,1711,0.0,0.1423539345440296,0.705952006928853,0.8397045836745559,False
success rate,creativity/non-creativity (outputs as a whole),Creativity,0,25,11,1675,25,11,1711,0.0,0.3248741462573089,0.5686930803098966,0.8397045836745559,False
supert,creativity/non-creativity (outputs as a whole),Creativity,0,10,11,1690,10,11,1711,0.0,0.1293745375816822,0.7190814231221156,0.8397045836745559,False
summaqa,creativity/non-creativity (outputs as a whole),Creativity,0,10,11,1690,10,11,1711,0.0,0.1293745375816822,0.7190814231221156,0.8397045836745559,False
spice,creativity/non-creativity (outputs as a whole),Creativity,0,24,11,1676,24,11,1711,0.0,0.3117866512229681,0.5765858886770123,0.8397045836745559,False
length,creativity/non-creativity (outputs as a whole),Creativity,0,16,11,1684,16,11,1711,0.0,0.2073660311666123,0.6488397616095898,0.8397045836745559,False
parent,creativity/non-creativity (outputs as a whole),Creativity,0,17,11,1683,17,11,1711,0.0,0.2203915364386564,0.6387417490793583,0.8397045836745559,False
consistency,creativity/non-creativity (outputs as a whole),Creativity,0,14,11,1686,14,11,1711,0.0,0.1813381338688013,0.6702257825865003,0.8397045836745559,False
mrr,creativity/non-creativity (outputs as a whole),Creativity,0,26,11,1674,26,11,1711,0.0,0.3379694315235537,0.5610036560557903,0.8397045836745559,False
embedding,creativity/non-creativity (outputs as a whole),Creativity,0,26,11,1674,26,11,1711,0.0,0.3379694315235537,0.5610036560557903,0.8397045836745559,False
vector extrema,creativity/non-creativity (outputs as a whole),Creativity,0,16,11,1684,16,11,1711,0.0,0.2073660311666123,0.6488397616095898,0.8397045836745559,False
greedy matching,creativity/non-creativity (outputs as a whole),Creativity,0,14,11,1686,14,11,1711,0.0,0.1813381338688013,0.6702257825865003,0.8397045836745559,False
dist,creativity/non-creativity (outputs as a whole),Creativity,0,23,11,1677,23,11,1711,0.0,0.2987069371567043,0.5846941927983043,0.8397045836745559,False
ruber,creativity/non-creativity (outputs as a whole),Creativity,0,11,11,1689,11,11,1711,0.0,0.1423539345440296,0.705952006928853,0.8397045836745559,False
bert,creativity/non-creativity (outputs as a whole),Creativity,0,10,11,1690,10,11,1711,0.0,0.1293745375816822,0.7190814231221156,0.8397045836745559,False
xcomet,creativity/non-creativity (outputs as a whole),Creativity,0,13,11,1687,13,11,1711,0.0,0.1683357236283353,0.6815951579764467,0.8397045836745559,False
auroc,creativity/non-creativity (outputs as a whole),Creativity,0,10,11,1690,10,11,1711,0.0,0.1293745375816822,0.7190814231221156,0.8397045836745559,False
entailment,creativity/non-creativity (outputs as a whole),Creativity,0,11,11,1689,11,11,1711,0.0,0.1423539345440296,0.705952006928853,0.8397045836745559,False
sacrebleu,creativity/non-creativity (outputs as a whole),Creativity,0,18,11,1682,18,11,1711,0.0,0.2334247582979182,0.6289959677428154,0.8397045836745559,False
gleu,creativity/non-creativity (outputs as a whole),Creativity,0,14,11,1686,14,11,1711,0.0,0.1813381338688013,0.6702257825865003,0.8397045836745559,False
entropy,creativity/non-creativity (outputs as a whole),Creativity,0,18,11,1682,18,11,1711,0.0,0.2334247582979182,0.6289959677428154,0.8397045836745559,False
maude,creativity/non-creativity (outputs as a whole),Creativity,0,10,11,1690,10,11,1711,0.0,0.1293745375816822,0.7190814231221156,0.8397045836745559,False
nist,creativity/non-creativity (outputs as a whole),Creativity,0,16,11,1684,16,11,1711,0.0,0.2073660311666123,0.6488397616095898,0.8397045836745559,False
auc,creativity/non-creativity (outputs as a whole),Creativity,0,12,11,1688,12,11,1711,0.0,0.1553409935425665,0.69348268738107,0.8397045836745559,False
prism,creativity/non-creativity (outputs as a whole),Creativity,0,11,11,1689,11,11,1711,0.0,0.1423539345440296,0.705952006928853,0.8397045836745559,False
bleu,detectability of speaker/author stance,Stance Detectability,0,742,7,962,742,7,1711,0.0,7.981973712998561,0.004724540525088,0.176564414369084,False
comet,detectability of speaker/author stance,Stance Detectability,0,70,7,1634,70,7,1711,0.0,0.5860355911966001,0.4439562386376706,0.8397045836745559,False
rouge,detectability of speaker/author stance,Stance Detectability,1,664,6,1040,665,7,1711,0.262155388471178,2.0610295393109004,0.1511080458871068,0.8397045836745559,False
roc auc,detectability of speaker/author stance,Stance Detectability,0,11,7,1693,11,7,1711,0.0,0.090482228635181,0.7635649946476775,0.8397045836745559,False
bertscore,detectability of speaker/author stance,Stance Detectability,2,360,5,1344,362,7,1711,1.4906077348066298,0.2150741413778407,0.6428190835477163,0.8397045836745559,False
distinct,detectability of speaker/author stance,Stance Detectability,1,124,6,1580,125,7,1711,2.114666666666667,0.4038364294359867,0.5251145863612927,0.8397045836745559,False
f1,detectability of speaker/author stance,Stance Detectability,1,234,6,1470,235,7,1711,1.0468085106382978,0.0017816585220621,0.9663315323513566,0.9754015775080628,False
recall,detectability of speaker/author stance,Stance Detectability,0,112,7,1592,112,7,1711,0.0,0.9498054648799482,0.3297688194931185,0.8397045836745559,False
meteor,detectability of speaker/author stance,Stance Detectability,0,258,7,1446,258,7,1711,0.0,2.2933668037514416,0.1299278133945005,0.8397045836745559,False
knowledge f1,detectability of speaker/author stance,Stance Detectability,0,13,7,1691,13,7,1711,0.0,0.1069965565731263,0.7435897701710247,0.8397045836745559,False
acc,detectability of speaker/author stance,Stance Detectability,0,11,7,1693,11,7,1711,0.0,0.090482228635181,0.7635649946476775,0.8397045836745559,False
dae,detectability of speaker/author stance,Stance Detectability,0,17,7,1687,17,7,1711,0.0,0.1400837683264085,0.7081977494489685,0.8397045836745559,False
mauve,detectability of speaker/author stance,Stance Detectability,0,10,7,1694,10,7,1711,0.0,0.0822323640177975,0.7742946686962483,0.8397045836745559,False
factcc,detectability of speaker/author stance,Stance Detectability,0,33,7,1671,33,7,1711,0.0,0.2732201791696296,0.6011797831720811,0.8397045836745559,False
comet qe,detectability of speaker/author stance,Stance Detectability,0,10,7,1694,10,7,1711,0.0,0.0822323640177975,0.7742946686962483,0.8397045836745559,False
unieval,detectability of speaker/author stance,Stance Detectability,0,22,7,1682,22,7,1711,0.0,0.181553052388931,0.6700419551603198,0.8397045836745559,False
chrf,detectability of speaker/author stance,Stance Detectability,0,60,7,1644,60,7,1711,0.0,0.5007992780417803,0.4791491367460871,0.8397045836745559,False
questeval,detectability of speaker/author stance,Stance Detectability,0,27,7,1677,27,7,1711,0.0,0.223145537474576,0.6366535581245945,0.8397045836745559,False
qafacteval,detectability of speaker/author stance,Stance Detectability,0,12,7,1692,12,7,1711,0.0,0.0987369575740051,0.7533506313286653,0.8397045836745559,False
spearman correlation,detectability of speaker/author stance,Stance Detectability,0,25,7,1679,25,7,1711,0.0,0.2064937124742814,0.6495295877973415,0.8397045836745559,False
pearson correlation,detectability of speaker/author stance,Stance Detectability,0,33,7,1671,33,7,1711,0.0,0.2732201791696296,0.6011797831720811,0.8397045836745559,False
moverscore,detectability of speaker/author stance,Stance Detectability,0,55,7,1649,55,7,1711,0.0,0.4583749395226638,0.498384428178571,0.8397045836745559,False
g eval,detectability of speaker/author stance,Stance Detectability,0,19,7,1685,19,7,1711,0.0,0.1566567445471801,0.6922534113860863,0.8397045836745559,False
usr,detectability of speaker/author stance,Stance Detectability,0,12,7,1692,12,7,1711,0.0,0.0987369575740051,0.7533506313286653,0.8397045836745559,False
bartscore,detectability of speaker/author stance,Stance Detectability,0,64,7,1640,64,7,1711,0.0,0.5348315551779128,0.464582626235407,0.8397045836745559,False
qags,detectability of speaker/author stance,Stance Detectability,0,10,7,1694,10,7,1711,0.0,0.0822323640177975,0.7742946686962483,0.8397045836745559,False
perplexity,detectability of speaker/author stance,Stance Detectability,0,166,7,1538,166,7,1711,0.0,1.4318430428336106,0.2314638883080319,0.8397045836745559,False
ndcg,detectability of speaker/author stance,Stance Detectability,0,21,7,1683,21,7,1711,0.0,0.1732493628749083,0.6772399953787926,0.8397045836745559,False
map,detectability of speaker/author stance,Stance Detectability,0,12,7,1692,12,7,1711,0.0,0.0987369575740051,0.7533506313286653,0.8397045836745559,False
precision,detectability of speaker/author stance,Stance Detectability,0,79,7,1625,79,7,1711,0.0,0.6631945084509241,0.4154344219103262,0.8397045836745559,False
bleurt,detectability of speaker/author stance,Stance Detectability,0,110,7,1594,110,7,1711,0.0,0.93226706931511,0.3342745206186417,0.8397045836745559,False
ter,detectability of speaker/author stance,Stance Detectability,0,50,7,1654,50,7,1711,0.0,0.4160787717887838,0.5189001743599783,0.8397045836745559,False
feqa,detectability of speaker/author stance,Stance Detectability,0,10,7,1694,10,7,1711,0.0,0.0822323640177975,0.7742946686962483,0.8397045836745559,False
sari,detectability of speaker/author stance,Stance Detectability,0,25,7,1679,25,7,1711,0.0,0.2064937124742814,0.6495295877973415,0.8397045836745559,False
cosine similarity,detectability of speaker/author stance,Stance Detectability,1,23,6,1681,24,7,1711,11.715277777777777,2.996390106155065,0.0834502649814057,0.7563954740798876,False
accuracy,detectability of speaker/author stance,Stance Detectability,0,186,7,1518,186,7,1711,0.0,1.6146732529993535,0.2038361289740044,0.8397045836745559,False
summac,detectability of speaker/author stance,Stance Detectability,0,15,7,1689,15,7,1711,0.0,0.1235303877634169,0.7252366001779749,0.8397045836745559,False
clip,detectability of speaker/author stance,Stance Detectability,0,13,7,1691,13,7,1711,0.0,0.1069965565731263,0.7435897701710247,0.8397045836745559,False
cider,detectability of speaker/author stance,Stance Detectability,0,76,7,1628,76,7,1711,0.0,0.6374275904109411,0.4246438418509303,0.8397045836745559,False
exact match,detectability of speaker/author stance,Stance Detectability,0,67,7,1637,67,7,1711,0.0,0.5604101637602938,0.4540950285643426,0.8397045836745559,False
chrf++,detectability of speaker/author stance,Stance Detectability,0,23,7,1681,23,7,1711,0.0,0.1898616699237764,0.6630317733633004,0.8397045836745559,False
blanc,detectability of speaker/author stance,Stance Detectability,0,13,7,1691,13,7,1711,0.0,0.1069965565731263,0.7435897701710247,0.8397045836745559,False
diversity,detectability of speaker/author stance,Stance Detectability,0,10,7,1694,10,7,1711,0.0,0.0822323640177975,0.7742946686962483,0.8397045836745559,False
coherence,detectability of speaker/author stance,Stance Detectability,0,10,7,1694,10,7,1711,0.0,0.0822323640177975,0.7742946686962483,0.8397045836745559,False
clipscore,detectability of speaker/author stance,Stance Detectability,0,15,7,1689,15,7,1711,0.0,0.1235303877634169,0.7252366001779749,0.8397045836745559,False
hits,detectability of speaker/author stance,Stance Detectability,0,16,7,1688,16,7,1711,0.0,0.1318046314843245,0.71656822446408,0.8397045836745559,False
win rate,detectability of speaker/author stance,Stance Detectability,0,14,7,1690,14,7,1711,0.0,0.1152610313828187,0.7342322303095483,0.8397045836745559,False
balanced accuracy,detectability of speaker/author stance,Stance Detectability,0,10,7,1694,10,7,1711,0.0,0.0822323640177975,0.7742946686962483,0.8397045836745559,False
ibleu,detectability of speaker/author stance,Stance Detectability,0,12,7,1692,12,7,1711,0.0,0.0987369575740051,0.7533506313286653,0.8397045836745559,False
self bleu,detectability of speaker/author stance,Stance Detectability,0,30,7,1674,30,7,1711,0.0,0.2481604701790385,0.6183733356020297,0.8397045836745559,False
spearman,detectability of speaker/author stance,Stance Detectability,0,12,7,1692,12,7,1711,0.0,0.0987369575740051,0.7533506313286653,0.8397045836745559,False
kendall,detectability of speaker/author stance,Stance Detectability,0,11,7,1693,11,7,1711,0.0,0.090482228635181,0.7635649946476775,0.8397045836745559,False
coverage,detectability of speaker/author stance,Stance Detectability,0,22,7,1682,22,7,1711,0.0,0.181553052388931,0.6700419551603198,0.8397045836745559,False
density,detectability of speaker/author stance,Stance Detectability,0,10,7,1694,10,7,1711,0.0,0.0822323640177975,0.7742946686962483,0.8397045836745559,False
ppl,detectability of speaker/author stance,Stance Detectability,0,19,7,1685,19,7,1711,0.0,0.1566567445471801,0.6922534113860863,0.8397045836745559,False
kendall s tau,detectability of speaker/author stance,Stance Detectability,0,11,7,1693,11,7,1711,0.0,0.090482228635181,0.7635649946476775,0.8397045836745559,False
success rate,detectability of speaker/author stance,Stance Detectability,0,25,7,1679,25,7,1711,0.0,0.2064937124742814,0.6495295877973415,0.8397045836745559,False
supert,detectability of speaker/author stance,Stance Detectability,0,10,7,1694,10,7,1711,0.0,0.0822323640177975,0.7742946686962483,0.8397045836745559,False
summaqa,detectability of speaker/author stance,Stance Detectability,0,10,7,1694,10,7,1711,0.0,0.0822323640177975,0.7742946686962483,0.8397045836745559,False
spice,detectability of speaker/author stance,Stance Detectability,0,24,7,1680,24,7,1711,0.0,0.1981752213307812,0.6561978039500735,0.8397045836745559,False
length,detectability of speaker/author stance,Stance Detectability,0,16,7,1688,16,7,1711,0.0,0.1318046314843245,0.71656822446408,0.8397045836745559,False
parent,detectability of speaker/author stance,Stance Detectability,0,17,7,1687,17,7,1711,0.0,0.1400837683264085,0.7081977494489685,0.8397045836745559,False
consistency,detectability of speaker/author stance,Stance Detectability,0,14,7,1690,14,7,1711,0.0,0.1152610313828187,0.7342322303095483,0.8397045836745559,False
mrr,detectability of speaker/author stance,Stance Detectability,0,26,7,1678,26,7,1711,0.0,0.2148171492276533,0.6430176888171181,0.8397045836745559,False
embedding,detectability of speaker/author stance,Stance Detectability,0,26,7,1678,26,7,1711,0.0,0.2148171492276533,0.6430176888171181,0.8397045836745559,False
vector extrema,detectability of speaker/author stance,Stance Detectability,0,16,7,1688,16,7,1711,0.0,0.1318046314843245,0.71656822446408,0.8397045836745559,False
greedy matching,detectability of speaker/author stance,Stance Detectability,0,14,7,1690,14,7,1711,0.0,0.1152610313828187,0.7342322303095483,0.8397045836745559,False
dist,detectability of speaker/author stance,Stance Detectability,0,23,7,1681,23,7,1711,0.0,0.1898616699237764,0.6630317733633004,0.8397045836745559,False
ruber,detectability of speaker/author stance,Stance Detectability,0,11,7,1693,11,7,1711,0.0,0.090482228635181,0.7635649946476775,0.8397045836745559,False
bert,detectability of speaker/author stance,Stance Detectability,0,10,7,1694,10,7,1711,0.0,0.0822323640177975,0.7742946686962483,0.8397045836745559,False
xcomet,detectability of speaker/author stance,Stance Detectability,0,13,7,1691,13,7,1711,0.0,0.1069965565731263,0.7435897701710247,0.8397045836745559,False
auroc,detectability of speaker/author stance,Stance Detectability,0,10,7,1694,10,7,1711,0.0,0.0822323640177975,0.7742946686962483,0.8397045836745559,False
entailment,detectability of speaker/author stance,Stance Detectability,0,11,7,1693,11,7,1711,0.0,0.090482228635181,0.7635649946476775,0.8397045836745559,False
sacrebleu,detectability of speaker/author stance,Stance Detectability,0,18,7,1686,18,7,1711,0.0,0.1483678040806583,0.7001000482705368,0.8397045836745559,False
gleu,detectability of speaker/author stance,Stance Detectability,0,14,7,1690,14,7,1711,0.0,0.1152610313828187,0.7342322303095483,0.8397045836745559,False
entropy,detectability of speaker/author stance,Stance Detectability,0,18,7,1686,18,7,1711,0.0,0.1483678040806583,0.7001000482705368,0.8397045836745559,False
maude,detectability of speaker/author stance,Stance Detectability,0,10,7,1694,10,7,1711,0.0,0.0822323640177975,0.7742946686962483,0.8397045836745559,False
nist,detectability of speaker/author stance,Stance Detectability,0,16,7,1688,16,7,1711,0.0,0.1318046314843245,0.71656822446408,0.8397045836745559,False
auc,detectability of speaker/author stance,Stance Detectability,0,12,7,1692,12,7,1711,0.0,0.0987369575740051,0.7533506313286653,0.8397045836745559,False
prism,detectability of speaker/author stance,Stance Detectability,0,11,7,1693,11,7,1711,0.0,0.090482228635181,0.7635649946476775,0.8397045836745559,False
bleu,formality/informality,Formality,2,740,4,965,742,6,1711,0.6529649595687332,0.2531807553780243,0.6148442614815386,0.8397045836745559,False
comet,formality/informality,Formality,0,70,6,1635,70,6,1711,0.0,0.502165857860314,0.4785500058236865,0.8397045836745559,False
rouge,formality/informality,Formality,0,665,6,1040,665,6,1711,0.0,5.918673408457373,0.0149812342474876,0.3425597131228505,False
roc auc,formality/informality,Formality,0,11,6,1694,11,6,1711,0.0,0.0775333896212124,0.7806683380072018,0.8414530350982423,False
bertscore,formality/informality,Formality,1,361,5,1344,362,6,1711,0.7453038674033149,0.0770429929313064,0.7813453847952494,0.8414530350982423,False
distinct,formality/informality,Formality,0,125,6,1580,125,6,1711,0.0,0.912016786526682,0.3395798716223106,0.8397045836745559,False
f1,formality/informality,Formality,1,234,5,1471,235,6,1711,1.2561702127659573,0.0413369311413849,0.8388889437077479,0.8737871500036244,False
recall,formality/informality,Formality,0,112,6,1593,112,6,1711,0.0,0.8138720524405874,0.3669779478285671,0.8397045836745559,False
meteor,formality/informality,Formality,1,257,5,1448,258,6,1711,1.1263565891472869,0.0115305475982599,0.914487213122586,0.9335568188739752,False
knowledge f1,formality/informality,Formality,0,13,6,1692,13,6,1711,0.0,0.0916843494162631,0.7620466762739271,0.8397045836745559,False
acc,formality/informality,Formality,0,11,6,1694,11,6,1711,0.0,0.0775333896212124,0.7806683380072018,0.8414530350982423,False
dae,formality/informality,Formality,0,17,6,1688,17,6,1711,0.0,0.1200364300831706,0.72899498154073,0.8397045836745559,False
mauve,formality/informality,Formality,0,10,6,1695,10,6,1711,0.0,0.0704641626162719,0.7906621551883105,0.8414530350982423,False
factcc,formality/informality,Formality,0,33,6,1672,33,6,1711,0.0,0.2341194065905595,0.6284860314837333,0.8397045836745559,False
comet qe,formality/informality,Formality,0,10,6,1695,10,6,1711,0.0,0.0704641626162719,0.7906621551883105,0.8414530350982423,False
unieval,formality/informality,Formality,0,22,6,1683,22,6,1711,0.0,0.155570991516008,0.6932673727537813,0.8397045836745559,False
chrf,formality/informality,Formality,1,59,5,1646,60,6,1711,5.503333333333333,1.662063937830011,0.1973248853906963,0.8397045836745559,False
questeval,formality/informality,Formality,0,27,6,1678,27,6,1711,0.0,0.1912110910795334,0.6619105427393461,0.8397045836745559,False
qafacteval,formality/informality,Formality,0,12,6,1693,12,6,1711,0.0,0.0846067835824931,0.7711488705829672,0.8397045836745559,False
spearman correlation,formality/informality,Formality,0,25,6,1680,25,6,1711,0.0,0.176942346562945,0.6740142153777432,0.8397045836745559,False
pearson correlation,formality/informality,Formality,0,33,6,1672,33,6,1711,0.0,0.2341194065905595,0.6284860314837333,0.8397045836745559,False
moverscore,formality/informality,Formality,0,55,6,1650,55,6,1711,0.0,0.3927757357591536,0.5308439540357055,0.8397045836745559,False
g eval,formality/informality,Formality,0,19,6,1686,19,6,1711,0.0,0.1342376300892595,0.7140781553225075,0.8397045836745559,False
usr,formality/informality,Formality,0,12,6,1693,12,6,1711,0.0,0.0846067835824931,0.7711488705829672,0.8397045836745559,False
bartscore,formality/informality,Formality,0,64,6,1641,64,6,1711,0.0,0.4582900745426368,0.4984241951585118,0.8397045836745559,False
qags,formality/informality,Formality,0,10,6,1695,10,6,1711,0.0,0.0704641626162719,0.7906621551883105,0.8414530350982423,False
perplexity,formality/informality,Formality,2,164,4,1541,166,6,1711,4.653614457831326,2.5231383156318397,0.1121871144853711,0.8397045836745559,False
ndcg,formality/informality,Formality,0,21,6,1684,21,6,1711,0.0,0.148455656201061,0.7000155785597011,0.8397045836745559,False
map,formality/informality,Formality,0,12,6,1693,12,6,1711,0.0,0.0846067835824931,0.7711488705829672,0.8397045836745559,False
precision,formality/informality,Formality,0,79,6,1626,79,6,1711,0.0,0.5682818019271363,0.4509424914313704,0.8397045836745559,False
bleurt,formality/informality,Formality,0,110,6,1595,110,6,1711,0.0,0.7988438549656025,0.3714392628145344,0.8397045836745559,False
ter,formality/informality,Formality,0,50,6,1655,50,6,1711,0.0,0.3565328415963079,0.5504381404768122,0.8397045836745559,False
feqa,formality/informality,Formality,0,10,6,1695,10,6,1711,0.0,0.0704641626162719,0.7906621551883105,0.8414530350982423,False
sari,formality/informality,Formality,0,25,6,1680,25,6,1711,0.0,0.176942346562945,0.6740142153777432,0.8397045836745559,False
cosine similarity,formality/informality,Formality,0,24,6,1681,24,6,1711,0.0,0.1698143316800758,0.6802768697053236,0.8397045836745559,False
accuracy,formality/informality,Formality,0,186,6,1519,186,6,1711,0.0,1.3835756313580287,0.2394930250127064,0.8397045836745559,False
summac,formality/informality,Formality,0,15,6,1690,15,6,1711,0.0,0.1058520164048996,0.7449168977616281,0.8397045836745559,False
clip,formality/informality,Formality,0,13,6,1692,13,6,1711,0.0,0.0916843494162631,0.7620466762739271,0.8397045836745559,False
cider,formality/informality,Formality,0,76,6,1629,76,6,1711,0.0,0.5462026539480275,0.4598734522625894,0.8397045836745559,False
exact match,formality/informality,Formality,0,67,6,1638,67,6,1711,0.0,0.4802079132282755,0.4883281555712201,0.8397045836745559,False
chrf++,formality/informality,Formality,0,23,6,1682,23,6,1711,0.0,0.1626905483383281,0.6866913785782673,0.8397045836745559,False
blanc,formality/informality,Formality,0,13,6,1692,13,6,1711,0.0,0.0916843494162631,0.7620466762739271,0.8397045836745559,False
diversity,formality/informality,Formality,0,10,6,1695,10,6,1711,0.0,0.0704641626162719,0.7906621551883105,0.8414530350982423,False
coherence,formality/informality,Formality,0,10,6,1695,10,6,1711,0.0,0.0704641626162719,0.7906621551883105,0.8414530350982423,False
clipscore,formality/informality,Formality,0,15,6,1690,15,6,1711,0.0,0.1058520164048996,0.7449168977616281,0.8397045836745559,False
hits,formality/informality,Formality,0,16,6,1689,16,6,1711,0.0,0.1129421274337219,0.7368191098815816,0.8397045836745559,False
win rate,formality/informality,Formality,0,14,6,1691,14,6,1711,0.0,0.0987660920462233,0.7533154265437032,0.8397045836745559,False
balanced accuracy,formality/informality,Formality,0,10,6,1695,10,6,1711,0.0,0.0704641626162719,0.7906621551883105,0.8414530350982423,False
ibleu,formality/informality,Formality,0,12,6,1693,12,6,1711,0.0,0.0846067835824931,0.7711488705829672,0.8397045836745559,False
self bleu,formality/informality,Formality,0,30,6,1675,30,6,1711,0.0,0.2126460704546277,0.6447012994522111,0.8397045836745559,False
spearman,formality/informality,Formality,1,11,5,1694,12,6,1711,28.316666666666663,4.662913999297965,0.0308208415441782,0.491642485251565,False
kendall,formality/informality,Formality,0,11,6,1694,11,6,1711,0.0,0.0775333896212124,0.7806683380072018,0.8414530350982423,False
coverage,formality/informality,Formality,0,22,6,1683,22,6,1711,0.0,0.155570991516008,0.6932673727537813,0.8397045836745559,False
density,formality/informality,Formality,0,10,6,1695,10,6,1711,0.0,0.0704641626162719,0.7906621551883105,0.8414530350982423,False
ppl,formality/informality,Formality,0,19,6,1686,19,6,1711,0.0,0.1342376300892595,0.7140781553225075,0.8397045836745559,False
kendall s tau,formality/informality,Formality,0,11,6,1694,11,6,1711,0.0,0.0775333896212124,0.7806683380072018,0.8414530350982423,False
success rate,formality/informality,Formality,0,25,6,1680,25,6,1711,0.0,0.176942346562945,0.6740142153777432,0.8397045836745559,False
supert,formality/informality,Formality,0,10,6,1695,10,6,1711,0.0,0.0704641626162719,0.7906621551883105,0.8414530350982423,False
summaqa,formality/informality,Formality,0,10,6,1695,10,6,1711,0.0,0.0704641626162719,0.7906621551883105,0.8414530350982423,False
spice,formality/informality,Formality,0,24,6,1681,24,6,1711,0.0,0.1698143316800758,0.6802768697053236,0.8397045836745559,False
length,formality/informality,Formality,0,16,6,1689,16,6,1711,0.0,0.1129421274337219,0.7368191098815816,0.8397045836745559,False
parent,formality/informality,Formality,0,17,6,1688,17,6,1711,0.0,0.1200364300831706,0.72899498154073,0.8397045836745559,False
consistency,formality/informality,Formality,0,14,6,1691,14,6,1711,0.0,0.0987660920462233,0.7533154265437032,0.8397045836745559,False
mrr,formality/informality,Formality,0,26,6,1679,26,6,1711,0.0,0.1840745980162527,0.6678947290147941,0.8397045836745559,False
embedding,formality/informality,Formality,0,26,6,1679,26,6,1711,0.0,0.1840745980162527,0.6678947290147941,0.8397045836745559,False
vector extrema,formality/informality,Formality,0,16,6,1689,16,6,1711,0.0,0.1129421274337219,0.7368191098815816,0.8397045836745559,False
greedy matching,formality/informality,Formality,0,14,6,1691,14,6,1711,0.0,0.0987660920462233,0.7533154265437032,0.8397045836745559,False
dist,formality/informality,Formality,0,23,6,1682,23,6,1711,0.0,0.1626905483383281,0.6866913785782673,0.8397045836745559,False
ruber,formality/informality,Formality,0,11,6,1694,11,6,1711,0.0,0.0775333896212124,0.7806683380072018,0.8414530350982423,False
bert,formality/informality,Formality,0,10,6,1695,10,6,1711,0.0,0.0704641626162719,0.7906621551883105,0.8414530350982423,False
xcomet,formality/informality,Formality,0,13,6,1692,13,6,1711,0.0,0.0916843494162631,0.7620466762739271,0.8397045836745559,False
auroc,formality/informality,Formality,0,10,6,1695,10,6,1711,0.0,0.0704641626162719,0.7906621551883105,0.8414530350982423,False
entailment,formality/informality,Formality,0,11,6,1694,11,6,1711,0.0,0.0775333896212124,0.7806683380072018,0.8414530350982423,False
sacrebleu,formality/informality,Formality,0,18,6,1687,18,6,1711,0.0,0.1271349293125325,0.7214213365005449,0.8397045836745559,False
gleu,formality/informality,Formality,0,14,6,1691,14,6,1711,0.0,0.0987660920462233,0.7533154265437032,0.8397045836745559,False
entropy,formality/informality,Formality,0,18,6,1687,18,6,1711,0.0,0.1271349293125325,0.7214213365005449,0.8397045836745559,False
maude,formality/informality,Formality,0,10,6,1695,10,6,1711,0.0,0.0704641626162719,0.7906621551883105,0.8414530350982423,False
nist,formality/informality,Formality,0,16,6,1689,16,6,1711,0.0,0.1129421274337219,0.7368191098815816,0.8397045836745559,False
auc,formality/informality,Formality,0,12,6,1693,12,6,1711,0.0,0.0846067835824931,0.7711488705829672,0.8397045836745559,False
prism,formality/informality,Formality,0,11,6,1694,11,6,1711,0.0,0.0775333896212124,0.7806683380072018,0.8414530350982423,False
bleu,nonredundancy (content/meaning),Nonredundancy (content),6,736,12,957,742,18,1711,0.6529649595687331,0.7647886028391535,0.3818340837745327,0.8397045836745559,False
comet,nonredundancy (content/meaning),Nonredundancy (content),0,70,18,1623,70,18,1711,0.0,1.511934550974594,0.2188441282224461,0.8397045836745559,False
rouge,nonredundancy (content/meaning),Nonredundancy (content),9,656,9,1037,665,18,1711,1.5729323308270675,0.925405191306309,0.3360597364019277,0.8397045836745559,False
roc auc,nonredundancy (content/meaning),Nonredundancy (content),0,11,18,1682,11,18,1711,0.0,0.2334247582979182,0.6289959677428154,0.8397045836745559,False
bertscore,nonredundancy (content/meaning),Nonredundancy (content),3,359,15,1334,362,18,1711,0.7453038674033149,0.2326755981219825,0.6295469707771392,0.8397045836745559,False
distinct,nonredundancy (content/meaning),Nonredundancy (content),0,125,18,1568,125,18,1711,0.0,2.746097649272949,0.0974921086744754,0.8016006112360292,False
f1,nonredundancy (content/meaning),Nonredundancy (content),3,232,15,1461,235,18,1711,1.2561702127659573,0.124940544506489,0.723736641927876,0.8397045836745559,False
recall,nonredundancy (content/meaning),Nonredundancy (content),4,108,14,1585,112,18,1711,4.079081632653061,4.7143340430368355,0.0299121494927241,0.4886772346784259,False
meteor,nonredundancy (content/meaning),Nonredundancy (content),4,254,14,1439,258,18,1711,1.6090808416389812,0.6497361026790398,0.4202070455194527,0.8397045836745559,False
knowledge f1,nonredundancy (content/meaning),Nonredundancy (content),0,13,18,1680,13,18,1711,0.0,0.2760287163233513,0.599316029917367,0.8397045836745559,False
acc,nonredundancy (content/meaning),Nonredundancy (content),0,11,18,1682,11,18,1711,0.0,0.2334247582979182,0.6289959677428154,0.8397045836745559,False
dae,nonredundancy (content/meaning),Nonredundancy (content),0,17,18,1676,17,18,1711,0.0,0.3613881909141698,0.5477362788447191,0.8397045836745559,False
mauve,nonredundancy (content/meaning),Nonredundancy (content),1,9,17,1684,10,18,1711,10.005882352941176,2.8436130654407443,0.0917377242208795,0.7876956425248298,False
factcc,nonredundancy (content/meaning),Nonredundancy (content),0,33,18,1660,33,18,1711,0.0,0.7048645771248442,0.4011539376212842,0.8397045836745559,False
comet qe,nonredundancy (content/meaning),Nonredundancy (content),0,10,18,1683,10,18,1711,0.0,0.212141671821069,0.6450939374463184,0.8397045836745559,False
unieval,nonredundancy (content/meaning),Nonredundancy (content),0,22,18,1671,22,18,1711,0.0,0.4683729453468433,0.4937366435338135,0.8397045836745559,False
chrf,nonredundancy (content/meaning),Nonredundancy (content),0,60,18,1633,60,18,1711,0.0,1.292017173566533,0.2556765438192497,0.8397045836745559,False
questeval,nonredundancy (content/meaning),Nonredundancy (content),0,27,18,1666,27,18,1711,0.0,0.5756765878951842,0.4480119677515253,0.8397045836745559,False
qafacteval,nonredundancy (content/meaning),Nonredundancy (content),0,12,18,1681,12,18,1711,0.0,0.2547204348305701,0.6137707129421035,0.8397045836745559,False
spearman correlation,nonredundancy (content/meaning),Nonredundancy (content),0,25,18,1668,25,18,1711,0.0,0.5327167426544986,0.4654669186431798,0.8397045836745559,False
pearson correlation,nonredundancy (content/meaning),Nonredundancy (content),0,33,18,1660,33,18,1711,0.0,0.7048645771248442,0.4011539376212842,0.8397045836745559,False
moverscore,nonredundancy (content/meaning),Nonredundancy (content),1,54,17,1639,55,18,1711,1.7711229946524063,0.2651302070635897,0.6066173383756359,0.8397045836745559,False
g eval,nonredundancy (content/meaning),Nonredundancy (content),0,19,18,1674,19,18,1711,0.0,0.404143947435586,0.5249568725040462,0.8397045836745559,False
usr,nonredundancy (content/meaning),Nonredundancy (content),0,12,18,1681,12,18,1711,0.0,0.2547204348305701,0.6137707129421035,0.8397045836745559,False
bartscore,nonredundancy (content/meaning),Nonredundancy (content),0,64,18,1629,64,18,1711,0.0,1.379822976605596,0.2401313031537918,0.8397045836745559,False
qags,nonredundancy (content/meaning),Nonredundancy (content),0,10,18,1683,10,18,1711,0.0,0.212141671821069,0.6450939374463184,0.8397045836745559,False
perplexity,nonredundancy (content/meaning),Nonredundancy (content),1,165,17,1528,166,18,1711,0.5474840538625089,0.4151508714345553,0.519366636468805,0.8397045836745559,False
ndcg,nonredundancy (content/meaning),Nonredundancy (content),2,19,16,1674,21,18,1711,10.059523809523808,5.597228483478867,0.017988913210125,0.3794446001878468,False
map,nonredundancy (content/meaning),Nonredundancy (content),0,12,18,1681,12,18,1711,0.0,0.2547204348305701,0.6137707129421035,0.8397045836745559,False
precision,nonredundancy (content/meaning),Nonredundancy (content),2,77,16,1616,79,18,1711,2.5822784810126582,1.2746949410358073,0.258887756470625,0.8397045836745559,False
bleurt,nonredundancy (content/meaning),Nonredundancy (content),3,107,15,1586,110,18,1711,2.9109090909090907,2.2729206840233407,0.1316515885202344,0.8397045836745559,False
ter,nonredundancy (content/meaning),Nonredundancy (content),0,50,18,1643,50,18,1711,0.0,1.0734350913873996,0.3001708271057435,0.8397045836745559,False
feqa,nonredundancy (content/meaning),Nonredundancy (content),0,10,18,1683,10,18,1711,0.0,0.212141671821069,0.6450939374463184,0.8397045836745559,False
sari,nonredundancy (content/meaning),Nonredundancy (content),1,24,17,1669,25,18,1711,3.967058823529411,1.2507403360442433,0.2634111242155766,0.8397045836745559,False
cosine similarity,nonredundancy (content/meaning),Nonredundancy (content),0,24,18,1669,24,18,1711,0.0,0.5112560293983238,0.4745956355167933,0.8397045836745559,False
accuracy,nonredundancy (content/meaning),Nonredundancy (content),1,185,17,1508,186,18,1711,0.4822896900695762,0.6324573317876141,0.4264553786458017,0.8397045836745559,False
summac,nonredundancy (content/meaning),Nonredundancy (content),0,15,18,1678,15,18,1711,0.0,0.3186831539407949,0.5724000979040134,0.8397045836745559,False
clip,nonredundancy (content/meaning),Nonredundancy (content),0,13,18,1680,13,18,1711,0.0,0.2760287163233513,0.599316029917367,0.8397045836745559,False
cider,nonredundancy (content/meaning),Nonredundancy (content),3,73,15,1620,76,18,1711,4.302631578947368,3.895469481351286,0.0484165052958974,0.6015383991308466,False
exact match,nonredundancy (content/meaning),Nonredundancy (content),2,65,16,1628,67,18,1711,3.0671641791044775,1.7073689756179524,0.1913270885959515,0.8397045836745559,False
chrf++,nonredundancy (content/meaning),Nonredundancy (content),0,23,18,1670,23,18,1711,0.0,0.489808102038108,0.4840129182124012,0.8397045836745559,False
blanc,nonredundancy (content/meaning),Nonredundancy (content),0,13,18,1680,13,18,1711,0.0,0.2760287163233513,0.599316029917367,0.8397045836745559,False
diversity,nonredundancy (content/meaning),Nonredundancy (content),0,10,18,1683,10,18,1711,0.0,0.212141671821069,0.6450939374463184,0.8397045836745559,False
coherence,nonredundancy (content/meaning),Nonredundancy (content),0,10,18,1683,10,18,1711,0.0,0.212141671821069,0.6450939374463184,0.8397045836745559,False
clipscore,nonredundancy (content/meaning),Nonredundancy (content),0,15,18,1678,15,18,1711,0.0,0.3186831539407949,0.5724000979040134,0.8397045836745559,False
hits,nonredundancy (content/meaning),Nonredundancy (content),1,15,17,1678,16,18,1711,6.231617647058823,1.9846863831261057,0.1588975753910624,0.8397045836745559,False
win rate,nonredundancy (content/meaning),Nonredundancy (content),0,14,18,1679,14,18,1711,0.0,0.2973496177080982,0.5855487629683784,0.8397045836745559,False
balanced accuracy,nonredundancy (content/meaning),Nonredundancy (content),0,10,18,1683,10,18,1711,0.0,0.212141671821069,0.6450939374463184,0.8397045836745559,False
ibleu,nonredundancy (content/meaning),Nonredundancy (content),0,12,18,1681,12,18,1711,0.0,0.2547204348305701,0.6137707129421035,0.8397045836745559,False
self bleu,nonredundancy (content/meaning),Nonredundancy (content),0,30,18,1663,30,18,1711,0.0,0.6402126322015278,0.4236338104627135,0.8397045836745559,False
spearman,nonredundancy (content/meaning),Nonredundancy (content),0,12,18,1681,12,18,1711,0.0,0.2547204348305701,0.6137707129421035,0.8397045836745559,False
kendall,nonredundancy (content/meaning),Nonredundancy (content),0,11,18,1682,11,18,1711,0.0,0.2334247582979182,0.6289959677428154,0.8397045836745559,False
coverage,nonredundancy (content/meaning),Nonredundancy (content),0,22,18,1671,22,18,1711,0.0,0.4683729453468433,0.4937366435338135,0.8397045836745559,False
density,nonredundancy (content/meaning),Nonredundancy (content),0,10,18,1683,10,18,1711,0.0,0.212141671821069,0.6450939374463184,0.8397045836745559,False
ppl,nonredundancy (content/meaning),Nonredundancy (content),0,19,18,1674,19,18,1711,0.0,0.404143947435586,0.5249568725040462,0.8397045836745559,False
kendall s tau,nonredundancy (content/meaning),Nonredundancy (content),0,11,18,1682,11,18,1711,0.0,0.2334247582979182,0.6289959677428154,0.8397045836745559,False
success rate,nonredundancy (content/meaning),Nonredundancy (content),0,25,18,1668,25,18,1711,0.0,0.5327167426544986,0.4654669186431798,0.8397045836745559,False
supert,nonredundancy (content/meaning),Nonredundancy (content),0,10,18,1683,10,18,1711,0.0,0.212141671821069,0.6450939374463184,0.8397045836745559,False
summaqa,nonredundancy (content/meaning),Nonredundancy (content),0,10,18,1683,10,18,1711,0.0,0.212141671821069,0.6450939374463184,0.8397045836745559,False
spice,nonredundancy (content/meaning),Nonredundancy (content),0,24,18,1669,24,18,1711,0.0,0.5112560293983238,0.4745956355167933,0.8397045836745559,False
length,nonredundancy (content/meaning),Nonredundancy (content),0,16,18,1677,16,18,1711,0.0,0.3400293400056861,0.559812286800734,0.8397045836745559,False
parent,nonredundancy (content/meaning),Nonredundancy (content),0,17,18,1676,17,18,1711,0.0,0.3613881909141698,0.5477362788447191,0.8397045836745559,False
consistency,nonredundancy (content/meaning),Nonredundancy (content),0,14,18,1679,14,18,1711,0.0,0.2973496177080982,0.5855487629683784,0.8397045836745559,False
mrr,nonredundancy (content/meaning),Nonredundancy (content),1,25,17,1668,26,18,1711,3.812217194570135,1.1909934626118548,0.2751292546817038,0.8397045836745559,False
embedding,nonredundancy (content/meaning),Nonredundancy (content),0,26,18,1667,26,18,1711,0.0,0.5541902570597855,0.4566105940252034,0.8397045836745559,False
vector extrema,nonredundancy (content/meaning),Nonredundancy (content),0,16,18,1677,16,18,1711,0.0,0.3400293400056861,0.559812286800734,0.8397045836745559,False
greedy matching,nonredundancy (content/meaning),Nonredundancy (content),0,14,18,1679,14,18,1711,0.0,0.2973496177080982,0.5855487629683784,0.8397045836745559,False
dist,nonredundancy (content/meaning),Nonredundancy (content),0,23,18,1670,23,18,1711,0.0,0.489808102038108,0.4840129182124012,0.8397045836745559,False
ruber,nonredundancy (content/meaning),Nonredundancy (content),1,10,17,1683,11,18,1711,9.090909090909092,2.6633731238634573,0.1026827698366663,0.8174459654241661,False
bert,nonredundancy (content/meaning),Nonredundancy (content),0,10,18,1683,10,18,1711,0.0,0.212141671821069,0.6450939374463184,0.8397045836745559,False
xcomet,nonredundancy (content/meaning),Nonredundancy (content),0,13,18,1680,13,18,1711,0.0,0.2760287163233513,0.599316029917367,0.8397045836745559,False
auroc,nonredundancy (content/meaning),Nonredundancy (content),0,10,18,1683,10,18,1711,0.0,0.212141671821069,0.6450939374463184,0.8397045836745559,False
entailment,nonredundancy (content/meaning),Nonredundancy (content),0,11,18,1682,11,18,1711,0.0,0.2334247582979182,0.6289959677428154,0.8397045836745559,False
sacrebleu,nonredundancy (content/meaning),Nonredundancy (content),0,18,18,1675,18,18,1711,0.0,0.3827597217024996,0.5361299681382907,0.8397045836745559,False
gleu,nonredundancy (content/meaning),Nonredundancy (content),0,14,18,1679,14,18,1711,0.0,0.2973496177080982,0.5855487629683784,0.8397045836745559,False
entropy,nonredundancy (content/meaning),Nonredundancy (content),0,18,18,1675,18,18,1711,0.0,0.3827597217024996,0.5361299681382907,0.8397045836745559,False
maude,nonredundancy (content/meaning),Nonredundancy (content),0,10,18,1683,10,18,1711,0.0,0.212141671821069,0.6450939374463184,0.8397045836745559,False
nist,nonredundancy (content/meaning),Nonredundancy (content),0,16,18,1677,16,18,1711,0.0,0.3400293400056861,0.559812286800734,0.8397045836745559,False
auc,nonredundancy (content/meaning),Nonredundancy (content),1,11,17,1682,12,18,1711,8.32843137254902,2.501410288019918,0.1137444000590163,0.8397045836745559,False
prism,nonredundancy (content/meaning),Nonredundancy (content),0,11,18,1682,11,18,1711,0.0,0.2334247582979182,0.6289959677428154,0.8397045836745559,False
bleu,clarity of referents,Clarity of Referents,2,740,5,964,742,7,1711,0.5223719676549865,0.6544111140841768,0.4185399919962624,0.8397045836745559,False
comet,clarity of referents,Clarity of Referents,0,70,7,1634,70,7,1711,0.0,0.5860355911966001,0.4439562386376706,0.8397045836745559,False
rouge,clarity of referents,Clarity of Referents,6,659,1,1045,665,7,1711,9.437593984962406,6.6097134609659705,0.0101423980432929,0.2722567902872213,False
roc auc,clarity of referents,Clarity of Referents,0,11,7,1693,11,7,1711,0.0,0.090482228635181,0.7635649946476775,0.8397045836745559,False
bertscore,clarity of referents,Clarity of Referents,3,359,4,1345,362,7,1711,2.7948895027624308,1.6682621115553733,0.1964914720555216,0.8397045836745559,False
distinct,clarity of referents,Clarity of Referents,0,125,7,1579,125,7,1711,0.0,1.0643437339178057,0.302226566607452,0.8397045836745559,False
f1,clarity of referents,Clarity of Referents,0,235,7,1469,235,7,1711,0.0,2.072964841782846,0.149929809215086,0.8397045836745559,False
recall,clarity of referents,Clarity of Referents,1,111,6,1593,112,7,1711,2.3794642857142856,0.5262552721124465,0.4681854896979296,0.8397045836745559,False
meteor,clarity of referents,Clarity of Referents,2,256,5,1448,258,7,1711,2.2527131782945737,0.8302889056660878,0.3621890022291523,0.8397045836745559,False
knowledge f1,clarity of referents,Clarity of Referents,0,13,7,1691,13,7,1711,0.0,0.1069965565731263,0.7435897701710247,0.8397045836745559,False
acc,clarity of referents,Clarity of Referents,0,11,7,1693,11,7,1711,0.0,0.090482228635181,0.7635649946476775,0.8397045836745559,False
dae,clarity of referents,Clarity of Referents,1,16,6,1688,17,7,1711,16.6078431372549,3.6540475422797702,0.0559331271880446,0.6414708292894626,False
mauve,clarity of referents,Clarity of Referents,0,10,7,1694,10,7,1711,0.0,0.0822323640177975,0.7742946686962483,0.8397045836745559,False
factcc,clarity of referents,Clarity of Referents,1,32,6,1672,33,7,1711,8.474747474747476,2.412143827420071,0.1203973838214417,0.8397045836745559,False
comet qe,clarity of referents,Clarity of Referents,0,10,7,1694,10,7,1711,0.0,0.0822323640177975,0.7742946686962483,0.8397045836745559,False
unieval,clarity of referents,Clarity of Referents,0,22,7,1682,22,7,1711,0.0,0.181553052388931,0.6700419551603198,0.8397045836745559,False
chrf,clarity of referents,Clarity of Referents,0,60,7,1644,60,7,1711,0.0,0.5007992780417803,0.4791491367460871,0.8397045836745559,False
questeval,clarity of referents,Clarity of Referents,1,26,6,1678,27,7,1711,10.39506172839506,2.777466002398167,0.0955993152320055,0.8010858284512915,False
qafacteval,clarity of referents,Clarity of Referents,0,12,7,1692,12,7,1711,0.0,0.0987369575740051,0.7533506313286653,0.8397045836745559,False
spearman correlation,clarity of referents,Clarity of Referents,0,25,7,1679,25,7,1711,0.0,0.2064937124742814,0.6495295877973415,0.8397045836745559,False
pearson correlation,clarity of referents,Clarity of Referents,0,33,7,1671,33,7,1711,0.0,0.2732201791696296,0.6011797831720811,0.8397045836745559,False
moverscore,clarity of referents,Clarity of Referents,1,54,6,1650,55,7,1711,5.018181818181818,1.5368280875643614,0.2150905561370525,0.8397045836745559,False
g eval,clarity of referents,Clarity of Referents,0,19,7,1685,19,7,1711,0.0,0.1566567445471801,0.6922534113860863,0.8397045836745559,False
usr,clarity of referents,Clarity of Referents,0,12,7,1692,12,7,1711,0.0,0.0987369575740051,0.7533506313286653,0.8397045836745559,False
bartscore,clarity of referents,Clarity of Referents,1,63,6,1641,64,7,1711,4.2890625,1.2966566282726375,0.2548248331769838,0.8397045836745559,False
qags,clarity of referents,Clarity of Referents,0,10,7,1694,10,7,1711,0.0,0.0822323640177975,0.7742946686962483,0.8397045836745559,False
perplexity,clarity of referents,Clarity of Referents,0,166,7,1538,166,7,1711,0.0,1.4318430428336106,0.2314638883080319,0.8397045836745559,False
ndcg,clarity of referents,Clarity of Referents,0,21,7,1683,21,7,1711,0.0,0.1732493628749083,0.6772399953787926,0.8397045836745559,False
map,clarity of referents,Clarity of Referents,0,12,7,1692,12,7,1711,0.0,0.0987369575740051,0.7533506313286653,0.8397045836745559,False
precision,clarity of referents,Clarity of Referents,0,79,7,1625,79,7,1711,0.0,0.6631945084509241,0.4154344219103262,0.8397045836745559,False
bleurt,clarity of referents,Clarity of Referents,0,110,7,1594,110,7,1711,0.0,0.93226706931511,0.3342745206186417,0.8397045836745559,False
ter,clarity of referents,Clarity of Referents,0,50,7,1654,50,7,1711,0.0,0.4160787717887838,0.5189001743599783,0.8397045836745559,False
feqa,clarity of referents,Clarity of Referents,0,10,7,1694,10,7,1711,0.0,0.0822323640177975,0.7742946686962483,0.8397045836745559,False
sari,clarity of referents,Clarity of Referents,0,25,7,1679,25,7,1711,0.0,0.2064937124742814,0.6495295877973415,0.8397045836745559,False
cosine similarity,clarity of referents,Clarity of Referents,0,24,7,1680,24,7,1711,0.0,0.1981752213307812,0.6561978039500735,0.8397045836745559,False
accuracy,clarity of referents,Clarity of Referents,0,186,7,1518,186,7,1711,0.0,1.6146732529993535,0.2038361289740044,0.8397045836745559,False
summac,clarity of referents,Clarity of Referents,0,15,7,1689,15,7,1711,0.0,0.1235303877634169,0.7252366001779749,0.8397045836745559,False
clip,clarity of referents,Clarity of Referents,0,13,7,1691,13,7,1711,0.0,0.1069965565731263,0.7435897701710247,0.8397045836745559,False
cider,clarity of referents,Clarity of Referents,0,76,7,1628,76,7,1711,0.0,0.6374275904109411,0.4246438418509303,0.8397045836745559,False
exact match,clarity of referents,Clarity of Referents,1,66,6,1638,67,7,1711,4.08955223880597,1.226248560762102,0.2681378461143828,0.8397045836745559,False
chrf++,clarity of referents,Clarity of Referents,0,23,7,1681,23,7,1711,0.0,0.1898616699237764,0.6630317733633004,0.8397045836745559,False
blanc,clarity of referents,Clarity of Referents,0,13,7,1691,13,7,1711,0.0,0.1069965565731263,0.7435897701710247,0.8397045836745559,False
diversity,clarity of referents,Clarity of Referents,0,10,7,1694,10,7,1711,0.0,0.0822323640177975,0.7742946686962483,0.8397045836745559,False
coherence,clarity of referents,Clarity of Referents,0,10,7,1694,10,7,1711,0.0,0.0822323640177975,0.7742946686962483,0.8397045836745559,False
clipscore,clarity of referents,Clarity of Referents,0,15,7,1689,15,7,1711,0.0,0.1235303877634169,0.7252366001779749,0.8397045836745559,False
hits,clarity of referents,Clarity of Referents,0,16,7,1688,16,7,1711,0.0,0.1318046314843245,0.71656822446408,0.8397045836745559,False
win rate,clarity of referents,Clarity of Referents,0,14,7,1690,14,7,1711,0.0,0.1152610313828187,0.7342322303095483,0.8397045836745559,False
balanced accuracy,clarity of referents,Clarity of Referents,0,10,7,1694,10,7,1711,0.0,0.0822323640177975,0.7742946686962483,0.8397045836745559,False
ibleu,clarity of referents,Clarity of Referents,0,12,7,1692,12,7,1711,0.0,0.0987369575740051,0.7533506313286653,0.8397045836745559,False
self bleu,clarity of referents,Clarity of Referents,0,30,7,1674,30,7,1711,0.0,0.2481604701790385,0.6183733356020297,0.8397045836745559,False
spearman,clarity of referents,Clarity of Referents,0,12,7,1692,12,7,1711,0.0,0.0987369575740051,0.7533506313286653,0.8397045836745559,False
kendall,clarity of referents,Clarity of Referents,0,11,7,1693,11,7,1711,0.0,0.090482228635181,0.7635649946476775,0.8397045836745559,False
coverage,clarity of referents,Clarity of Referents,0,22,7,1682,22,7,1711,0.0,0.181553052388931,0.6700419551603198,0.8397045836745559,False
density,clarity of referents,Clarity of Referents,0,10,7,1694,10,7,1711,0.0,0.0822323640177975,0.7742946686962483,0.8397045836745559,False
ppl,clarity of referents,Clarity of Referents,0,19,7,1685,19,7,1711,0.0,0.1566567445471801,0.6922534113860863,0.8397045836745559,False
kendall s tau,clarity of referents,Clarity of Referents,0,11,7,1693,11,7,1711,0.0,0.090482228635181,0.7635649946476775,0.8397045836745559,False
success rate,clarity of referents,Clarity of Referents,0,25,7,1679,25,7,1711,0.0,0.2064937124742814,0.6495295877973415,0.8397045836745559,False
supert,clarity of referents,Clarity of Referents,0,10,7,1694,10,7,1711,0.0,0.0822323640177975,0.7742946686962483,0.8397045836745559,False
summaqa,clarity of referents,Clarity of Referents,0,10,7,1694,10,7,1711,0.0,0.0822323640177975,0.7742946686962483,0.8397045836745559,False
spice,clarity of referents,Clarity of Referents,0,24,7,1680,24,7,1711,0.0,0.1981752213307812,0.6561978039500735,0.8397045836745559,False
length,clarity of referents,Clarity of Referents,1,15,6,1689,16,7,1711,17.65625,3.7720347472616433,0.0521161983679327,0.6196991870521323,False
parent,clarity of referents,Clarity of Referents,0,17,7,1687,17,7,1711,0.0,0.1400837683264085,0.7081977494489685,0.8397045836745559,False
consistency,clarity of referents,Clarity of Referents,0,14,7,1690,14,7,1711,0.0,0.1152610313828187,0.7342322303095483,0.8397045836745559,False
mrr,clarity of referents,Clarity of Referents,0,26,7,1678,26,7,1711,0.0,0.2148171492276533,0.6430176888171181,0.8397045836745559,False
embedding,clarity of referents,Clarity of Referents,0,26,7,1678,26,7,1711,0.0,0.2148171492276533,0.6430176888171181,0.8397045836745559,False
vector extrema,clarity of referents,Clarity of Referents,0,16,7,1688,16,7,1711,0.0,0.1318046314843245,0.71656822446408,0.8397045836745559,False
greedy matching,clarity of referents,Clarity of Referents,0,14,7,1690,14,7,1711,0.0,0.1152610313828187,0.7342322303095483,0.8397045836745559,False
dist,clarity of referents,Clarity of Referents,0,23,7,1681,23,7,1711,0.0,0.1898616699237764,0.6630317733633004,0.8397045836745559,False
ruber,clarity of referents,Clarity of Referents,0,11,7,1693,11,7,1711,0.0,0.090482228635181,0.7635649946476775,0.8397045836745559,False
bert,clarity of referents,Clarity of Referents,0,10,7,1694,10,7,1711,0.0,0.0822323640177975,0.7742946686962483,0.8397045836745559,False
xcomet,clarity of referents,Clarity of Referents,0,13,7,1691,13,7,1711,0.0,0.1069965565731263,0.7435897701710247,0.8397045836745559,False
auroc,clarity of referents,Clarity of Referents,0,10,7,1694,10,7,1711,0.0,0.0822323640177975,0.7742946686962483,0.8397045836745559,False
entailment,clarity of referents,Clarity of Referents,0,11,7,1693,11,7,1711,0.0,0.090482228635181,0.7635649946476775,0.8397045836745559,False
sacrebleu,clarity of referents,Clarity of Referents,0,18,7,1686,18,7,1711,0.0,0.1483678040806583,0.7001000482705368,0.8397045836745559,False
gleu,clarity of referents,Clarity of Referents,0,14,7,1690,14,7,1711,0.0,0.1152610313828187,0.7342322303095483,0.8397045836745559,False
entropy,clarity of referents,Clarity of Referents,0,18,7,1686,18,7,1711,0.0,0.1483678040806583,0.7001000482705368,0.8397045836745559,False
maude,clarity of referents,Clarity of Referents,0,10,7,1694,10,7,1711,0.0,0.0822323640177975,0.7742946686962483,0.8397045836745559,False
nist,clarity of referents,Clarity of Referents,0,16,7,1688,16,7,1711,0.0,0.1318046314843245,0.71656822446408,0.8397045836745559,False
auc,clarity of referents,Clarity of Referents,0,12,7,1692,12,7,1711,0.0,0.0987369575740051,0.7533506313286653,0.8397045836745559,False
prism,clarity of referents,Clarity of Referents,0,11,7,1693,11,7,1711,0.0,0.090482228635181,0.7635649946476775,0.8397045836745559,False
bleu,speed of understanding,Speed of Understanding,0,742,5,964,742,5,1711,0.0,5.696905311770731,0.0169948525048847,0.3703861542592814,False
comet,speed of understanding,Speed of Understanding,0,70,5,1636,70,5,1711,0.0,0.4183463455947585,0.5177633410489189,0.8397045836745559,False
rouge,speed of understanding,Speed of Understanding,2,663,3,1043,665,5,1711,1.048621553884712,0.002703967405786,0.9585289431400708,0.9685689875229304,False
roc auc,speed of understanding,Speed of Understanding,0,11,5,1695,11,5,1711,0.0,0.0645921676248718,0.7993797601426349,0.8459317997315188,False
bertscore,speed of understanding,Speed of Understanding,2,360,3,1346,362,5,1711,2.4843462246777164,0.9120471815596608,0.3395718240957013,0.8397045836745559,False
distinct,speed of understanding,Speed of Understanding,0,125,5,1581,125,5,1711,0.0,0.7597826414097029,0.3833965530178175,0.8397045836745559,False
f1,speed of understanding,Speed of Understanding,1,234,4,1472,235,5,1711,1.5702127659574467,0.1488951239485053,0.6995934612022876,0.8397045836745559,False
recall,speed of understanding,Speed of Understanding,1,111,4,1595,112,5,1711,3.5691964285714284,0.9945853382471732,0.3186242542407628,0.8397045836745559,False
meteor,speed of understanding,Speed of Understanding,0,258,5,1448,258,5,1711,0.0,1.6370760623375418,0.2007271165191803,0.8397045836745559,False
knowledge f1,speed of understanding,Speed of Understanding,0,13,5,1693,13,5,1711,0.0,0.0763811548300154,0.7822628153877309,0.8414530350982423,False
acc,speed of understanding,Speed of Understanding,0,11,5,1695,11,5,1711,0.0,0.0645921676248718,0.7993797601426349,0.8459317997315188,False
dae,speed of understanding,Speed of Understanding,0,17,5,1689,17,5,1711,0.0,0.1000009054373732,0.7518285474884414,0.8397045836745559,False
mauve,speed of understanding,Speed of Understanding,0,10,5,1696,10,5,1711,0.0,0.0587028816916178,0.8085579600023548,0.8482552722877735,False
factcc,speed of understanding,Speed of Understanding,0,33,5,1673,33,5,1711,0.0,0.1950417857360987,0.6587530965605777,0.8397045836745559,False
comet qe,speed of understanding,Speed of Understanding,0,10,5,1696,10,5,1711,0.0,0.0587028816916178,0.8085579600023548,0.8482552722877735,False
unieval,speed of understanding,Speed of Understanding,1,21,4,1685,22,5,1711,19.19318181818182,3.848102561807941,0.0498023013036585,0.6083856546592176,False
chrf,speed of understanding,Speed of Understanding,0,60,5,1646,60,5,1711,0.0,0.3575003549345437,0.5498977623253778,0.8397045836745559,False
questeval,speed of understanding,Speed of Understanding,1,26,4,1680,27,5,1711,15.592592592592592,3.453603285335938,0.0631140372043615,0.6635381484623435,False
qafacteval,speed of understanding,Speed of Understanding,1,11,4,1695,12,5,1711,35.395833333333336,5.052683048315292,0.0245878361033153,0.4438209956074458,False
spearman correlation,speed of understanding,Speed of Understanding,0,25,5,1681,25,5,1711,0.0,0.1474084363168729,0.7010243540684287,0.8397045836745559,False
pearson correlation,speed of understanding,Speed of Understanding,0,33,5,1673,33,5,1711,0.0,0.1950417857360987,0.6587530965605777,0.8397045836745559,False
moverscore,speed of understanding,Speed of Understanding,0,55,5,1651,55,5,1711,0.0,0.327215632687138,0.5673032424400215,0.8397045836745559,False
g eval,speed of understanding,Speed of Understanding,0,19,5,1687,19,5,1711,0.0,0.1118317347259062,0.7380682917686258,0.8397045836745559,False
usr,speed of understanding,Speed of Understanding,0,12,5,1694,12,5,1711,0.0,0.070484923973496,0.7906320357880149,0.8414530350982423,False
bartscore,speed of understanding,Speed of Understanding,1,63,4,1643,64,5,1711,6.43359375,1.883660432172665,0.1699186983262807,0.8397045836745559,False
qags,speed of understanding,Speed of Understanding,0,10,5,1696,10,5,1711,0.0,0.0587028816916178,0.8085579600023548,0.8482552722877735,False
perplexity,speed of understanding,Speed of Understanding,0,166,5,1540,166,5,1711,0.0,1.022113967178602,0.3120180945045663,0.8397045836745559,False
ndcg,speed of understanding,Speed of Understanding,0,21,5,1685,21,5,1711,0.0,0.1236765774583892,0.7250806552200804,0.8397045836745559,False
map,speed of understanding,Speed of Understanding,0,12,5,1694,12,5,1711,0.0,0.070484923973496,0.7906320357880149,0.8414530350982423,False
precision,speed of understanding,Speed of Understanding,1,78,4,1628,79,5,1711,5.1645569620253164,1.5328188422948443,0.2156898792898302,0.8397045836745559,False
bleurt,speed of understanding,Speed of Understanding,1,109,4,1597,110,5,1711,3.638636363636364,1.020773146452725,0.3123356868239585,0.8397045836745559,False
ter,speed of understanding,Speed of Understanding,0,50,5,1656,50,5,1711,0.0,0.2970223500971261,0.585755189651433,0.8397045836745559,False
feqa,speed of understanding,Speed of Understanding,0,10,5,1696,10,5,1711,0.0,0.0587028816916178,0.8085579600023548,0.8482552722877735,False
sari,speed of understanding,Speed of Understanding,0,25,5,1681,25,5,1711,0.0,0.1474084363168729,0.7010243540684287,0.8397045836745559,False
cosine similarity,speed of understanding,Speed of Understanding,0,24,5,1682,24,5,1711,0.0,0.1414701894999823,0.7068237975024568,0.8397045836745559,False
accuracy,speed of understanding,Speed of Understanding,0,186,5,1520,186,5,1711,0.0,1.152621644911034,0.2830010192968095,0.8397045836745559,False
summac,speed of understanding,Speed of Understanding,0,15,5,1691,15,5,1711,0.0,0.0881840564723335,0.7664985711327196,0.8397045836745559,False
clip,speed of understanding,Speed of Understanding,0,13,5,1693,13,5,1711,0.0,0.0763811548300154,0.7822628153877309,0.8414530350982423,False
cider,speed of understanding,Speed of Understanding,0,76,5,1630,76,5,1711,0.0,0.4550324440509739,0.4999547645310089,0.8397045836745559,False
exact match,speed of understanding,Speed of Understanding,0,67,5,1639,67,5,1711,0.0,0.4000536433977128,0.5270615544864841,0.8397045836745559,False
chrf++,speed of understanding,Speed of Understanding,0,23,5,1683,23,5,1711,0.0,0.1355354668699679,0.7127603327020411,0.8397045836745559,False
blanc,speed of understanding,Speed of Understanding,0,13,5,1693,13,5,1711,0.0,0.0763811548300154,0.7822628153877309,0.8414530350982423,False
diversity,speed of understanding,Speed of Understanding,0,10,5,1696,10,5,1711,0.0,0.0587028816916178,0.8085579600023548,0.8482552722877735,False
coherence,speed of understanding,Speed of Understanding,0,10,5,1696,10,5,1711,0.0,0.0587028816916178,0.8085579600023548,0.8482552722877735,False
clipscore,speed of understanding,Speed of Understanding,0,15,5,1691,15,5,1711,0.0,0.0881840564723335,0.7664985711327196,0.8397045836745559,False
hits,speed of understanding,Speed of Understanding,0,16,5,1690,16,5,1711,0.0,0.0940907354793767,0.7590396580583698,0.8397045836745559,False
win rate,speed of understanding,Speed of Understanding,0,14,5,1692,14,5,1711,0.0,0.0822808642940304,0.7742299235715633,0.8397045836745559,False
balanced accuracy,speed of understanding,Speed of Understanding,0,10,5,1696,10,5,1711,0.0,0.0587028816916178,0.8085579600023548,0.8482552722877735,False
ibleu,speed of understanding,Speed of Understanding,0,12,5,1694,12,5,1711,0.0,0.070484923973496,0.7906320357880149,0.8414530350982423,False
self bleu,speed of understanding,Speed of Understanding,1,29,4,1677,30,5,1711,14.008333333333333,3.2533707863250036,0.0712767366160651,0.7007812876122272,False
spearman,speed of understanding,Speed of Understanding,0,12,5,1694,12,5,1711,0.0,0.070484923973496,0.7906320357880149,0.8414530350982423,False
kendall,speed of understanding,Speed of Understanding,0,11,5,1695,11,5,1711,0.0,0.0645921676248718,0.7993797601426349,0.8459317997315188,False
coverage,speed of understanding,Speed of Understanding,1,21,4,1685,22,5,1711,19.19318181818182,3.848102561807941,0.0498023013036585,0.6083856546592176,False
density,speed of understanding,Speed of Understanding,0,10,5,1696,10,5,1711,0.0,0.0587028816916178,0.8085579600023548,0.8482552722877735,False
ppl,speed of understanding,Speed of Understanding,0,19,5,1687,19,5,1711,0.0,0.1118317347259062,0.7380682917686258,0.8397045836745559,False
kendall s tau,speed of understanding,Speed of Understanding,0,11,5,1695,11,5,1711,0.0,0.0645921676248718,0.7993797601426349,0.8459317997315188,False
success rate,speed of understanding,Speed of Understanding,0,25,5,1681,25,5,1711,0.0,0.1474084363168729,0.7010243540684287,0.8397045836745559,False
supert,speed of understanding,Speed of Understanding,0,10,5,1696,10,5,1711,0.0,0.0587028816916178,0.8085579600023548,0.8482552722877735,False
summaqa,speed of understanding,Speed of Understanding,0,10,5,1696,10,5,1711,0.0,0.0587028816916178,0.8085579600023548,0.8482552722877735,False
spice,speed of understanding,Speed of Understanding,0,24,5,1682,24,5,1711,0.0,0.1414701894999823,0.7068237975024568,0.8397045836745559,False
length,speed of understanding,Speed of Understanding,0,16,5,1690,16,5,1711,0.0,0.0940907354793767,0.7590396580583698,0.8397045836745559,False
parent,speed of understanding,Speed of Understanding,0,17,5,1689,17,5,1711,0.0,0.1000009054373732,0.7518285474884414,0.8397045836745559,False
consistency,speed of understanding,Speed of Understanding,0,14,5,1692,14,5,1711,0.0,0.0822808642940304,0.7742299235715633,0.8397045836745559,False
mrr,speed of understanding,Speed of Understanding,0,26,5,1680,26,5,1711,0.0,0.1533502115095227,0.6953541167233301,0.8397045836745559,False
embedding,speed of understanding,Speed of Understanding,0,26,5,1680,26,5,1711,0.0,0.1533502115095227,0.6953541167233301,0.8397045836745559,False
vector extrema,speed of understanding,Speed of Understanding,0,16,5,1690,16,5,1711,0.0,0.0940907354793767,0.7590396580583698,0.8397045836745559,False
greedy matching,speed of understanding,Speed of Understanding,0,14,5,1692,14,5,1711,0.0,0.0822808642940304,0.7742299235715633,0.8397045836745559,False
dist,speed of understanding,Speed of Understanding,0,23,5,1683,23,5,1711,0.0,0.1355354668699679,0.7127603327020411,0.8397045836745559,False
ruber,speed of understanding,Speed of Understanding,0,11,5,1695,11,5,1711,0.0,0.0645921676248718,0.7993797601426349,0.8459317997315188,False
bert,speed of understanding,Speed of Understanding,0,10,5,1696,10,5,1711,0.0,0.0587028816916178,0.8085579600023548,0.8482552722877735,False
xcomet,speed of understanding,Speed of Understanding,0,13,5,1693,13,5,1711,0.0,0.0763811548300154,0.7822628153877309,0.8414530350982423,False
auroc,speed of understanding,Speed of Understanding,0,10,5,1696,10,5,1711,0.0,0.0587028816916178,0.8085579600023548,0.8482552722877735,False
entailment,speed of understanding,Speed of Understanding,0,11,5,1695,11,5,1711,0.0,0.0645921676248718,0.7993797601426349,0.8459317997315188,False
sacrebleu,speed of understanding,Speed of Understanding,0,18,5,1688,18,5,1711,0.0,0.1059145704741592,0.7448441600469744,0.8397045836745559,False
gleu,speed of understanding,Speed of Understanding,0,14,5,1692,14,5,1711,0.0,0.0822808642940304,0.7742299235715633,0.8397045836745559,False
entropy,speed of understanding,Speed of Understanding,0,18,5,1688,18,5,1711,0.0,0.1059145704741592,0.7448441600469744,0.8397045836745559,False
maude,speed of understanding,Speed of Understanding,0,10,5,1696,10,5,1711,0.0,0.0587028816916178,0.8085579600023548,0.8482552722877735,False
nist,speed of understanding,Speed of Understanding,0,16,5,1690,16,5,1711,0.0,0.0940907354793767,0.7590396580583698,0.8397045836745559,False
auc,speed of understanding,Speed of Understanding,0,12,5,1694,12,5,1711,0.0,0.070484923973496,0.7906320357880149,0.8414530350982423,False
prism,speed of understanding,Speed of Understanding,0,11,5,1695,11,5,1711,0.0,0.0645921676248718,0.7993797601426349,0.8459317997315188,False
bleu,cross-dataset generalisation,Cross-Dataset Generalisation,2,740,3,966,742,5,1711,0.8706199460916442,0.0232990440968444,0.8786819867101898,0.9062734170163916,False
comet,cross-dataset generalisation,Cross-Dataset Generalisation,0,70,5,1636,70,5,1711,0.0,0.4183463455947585,0.5177633410489189,0.8397045836745559,False
rouge,cross-dataset generalisation,Cross-Dataset Generalisation,0,665,5,1041,665,5,1711,0.0,4.930359448084573,0.0263888279789324,0.4572634138598881,False
roc auc,cross-dataset generalisation,Cross-Dataset Generalisation,0,11,5,1695,11,5,1711,0.0,0.0645921676248718,0.7993797601426349,0.8459317997315188,False
bertscore,cross-dataset generalisation,Cross-Dataset Generalisation,0,362,5,1344,362,5,1711,0.0,2.3810737697771898,0.1228131052653367,0.8397045836745559,False
distinct,cross-dataset generalisation,Cross-Dataset Generalisation,0,125,5,1581,125,5,1711,0.0,0.7597826414097029,0.3833965530178175,0.8397045836745559,False
f1,cross-dataset generalisation,Cross-Dataset Generalisation,0,235,5,1471,235,5,1711,0.0,1.479753922819394,0.2238130273269697,0.8397045836745559,False
recall,cross-dataset generalisation,Cross-Dataset Generalisation,0,112,5,1594,112,5,1711,0.0,0.678021112268977,0.4102689809240343,0.8397045836745559,False
meteor,cross-dataset generalisation,Cross-Dataset Generalisation,0,258,5,1448,258,5,1711,0.0,1.6370760623375418,0.2007271165191803,0.8397045836745559,False
knowledge f1,cross-dataset generalisation,Cross-Dataset Generalisation,0,13,5,1693,13,5,1711,0.0,0.0763811548300154,0.7822628153877309,0.8414530350982423,False
acc,cross-dataset generalisation,Cross-Dataset Generalisation,0,11,5,1695,11,5,1711,0.0,0.0645921676248718,0.7993797601426349,0.8459317997315188,False
dae,cross-dataset generalisation,Cross-Dataset Generalisation,0,17,5,1689,17,5,1711,0.0,0.1000009054373732,0.7518285474884414,0.8397045836745559,False
mauve,cross-dataset generalisation,Cross-Dataset Generalisation,0,10,5,1696,10,5,1711,0.0,0.0587028816916178,0.8085579600023548,0.8482552722877735,False
factcc,cross-dataset generalisation,Cross-Dataset Generalisation,0,33,5,1673,33,5,1711,0.0,0.1950417857360987,0.6587530965605777,0.8397045836745559,False
comet qe,cross-dataset generalisation,Cross-Dataset Generalisation,0,10,5,1696,10,5,1711,0.0,0.0587028816916178,0.8085579600023548,0.8482552722877735,False
unieval,cross-dataset generalisation,Cross-Dataset Generalisation,0,22,5,1684,22,5,1711,0.0,0.1296042642470101,0.7188427045852234,0.8397045836745559,False
chrf,cross-dataset generalisation,Cross-Dataset Generalisation,0,60,5,1646,60,5,1711,0.0,0.3575003549345437,0.5498977623253778,0.8397045836745559,False
questeval,cross-dataset generalisation,Cross-Dataset Generalisation,0,27,5,1679,27,5,1711,0.0,0.1592955192733857,0.6898059447532592,0.8397045836745559,False
qafacteval,cross-dataset generalisation,Cross-Dataset Generalisation,0,12,5,1694,12,5,1711,0.0,0.070484923973496,0.7906320357880149,0.8414530350982423,False
spearman correlation,cross-dataset generalisation,Cross-Dataset Generalisation,0,25,5,1681,25,5,1711,0.0,0.1474084363168729,0.7010243540684287,0.8397045836745559,False
pearson correlation,cross-dataset generalisation,Cross-Dataset Generalisation,0,33,5,1673,33,5,1711,0.0,0.1950417857360987,0.6587530965605777,0.8397045836745559,False
moverscore,cross-dataset generalisation,Cross-Dataset Generalisation,0,55,5,1651,55,5,1711,0.0,0.327215632687138,0.5673032424400215,0.8397045836745559,False
g eval,cross-dataset generalisation,Cross-Dataset Generalisation,0,19,5,1687,19,5,1711,0.0,0.1118317347259062,0.7380682917686258,0.8397045836745559,False
usr,cross-dataset generalisation,Cross-Dataset Generalisation,0,12,5,1694,12,5,1711,0.0,0.070484923973496,0.7906320357880149,0.8414530350982423,False
bartscore,cross-dataset generalisation,Cross-Dataset Generalisation,0,64,5,1642,64,5,1711,0.0,0.3817943424310341,0.5366444956987453,0.8397045836745559,False
qags,cross-dataset generalisation,Cross-Dataset Generalisation,0,10,5,1696,10,5,1711,0.0,0.0587028816916178,0.8085579600023548,0.8482552722877735,False
perplexity,cross-dataset generalisation,Cross-Dataset Generalisation,1,165,4,1541,166,5,1711,2.326807228915663,0.4798749855737607,0.488478948473703,0.8397045836745559,False
ndcg,cross-dataset generalisation,Cross-Dataset Generalisation,0,21,5,1685,21,5,1711,0.0,0.1236765774583892,0.7250806552200804,0.8397045836745559,False
map,cross-dataset generalisation,Cross-Dataset Generalisation,0,12,5,1694,12,5,1711,0.0,0.070484923973496,0.7906320357880149,0.8414530350982423,False
precision,cross-dataset generalisation,Cross-Dataset Generalisation,0,79,5,1627,79,5,1711,0.0,0.4734260871858013,0.4914152163232987,0.8397045836745559,False
bleurt,cross-dataset generalisation,Cross-Dataset Generalisation,0,110,5,1596,110,5,1711,0.0,0.6655015385982932,0.4146243857025735,0.8397045836745559,False
ter,cross-dataset generalisation,Cross-Dataset Generalisation,0,50,5,1656,50,5,1711,0.0,0.2970223500971261,0.585755189651433,0.8397045836745559,False
feqa,cross-dataset generalisation,Cross-Dataset Generalisation,0,10,5,1696,10,5,1711,0.0,0.0587028816916178,0.8085579600023548,0.8482552722877735,False
sari,cross-dataset generalisation,Cross-Dataset Generalisation,0,25,5,1681,25,5,1711,0.0,0.1474084363168729,0.7010243540684287,0.8397045836745559,False
cosine similarity,cross-dataset generalisation,Cross-Dataset Generalisation,0,24,5,1682,24,5,1711,0.0,0.1414701894999823,0.7068237975024568,0.8397045836745559,False
accuracy,cross-dataset generalisation,Cross-Dataset Generalisation,0,186,5,1520,186,5,1711,0.0,1.152621644911034,0.2830010192968095,0.8397045836745559,False
summac,cross-dataset generalisation,Cross-Dataset Generalisation,0,15,5,1691,15,5,1711,0.0,0.0881840564723335,0.7664985711327196,0.8397045836745559,False
clip,cross-dataset generalisation,Cross-Dataset Generalisation,0,13,5,1693,13,5,1711,0.0,0.0763811548300154,0.7822628153877309,0.8414530350982423,False
cider,cross-dataset generalisation,Cross-Dataset Generalisation,0,76,5,1630,76,5,1711,0.0,0.4550324440509739,0.4999547645310089,0.8397045836745559,False
exact match,cross-dataset generalisation,Cross-Dataset Generalisation,0,67,5,1639,67,5,1711,0.0,0.4000536433977128,0.5270615544864841,0.8397045836745559,False
chrf++,cross-dataset generalisation,Cross-Dataset Generalisation,0,23,5,1683,23,5,1711,0.0,0.1355354668699679,0.7127603327020411,0.8397045836745559,False
blanc,cross-dataset generalisation,Cross-Dataset Generalisation,0,13,5,1693,13,5,1711,0.0,0.0763811548300154,0.7822628153877309,0.8414530350982423,False
diversity,cross-dataset generalisation,Cross-Dataset Generalisation,0,10,5,1696,10,5,1711,0.0,0.0587028816916178,0.8085579600023548,0.8482552722877735,False
coherence,cross-dataset generalisation,Cross-Dataset Generalisation,0,10,5,1696,10,5,1711,0.0,0.0587028816916178,0.8085579600023548,0.8482552722877735,False
clipscore,cross-dataset generalisation,Cross-Dataset Generalisation,0,15,5,1691,15,5,1711,0.0,0.0881840564723335,0.7664985711327196,0.8397045836745559,False
hits,cross-dataset generalisation,Cross-Dataset Generalisation,0,16,5,1690,16,5,1711,0.0,0.0940907354793767,0.7590396580583698,0.8397045836745559,False
win rate,cross-dataset generalisation,Cross-Dataset Generalisation,0,14,5,1692,14,5,1711,0.0,0.0822808642940304,0.7742299235715633,0.8397045836745559,False
balanced accuracy,cross-dataset generalisation,Cross-Dataset Generalisation,0,10,5,1696,10,5,1711,0.0,0.0587028816916178,0.8085579600023548,0.8482552722877735,False
ibleu,cross-dataset generalisation,Cross-Dataset Generalisation,0,12,5,1694,12,5,1711,0.0,0.070484923973496,0.7906320357880149,0.8414530350982423,False
self bleu,cross-dataset generalisation,Cross-Dataset Generalisation,0,30,5,1676,30,5,1711,0.0,0.1771526800567626,0.673831687910049,0.8397045836745559,False
spearman,cross-dataset generalisation,Cross-Dataset Generalisation,0,12,5,1694,12,5,1711,0.0,0.070484923973496,0.7906320357880149,0.8414530350982423,False
kendall,cross-dataset generalisation,Cross-Dataset Generalisation,0,11,5,1695,11,5,1711,0.0,0.0645921676248718,0.7993797601426349,0.8459317997315188,False
coverage,cross-dataset generalisation,Cross-Dataset Generalisation,0,22,5,1684,22,5,1711,0.0,0.1296042642470101,0.7188427045852234,0.8397045836745559,False
density,cross-dataset generalisation,Cross-Dataset Generalisation,0,10,5,1696,10,5,1711,0.0,0.0587028816916178,0.8085579600023548,0.8482552722877735,False
ppl,cross-dataset generalisation,Cross-Dataset Generalisation,0,19,5,1687,19,5,1711,0.0,0.1118317347259062,0.7380682917686258,0.8397045836745559,False
kendall s tau,cross-dataset generalisation,Cross-Dataset Generalisation,0,11,5,1695,11,5,1711,0.0,0.0645921676248718,0.7993797601426349,0.8459317997315188,False
success rate,cross-dataset generalisation,Cross-Dataset Generalisation,0,25,5,1681,25,5,1711,0.0,0.1474084363168729,0.7010243540684287,0.8397045836745559,False
supert,cross-dataset generalisation,Cross-Dataset Generalisation,0,10,5,1696,10,5,1711,0.0,0.0587028816916178,0.8085579600023548,0.8482552722877735,False
summaqa,cross-dataset generalisation,Cross-Dataset Generalisation,0,10,5,1696,10,5,1711,0.0,0.0587028816916178,0.8085579600023548,0.8482552722877735,False
spice,cross-dataset generalisation,Cross-Dataset Generalisation,0,24,5,1682,24,5,1711,0.0,0.1414701894999823,0.7068237975024568,0.8397045836745559,False
length,cross-dataset generalisation,Cross-Dataset Generalisation,0,16,5,1690,16,5,1711,0.0,0.0940907354793767,0.7590396580583698,0.8397045836745559,False
parent,cross-dataset generalisation,Cross-Dataset Generalisation,0,17,5,1689,17,5,1711,0.0,0.1000009054373732,0.7518285474884414,0.8397045836745559,False
consistency,cross-dataset generalisation,Cross-Dataset Generalisation,0,14,5,1692,14,5,1711,0.0,0.0822808642940304,0.7742299235715633,0.8397045836745559,False
mrr,cross-dataset generalisation,Cross-Dataset Generalisation,0,26,5,1680,26,5,1711,0.0,0.1533502115095227,0.6953541167233301,0.8397045836745559,False
embedding,cross-dataset generalisation,Cross-Dataset Generalisation,0,26,5,1680,26,5,1711,0.0,0.1533502115095227,0.6953541167233301,0.8397045836745559,False
vector extrema,cross-dataset generalisation,Cross-Dataset Generalisation,0,16,5,1690,16,5,1711,0.0,0.0940907354793767,0.7590396580583698,0.8397045836745559,False
greedy matching,cross-dataset generalisation,Cross-Dataset Generalisation,0,14,5,1692,14,5,1711,0.0,0.0822808642940304,0.7742299235715633,0.8397045836745559,False
dist,cross-dataset generalisation,Cross-Dataset Generalisation,0,23,5,1683,23,5,1711,0.0,0.1355354668699679,0.7127603327020411,0.8397045836745559,False
ruber,cross-dataset generalisation,Cross-Dataset Generalisation,0,11,5,1695,11,5,1711,0.0,0.0645921676248718,0.7993797601426349,0.8459317997315188,False
bert,cross-dataset generalisation,Cross-Dataset Generalisation,0,10,5,1696,10,5,1711,0.0,0.0587028816916178,0.8085579600023548,0.8482552722877735,False
xcomet,cross-dataset generalisation,Cross-Dataset Generalisation,0,13,5,1693,13,5,1711,0.0,0.0763811548300154,0.7822628153877309,0.8414530350982423,False
auroc,cross-dataset generalisation,Cross-Dataset Generalisation,0,10,5,1696,10,5,1711,0.0,0.0587028816916178,0.8085579600023548,0.8482552722877735,False
entailment,cross-dataset generalisation,Cross-Dataset Generalisation,0,11,5,1695,11,5,1711,0.0,0.0645921676248718,0.7993797601426349,0.8459317997315188,False
sacrebleu,cross-dataset generalisation,Cross-Dataset Generalisation,0,18,5,1688,18,5,1711,0.0,0.1059145704741592,0.7448441600469744,0.8397045836745559,False
gleu,cross-dataset generalisation,Cross-Dataset Generalisation,0,14,5,1692,14,5,1711,0.0,0.0822808642940304,0.7742299235715633,0.8397045836745559,False
entropy,cross-dataset generalisation,Cross-Dataset Generalisation,0,18,5,1688,18,5,1711,0.0,0.1059145704741592,0.7448441600469744,0.8397045836745559,False
maude,cross-dataset generalisation,Cross-Dataset Generalisation,0,10,5,1696,10,5,1711,0.0,0.0587028816916178,0.8085579600023548,0.8482552722877735,False
nist,cross-dataset generalisation,Cross-Dataset Generalisation,0,16,5,1690,16,5,1711,0.0,0.0940907354793767,0.7590396580583698,0.8397045836745559,False
auc,cross-dataset generalisation,Cross-Dataset Generalisation,0,12,5,1694,12,5,1711,0.0,0.070484923973496,0.7906320357880149,0.8414530350982423,False
prism,cross-dataset generalisation,Cross-Dataset Generalisation,0,11,5,1695,11,5,1711,0.0,0.0645921676248718,0.7993797601426349,0.8459317997315188,False
bleu,speech quality,Speech Quality,3,739,2,967,742,5,1711,1.9588948787061995,0.5587131402670131,0.4547792030339359,0.8397045836745559,False
comet,speech quality,Speech Quality,1,69,4,1637,70,5,1711,5.860714285714285,1.7323160144906742,0.1881153911646796,0.8397045836745559,False
rouge,speech quality,Speech Quality,0,665,5,1041,665,5,1711,0.0,4.930359448084573,0.0263888279789324,0.4572634138598881,False
roc auc,speech quality,Speech Quality,0,11,5,1695,11,5,1711,0.0,0.0645921676248718,0.7993797601426349,0.8459317997315188,False
bertscore,speech quality,Speech Quality,0,362,5,1344,362,5,1711,0.0,2.3810737697771898,0.1228131052653367,0.8397045836745559,False
distinct,speech quality,Speech Quality,0,125,5,1581,125,5,1711,0.0,0.7597826414097029,0.3833965530178175,0.8397045836745559,False
f1,speech quality,Speech Quality,0,235,5,1471,235,5,1711,0.0,1.479753922819394,0.2238130273269697,0.8397045836745559,False
recall,speech quality,Speech Quality,0,112,5,1594,112,5,1711,0.0,0.678021112268977,0.4102689809240343,0.8397045836745559,False
meteor,speech quality,Speech Quality,0,258,5,1448,258,5,1711,0.0,1.6370760623375418,0.2007271165191803,0.8397045836745559,False
knowledge f1,speech quality,Speech Quality,0,13,5,1693,13,5,1711,0.0,0.0763811548300154,0.7822628153877309,0.8414530350982423,False
acc,speech quality,Speech Quality,0,11,5,1695,11,5,1711,0.0,0.0645921676248718,0.7993797601426349,0.8459317997315188,False
dae,speech quality,Speech Quality,0,17,5,1689,17,5,1711,0.0,0.1000009054373732,0.7518285474884414,0.8397045836745559,False
mauve,speech quality,Speech Quality,0,10,5,1696,10,5,1711,0.0,0.0587028816916178,0.8085579600023548,0.8482552722877735,False
factcc,speech quality,Speech Quality,0,33,5,1673,33,5,1711,0.0,0.1950417857360987,0.6587530965605777,0.8397045836745559,False
comet qe,speech quality,Speech Quality,0,10,5,1696,10,5,1711,0.0,0.0587028816916178,0.8085579600023548,0.8482552722877735,False
unieval,speech quality,Speech Quality,0,22,5,1684,22,5,1711,0.0,0.1296042642470101,0.7188427045852234,0.8397045836745559,False
chrf,speech quality,Speech Quality,1,59,4,1647,60,5,1711,6.879166666666666,1.994361206668812,0.1578856229161019,0.8397045836745559,False
questeval,speech quality,Speech Quality,0,27,5,1679,27,5,1711,0.0,0.1592955192733857,0.6898059447532592,0.8397045836745559,False
qafacteval,speech quality,Speech Quality,0,12,5,1694,12,5,1711,0.0,0.070484923973496,0.7906320357880149,0.8414530350982423,False
spearman correlation,speech quality,Speech Quality,0,25,5,1681,25,5,1711,0.0,0.1474084363168729,0.7010243540684287,0.8397045836745559,False
pearson correlation,speech quality,Speech Quality,0,33,5,1673,33,5,1711,0.0,0.1950417857360987,0.6587530965605777,0.8397045836745559,False
moverscore,speech quality,Speech Quality,0,55,5,1651,55,5,1711,0.0,0.327215632687138,0.5673032424400215,0.8397045836745559,False
g eval,speech quality,Speech Quality,0,19,5,1687,19,5,1711,0.0,0.1118317347259062,0.7380682917686258,0.8397045836745559,False
usr,speech quality,Speech Quality,0,12,5,1694,12,5,1711,0.0,0.070484923973496,0.7906320357880149,0.8414530350982423,False
bartscore,speech quality,Speech Quality,0,64,5,1642,64,5,1711,0.0,0.3817943424310341,0.5366444956987453,0.8397045836745559,False
qags,speech quality,Speech Quality,0,10,5,1696,10,5,1711,0.0,0.0587028816916178,0.8085579600023548,0.8482552722877735,False
perplexity,speech quality,Speech Quality,0,166,5,1540,166,5,1711,0.0,1.022113967178602,0.3120180945045663,0.8397045836745559,False
ndcg,speech quality,Speech Quality,0,21,5,1685,21,5,1711,0.0,0.1236765774583892,0.7250806552200804,0.8397045836745559,False
map,speech quality,Speech Quality,0,12,5,1694,12,5,1711,0.0,0.070484923973496,0.7906320357880149,0.8414530350982423,False
precision,speech quality,Speech Quality,0,79,5,1627,79,5,1711,0.0,0.4734260871858013,0.4914152163232987,0.8397045836745559,False
bleurt,speech quality,Speech Quality,1,109,4,1597,110,5,1711,3.638636363636364,1.020773146452725,0.3123356868239585,0.8397045836745559,False
ter,speech quality,Speech Quality,1,49,4,1657,50,5,1711,8.305,2.314011199852551,0.1282128087296096,0.8397045836745559,False
feqa,speech quality,Speech Quality,0,10,5,1696,10,5,1711,0.0,0.0587028816916178,0.8085579600023548,0.8482552722877735,False
sari,speech quality,Speech Quality,0,25,5,1681,25,5,1711,0.0,0.1474084363168729,0.7010243540684287,0.8397045836745559,False
cosine similarity,speech quality,Speech Quality,1,23,4,1683,24,5,1711,17.572916666666668,3.67966812375717,0.0550798125373393,0.6350150619419084,False
accuracy,speech quality,Speech Quality,0,186,5,1520,186,5,1711,0.0,1.152621644911034,0.2830010192968095,0.8397045836745559,False
summac,speech quality,Speech Quality,0,15,5,1691,15,5,1711,0.0,0.0881840564723335,0.7664985711327196,0.8397045836745559,False
clip,speech quality,Speech Quality,0,13,5,1693,13,5,1711,0.0,0.0763811548300154,0.7822628153877309,0.8414530350982423,False
cider,speech quality,Speech Quality,0,76,5,1630,76,5,1711,0.0,0.4550324440509739,0.4999547645310089,0.8397045836745559,False
exact match,speech quality,Speech Quality,0,67,5,1639,67,5,1711,0.0,0.4000536433977128,0.5270615544864841,0.8397045836745559,False
chrf++,speech quality,Speech Quality,0,23,5,1683,23,5,1711,0.0,0.1355354668699679,0.7127603327020411,0.8397045836745559,False
blanc,speech quality,Speech Quality,0,13,5,1693,13,5,1711,0.0,0.0763811548300154,0.7822628153877309,0.8414530350982423,False
diversity,speech quality,Speech Quality,0,10,5,1696,10,5,1711,0.0,0.0587028816916178,0.8085579600023548,0.8482552722877735,False
coherence,speech quality,Speech Quality,0,10,5,1696,10,5,1711,0.0,0.0587028816916178,0.8085579600023548,0.8482552722877735,False
clipscore,speech quality,Speech Quality,0,15,5,1691,15,5,1711,0.0,0.0881840564723335,0.7664985711327196,0.8397045836745559,False
hits,speech quality,Speech Quality,0,16,5,1690,16,5,1711,0.0,0.0940907354793767,0.7590396580583698,0.8397045836745559,False
win rate,speech quality,Speech Quality,0,14,5,1692,14,5,1711,0.0,0.0822808642940304,0.7742299235715633,0.8397045836745559,False
balanced accuracy,speech quality,Speech Quality,0,10,5,1696,10,5,1711,0.0,0.0587028816916178,0.8085579600023548,0.8482552722877735,False
ibleu,speech quality,Speech Quality,0,12,5,1694,12,5,1711,0.0,0.070484923973496,0.7906320357880149,0.8414530350982423,False
self bleu,speech quality,Speech Quality,0,30,5,1676,30,5,1711,0.0,0.1771526800567626,0.673831687910049,0.8397045836745559,False
spearman,speech quality,Speech Quality,0,12,5,1694,12,5,1711,0.0,0.070484923973496,0.7906320357880149,0.8414530350982423,False
kendall,speech quality,Speech Quality,0,11,5,1695,11,5,1711,0.0,0.0645921676248718,0.7993797601426349,0.8459317997315188,False
coverage,speech quality,Speech Quality,0,22,5,1684,22,5,1711,0.0,0.1296042642470101,0.7188427045852234,0.8397045836745559,False
density,speech quality,Speech Quality,0,10,5,1696,10,5,1711,0.0,0.0587028816916178,0.8085579600023548,0.8482552722877735,False
ppl,speech quality,Speech Quality,0,19,5,1687,19,5,1711,0.0,0.1118317347259062,0.7380682917686258,0.8397045836745559,False
kendall s tau,speech quality,Speech Quality,0,11,5,1695,11,5,1711,0.0,0.0645921676248718,0.7993797601426349,0.8459317997315188,False
success rate,speech quality,Speech Quality,0,25,5,1681,25,5,1711,0.0,0.1474084363168729,0.7010243540684287,0.8397045836745559,False
supert,speech quality,Speech Quality,0,10,5,1696,10,5,1711,0.0,0.0587028816916178,0.8085579600023548,0.8482552722877735,False
summaqa,speech quality,Speech Quality,0,10,5,1696,10,5,1711,0.0,0.0587028816916178,0.8085579600023548,0.8482552722877735,False
spice,speech quality,Speech Quality,0,24,5,1682,24,5,1711,0.0,0.1414701894999823,0.7068237975024568,0.8397045836745559,False
length,speech quality,Speech Quality,0,16,5,1690,16,5,1711,0.0,0.0940907354793767,0.7590396580583698,0.8397045836745559,False
parent,speech quality,Speech Quality,0,17,5,1689,17,5,1711,0.0,0.1000009054373732,0.7518285474884414,0.8397045836745559,False
consistency,speech quality,Speech Quality,0,14,5,1692,14,5,1711,0.0,0.0822808642940304,0.7742299235715633,0.8397045836745559,False
mrr,speech quality,Speech Quality,0,26,5,1680,26,5,1711,0.0,0.1533502115095227,0.6953541167233301,0.8397045836745559,False
embedding,speech quality,Speech Quality,0,26,5,1680,26,5,1711,0.0,0.1533502115095227,0.6953541167233301,0.8397045836745559,False
vector extrema,speech quality,Speech Quality,0,16,5,1690,16,5,1711,0.0,0.0940907354793767,0.7590396580583698,0.8397045836745559,False
greedy matching,speech quality,Speech Quality,0,14,5,1692,14,5,1711,0.0,0.0822808642940304,0.7742299235715633,0.8397045836745559,False
dist,speech quality,Speech Quality,0,23,5,1683,23,5,1711,0.0,0.1355354668699679,0.7127603327020411,0.8397045836745559,False
ruber,speech quality,Speech Quality,0,11,5,1695,11,5,1711,0.0,0.0645921676248718,0.7993797601426349,0.8459317997315188,False
bert,speech quality,Speech Quality,0,10,5,1696,10,5,1711,0.0,0.0587028816916178,0.8085579600023548,0.8482552722877735,False
xcomet,speech quality,Speech Quality,0,13,5,1693,13,5,1711,0.0,0.0763811548300154,0.7822628153877309,0.8414530350982423,False
auroc,speech quality,Speech Quality,0,10,5,1696,10,5,1711,0.0,0.0587028816916178,0.8085579600023548,0.8482552722877735,False
entailment,speech quality,Speech Quality,0,11,5,1695,11,5,1711,0.0,0.0645921676248718,0.7993797601426349,0.8459317997315188,False
sacrebleu,speech quality,Speech Quality,0,18,5,1688,18,5,1711,0.0,0.1059145704741592,0.7448441600469744,0.8397045836745559,False
gleu,speech quality,Speech Quality,0,14,5,1692,14,5,1711,0.0,0.0822808642940304,0.7742299235715633,0.8397045836745559,False
entropy,speech quality,Speech Quality,0,18,5,1688,18,5,1711,0.0,0.1059145704741592,0.7448441600469744,0.8397045836745559,False
maude,speech quality,Speech Quality,0,10,5,1696,10,5,1711,0.0,0.0587028816916178,0.8085579600023548,0.8482552722877735,False
nist,speech quality,Speech Quality,0,16,5,1690,16,5,1711,0.0,0.0940907354793767,0.7590396580583698,0.8397045836745559,False
auc,speech quality,Speech Quality,0,12,5,1694,12,5,1711,0.0,0.070484923973496,0.7906320357880149,0.8414530350982423,False
prism,speech quality,Speech Quality,0,11,5,1695,11,5,1711,0.0,0.0645921676248718,0.7993797601426349,0.8459317997315188,False
bleu,quality as explanation of input,Quality of Explanation,2,740,7,962,742,9,1711,0.3731228340392761,1.7758473357096678,0.1826600775887671,0.8397045836745559,False
comet,quality as explanation of input,Quality of Explanation,0,70,9,1632,70,9,1711,0.0,0.7539259620951263,0.3852360874576116,0.8397045836745559,False
rouge,quality as explanation of input,Quality of Explanation,2,663,7,1039,665,9,1711,0.4494092373791621,1.140485249366547,0.2855498152426391,0.8397045836745559,False
roc auc,quality as explanation of input,Quality of Explanation,0,11,9,1691,11,9,1711,0.0,0.1164027936199675,0.7329691805123731,0.8397045836745559,False
bertscore,quality as explanation of input,Quality of Explanation,0,362,9,1340,362,9,1711,0.0,4.291614013226206,0.0383007898942922,0.539179324671988,False
distinct,quality as explanation of input,Quality of Explanation,0,125,9,1577,125,9,1711,0.0,1.3692764888054862,0.2419362318255615,0.8397045836745559,False
f1,quality as explanation of input,Quality of Explanation,2,233,7,1469,235,9,1711,1.794528875379939,0.4775674653890576,0.4895262257477129,0.8397045836745559,False
recall,quality as explanation of input,Quality of Explanation,0,112,9,1590,112,9,1711,0.0,1.2219201076824622,0.2689841590268212,0.8397045836745559,False
meteor,quality as explanation of input,Quality of Explanation,1,257,8,1445,258,9,1711,0.7039728682170543,0.1205163049172681,0.7284751885221109,0.8397045836745559,False
knowledge f1,quality as explanation of input,Quality of Explanation,0,13,9,1689,13,9,1711,0.0,0.1376480511055827,0.7106304539037731,0.8397045836745559,False
acc,quality as explanation of input,Quality of Explanation,0,11,9,1691,11,9,1711,0.0,0.1164027936199675,0.7329691805123731,0.8397045836745559,False
dae,quality as explanation of input,Quality of Explanation,0,17,9,1685,17,9,1711,0.0,0.1802139413891685,0.6711894471432183,0.8397045836745559,False
mauve,quality as explanation of input,Quality of Explanation,0,10,9,1692,10,9,1711,0.0,0.1057895608596575,0.7449895446280232,0.8397045836745559,False
factcc,quality as explanation of input,Quality of Explanation,0,33,9,1669,33,9,1711,0.0,0.3514912893518851,0.5532701589359228,0.8397045836745559,False
comet qe,quality as explanation of input,Quality of Explanation,0,10,9,1692,10,9,1711,0.0,0.1057895608596575,0.7449895446280232,0.8397045836745559,False
unieval,quality as explanation of input,Quality of Explanation,0,22,9,1680,22,9,1711,0.0,0.2335632474615405,0.6288942292217647,0.8397045836745559,False
chrf,quality as explanation of input,Quality of Explanation,0,60,9,1642,60,9,1711,0.0,0.6442695456386852,0.4221689484029414,0.8397045836745559,False
questeval,quality as explanation of input,Quality of Explanation,0,27,9,1675,27,9,1711,0.0,0.2870711434236492,0.592103552702645,0.8397045836745559,False
qafacteval,quality as explanation of input,Quality of Explanation,0,12,9,1690,12,9,1711,0.0,0.1270222879047149,0.7215396344324752,0.8397045836745559,False
spearman correlation,quality as explanation of input,Quality of Explanation,0,25,9,1677,25,9,1711,0.0,0.2656488939169144,0.606265579673331,0.8397045836745559,False
pearson correlation,quality as explanation of input,Quality of Explanation,0,33,9,1669,33,9,1711,0.0,0.3514912893518851,0.5532701589359228,0.8397045836745559,False
moverscore,quality as explanation of input,Quality of Explanation,0,55,9,1647,55,9,1711,0.0,0.5896908358947707,0.4425386954625363,0.8397045836745559,False
g eval,quality as explanation of input,Quality of Explanation,0,19,9,1683,19,9,1711,0.0,0.2015346932051797,0.6534849272401186,0.8397045836745559,False
usr,quality as explanation of input,Quality of Explanation,0,12,9,1690,12,9,1711,0.0,0.1270222879047149,0.7215396344324752,0.8397045836745559,False
bartscore,quality as explanation of input,Quality of Explanation,0,64,9,1638,64,9,1711,0.0,0.6880519811559443,0.4068277654884666,0.8397045836745559,False
qags,quality as explanation of input,Quality of Explanation,0,10,9,1692,10,9,1711,0.0,0.1057895608596575,0.7449895446280232,0.8397045836745559,False
perplexity,quality as explanation of input,Quality of Explanation,1,165,8,1537,166,9,1711,1.1634036144578317,0.0196864991512429,0.888416181219434,0.9130518798056536,False
ndcg,quality as explanation of input,Quality of Explanation,0,21,9,1681,21,9,1711,0.0,0.2228807291693775,0.6368536593662624,0.8397045836745559,False
map,quality as explanation of input,Quality of Explanation,0,12,9,1690,12,9,1711,0.0,0.1270222879047149,0.7215396344324752,0.8397045836745559,False
precision,quality as explanation of input,Quality of Explanation,0,79,9,1623,79,9,1711,0.0,0.8531911711229723,0.3556511357162033,0.8397045836745559,False
bleurt,quality as explanation of input,Quality of Explanation,0,110,9,1592,110,9,1711,0.0,1.1993565851675654,0.2734503141099732,0.8397045836745559,False
ter,quality as explanation of input,Quality of Explanation,0,50,9,1652,50,9,1711,0.0,0.5352771172721503,0.464396660128634,0.8397045836745559,False
feqa,quality as explanation of input,Quality of Explanation,0,10,9,1692,10,9,1711,0.0,0.1057895608596575,0.7449895446280232,0.8397045836745559,False
sari,quality as explanation of input,Quality of Explanation,0,25,9,1677,25,9,1711,0.0,0.2656488939169144,0.606265579673331,0.8397045836745559,False
cosine similarity,quality as explanation of input,Quality of Explanation,1,23,8,1679,24,9,1711,8.786458333333334,2.5134312764164544,0.1128799127629814,0.8397045836745559,False
accuracy,quality as explanation of input,Quality of Explanation,2,184,7,1518,186,9,1711,2.342549923195085,0.9591443415391468,0.327402554507441,0.8397045836745559,False
summac,quality as explanation of input,Quality of Explanation,0,15,9,1687,15,9,1711,0.0,0.1589184138939748,0.6901542649377342,0.8397045836745559,False
clip,quality as explanation of input,Quality of Explanation,0,13,9,1689,13,9,1711,0.0,0.1376480511055827,0.7106304539037731,0.8397045836745559,False
cider,quality as explanation of input,Quality of Explanation,1,75,8,1627,76,9,1711,2.6891447368421053,0.6811849482386878,0.4091789899003059,0.8397045836745559,False
exact match,quality as explanation of input,Quality of Explanation,1,66,8,1636,67,9,1711,3.0671641791044775,0.8470037237007237,0.3574013539971595,0.8397045836745559,False
chrf++,quality as explanation of input,Quality of Explanation,0,23,9,1679,23,9,1711,0.0,0.2442521093220558,0.6211517446408312,0.8397045836745559,False
blanc,quality as explanation of input,Quality of Explanation,0,13,9,1689,13,9,1711,0.0,0.1376480511055827,0.7106304539037731,0.8397045836745559,False
diversity,quality as explanation of input,Quality of Explanation,0,10,9,1692,10,9,1711,0.0,0.1057895608596575,0.7449895446280232,0.8397045836745559,False
coherence,quality as explanation of input,Quality of Explanation,0,10,9,1692,10,9,1711,0.0,0.1057895608596575,0.7449895446280232,0.8397045836745559,False
clipscore,quality as explanation of input,Quality of Explanation,0,15,9,1687,15,9,1711,0.0,0.1589184138939748,0.6901542649377342,0.8397045836745559,False
hits,quality as explanation of input,Quality of Explanation,0,16,9,1686,16,9,1711,0.0,0.1695630283321351,0.6805004505071475,0.8397045836745559,False
win rate,quality as explanation of input,Quality of Explanation,0,14,9,1688,14,9,1711,0.0,0.1482800906292688,0.7001844133068669,0.8397045836745559,False
balanced accuracy,quality as explanation of input,Quality of Explanation,0,10,9,1692,10,9,1711,0.0,0.1057895608596575,0.7449895446280232,0.8397045836745559,False
ibleu,quality as explanation of input,Quality of Explanation,0,12,9,1690,12,9,1711,0.0,0.1270222879047149,0.7215396344324752,0.8397045836745559,False
self bleu,quality as explanation of input,Quality of Explanation,0,30,9,1672,30,9,1711,0.0,0.3192523972006374,0.5720572735712155,0.8397045836745559,False
spearman,quality as explanation of input,Quality of Explanation,0,12,9,1690,12,9,1711,0.0,0.1270222879047149,0.7215396344324752,0.8397045836745559,False
kendall,quality as explanation of input,Quality of Explanation,0,11,9,1691,11,9,1711,0.0,0.1164027936199675,0.7329691805123731,0.8397045836745559,False
coverage,quality as explanation of input,Quality of Explanation,0,22,9,1680,22,9,1711,0.0,0.2335632474615405,0.6288942292217647,0.8397045836745559,False
density,quality as explanation of input,Quality of Explanation,0,10,9,1692,10,9,1711,0.0,0.1057895608596575,0.7449895446280232,0.8397045836745559,False
ppl,quality as explanation of input,Quality of Explanation,0,19,9,1683,19,9,1711,0.0,0.2015346932051797,0.6534849272401186,0.8397045836745559,False
kendall s tau,quality as explanation of input,Quality of Explanation,0,11,9,1691,11,9,1711,0.0,0.1164027936199675,0.7329691805123731,0.8397045836745559,False
success rate,quality as explanation of input,Quality of Explanation,0,25,9,1677,25,9,1711,0.0,0.2656488939169144,0.606265579673331,0.8397045836745559,False
supert,quality as explanation of input,Quality of Explanation,0,10,9,1692,10,9,1711,0.0,0.1057895608596575,0.7449895446280232,0.8397045836745559,False
summaqa,quality as explanation of input,Quality of Explanation,0,10,9,1692,10,9,1711,0.0,0.1057895608596575,0.7449895446280232,0.8397045836745559,False
spice,quality as explanation of input,Quality of Explanation,0,24,9,1678,24,9,1711,0.0,0.2549473222897069,0.6136128589700403,0.8397045836745559,False
length,quality as explanation of input,Quality of Explanation,0,16,9,1686,16,9,1711,0.0,0.1695630283321351,0.6805004505071475,0.8397045836745559,False
parent,quality as explanation of input,Quality of Explanation,0,17,9,1685,17,9,1711,0.0,0.1802139413891685,0.6711894471432183,0.8397045836745559,False
consistency,quality as explanation of input,Quality of Explanation,0,14,9,1688,14,9,1711,0.0,0.1482800906292688,0.7001844133068669,0.8397045836745559,False
mrr,quality as explanation of input,Quality of Explanation,0,26,9,1676,26,9,1711,0.0,0.2763568317682038,0.5990990816890732,0.8397045836745559,False
embedding,quality as explanation of input,Quality of Explanation,0,26,9,1676,26,9,1711,0.0,0.2763568317682038,0.5990990816890732,0.8397045836745559,False
vector extrema,quality as explanation of input,Quality of Explanation,0,16,9,1686,16,9,1711,0.0,0.1695630283321351,0.6805004505071475,0.8397045836745559,False
greedy matching,quality as explanation of input,Quality of Explanation,0,14,9,1688,14,9,1711,0.0,0.1482800906292688,0.7001844133068669,0.8397045836745559,False
dist,quality as explanation of input,Quality of Explanation,0,23,9,1679,23,9,1711,0.0,0.2442521093220558,0.6211517446408312,0.8397045836745559,False
ruber,quality as explanation of input,Quality of Explanation,0,11,9,1691,11,9,1711,0.0,0.1164027936199675,0.7329691805123731,0.8397045836745559,False
bert,quality as explanation of input,Quality of Explanation,0,10,9,1692,10,9,1711,0.0,0.1057895608596575,0.7449895446280232,0.8397045836745559,False
xcomet,quality as explanation of input,Quality of Explanation,0,13,9,1689,13,9,1711,0.0,0.1376480511055827,0.7106304539037731,0.8397045836745559,False
auroc,quality as explanation of input,Quality of Explanation,0,10,9,1692,10,9,1711,0.0,0.1057895608596575,0.7449895446280232,0.8397045836745559,False
entailment,quality as explanation of input,Quality of Explanation,0,11,9,1691,11,9,1711,0.0,0.1164027936199675,0.7329691805123731,0.8397045836745559,False
sacrebleu,quality as explanation of input,Quality of Explanation,0,18,9,1684,18,9,1711,0.0,0.1908711605228771,0.6621925451575673,0.8397045836745559,False
gleu,quality as explanation of input,Quality of Explanation,0,14,9,1688,14,9,1711,0.0,0.1482800906292688,0.7001844133068669,0.8397045836745559,False
entropy,quality as explanation of input,Quality of Explanation,0,18,9,1684,18,9,1711,0.0,0.1908711605228771,0.6621925451575673,0.8397045836745559,False
maude,quality as explanation of input,Quality of Explanation,0,10,9,1692,10,9,1711,0.0,0.1057895608596575,0.7449895446280232,0.8397045836745559,False
nist,quality as explanation of input,Quality of Explanation,0,16,9,1686,16,9,1711,0.0,0.1695630283321351,0.6805004505071475,0.8397045836745559,False
auc,quality as explanation of input,Quality of Explanation,0,12,9,1690,12,9,1711,0.0,0.1270222879047149,0.7215396344324752,0.8397045836745559,False
prism,quality as explanation of input,Quality of Explanation,0,11,9,1691,11,9,1711,0.0,0.1164027936199675,0.7329691805123731,0.8397045836745559,False
